code,name,sex,min_age_days,max_age_days,outpatient
A000,"CÓLERA DEBIDO A VIBRIO CHOLERAE 01, BIOTIPO CHOLERAE",,,,1
A001,"CÓLERA DEBIDO A VIBRIO CHOLERAE 01, BIOTIPO EL TOR",,,,1
A009,"CÓLERA, NO ESPECIFICADO",,,,1
A010,FIEBRE TIFOIDEA,,,,1
A011,FIEBRE PARATIFOIDEA A,,,,1
A012,FIEBRE PARATIFOIDEA B,,,,1
A013,FIEBRE PARATIFOIDEA C,,,,1
A014,"FIEBRE PARATIFOIDEA, NO ESPECIFICADA",,,,1
A020,ENTERITIS DEBIDA A SALMONELLA,,,,1
A021,SEPSIS DEBIDA A SALMONELLA,,,,1
A022,INFECCIONES LOCALIZADAS DEBIDAS A SALMONELLA,,,,1
A028,OTRAS INFECCIONES ESPECIFICADAS COMO DEBIDAS A SALMONELLA,,,,1
A029,"INFECCIÓN DEBIDA A SALMONELLA, NO ESPECIFICADA",,,,1
A030,SHIGELOSIS DEBIDA A SHIGELLA DYSENTERIAE,,,,1
A031,SHIGELOSIS DEBIDA A SHIGELLA FLEXNERI,,,,1
A032,SHIGELOSIS DEBIDA A SHIGELLA BOYDII,,,,1
A033,SHIGELOSIS DEBIDA A SHIGELLA SONNEI,,,,1
A038,OTRAS SHIGELOSIS,,,,1
A039,SHIGELOSIS DE TIPO NO ESPECIFICADO,,,,1
A040,INFECCIÓN DEBIDA A ESCHERICHIA COLI ENTEROPATÓGENA,,,,1
A041,INFECCIÓN DEBIDA A ESCHERICHIA COLI ENTEROTOXÍGENA,,,,1
A042,INFECCIÓN DEBIDA A ESCHERICHIA COLI ENTEROINVASIVA,,,,1
A043,INFECCIÓN DEBIDA A ESCHERICHIA COLI ENTEROHEMORRÁGICA,,,,1
A044,OTRAS INFECCIONES INTESTINALES DEBIDAS A ESCHERICHIA COLI,,,,1
A045,ENTERITIS DEBIDA A CAMPYLOBACTER,,,,1
A046,ENTERITIS DEBIDA A YERSINIA ENTEROCOLITICA,,,,1
A047,ENTEROCOLITIS DEBIDA A CLOSTRIDIUM DIFFICILE,,,,1
A048,OTRAS INFECCIONES INTESTINALES BACTERIANAS ESPECIFICADAS,,,,1
A049,"INFECCIÓN INTESTINAL BACTERIANA, NO ESPECIFICADA",,,,1
A050,INTOXICACIÓN ALIMENTARIA ESTAFILOCÓCICA,,,,1
A051,BOTULISMO,,,,1
A052,INTOXICACIÓN ALIMENTARIA DEBIDA A CLOSTRIDIUM PERFRINGENS [CLOSTRIDIUM WELCHII],,,,1
A053,INTOXICACIÓN ALIMENTARIA DEBIDA A VIBRIO PARAHAEMOLYTICUS,,,,1
A054,INTOXICACIÓN ALIMENTARIA DEBIDA A BACILLUS CEREUS,,,,1
A058,OTRAS INTOXICACIONES ALIMENTARIAS DEBIDAS A BACTERIAS ESPECIFICADAS,,,,1
A059,"INTOXICACIÓN ALIMENTARIA BACTERIANA, NO ESPECIFICADA",,,,1
A060,DISENTERÍA AMEBIANA AGUDA,,,,1
A061,AMEBIASIS INTESTINAL CRÓNICA,,,,1
A062,COLITIS AMEBIANA NO DISENTÉRICA,,,,1
A063,AMEBOMA INTESTINAL,,,,1
A064,ABSCESO AMEBIANO DEL HÍGADO,,,,1
A065,ABSCESO AMEBIANO DEL PULMÓN,,,,1
A066,ABSCESO AMEBIANO DEL CEREBRO,,,,1
A067,AMEBIASIS CUTÁNEA,,,,1
A068,INFECCIÓN AMEBIANA DE OTRAS LOCALIZACIONES,,,,1
A069,"AMEBIASIS, NO ESPECIFICADA",,,,1
A070,BALANTIDIASIS,,,,1
A071,GIARDIASIS [LAMBLIASIS],,,,1
A072,CRIPTOSPORIDIOSIS,,,,1
A073,ISOSPORIASIS,,,,1
A078,OTRAS ENFERMEDADES INTESTINALES ESPECIFICADAS DEBIDAS A PROTOZOARIOS,,,,1
A079,"ENFERMEDAD INTESTINAL DEBIDA A PROTOZOARIOS, NO ESPECIFICADA",,,,1
A080,ENTERITIS DEBIDA A ROTAVIRUS,,,,1
A081,GASTROENTEROPATÍA AGUDA DEBIDA AL AGENTE DE NORWALK,,,,1
A082,ENTERITIS DEBIDA A ADENOVIRUS,,,,1
A083,OTRAS ENTERITIS VIRALES,,,,1
A084,"INFECCIÓN INTESTINAL VIRAL, SIN OTRA ESPECIFICACIÓN",,,,1
A085,OTRAS INFECCIONES INTESTINALES ESPECIFICADAS,,,,1
A090,OTRAS GASTROENTERITIS Y COLITIS DE ORIGEN INFECCIOSO,,,,1
A099,GASTROENTERITIS Y COLITIS DE ORIGEN NO ESPECIFICADO,,,,1
A150,"TUBERCULOSIS DEL PULMÓN, CONFIRMADA POR HALLAZGO MICROSCÓPICO DEL BACILO TUBERCULOSO EN ESPUTO, CON O SIN CULTIVO",,28,43800,1
A151,"TUBERCULOSIS DEL PULMÓN, CONFIRMADA ÚNICAMENTE POR CULTIVO",,28,43800,1
A152,"TUBERCULOSIS DEL PULMÓN, CONFIRMADA HISTOLÓGICAMENTE",,28,43800,1
A153,"TUBERCULOSIS DEL PULMÓN, CONFIRMADA POR MEDIOS NO ESPECIFICADOS",,28,43800,1
A154,"TUBERCULOSIS DE GANGLIOS LINFÁTICOS INTRATORÁCICOS, CONFIRMADA BACTERIOLÓGICA E HISTOLÓGICAMENTE",,28,43800,1
A155,"TUBERCULOSIS DE LARINGE, TRAQUEA Y BRONQUIOS, CONFIRMADA BACTERIOLÓGICA E HISTOLÓGICAMENTE",,28,43800,1
A156,"PLEURESÍA TUBERCULOSA, CONFIRMADA BACTERIOLÓGICA E HISTOLÓGICAMENTE",,28,43800,1
A157,"TUBERCULOSIS RESPIRATORIA PRIMARIA, CONFIRMADA BACTERIOLÓGICA E HISTOLÓGICAMENTE",,28,43800,1
A158,"OTRAS TUBERCULOSIS RESPIRATORIAS, CONFIRMADAS BACTERIOLÓGICA E HISTOLÓGICAMENTE",,28,43800,1
A159,"TUBERCULOSIS RESPIRATORIA NO ESPECIFICADA, CONFIRMADA BACTERIOLÓGICA E HISTOLÓGICAMENTE",,28,43800,1
A160,"TUBERCULOSIS DEL PULMÓN, CON EXAMEN BACTERIOLÓGICO E HISTOLÓGICO NEGATIVOS",,28,43800,1
A161,"TUBERCULOSIS DE PULMÓN, SIN EXAMEN BACTERIOLÓGICO E HISTOLÓGICO",,28,43800,1
A162,"TUBERCULOSIS DE PULMÓN, SIN MENCIÓN DE CONFIRMACIÓN BACTERIOLÓGICA O HISTOLÓGICA",,28,43800,1
A163,"TUBERCULOSIS DE GANGLIOS LINFÁTICOS INTRATORÁCICOS, SIN MENCIÓN DE CONFIRMACIÓN BACTERIOLÓGICA O HISTOLÓGICA",,28,43800,1
A164,"TUBERCULOSIS DE LARINGE, TRAQUEA Y BRONQUIOS, SIN MENCIÓN DE CONFIRMACIÓN BACTERIOLÓGICA O HISTOLÓGICA",,28,43800,1
A165,"PLEURESÍA TUBERCULOSA, SIN MENCIÓN DE CONFIRMACIÓN BACTERIOLÓGICA O HISTOLÓGICA",,28,43800,1
A167,"TUBERCULOSIS RESPIRATORIA PRIMARIA, SIN MENCIÓN DE CONFIRMACIÓN BACTERIOLÓGICA O HISTOLÓGICA",,28,43800,1
A168,"OTRAS TUBERCULOSIS RESPIRATORIAS, SIN MENCIÓN DE CONFIRMACIÓN",,28,43800,1
A169,"TUBERCULOSIS RESPIRATORIA NO ESPECIFICADA, SIN MENCIÓN DE CONFIRMACIÓN BACTERIOLÓGICA O HISTOLÓGICA",,28,43800,1
A170,MENINGITIS TUBERCULOSA,,28,43800,1
A171,TUBERCULOMA MENÍNGEO,,28,43800,1
A178,OTRAS TUBERCULOSIS DEL SISTEMA NERVIOSO,,28,43800,1
A179,"TUBERCULOSIS DEL SISTEMA NERVIOSO, NO ESPECIFICADA",,28,43800,1
A180,TUBERCULOSIS DE HUESOS Y ARTICULACIONES,,28,43800,1
A181,TUBERCULOSIS DEL APARATO GENITOURINARIO,,28,43800,1
A182,LINFADENOPATÍA PERIFÉRICA TUBERCULOSA,,28,43800,1
A183,"TUBERCULOSIS DE LOS INTESTINOS, EL PERITONEO Y LOS GANGLIOS MESENTÉRICOS",,28,43800,1
A184,TUBERCULOSIS DE LA PIEL Y EL TEJIDO SUBCUTÁNEO,,28,43800,1
A185,TUBERCULOSIS DEL OJO,,28,43800,1
A186,TUBERCULOSIS DEL OÍDO,,28,43800,1
A187,TUBERCULOSIS DE GLÁNDULAS SUPRARRENALES,,28,43800,1
A188,TUBERCULOSIS DE OTROS ÓRGANOS ESPECIFICADOS,,28,43800,1
A190,TUBERCULOSIS MILIAR AGUDA DE UN SOLO SITIO ESPECIFICADO,,28,43800,1
A191,TUBERCULOSIS MILIAR AGUDA DE SITIOS MÚLTIPLES,,28,43800,1
A192,"TUBERCULOSIS MILIAR AGUDA, NO ESPECIFICADA",,28,43800,1
A198,OTRAS TUBERCULOSIS MILIARES,,28,43800,1
A199,"TUBERCULOSIS MILIAR, SIN OTRA ESPECIFICACIÓN",,28,43800,1
A200,PESTE BUBÓNICA,,,,0
A201,PESTE CELULOCUTÁNEA,,,,0
A202,PESTE NEUMÓNICA,,,,0
A203,MENINGITIS POR PESTE,,,,0
A207,PESTE SEPTICÉMICA,,,,0
A208,OTRAS FORMAS DE PESTE,,,,0
A209,"PESTE, NO ESPECIFICADA",,,,0
A210,TULAREMIA ULCEROGLANDULAR,,,,1
A211,TULAREMIA OCULOGLANDULAR,,,,1
A212,TULAREMIA PULMONAR,,,,1
A213,TULAREMIA GASTROINTESTINAL,,,,1
A217,TULAREMIA GENERALIZADA,,,,1
A218,OTRAS FORMAS DE TULAREMIA,,,,1
A219,"TULAREMIA, NO ESPECIFICADA",,,,1
A220,CARBUNCO CUTÁNEO,,,,1
A221,CARBUNCO PULMONAR,,,,1
A222,CARBUNCO GASTROINTESTINAL,,,,1
A227,CARBUNCO SÉPTICO,,,,1
A228,OTRAS FORMAS DE CARBUNCO,,,,1
A229,"CARBUNCO, NO ESPECIFICADO",,,,1
A230,BRUCELOSIS DEBIDA A BRUCELLA MELITENSIS,,,,1
A231,BRUCELOSIS DEBIDA A BRUCELLA ABORTUS,,,,1
A232,BRUCELOSIS DEBIDA A BRUCELLA SUIS,,,,1
A233,BRUCELOSIS DEBIDA A BRUCELLA CANIS,,,,1
A238,OTRAS BRUCELOSIS,,,,1
A239,"BRUCELOSIS, NO ESPECIFICADA",,,,1
A240,MUERMO,,,,1
A241,MELIOIDOSIS AGUDA Y FULMINANTE,,,,1
A242,MELIOIDOSIS SUBAGUDA Y CRÓNICA,,,,1
A243,OTRAS MELIOIDOSIS,,,,1
A244,"MELIOIDOSIS, NO ESPECIFICADA",,,,1
A250,ESPIRILOSIS,,,,1
A251,ESTREPTOBACILOSIS,,,,1
A259,"FIEBRE POR MORDEDURA DE RATA, NO ESPECIFICADA",,,,1
A260,ERISIPELOIDE CUTÁNEO,,,,1
A267,SEPSIS POR ERYSIPELOTHRIX,,,,1
A268,OTRAS FORMAS DE ERISIPELOIDE,,,,1
A269,"ERISIPELOIDE, NO ESPECIFICADA",,,,1
A270,LEPTOSPIROSIS ICTEROHEMORRÁGICA,,,,1
A278,OTRAS FORMAS DE LEPTOSPIROSIS,,,,1
A279,"LEPTOSPIROSIS, NO ESPECIFICADA",,,,1
A280,PASTEURELOSIS,,,,1
A281,ENFERMEDAD POR RASGUÑO DE GATO,,,,1
A282,YERSINIOSIS EXTRAINTESTINAL,,,,1
A288,"OTRAS ENFERMEDADES ZOONÓTICAS BACTERIANAS ESPECIFICADAS, NO CLASIFICADAS EN OTRA PARTE",,,,1
A289,"ENFERMEDAD ZOONÓTICA BACTERIANA, SIN OTRA ESPECIFICACIÓN",,,,1
A300,LEPRA INDETERMINADA,,3650,43800,1
A301,LEPRA TUBERCULOIDE,,3650,43800,1
A302,LEPRA TUBERCULOIDE LIMÍTROFE,,3650,43800,1
A303,LEPRA LIMÍTROFE,,3650,43800,1
A304,LEPRA LEPROMATOSA LIMÍTROFE,,3650,43800,1
A305,LEPRA LEPROMATOSA,,3650,43800,1
A308,OTRAS FORMAS DE LEPRA,,3650,43800,1
A309,"LEPRA, NO ESPECIFICADA",,3650,43800,1
A310,INFECCIONES POR MICOBACTERIAS PULMONARES,,,,1
A311,INFECCIÓN CUTÁNEA POR MICOBACTERIAS,,,,1
A318,OTRAS INFECCIONES POR MICOBACTERIAS,,,,1
A319,"INFECCIÓN POR MICOBACTERIA, NO ESPECIFICADA",,,,1
A320,LISTERIOSIS CUTÁNEA,,28,43800,1
A321,MENINGITIS Y MENINGOENCEFALITIS LISTERIANA,,28,43800,1
A327,SEPSIS LISTERIANA,,28,43800,1
A328,OTRAS FORMAS DE LISTERIOSIS,,28,43800,1
A329,"LISTERIOSIS, NO ESPECIFICADA",,28,43800,1
A33,TÉTANOS NEONATAL,,0,27,1
A34,TÉTANOS OBSTÉTRICO,F,3650,19710,1
A35,OTROS TÉTANOS,,28,43800,1
A360,DIFTERIA FARÍNGEA,,,,1
A361,DIFTERIA NASOFARÍNGEA,,,,1
A362,DIFTERIA LARÍNGEA,,,,1
A363,DIFTERIA CUTÁNEA,,,,1
A368,OTRAS DIFTERIAS,,,,1
A369,"DIFTERIA, NO ESPECIFICADA",,,,1
A370,TOS FERINA DEBIDA A BORDETELLA PERTUSSIS,,,,1
A371,TOS FERINA DEBIDA A BORDETELLA PARAPERTUSSIS,,,,1
A378,TOS FERINA DEBIDA A OTRAS ESPECIES DE BORDETELLA,,,,1
A379,"TOS FERINA, NO ESPECIFICADA",,,,1
A38,ESCARLATINA,,,,1
A390,MENINGITIS MENINGOCÓCICA,,,,1
A391,SÍNDROME DE WATERHOUSE-FRIDERICHSEN,,,,1
A392,MENINGOCOCEMIA AGUDA,,,,1
A393,MENINGOCOCEMIA CRÓNICA,,,,1
A394,"MENINGOCOCEMIA, NO ESPECIFICADA",,,,1
A395,ENFERMEDAD CARDÍACA DEBIDA A MENINGOCOCO,,,,1
A398,OTRAS FORMAS DE ENFERMEDAD MENINGOCÓCICA,,,,1
A399,"ENFERMEDAD MENINGOCÓCICA, NO ESPECIFICADA",,,,1
A400,"SEPSIS DEBIDA A ESTREPTOCOCO, GRUPO A",,28,43800,1
A401,"SEPSIS DEBIDA A ESTREPTOCOCO, GRUPO B",,28,43800,1
A402,"SEPSIS DEBIDA A ESTREPTOCOCO, GRUPO D Y ENTEROCOCO",,28,43800,1
A403,SEPSIS DEBIDA A STREPTOCOCCUS PNEUMONIAE,,28,43800,1
A408,OTRAS SEPSIS ESTREPTOCÓCICAS,,28,43800,1
A409,"SEPSIS ESTREPTOCÓCICA, NO ESPECIFICADA",,28,43800,1
A410,SEPSIS DEBIDA A STAPHYLOCOCCUS AUREUS,,28,43800,1
A411,SEPSIS DEBIDA A OTRO ESTAFILOCOCO ESPECIFICADO,,28,43800,1
A412,SEPSIS DEBIDA A ESTAFILOCOCO NO ESPECIFICADO,,28,43800,1
A413,SEPSIS DEBIDA A HAEMOPHILUS INFLUENZAE,,28,43800,1
A414,SEPSIS DEBIDA A ANAEROBIOS,,28,43800,1
A415,SEPSIS DEBIDA A OTROS ORGANISMOS GRAMNEGATIVOS,,28,43800,1
A418,OTRAS SEPSIS ESPECIFICADAS,,28,43800,1
A419,"SEPSIS, NO ESPECIFICADA",,28,43800,1
A420,ACTINOMICOSIS PULMONAR,,,,1
A421,ACTINOMICOSIS ABDOMINAL,,,,1
A422,ACTINOMICOSIS CERVICOFACIAL,,,,1
A427,SEPSIS ACTINOMICÓTICA,,,,1
A428,OTRAS FORMAS DE ACTINOMICOSIS,,,,1
A429,"ACTINOMICOSIS, SIN OTRA ESPECIFICACIÓN",,,,1
A430,NOCARDIOSIS PULMONAR,,,,1
A431,NOCARDIOSIS CUTÁNEA,,,,1
A438,OTRAS FORMAS DE NOCARDIOSIS,,,,1
A439,"NOCARDIOSIS, NO ESPECIFICADA",,,,1
A440,BARTONELOSIS SISTÉMICA,,,,1
A441,BARTONELOSIS CUTÁNEA Y MUCOCUTÁNEA,,,,1
A448,OTRAS FORMAS DE BARTONELOSIS,,,,1
A449,"BARTONELOSIS, NO ESPECIFICADA",,,,1
A46,ERISIPELA,,,,1
A480,GANGRENA GASEOSA,,,,1
A481,ENFERMEDAD DE LOS LEGIONARIOS,,,,1
A482,ENFERMEDAD DE LOS LEGIONARIOS NO NEUMÓNICA (FIEBRE DE PONTIAC),,,,1
A483,SÍNDROME DEL CHOQUE TÓXICO,,,,1
A484,FIEBRE PURPÚRICA BRASILEÑA,,,,1
A488,OTRAS ENFERMEDADES BACTERIANAS ESPECIFICADAS,,,,1
A490,"INFECCIÓN ESTAFILOCÓCICA, SITIO NO ESPECIFICADO",,,,1
A491,INFECCIÓN ESTREPTOCÓCICA Y ENTEROCÓCICA DE SITIO NO ESPECIFICADO,,,,1
A492,"INFECCIÓN POR HAEMOPHILUS INFLUENZAE, SITIO NO ESPECIFICADO",,,,1
A493,"INFECCIÓN POR MICOPLASMA, SITIO NO ESPECIFICADO",,,,1
A498,OTRAS INFECCIONES BACTERIANAS DE SITIO NO ESPECIFICADO,,,,1
A499,"INFECCIÓN BACTERIANA, NO ESPECIFICADA",,,,1
A500,"SÍFILIS CONGÉNITA PRECOZ, SINTOMÁTICA",,,,1
A501,"SÍFILIS CONGÉNITA PRECOZ, LATENTE",,,,1
A502,"SÍFILIS CONGÉNITA PRECOZ, SIN OTRA ESPECIFICACIÓN",,,,1
A503,OCULOPATÍA SIFILÍTICA CONGÉNITA TARDÍA,,,,1
A504,NEUROSÍFILIS CONGÉNITA TARDÍA [NEUROSÍFILIS JUVENIL],,730,43800,1
A505,"OTRAS FORMAS DE SÍFILIS CONGÉNITA TARDÍA, SINTOMÁTICA",,730,43800,1
A506,"SÍFILIS CONGÉNITA TARDÍA, LATENTE",,730,43800,1
A507,"SÍFILIS CONGÉNITA TARDÍA, SIN OTRA ESPECIFICACIÓN",,730,43800,1
A509,"SÍFILIS CONGÉNITA, SIN OTRA ESPECIFICACIÓN",,,,1
A510,SÍFILIS GENITAL PRIMARIA,,,,1
A511,SÍFILIS PRIMARIA ANAL,,,,1
A512,SÍFILIS PRIMARIA EN OTROS SITIOS,,,,1
A513,SÍFILIS SECUNDARIA DE PIEL Y MEMBRANAS MUCOSAS,,,,1
A514,OTRAS SÍFILIS SECUNDARIAS,,,,1
A515,"SÍFILIS PRECOZ, LATENTE",,,,1
A519,"SÍFILIS PRECOZ, SIN OTRA ESPECIFICACIÓN",,,,1
A520,SÍFILIS CARDIOVASCULAR,,730,43800,1
A521,NEUROSÍFILIS SINTOMÁTICA,,730,43800,1
A522,NEUROSÍFILIS ASINTOMÁTICA,,730,43800,1
A523,NEUROSÍFILIS NO ESPECIFICADA,,730,43800,1
A527,OTRAS SÍFILIS TARDÍAS SINTOMÁTICAS,,730,43800,1
A528,"SÍFILIS TARDÍA, LATENTE",,730,43800,1
A529,"SÍFILIS TARDÍA, NO ESPECIFICADA",,730,43800,1
A530,"SÍFILIS LATENTE, NO ESPECIFICADA COMO PRECOZ O TARDÍA",,730,43800,1
A539,"SÍFILIS, NO ESPECIFICADA",,730,43800,1
A540,INFECCIÓN GONOCÓCICA DEL TRACTO GENITOURINARIO INFERIOR SIN ABSCESO PERIURETRAL Y DE GLÁNDULA ACCESORIA,,,,1
A541,INFECCIÓN GONOCÓCICA DEL TRACTO GENITOURINARIO INFERIOR CON ABSCESO PERIURETRAL Y DE GLÁNDULAS ACCESORIAS,,,,1
A542,PELVIPERITONITIS GONOCÓCICA Y OTRAS INFECCIONES GONOCÓCICAS GENITOURINARIAS,,,,1
A543,INFECCIÓN GONOCÓCICA DEL OJO,,,,1
A544,INFECCIÓN GONOCÓCICA DEL SISTEMA OSTEOMUSCULAR,,,,1
A545,FARINGITIS GONOCÓCICA,,,,1
A546,INFECCIÓN GONOCÓCICA DEL ANO Y DEL RECTO,,,,1
A548,OTRAS INFECCIONES GONOCÓCICAS,,,,1
A549,"INFECCIÓN GONOCÓCICA, NO ESPECIFICADA",,,,1
A55,LINFOGRANULOMA (VENÉREO) POR CLAMIDIAS,,,,1
A560,INFECCIÓN DEL TRACTO GENITOURINARIO INFERIOR DEBIDA A CLAMIDIAS,,,,1
A561,INFECCIÓN DEL PELVIPERITONEO Y OTROS ÓRGANOS GENITOURINARIOS DEBIDA A CLAMIDIAS,,,,1
A562,"INFECCIONES DEL TRACTO GENITOURINARIO DEBIDAS A CLAMIDIAS, SIN OTRA ESPECIFICACIÓN",,,,1
A563,INFECCIÓN DEL ANO Y DEL RECTO DEBIDA A CLAMIDIAS,,,,1
A564,INFECCIÓN DE FARINGE DEBIDA A CLAMIDIAS,,,,1
A568,INFECCIÓN DE TRANSMISIÓN SEXUAL DE OTROS SITIOS DEBIDA A CLAMIDIAS,,,,1
A57,CHANCRO BLANDO,,,,1
A58,GRANULOMA INGUINAL,,,,1
A590,TRICOMONIASIS UROGENITAL,,,,1
A598,TRICOMONIASIS DE OTROS SITOS,,,,1
A599,"TRICOMONIASIS, NO ESPECIFICADA",,,,1
A600,INFECCIÓN DE GENITALES Y TRAYECTO UROGENITAL DEBIDA A VIRUS DEL HERPES [HERPES SIMPLE],,,,1
A601,INFECCIÓN DE LA PIEL PERIANAL Y RECTO POR VIRUS DEL HERPES SIMPLE,,,,1
A609,"INFECCIÓN ANOGENITAL POR VIRUS DEL HERPES SIMPLE, SIN OTRA ESPECIFICACIÓN",,,,1
A630,VERRUGAS (VENÉREAS) ANOGENITALES,,,,1
A638,"OTRAS ENFERMEDADES DE TRANSMISIÓN PREDOMINANTEMENTE SEXUAL, ESPECIFICADAS",,,,1
A64,ENFERMEDAD DE TRANSMISIÓN SEXUAL NO ESPECIFICADA,,,,1
A65,SÍFILIS NO VENÉREA,,,,1
A660,LESIONES INICIALES DE FRAMBESIA,,,,1
A661,LESIONES PAPILOMATOSAS MÚLTIPLES Y FRAMBESIA CON PASO DE CANGREJO,,,,1
A662,OTRAS LESIONES PRECOCES DE LA PIEL EN LA FRAMBESIA,,,,1
A663,HIPERQUERATOSIS DE FRAMBESIA,,,,1
A664,GOMA Y ÚLCERAS DE FRAMBESIA,,,,1
A665,GANGOSA,,,,1
A666,LESIONES FRAMBÉSICAS DE LOS HUESOS Y DE LAS ARTICULACIONES,,,,1
A667,OTRAS MANIFESTACIONES DE FRAMBESIA,,,,1
A668,FRAMBESIA LATENTE,,,,1
A669,"FRAMBESIA, NO ESPECIFICADA",,,,1
A670,LESIONES PRIMARIAS DE LA PINTA,,,,1
A671,LESIONES INTERMEDIAS DE LA PINTA,,,,1
A672,LESIONES TARDÍAS DE LA PINTA,,,,1
A673,LESIONES MIXTAS DE LA PINTA,,,,1
A679,"PINTA, NO ESPECIFICADA",,,,1
A680,FIEBRE RECURRENTE TRANSMITIDA POR PIOJOS,,,,1
A681,FIEBRE RECURRENTE TRANSMITIDA POR GARRAPATAS,,,,1
A689,"FIEBRE RECURRENTE, NO ESPECIFICADA",,,,1
A690,ESTOMATITIS ULCERATIVA NECROTIZANTE,,,,1
A691,OTRAS INFECCIONES DE VINCENT,,,,1
A692,ENFERMEDAD DE LYME,,,,1
A698,OTRAS INFECCIONES ESPECIFICADAS POR ESPIROQUETAS,,,,1
A699,"INFECCIÓN POR ESPIROQUETA, NO ESPECIFICADA",,,,1
A70,INFECCION DEBIDA A CHLAMYDIA PSITTACI,,,,1
A710,ESTADO INICIAL DE TRACOMA,,,,1
A711,ESTADO ACTIVO DE TRACOMA,,,,1
A719,"TRACOMA, NO ESPECIFICADO",,,,1
A740,CONJUNTIVITIS POR CLAMIDIAS,,28,43800,1
A748,OTRAS ENFERMEDADES POR CLAMIDIAS,,,,1
A749,"INFECCIÓN POR CLAMIDIAS, NO ESPECIFICADA",,,,1
A750,TIFUS EPIDÉMICO DEBIDO A RICKETTSIA PROWAZEKII TRANSMITIDO POR PIOJOS,,,,1
A751,TIFUS RECRUDESCENTE [ENFERMEDAD DE BRILL],,,,1
A752,TIFUS DEBIDO A RICKETTSIA TYPHI,,,,1
A753,TIFUS DEBIDO A RICKETTSIA TSUTSUGAMUSHI,,,,1
A759,"TIFUS, NO ESPECIFICADO",,,,1
A770,FIEBRE MACULOSA DEBIDA A RICKETTSIA RICKETTSII,,,,1
A771,FIEBRE MACULOSA DEBIDA A RICKETTSIA CONORII,,,,1
A772,FIEBRE MACULOSA DEBIDA A RICKETTSIA SIBERICA,,,,1
A773,FIEBRE MACULOSA DEBIDA A RICKETTSIA AUSTRALIS,,,,1
A778,OTRAS FIEBRES MACULOSAS,,,,1
A779,"FIEBRE MACULOSA, NO ESPECIFICADA",,,,1
A78,FIEBRE Q,,,,1
A790,FIEBRE DE LAS TRINCHERAS,,,,1
A791,RICKETTSIOSIS PUSTULOSA DEBIDA A RICKETTSIA AKARI,,,,1
A798,OTRAS RICKETTSIOSIS ESPECIFICADAS,,,,1
A799,"RICKETTSIOSIS, NO ESPECIFICADA",,,,1
A800,"POLIOMIELITIS AGUDA PARALÍTICA, ASOCIADA A VACUNA",,0,5475,0
A801,POLIOMIELITIS AGUDA PARALÍTICA DEBIDA A VIRUS SALVAJE IMPORTADO,,0,5475,0
A802,POLIOMIELITIS AGUDA PARALÍTICA DEBIDA A VIRUS SALVAJE AUTÓCTONO,,0,5475,0
A803,OTRAS POLIOMIELITIS AGUDAS PARALÍTICAS Y LAS NO ESPECIFICADAS,,0,5475,0
A804,POLIOMIELITIS AGUDA NO PARALÍTICA,,0,5475,0
A809,"POLIOMIELITIS AGUDA, SIN OTRA ESPECIFICACIÓN",,0,5475,0
A810,ENFERMEDAD DE CREUTZFELDT-JAKOB,,,,1
A811,PANENCEFALITIS ESCLEROSANTE SUBAGUDA,,,,1
A812,LEUCOENCEFALOPATÍA MULTIFOCAL PROGRESIVA,,,,1
A818,OTRAS INFECCIONES DEL SISTEMA NERVIOSO CENTRAL POR VIRUS ATÍPICO,,,,1
A819,"INFECCIONES DEL SISTEMA NERVIOSO CENTRAL POR VIRUS ATÍPICO, SIN OTRA ESPECIFICACIÓN",,,,1
A820,RABIA SELVÁTICA,,,,1
A821,RABIA URBANA,,,,1
A829,"RABIA, SIN OTRA ESPECIFICACIÓN",,,,1
A830,ENCEFALITIS JAPONESA,,,,1
A831,ENCEFALITIS EQUINA DEL OESTE,,,,1
A832,ENCEFALITIS EQUINA DEL ESTE,,,,1
A833,ENCEFALITIS DE SAN LUIS,,,,1
A834,ENCEFALITIS AUSTRALIANA,,,,1
A835,ENCEFALITIS DE CALIFORNIA,,,,1
A836,ENFERMEDAD POR VIRUS ROCÍO,,,,1
A838,OTRAS ENCEFALITIS VIRALES TRANSMITIDAS POR MOSQUITOS,,,,1
A839,"ENCEFALITIS VIRAL TRANSMITIDA POR MOSQUITOS, SIN OTRA ESPECIFICACIÓN",,,,1
A840,ENCEFALITIS DEL LEJANO ORIENTE TRANSMITIDA POR GARRAPATAS [ENCEFALITIS PRIMAVEROESTIVAL RUSA],,,,1
A841,ENCEFALITIS CENTROEUROPEA TRANSMITIDA POR GARRAPATAS,,,,1
A848,OTRAS ENCEFALITIS VIRALES TRANSMITIDA POR GARRAPATAS,,,,1
A849,"ENCEFALITIS VIRAL TRANSMITIDA POR GARRAPATAS, SIN OTRA ESPECIFICACIÓN",,,,1
A850,ENCEFALITIS ENTEROVIRAL,,,,1
A851,ENCEFALITIS POR ADENOVIRUS,,,,1
A852,"ENCEFALITIS VIRAL TRANSMITIDA POR ARTRÓPODOS, SIN OTRA ESPECIFCACIÓN",,,,1
A858,OTRAS ENCEFALITIS VIRALES ESPECIFCADAS,,,,1
A86,"ENCEFALITIS VIRAL, NO ESPECIFICADA",,,,1
A870,MENINGITIS ENTEROVIRAL,,,,1
A871,MENINGITIS DEBIDA A ADENOVIRUS,,,,1
A872,CORIOMENINGITIS LINFOCÍTICA,,,,1
A878,OTRAS MENINGITIS VIRALES,,,,1
A879,"MENINGITIS VIRAL, SIN OTRA ESPECIFICACIÓN",,,,1
A880,FIEBRE EXANTEMÁTICA ENTEROVIRAL [EXANTEMA DE BOSTON],,,,1
A881,VÉRTIGO EPIDÉMICO,,,,1
A888,OTRAS INFECCIONES VIRALES ESPECIFICADAS DEL SISTEMA NERVIOSO CENTRAL,,,,1
A89,"INFECCIÓN VIRAL DEL SISTEMA NERVIOSO CENTRAL, NO ESPECIFICADA",,,,1
A920,ENFERMEDAD POR VIRUS CHIKUNGUNYA,,,,1
A921,FIEBRE DE O'NYONG-NYONG,,,,0
A922,FIEBRE EQUINA VENEZOLANA,,,,0
A923,INFECCIÓN POR VIRUS DEL OESTE DEL NILO,,,,0
A924,FIEBRE DEL VALLE DEL RIFT,,,,0
A925,ENFERMEDAD POR EL VIRUS DEL ZIKA,,,,1
A928,OTRAS FIEBRES VIRALES ESPECIFICADAS TRANSMITIDAS POR MOSQUITOS,,,,1
A929,"FIEBRE VIRAL TRANSMITIDA POR MOSQUITO, SIN OTRA ESPECIFICACIÓN",,,,1
A930,ENFERMEDAD POR VIRUS DE OROPOUCHE,,,,0
A931,FIEBRE TRANSMITIDA POR FLEBÓTOMOS,,,,1
A932,FIEBRE DE COLORADO TRANSMITIDA POR GARRAPATAS,,,,1
A938,OTRAS FIEBRES VIRALES ESPECIFICADAS TRANSMITIDAS POR ARTRÓPODOS,,,,1
A94,"FIEBRE VIRAL TRANSMITIDA POR ARTRÓPODOS, NO ESPECIFICADA",,,,1
A950,FIEBRE AMARILLA SELVÁTICA,,,,0
A951,FIEBRE AMARILLA URBANA,,,,0
A959,"FIEBRE AMARILLA, NO ESPECIFICADA",,,,0
A960,FIEBRE HEMORRÁGICA DE JUNÍN,,,,0
A961,FIEBRE HEMORRÁGICA DE MACHUPO,,,,0
A962,FIEBRE DE LASSA,,,,0
A968,OTRAS FIEBRES HEMORRÁGICAS POR ARENAVIRUS,,,,1
A969,"FIEBRE HEMORRÁGICA POR ARENAVIRUS, SIN OTRA ESPECIFICACIÓN",,,,1
A970,DENGUE SIN SIGNOS DE ALARMA,,,,1
A971,DENGUE CON SIGNOS DE ALARMA,,,,1
A972,DENGUE SEVERO,,,,1
A979,"DENGUE, NO ESPECIFICADO",,,,1
A980,FIEBRE HEMORRÁGICA DE CRIMEA-CONGO,,,,0
A981,FIEBRE HEMORRÁGICA DE OMSK,,,,0
A982,ENFERMEDAD DE LA SELVA KYASANUR,,,,0
A983,ENFERMEDAD POR EL VIRUS DE MARBURG,,,,0
A984,ENFERMEDAD POR EL VIRUS DE EBOLA,,,,0
A985,FIEBRES HEMORRÁGICAS CON SÍNDROME RENAL,,,,1
A988,OTRAS FIEBRES HEMORRÁGICAS VIRALES ESPECIFICADAS,,,,1
A99,"FIEBRE VIRAL HEMORRÁGICA, NO ESPECIFICADA",,,,1
B000,ECZEMA HERPÉTICO,,,,1
B001,DERMATITIS VESICULAR HERPÉTICA,,,,1
B002,GINGIVOESTOMATITIS Y FARINGOAMIGDALITIS HERPÉTICA,,,,1
B003,MENINGITIS HERPÉTICA,,,,1
B004,ENCEFALITIS HERPÉTICA,,,,1
B005,OCULOPATÍA HERPÉTICA,,,,1
B007,ENFERMEDAD HERPÉTICA DISEMINADA,,,,1
B008,OTRAS FORMAS DE INFECCIONES HERPÉTICAS,,,,1
B009,"INFECCIÓN DEBIDA AL VIRUS DEL HERPES, NO ESPECIFICADA",,,,1
B010,MENINGITIS DEBIDA A VARICELA,,,,1
B011,ENCEFALITIS DEBIDA A VARICELA,,,,1
B012,NEUMONÍA DEBIDA A VARICELA,,,,1
B018,VARICELA CON OTRAS COMPLICACIONES,,,,1
B019,VARICELA SIN COMPLICACIONES,,,,1
B020,ENCEFALITIS DEBIDA A HERPES ZOSTER,,,,1
B021,MENINGITIS DEBIDA A HERPES ZOSTER,,,,1
B022,HERPES ZOSTER CON OTROS COMPROMISOS DEL SISTEMA NERVIOSO,,,,1
B023,HERPES ZOSTER OCULAR,,,,1
B027,HERPES ZOSTER DISEMINADO,,,,1
B028,HERPES ZOSTER CON OTRAS COMPLICACIONES,,,,1
B029,HERPES ZOSTER SIN COMPLICACIONES,,,,1
B03,VIRUELA,,,,0
B04,VIRUELA DE LOS MONOS,,,,0
B050,SARAMPIÓN COMPLICADO CON ENCEFALITIS,,,,1
B051,SARAMPIÓN COMPLICADO CON MENINGITIS,,,,1
B052,SARAMPIÓN COMPLICADO CON NEUMONÍA,,,,1
B053,SARAMPIÓN COMPLICADO CON OTITIS MEDIA,,,,1
B054,SARAMPIÓN CON COMPLICACIONES INTESTINALES,,,,1
B058,SARAMPIÓN CON OTRAS COMPLICACIONES,,,,1
B059,SARAMPIÓN SIN COMPLICACIONES,,,,1
B060,RUBÉOLA CON COMPLICACIONES NEUROLÓGICAS,,28,43800,1
B068,RUBÉOLA CON OTRAS COMPLICACIONES,,28,43800,1
B069,RUBÉOLA SIN COMPLICACIONES,,28,43800,1
B07,VERRUGAS VÍRICAS,,,,1
B080,OTRAS INFECCIONES DEBIDAS A ORTOPOXVIRUS,,,,1
B081,MOLUSCO CONTAGIOSO,,,,1
B082,EXANTEMA SÚBITO [SEXTA ENFERMEDAD],,,,1
B083,ERITEMA INFECCIOSO [QUINTA ENFERMEDAD],,,,1
B084,ESTOMATITIS VESICULAR ENTEROVIRAL CON EXANTEMA,,,,1
B085,FARINGITIS VESICULAR ENTEROVÍRICA,,,,1
B088,"OTRAS INFECCIONES VIRALES ESPECIFICADAS, CARACTERIZADAS POR LESIONES DE LA PIEL Y DE LAS MEMBRANAS MUCOSAS",,,,1
B09,"INFECCIÓN VIRAL NO ESPECIFICADA, CARACTERIZADA POR LESIONES DE LA PIEL Y DE LAS MEMBRANAS MUCOSAS",,,,1
B150,"HEPATITIS AGUDA TIPO A, CON COMA HEPÁTICO",,,,1
B159,"HEPATITIS AGUDA TIPO A, SIN COMA HEPÁTICO",,,,1
B160,"HEPATITIS AGUDA TIPO B, CON AGENTE DELTA (COINFECCIÓN), CON COMA HEPÁTICO",,,,1
B161,"HEPATITIS AGUDA TIPO B, CON AGENTE DELTA (COINFECCIÓN), SIN COMA HEPÁTICO",,,,1
B162,"HEPATITIS AGUDA TIPO B, SIN AGENTE DELTA, CON COMA HEPÁTICO",,,,1
B169,"HEPATITIS AGUDA TIPO B, SIN AGENTE DELTA Y SIN COMA HEPÁTICO",,,,1
B170,INFECCIÓN (SUPERINFECCIÓN) AGUDA POR AGENTE DELTA EN LA HEPATITIS B CRÓNICA,,,,1
B171,HEPATITIS AGUDA TIPO C,,,,1
B172,HEPATITIS AGUDA TIPO E,,,,1
B178,OTRAS HEPATITIS VIRALES AGUDAS ESPECIFICADAS,,,,1
B179,HEPATITIS VIRAL AGUDA NO ESPECIFICADA,,,,1
B180,"HEPATITIS VIRAL TIPO B CRÓNICA, CON AGENTE DELTA",,,,1
B181,"HEPATITIS VIRAL TIPO B CRÓNICA, SIN AGENTE DELTA",,,,1
B182,HEPATITIS VIRAL TIPO C CRÓNICA,,,,1
B188,OTRAS HEPATITIS VIRALES CRÓNICAS,,,,1
B189,"HEPATITIS VIRAL CRÓNICA, SIN OTRA ESPECIFICACIÓN",,,,1
B190,HEPATITIS VIRAL NO ESPECIFICADA CON COMA HEPÁTICO,,28,43800,1
B199,HEPATITIS VIRAL NO ESPECIFICADA SIN COMA HEPÁTICO,,28,43800,1
B200,"ENFERMEDAD POR VIH, RESULTANTE EN INFECCIÓN POR MICOBACTERIAS",,,,1
B201,"ENFERMEDAD POR VIH, RESULTANTE EN OTRAS INFECCIONES BACTERIANAS",,,,1
B202,"ENFERMEDAD POR VIH, RESULTANTE EN ENFERMEDAD POR CITOMEGALOVIRUS",,,,1
B203,"ENFERMEDAD POR VIH, RESULTANTE EN OTRAS INFECCIONES VIRALES",,,,1
B204,"ENFERMEDAD POR VIH, RESULTANTE EN CANDIDIASIS",,,,1
B205,"ENFERMEDAD POR VIH, RESULTANTE EN OTRAS MICOSIS",,,,1
B206,"ENFERMEDAD POR VIH, RESULTANTE EN NEUMONÍA POR PNEUMOCYSTIS CARINII",,,,1
B207,"ENFERMEDAD POR VIH, RESULTANTE EN INFECCIONES MÚLTIPLES",,,,1
B208,"ENFERMEDAD POR VIH, RESULTANTE EN OTRAS ENFERMEDADES INFECCIOSAS O PARASITARIAS",,,,1
B209,"ENFERMEDAD POR VIH, RESULTANTE EN ENFERMEDAD INFECCIOSA O PARASITARIA NO ESPECIFICADA",,,,1
B210,"ENFERMEDAD POR VIH, RESULTANTE EN SARCOMA DE KAPOSI",,,,1
B211,"ENFERMEDAD POR VIH, RESULTANTE EN LINFOMA DE BURKITT",,,,1
B212,"ENFERMEDAD POR VIH, RESULTANTE EN OTROS TIPOS DE LINFOMA NO HODGKIN",,,,1
B213,"ENFERMEDAD POR VIH, RESULTANTE EN OTROS TUMORES MALIGNOS DEL TEJIDO LINFOIDE, HEMATOPOYÉTICO Y TEJIDOS RELACIONADOS",,,,1
B217,"ENFERMEDAD POR VIH, RESULTANTE EN TUMORES MALIGNOS MÚLTIPLES",,,,1
B218,"ENFERMEDAD POR VIH, RESULTANTE EN OTROS TUMORES MALIGNOS",,,,1
B219,"ENFERMEDAD POR VIH, RESULTANTE EN TUMORES MALIGNOS NO ESPECIFICADOS",,,,1
B220,"ENFERMEDAD POR VIH, RESULTANTE EN ENCEFALOPATÍA",,,,1
B221,"ENFERMEDAD POR VIH, RESULTANTE EN NEUMONITIS LINFOIDE INTERSTICIAL",,,,1
B222,"ENFERMEDAD POR VIH, RESULTANTE EN SÍNDROME CAQUÉCTICO",,,,1
B227,"ENFERMEDAD POR VIH, RESULTANTE EN ENFERMEDADES MÚLTIPLES CLASIFICADAS EN OTRA PARTE",,,,1
B230,SÍNDROME DE INFECCIÓN AGUDA DEBIDA A VIH,,,,1
B231,"ENFERMEDAD POR VIH, RESULTANTE EN LINFADENOPATÍA GENERALIZADA (PERSISTENTE)",,,,1
B232,"ENFERMEDAD POR VIH, RESULTANTE EN ANORMALIDADES INMUNOLÓGICAS Y HEMATOLÓGICAS, NO CLASIFICADAS EN OTRA PARTE",,,,1
B238,"ENFERMEDAD POR VIH, RESULTANTE EN OTRAS AFECCIONES ESPECIFICADAS",,,,1
B24,"ENFERMEDAD POR VIRUS DE LA INMUNODEFICIENCIA HUMANA [VIH], SIN OTRA ESPECIFICACIÓN",,,,1
B250,NEUMONITIS DEBIDA A VIRUS CITOMEGÁLICO,,,,1
B251,HEPATITIS DEBIDA A VIRUS CITOMEGÁLICO,,,,1
B252,PANCREATITIS DEBIDA A VIRUS CITOMEGÁLICO,,,,1
B258,OTRAS ENFERMEDADES DEBIDAS A VIRUS CITOMEGÁLICO,,,,1
B259,"ENFERMEDAD POR VIRUS CITOMEGÁLICO, NO ESPECIFICADA",,,,1
B260,ORQUITIS POR PAROTIDITIS,M,28,43800,1
B261,MENINGITIS POR PAROTIDITIS,,,,1
B262,ENCEFALITIS POR PAROTIDITIS,,,,1
B263,PANCREATITIS POR PAROTIDITIS,,,,1
B268,PAROTIDITIS INFECCIOSA CON OTRAS COMPLICACIONES,,,,1
B269,"PAROTIDITIS, SIN COMPLICACIONES",,,,1
B270,MONONUCLEOSIS DEBIDA A HERPES VIRUS GAMMA,,,,1
B271,MONONUCLEOSIS POR CITOMEGALOVIRUS,,,,1
B278,OTRAS MONONUCLEOSIS INFECCIOSAS,,,,1
B279,"MONONUCLEOSIS INFECCIOSA, NO ESPECIFICADA",,,,1
B300,QUERATOCONJUNTIVITIS DEBIDA A ADENOVIRUS,,,,1
B301,CONJUNTIVITIS DEBIDA A ADENOVIRUS,,,,1
B302,FARINGOCONJUNTIVITIS VIRAL,,,,1
B303,CONJUNTIVITIS EPIDÉMICA AGUDA HEMORRÁGICA (ENTEROVÍRICA),,,,1
B308,OTRAS CONJUNTIVITIS VIRALES,,,,1
B309,"CONJUNTIVITIS VIRAL, SIN OTRA ESPECIFICACIÓN",,,,1
B330,MIALGIA EPIDÉMICA,,,,1
B331,ENFERMEDAD DEL RÍO ROSS,,,,1
B332,CARDITIS VIRAL,,,,1
B333,"INFECCIONES DEBIDAS A RETROVIRUS, NO CLASIFICADAS EN OTRA PARTE",,,,1
B334,SÍNDROME (CARDIO) PULMONAR POR HANTAVIRUS [SPH] [SCPH] (J17.1*),,,,1
B338,OTRAS ENFERMEDADES VIRALES ESPECIFICADAS,,,,1
B340,"INFECCIÓN DEBIDA A ADENOVIRUS, DE SITIO NO ESPECIFICADO",,,,1
B341,"INFECCIÓN DEBIDA A ENTEROVIRUS, DE SITIO NO ESPECIFICADO",,,,1
B342,"INFECCIÓN DEBIDA A CORONAVIRUS, DE SITIO NO ESPECIFICADO",,,,1
B343,"INFECCIÓN DEBIDA A PARVOVIRUS, DE SITIO NO ESPECIFICADO",,,,1
B344,"INFECCIÓN DEBIDA A PAPOVAVIRUS,DE SITIO NO ESPECIFICADO",,,,1
B348,OTRAS INFECCIONES VIRALES DE SITIO NO ESPECIFICADO,,,,1
B349,"INFECCIÓN VIRAL, NO ESPECIFICADA",,,,1
B350,TIÑA DE LA BARBA Y DEL CUERO CABELLUDO,,,,1
B351,TIÑA DE LAS UÑAS,,,,1
B352,TIÑA DE LA MANO,,,,1
B353,TIÑA DEL PIE [TINEA PEDIS],,,,1
B354,TIÑA DEL CUERPO [TINEA CORPORIS],,,,1
B355,TIÑA IMBRICADA [TINEA IMBRICATA],,,,1
B356,TIÑA INGUINAL [TINEA CRURIS],,,,1
B358,OTRAS DERMATOFITOSIS,,,,1
B359,"DERMATOFITOSIS, NO ESPECIFICADA",,,,1
B360,PITIRIASIS VERSICOLOR,,,,1
B361,TIÑA NEGRA,,,,1
B362,PIEDRA BLANCA,,,,1
B363,PIEDRA NEGRA,,,,1
B368,OTRAS MICOSIS SUPERFICIALES ESPECIFICADAS,,,,1
B369,"MICOSIS SUPERFICIAL, SIN OTRA ESPECIFICACIÓN",,,,1
B370,ESTOMATITIS CANDIDIÁSICA,,28,43800,1
B371,CANDIDIASIS PULMONAR,,28,43800,1
B372,CANDIDIASIS DE LA PIEL Y LAS UÑAS,,28,43800,1
B373,CANDIDIASIS DE LA VULVA Y DE LA VAGINA,F,28,43800,1
B374,CANDIDIASIS DE OTRAS LOCALIZACIONES UROGENITALES,,28,43800,1
B375,MENINGITIS DEBIDA A CANDIDA,,28,43800,1
B376,ENDOCARDITIS DEBIDA A CANDIDA,,28,43800,1
B377,SEPSIS DEBIDA A CANDIDA,,28,43800,1
B378,CANDIDIASIS DE OTROS SITIOS,,28,43800,1
B379,"CANDIDIASIS, NO ESPECIFICADA",,28,43800,1
B380,COCCIDIOIDOMICOSIS PULMONAR AGUDA,,,,1
B381,COCCIDIOIDOMICOSIS PULMONAR CRÓNICA,,,,1
B382,"COCCIDIOIDOMICOSIS PULMONAR, SIN OTRA ESPECIFICACIÓN",,,,1
B383,COCCIDIOIDOMICOSIS CUTÁNEA,,,,1
B384,MENINGITIS DEBIDA A COCCIDIOIDOMICOSIS,,,,1
B387,COCCIDIOIDOMICOSIS DISEMINADA,,,,1
B388,OTRAS FORMAS DE COCCIDIOIDOMICOSIS,,,,1
B389,"COCCIDIOIDOMICOSIS, NO ESPECIFICADA",,,,1
B390,INFECCIÓN PULMONAR AGUDA DEBIDA A HISTOPLASMA CAPSULATUM,,,,1
B391,INFECCIÓN PULMONAR CRÓNICA DEBIDA A HISTOPLASMA CAPSULATUM,,,,1
B392,"INFECCIÓN PULMONAR DEBIDA A HISTOPLASMA CAPSULATUM, SIN OTRA ESPECIFICACIÓN",,,,1
B393,INFECCIÓN DISEMINADA DEBIDA A HISTOPLASMA CAPSULATUM,,,,1
B394,"HISTOPLASMOSIS DEBIDA A HISTOPLASMA CAPSULATUM, SIN OTRA ESPECIFICACIÓN",,,,1
B395,INFECCIÓN DEBIDA A HISTOPLASMA DUBOISII,,,,1
B399,"HISTOPLASMOSIS, NO ESPECIFICADA",,,,1
B400,BLASTOMICOSIS PULMONAR AGUDA,,,,1
B401,BLASTOMICOSIS PULMONAR CRÓNICA,,,,1
B402,"BLASTOMICOSIS PULMONAR, SIN OTRA ESPECIFICACIÓN",,,,1
B403,BLASTOMICOSIS CUTÁNEA,,,,1
B407,BLASTOMICOSIS DISEMINADA,,,,1
B408,OTRAS FORMAS DE BLASTOMICOSIS,,,,1
B409,"BLASTOMICOSIS, NO ESPECIFICADA",,,,1
B410,PARACOCCIDIOIDOMICOSIS PULMONAR,,,,1
B417,PARACOCCIDIOIDOMICOSIS DISEMINADA,,,,1
B418,OTRAS FORMAS DE PARACOCCIDIOIDOMICOSIS,,,,1
B419,"PARACOCCIDIOIDOMICOSIS, NO ESPECIFICADA",,,,1
B420,ESPOROTRICOSIS PULMONAR,,,,1
B421,ESPOROTRICOSIS LINFOCUTÁNEA,,,,1
B427,ESPOROTRICOSIS DISEMINADA,,,,1
B428,OTRAS FORMAS DE ESPOROTRICOSIS,,,,1
B429,"ESPOROTRICOSIS, NO ESPECIFICADA",,,,1
B430,CROMOMICOSIS CUTÁNEA,,,,1
B431,ABSCESO CEREBRAL FEOMICÓTICO,,,,1
B432,ABSCESO Y QUISTE SUBCUTÁNEO FEOMICÓTICO,,,,1
B438,OTRAS FORMAS DE CROMOMICOSIS,,,,1
B439,"CROMOMICOSIS,NO ESPECIFICADA",,,,1
B440,ASPERGILOSIS PULMONAR INVASIVA,,,,1
B441,OTRAS ASPERGILOSIS PULMONARES,,,,1
B442,ASPERGILOSIS AMIGDALINA,,,,1
B447,ASPERGILOSIS DISEMINADA,,,,1
B448,OTRAS FORMAS DE ASPERGILOSIS,,,,1
B449,"ASPERGILOSIS, NO ESPECIFICADA",,,,1
B450,CRIPTOCOCOSIS PULMONAR,,,,1
B451,CRIPTOCOCOSIS CEREBRAL,,,,1
B452,CRIPTOCOCOSIS CUTÁNEA,,,,1
B453,CRIPTOCOCOSIS ÓSEA,,,,1
B457,CRIPTOCOCOSIS DISEMINADA,,,,1
B458,OTRAS FORMAS DE CRIPTOCOCOSIS,,,,1
B459,"CRIPTOCOCOSIS, NO ESPECIFICADA",,,,1
B460,MUCORMICOSIS PULMONAR,,,,1
B461,MUCORMICOSIS RINOCEREBRAL,,,,1
B462,MUCORMICOSIS GASTROINTESTINAL,,,,1
B463,MUCORMICOSIS CUTÁNEA,,,,1
B464,MUCORMICOSIS DISEMINADA,,,,1
B465,"MUCORMICOSIS, SIN OTRA ESPECIFICACIÓN",,,,1
B468,OTRAS CIGOMICOSIS,,,,1
B469,"CIGOMICOSIS, NO ESPECIFICADA",,,,1
B470,EUMICETOMA,,,,1
B471,ACTINOMICETOMA,,,,1
B479,"MICETOMA, NO ESPECIFICADO",,,,1
B480,LOBOMICOSIS,,,,1
B481,RINOSPORIDIOSIS,,,,1
B482,ALESQUERIASIS,,,,1
B483,GEOTRICOSIS,,,,1
B484,PENICILOSIS,,,,1
B485,NEUMOCISTOSIS (J17.2*),,28,43800,1
B487,MICOSIS OPORTUNISTAS,,,,1
B488,OTRAS MICOSIS ESPECIFICADAS,,,,1
B49,"MICOSIS, NO ESPECIFICADA",,,,1
B500,PALUDISMO DEBIDO A PLASMODIUM FALCIPARUM CON COMPLICACIONES CEREBRALES,,,,1
B508,OTRO PALUDISMO GRAVE Y COMPLICADO DEBIDO A PLASMODIUM FALCIPARUM,,,,1
B509,"PALUDISMO DEBIDO A PLASMODIUM FALCIPARUM, SIN OTRA ESPECIFICACIÓN",,,,1
B510,PALUDISMO DEBIDO A PLASMODIUM VIVAX CON RUPTURA ESPLÉNICA,,,,1
B518,PALUDISMO DEBIDO A PLASMODIUM VIVAX CON OTRAS COMPLICACIONES,,,,1
B519,"PALUDISMO DEBIDO A PLASMODIUM VIVAX, SIN COMPLICACIONES",,,,1
B520,PALUDISMO DEBIDO A PLASMODIUM MALARIAE CON NEFROPATÍA,,,,1
B528,PALUDISMO DEBIDO A PLASMODIUM MALARIAE CON OTRAS COMPLICACIONES,,,,1
B529,"PALUDISMO DEBIDO A PLASMODIUM MALARIAE, SIN COMPLICACIONES",,,,1
B530,PALUDISMO DEBIDO A PLASMODIUM OVALE,,,,1
B531,PALUDISMO DEBIDO A PLASMODIOS DE LOS SIMIOS,,,,1
B538,"OTRO PALUDISMO CONFIRMADO PARASITOLÓGICAMENTE, NO CLASIFICADO EN OTRA PARTE",,,,1
B54,PALUDISMO [MALARIA] NO ESPECIFICADO,,,,1
B550,LEISHMANIASIS VISCERAL,,,,1
B551,LEISHMANIASIS CUTÁNEA,,,,1
B552,LEISHMANIASIS MUCOCUTÁNEA,,,,1
B559,"LEISHMANIASIS, NO ESPECIFICADA",,,,1
B560,TRIPANOSOMIASIS GAMBIENSE,,,,1
B561,TRIPANOSOMIASIS RHODESIENSE,,,,1
B569,"TRIPANOSOMIASIS AFRICANA, SIN OTRA ESPECIFICACIÓN",,,,1
B570,ENFERMEDAD DE CHAGAS AGUDA QUE AFECTA AL CORAZÓN,,,,1
B571,ENFERMEDAD DE CHAGAS AGUDA QUE NO AFECTA AL CORAZÓN,,,,1
B572,ENFERMEDAD DE CHAGAS (CRÓNICA) QUE AFECTA AL CORAZÓN,,,,1
B573,ENFERMEDAD DE CHAGAS (CRÓNICA) QUE AFECTA AL SISTEMA DIGESTIVO,,,,1
B574,ENFERMEDAD DE CHAGAS (CRÓNICA) QUE AFECTA AL SISTEMA NERVIOSO,,,,1
B575,ENFERMEDAD DE CHAGAS (CRÓNICA) QUE AFECTA OTROS ÓRGANOS,,,,1
B580,OCULOPATÍA DEBIDA A TOXOPLASMA,,28,43800,1
B581,HEPATITIS DEBIDA A TOXOPLASMA,,28,43800,1
B582,MENINGOENCEFALITIS DEBIDA A TOXOPLASMA,,28,43800,1
B583,TOXOPLASMOSIS PULMONAR,,28,43800,1
B588,TOXOPLASMOSIS CON OTRO ÓRGANO AFECTADO,,28,43800,1
B589,"TOXOPLASMOSIS, NO ESPECIFICADA",,28,43800,1
B600,BABESIOSIS,,,,1
B601,ACANTAMEBIASIS,,,,1
B602,NAEGLERIASIS,,,,1
B608,OTRAS ENFERMEDADES ESPECIFICADAS DEBIDAS A PROTOZOARIOS,,,,1
B64,"ENFERMEDAD DEBIDA A PROTOZOARIOS, NO ESPECIFICADA",,,,1
B650,ESQUISTOSOMIASIS DEBIDA A SCHISTOSOMA HAEMATOBIUM (ESQUISTOSOMIASIS URINARIA),,,,1
B651,ESQUISTOSOMIASIS DEBIDA A SCHISTOSOMA MANSONI [ESQUISTOSOMIASIS INTESTINAL],,,,1
B652,ESQUISTOSOMIASIS DEBIDA A SCHISTOSOMA JAPONICUM,,,,1
B653,DERMATITIS POR CERCARIAS,,,,1
B658,OTRAS ESQUISTOSOMIASIS,,,,1
B659,"ESQUISTOSOMIASIS, NO ESPECIFICADA",,,,1
B660,OPISTORQUIASIS,,,,1
B661,CLONORQUIASIS,,,,1
B662,DICROCOELIASIS,,,,1
B663,FASCIOLIASIS,,,,1
B664,PARAGONIMIASIS,,,,1
B665,FASCIOLOPSIASIS,,,,1
B668,OTRAS INFECCIONES ESPECIFICADAS DEBIDAS A TREMATODOS,,,,1
B669,"INFECCIÓN DEBIDA A TREMATODOS, NO ESPECIFICADA",,,,1
B670,INFECCIÓN DEL HÍGADO DEBIDA A ECHINOCOCCUS GRANULOSUS,,,,1
B671,INFECCIÓN DEL PULMÓN DEBIDA A ECHINOCOCCUS GRANULOSUS,,,,1
B672,INFECCIÓN DE HUESO DEBIDA A ECHINOCOCCUS GRANULOSUS,,,,1
B673,INFECCIÓN DE OTRO ÓRGANO Y DE SITIOS MÚLTIPLES DEBIDA A ECHINOCOCCUS GRANULOSUS,,,,1
B674,"INFECCIÓN DEBIDA A ECHINOCOCCUS GRANULOSUS, SIN OTRA ESPECIFICACIÓN",,,,1
B675,INFECCIÓN DEL HÍGADO DEBIDA A ECHINOCOCCUS MULTILOCULARIS,,,,1
B676,INFECCIÓN DE OTRO ÓRGANO Y DE SITIOS MÚLTIPLES DEBIDA A ECHINOCOCCUS MULTILOCULARIS,,,,1
B677,"INFECCIÓN DEBIDA A ECHINOCOCCUS MULTILOCULARIS, SIN OTRA ESPECIFICACIÓN",,,,1
B678,"EQUINOCOCOSIS DEL HÍGADO, NO ESPECIFICADA",,,,1
B679,"EQUINOCOCOSIS, OTRA Y LA NO ESPECIFICADA",,,,1
B680,TENIASIS DEBIDA A TAENIA SOLIUM,,,,1
B681,INFECCIÓN DEBIDA A TAENIA SAGINATA,,,,1
B689,"TENIASIS, NO ESPECIFICADA",,,,1
B690,CISTICERCOSIS DEL SISTEMA NERVIOSO CENTRAL,,,,1
B691,CISTICERCOSIS DEL OJO,,,,1
B698,CISTICERCOSIS DE OTROS SITIOS,,,,1
B699,"CISTICERCOSIS, NO ESPECIFICADA",,,,1
B700,DIFILOBOTRIASIS INTESTINAL,,,,1
B701,ESPARGANOSIS,,,,1
B710,HIMENOLEPIASIS,,,,1
B711,DIPILIDIASIS,,,,1
B718,OTRAS INFECCIONES DEBIDAS A CESTODOS ESPECIFICADAS,,,,1
B719,"INFECCIONES DEBIDAS A CESTODOS, NO ESPECIFICADA",,,,1
B72,DRACONTIASIS,,,,1
B73,ONCOCERCOSIS,,,,1
B740,FILARIASIS DEBIDA A WUCHERERIA BANCROFTI,,,,1
B741,FILARIASIS DEBIDA A BRUGIA MALAYI,,,,1
B742,FILARIASIS DEBIDA A BRUGIA TIMORI,,,,1
B743,LOAIASIS,,,,1
B744,MANSONELIASIS,,,,1
B748,OTRAS FILARIASIS,,,,1
B749,"FILARIASIS, NO ESPECIFICADA",,,,1
B75,TRIQUINOSIS,,,,1
B760,ANQUILOSTOMIASIS,,,,1
B761,NECATORIASIS,,,,1
B768,OTRAS ENFERMEDADES DEBIDAS A ANQUILOSTOMAS,,,,1
B769,"ENFERMEDAD DEBIDA A ANQUILOSTOMAS, NO ESPECIFICADA",,,,1
B770,ASCARIASIS CON COMPLICACIONES INTESTINALES,,,,1
B778,ASCARIASIS CON OTRAS COMPLICACIONES,,,,1
B779,"ASCARIASIS, NO ESPECIFICADA",,,,1
B780,ESTRONGILOIDIASIS INTESTINAL,,,,1
B781,ESTRONGILOIDIASIS CUTÁNEA,,,,1
B787,ESTRONGILOIDIASIS DISEMINADA,,,,1
B789,"ESTRONGILOIDIASIS, NO ESPECIFICADA",,,,1
B79,TRICURIASIS,,,,1
B80,ENTEROBIASIS,,,,1
B810,ANISAQUIASIS,,,,1
B811,CAPILARIASIS INTESTINAL,,,,1
B812,TRICOESTRONGILIASIS,,,,1
B813,ANGIOESTRONGILIASIS INTESTINAL,,,,1
B814,HELMINTIASIS INTESTINAL MIXTA,,,,1
B818,OTRAS HELMINTIASIS INTESTINALES ESPECIFICADAS,,,,1
B820,"HELMINTIASIS INTESTINAL, SIN OTRA ESPECIFICACIÓN",,,,1
B829,"PARASITOSIS INTESTINAL, SIN OTRA ESPECIFICACIÓN",,,,1
B830,LARVA MIGRANS VISCERAL,,,,1
B831,GNATOSTOMIASIS,,,,1
B832,ANGIOESTRONGILIASIS DEBIDA A PARASTRONGYLUS CANTONENSIS,,,,1
B833,SINGAMIASIS,,,,1
B834,HIRUDINIASIS INTERNA,,,,1
B838,OTRAS HELMINTIASIS ESPECIFICADAS,,,,1
B839,"HELMINTIASIS, NO ESPECIFICADA",,,,1
B850,PEDICULOSIS DEBIDA A PEDICULUS HUMANUS CAPITIS,,,,1
B851,PEDICULOSIS DEBIDA A PEDICULUS HUMANUS CORPORIS,,,,1
B852,"PEDICULOSIS, SIN OTRA ESPECIFICACIÓN",,,,1
B853,PHTHIRIASIS,,,,1
B854,PEDICULOSIS Y PHTHIRIASIS MIXTAS,,,,1
B86,ESCABIOSIS,,,,1
B870,MIASIS CUTÁNEA,,,,1
B871,MIASIS EN HERIDAS,,,,1
B872,MIASIS OCULAR,,,,1
B873,MIASIS NASOFARÍNGEA,,,,1
B874,MIASIS AURAL,,,,1
B878,MIASIS DE OTROS SITIOS,,,,1
B879,"MIASIS, NO ESPECIFICADA",,,,1
B880,OTRAS ACARIASIS,,,,1
B881,TUNGIASIS [INFECCIÓN DEBIDA A PULGA DE ARENA],,,,1
B882,OTRAS INFESTACIONES DEBIDAS A ARTRÓPODOS,,,,1
B883,HIRUDINIASIS EXTERNA,,,,1
B888,OTRAS INFESTACIONES ESPECIFICADAS,,,,1
B889,"INFESTACIÓN, NO ESPECIFICADA",,,,1
B89,"ENFERMEDAD PARASITARIA, NO ESPECIFICADA",,,,1
B900,SECUELAS DE TUBERCULOSIS DEL SISTEMA NERVIOSO CENTRAL,,,,1
B901,SECUELAS DE TUBERCULOSIS GENITOURINARIA,,,,1
B902,SECUELAS DE TUBERCULOSIS DE HUESOS Y ARTICULACIONES,,,,1
B908,SECUELAS DE TUBERCULOSIS DE OTROS ÓRGANOS ESPECIFICADOS,,,,1
B909,SECUELAS DE TUBERCULOSIS RESPIRATORIA Y DE TUBERCULOSIS NO ESPECIFICADA,,,,1
B91,SECUELAS DE POLIOMIELITIS,,365,43800,1
B92,SECUELAS DE LEPRA,,365,43800,1
B940,SECUELAS DE TRACOMA,,365,43800,1
B941,SECUELAS DE ENCEFALITIS VIRAL,,365,43800,1
B942,SECUELAS DE HEPATITIS VIRAL,,365,43800,1
B948,SECUELAS DE OTRAS ENFERMEDADES INFECCIOSAS Y PARASITARIAS ESPECIFICADAS,,365,43800,1
B949,SECUELAS DE ENFERMEDADES INFECCIOSAS Y PARASITARIAS NO ESPECIFICADAS,,365,43800,1
B950,"ESTREPTOCOCO, GRUPO A, COMO CAUSA DE ENFERMEDADES CLASIFICADAS EN OTROS CAPÍTULOS",,,,0
B951,"ESTREPTOCOCO, GRUPO B, COMO CAUSA DE ENFERMEDADES CLASIFICADAS EN OTROS CAPÍTULOS",,,,0
B952,"ESTREPTOCOCO, GRUPO D Y ENTEROCOCOS, COMO CAUSA DE ENFERMEDADES CLASIFICADAS EN OTROS CAPÍTULOS",,,,0
B953,STREPTOCOCCUS PNEUMONIAE COMO CAUSA DE ENFERMEDADES CLASIFICADAS EN OTROS CAPÍTULOS,,,,0
B954,OTROS ESTREPTOCOCOS COMO CAUSA DE ENFERMEDADES CLASIFICADAS EN OTROS CAPÍTULOS,,,,0
B955,ESTREPTOCOCO NO ESPECIFICADO COMO CAUSA DE ENFERMEDADES CLASIFICADAS EN OTROS CAPÍTULOS,,,,0
B956,STAPHYLOCOCCUS AUREUS COMO CAUSA DE ENFERMEDADES CLASIFICADAS EN OTROS CAPÍTULOS,,,,0
B957,OTROS ESTAFILOCOCOS COMO CAUSA DE ENFERMEDADES CLASIFICADAS EN OTROS CAPÍTULOS,,,,0
B958,"ESTAFILOCOCO NO ESPECIFICADO, COMO CAUSA DE ENFERMEDADES CLASIFICADAS EN OTROS CAPÍTULOS",,,,0
B960,MYCOPLASMA PNEUMONIAE [M. PNEUMONIAE] COMO CAUSA DE ENFERMEDADES CLASIFICADAS EN OTROS CAPÍTULOS,,,,0
B961,KLEBSIELLA PNEUMONIAE [K. PNEUMONIAE] COMO CAUSA DE ENFERMEDADES CLASIFICADAS EN OTROS CAPÍTULOS,,,,0
B962,ESCHERICHIA COLI [E. COLI] COMO CAUSA DE ENFERMEDADES CLASIFICADAS EN OTROS CAPÍTULOS,,,,0
B963,HAEMOPHILUS INFLUENZAE [H. INFLUENZAE] COMO CAUSA DE ENFERMEDADES CLASIFICADAS EN OTROS CAPÍTULOS,,,,0
B964,PROTEUS (MIRABILIS) (MORGANII) COMO CAUSA DE ENFERMEDADES CLASIFICADAS EN OTROS CAPÍTULOS,,,,0
B965,PSEUDOMONAS (AERUGINOSA) COMO CAUSA DE ENFERMEDADES CLASIFICADAS EN OTROS CAPÍTULOS,,,,0
B966,BACILLUS FRAGILIS [B. FRAGILIS] COMO CAUSA DE ENFERMEDADES CLASIFICADAS EN OTROS CAPÍTULOS,,,,0
B967,CLOSTRIDIUM PERFRINGENS [C. PERFRINGENS] COMO CAUSA DE ENFERMEDADES CLASIFICADAS EN OTROS CAPÍTULOS,,,,0
B968,OTROS AGENTES BACTERIANOS ESPECIFICADOS COMO CAUSA DE ENFERMEDADES CLASIFICADAS EN OTROS CAPÍTULOS,,,,0
B970,ADENOVIRUS COMO CAUSA DE ENFERMEDADES CLASIFICADAS EN OTROS CAPÍTULOS,,,,0
B971,ENTEROVIRUS COMO CAUSA DE ENFERMEDADES CLASIFICADAS EN OTROS CAPÍTULOS,,,,0
B972,CORONAVIRUS COMO CAUSA DE ENFERMEDADES CLASIFICADAS EN OTROS CAPÍTULOS,,,,0
B973,RETROVIRUS COMO CAUSA DE ENFERMEDADES CLASIFICADAS EN OTROS CAPÍTULOS,,,,0
B974,VIRUS SINCICIAL RESPIRATORIO COMO CAUSA DE ENFERMEDADES CLASIFICADAS EN OTROS CAPÍTULOS,,,,0
B975,REOVIRUS COMO CAUSA DE ENFERMEDADES CLASIFICADAS EN OTROS CAPÍTULOS,,,,0
B976,PARVOVIRUS COMO CAUSA DE ENFERMEDADES CLASIFICADAS EN OTROS CAPÍTULOS,,,,0
B977,PAPILOMAVIRUS COMO CAUSA DE ENFERMEDADES CLASIFICADAS EN OTROS CAPÍTULOS,,,,1
B978,OTROS AGENTES VIRALES COMO CAUSA DE ENFERMEDADES CLASIFICADAS EN OTROS CAPÍTULOS,,,,0
B980,HELICOBACTER PYLORI [H.PYLORI] COMO LA CAUSA DE ENFERMEDADES CLASIFICADAS EN OTROS CAPÍTULOS,,,,0
B981,VIBRIO VULNIFICUS COMO LA CAUSA DE ENFERMEDADES CLASIFICADAS EN OTROS CAPÍTULOS,,,,0
B99,OTRAS ENFERMEDADES INFECCIOSAS Y LAS NO ESPECIFICADAS,,,,1
C000,"TUMOR MALIGNO DEL LABIO SUPERIOR, CARA EXTERNA",,,,1
C001,"TUMOR MALIGNO DEL LABIO INFERIOR, CARA EXTERNA",,,,1
C002,"TUMOR MALIGNO DEL LABIO, CARA EXTERNA, SIN OTRA ESPECIFICACIÓN",,,,1
C003,"TUMOR MALIGNO DEL LABIO SUPERIOR, CARA INTERNA",,,,1
C004,"TUMOR MALIGNO DEL LABIO INFERIOR, CARA INTERNA",,,,1
C005,"TUMOR MALIGNO DEL LABIO, CARA INTERNA, SIN OTRA ESPECIFICACIÓN",,,,1
C006,TUMOR MALIGNO DE LA COMISURA LABIAL,,,,1
C008,LESIÓN DE SITIOS CONTIGUOS DEL LABIO,,,,1
C009,"TUMOR MALIGNO DEL LABIO, PARTE NO ESPECIFICADA",,,,1
C01,TUMOR MALIGNO DE LA BASE DE LA LENGUA,,,,1
C020,TUMOR MALIGNO DE LA CARA DORSAL DE LA LENGUA,,,,1
C021,TUMOR MALIGNO DEL BORDE DE LA LENGUA,,,,1
C022,TUMOR MALIGNO DE LA CARA VENTRAL DE LA LENGUA,,,,1
C023,"TUMOR MALIGNO DE LOS DOS TERCIOS ANTERIORES DE LA LENGUA, PARTE NO ESPECIFICADA",,,,1
C024,TUMOR MALIGNO DE LA AMÍGDALA LINGUAL,,,,1
C028,LESIÓN DE SITIOS CONTIGUOS DE LA LENGUA,,,,1
C029,"TUMOR MALIGNO DE LA LENGUA, PARTE NO ESPECIFICADA",,,,1
C030,TUMOR MALIGNO DE LA ENCÍA SUPERIOR,,,,1
C031,TUMOR MALIGNO DE LA ENCÍA INFERIOR,,,,1
C039,"TUMOR MALIGNO DE LA ENCÍA, PARTE NO ESPECIFICADA",,,,1
C040,TUMOR MALIGNO DE LA PARTE ANTERIOR DEL PISO DE LA BOCA,,,,1
C041,TUMOR MALIGNO DE LA PARTE LATERAL DEL PISO DE LA BOCA,,,,1
C048,LESIÓN DE SITIOS CONTIGUOS DEL PISO DE LA BOCA,,,,1
C049,"TUMOR MALIGNO DEL PISO DE LA BOCA, PARTE NO ESPECIFICADA",,,,1
C050,TUMOR MALIGNO DEL PALADAR DURO,,,,1
C051,TUMOR MALIGNO DEL PALADAR BLANDO,,,,1
C052,TUMOR MALIGNO DE LA ÚVULA,,,,1
C058,LESIÓN DE SITIOS CONTIGUOS DEL PALADAR,,,,1
C059,"TUMOR MALIGNO DEL PALADAR, PARTE NO ESPECIFICADA",,,,1
C060,TUMOR MALIGNO DE LA MUCOSA DE LA MEJILLA,,,,1
C061,TUMOR MALIGNO DEL VESTÍBULO DE LA BOCA,,,,1
C062,TUMOR MALIGNO DEL ÁREA RETROMOLAR,,,,1
C068,LESIÓN DE SITIOS CONTIGUOS DE OTRAS PARTES Y DE LAS NO ESPECIFICADAS DE LA BOCA,,,,1
C069,"TUMOR MALIGNO DE LA BOCA, PARTE NO ESPECIFICADA",,,,1
C07,TUMOR MALIGNO DE LA GLÁNDULA PARÓTIDA,,,,1
C080,TUMOR MALIGNO DE LA GLÁNDULA SUBMAXILAR,,,,1
C081,TUMOR MALIGNO DE LA GLÁNDULA SUBLINGUAL,,,,1
C088,LESIÓN DE SITIOS CONTIGUOS DE LAS GLÁNDULAS SALIVALES MAYORES,,,,1
C089,"TUMOR MALIGNO DE GLÁNDULA SALIVAL MAYOR, NO ESPECIFICADA",,,,1
C090,TUMOR MALIGNO DE LA FOSA AMIGDALINA,,,,1
C091,TUMOR MALIGNO DEL PILAR AMIGDALINO (ANTERIOR) (POSTERIOR),,,,1
C098,LESIÓN DE SITIOS CONTIGUOS DE LA AMÍGDALA,,,,1
C099,"TUMOR MALIGNO DE LA AMÍGDALA, PARTE NO ESPECIFICADA",,,,1
C100,TUMOR MALIGNO DE LA VALÉCULA,,,,1
C101,TUMOR MALIGNO DE LA CARA ANTERIOR DE LA EPIGLOTIS,,,,1
C102,TUMOR MALIGNO DE LA PARED LATERAL DE LA OROFARINGE,,,,1
C103,TUMOR MALIGNO DE LA PARED POSTERIOR DE LA OROFARINGE,,,,1
C104,TUMOR MALIGNO DE LA HENDIDURA BRANQUIAL,,,,1
C108,LESIÓN DE SITIOS CONTIGUOS DE LA OROFARINGE,,,,1
C109,"TUMOR MALIGNO DE LA OROFARINGE, PARTE NO ESPECIFICADA",,,,1
C110,TUMOR MALIGNO DE LA PARED SUPERIOR DE LA NASOFARINGE,,,,1
C111,TUMOR MALIGNO DE LA PARED POSTERIOR DE LA NASOFARINGE,,,,1
C112,TUMOR MALIGNO DE LA PARED LATERAL DE LA NASOFARINGE,,,,1
C113,TUMOR MALIGNO DE LA PARED ANTERIOR DE LA NASOFARINGE,,,,1
C118,LESIÓN DE SITIOS CONTIGUOS DE LA NASOFARINGE,,,,1
C119,"TUMOR MALIGNO DE LA NASOFARINGE, PARTE NO ESPECIFICADA",,,,1
C12,TUMOR MALIGNO DEL SENO PIRIFORME,,,,1
C130,TUMOR MALIGNO DE LA REGIÓN POSTCRICOIDEA,,,,1
C131,"TUMOR MALIGNO DEL PLIEGUE ARITENOEPIGLÓTICO, CARA HIPOFARÍNGEA",,,,1
C132,TUMOR MALIGNO DE LA PARED POSTERIOR DE LA HIPOFARINGE,,,,1
C138,LESIÓN DE SITIOS CONTIGUOS DE LA HIPOFARINGE,,,,1
C139,"TUMOR MALIGNO DE LA HIPOFARINGE, PARTE NO ESPECIFICADA",,,,1
C140,"TUMOR MALIGNO DE LA FARINGE, PARTE NO ESPECIFICADA",,,,1
C142,TUMOR MALIGNO DEL ANILLO DE WALDEYER,,,,1
C148,"LESIÓN DE SITIOS CONTIGUOS DEL LABIO, DE LA CAVIDAD BUCAL Y DE LA FARINGE",,,,1
C150,"TUMOR MALIGNO DEL ESÓFAGO, PORCIÓN CERVICAL",,,,1
C151,"TUMOR MALIGNO DEL ESÓFAGO, PORCIÓN TORÁCICA",,,,1
C152,"TUMOR MALIGNO DEL ESÓFAGO, PORCIÓN ABDOMINAL",,,,1
C153,TUMOR MALIGNO DEL TERCIO SUPERIOR DEL ESÓFAGO,,,,1
C154,TUMOR MALIGNO DEL TERCIO MEDIO DEL ESÓFAGO,,,,1
C155,TUMOR MALIGNO DEL TERCIO INFERIOR DEL ESÓFAGO,,,,1
C158,LESIÓN DE SITIOS CONTIGUOS DEL ESÓFAGO,,,,1
C159,"TUMOR MALIGNO DEL ESÓFAGO, PARTE NO ESPECIFICADA",,,,1
C160,TUMOR MALIGNO DEL CARDIAS,,,,1
C161,TUMOR MALIGNO DEL FUNDUS GÁSTRICO,,,,1
C162,TUMOR MALIGNO DEL CUERPO DEL ESTÓMAGO,,,,1
C163,TUMOR MALIGNO DEL ANTRO PILÓRICO,,,,1
C164,TUMOR MALIGNO DEL PÍLORO,,,,1
C165,"TUMOR MALIGNO DE LA CURVATURA MENOR DEL ESTÓMAGO, SIN OTRA ESPECIFICACIÓN",,,,1
C166,"TUMOR MALIGNO DE LA CURVATURA MAYOR DEL ESTÓMAGO, SIN OTRA ESPECIFICACIÓN",,,,1
C168,LESIÓN DE SITIOS CONTIGUOS DEL ESTÓMAGO,,,,1
C169,"TUMOR MALIGNO DEL ESTÓMAGO, PARTE NO ESPECIFICADA",,,,1
C170,TUMOR MALIGNO DEL DUODENO,,,,1
C171,TUMOR MALIGNO DEL YEYUNO,,,,1
C172,TUMOR MALIGNO DEL ÍLEON,,,,1
C173,TUMOR MALIGNO DEL DIVERTÍCULO DE MECKEL,,,,1
C178,LESIÓN DE SITIOS CONTIGUOS DEL INTESTINO DELGADO,,,,1
C179,"TUMOR MALIGNO DEL INTESTINO DELGADO, PARTE NO ESPECIFICADA",,,,1
C180,TUMOR MALIGNO DEL CIEGO,,,,1
C181,TUMOR MALIGNO DEL APÉNDICE,,,,1
C182,TUMOR MALIGNO DEL COLON ASCENDENTE,,,,1
C183,TUMOR MALIGNO DEL ÁNGULO HEPÁTICO,,,,1
C184,TUMOR MALIGNO DEL COLON TRANSVERSO,,,,1
C185,TUMOR MALIGNO DEL ÁNGULO ESPLÉNICO,,,,1
C186,TUMOR MALIGNO DEL COLON DESCENDENTE,,,,1
C187,TUMOR MALIGNO DEL COLON SIGMOIDE,,,,1
C188,LESIÓN DE SITIOS CONTIGUOS DEL COLON,,,,1
C189,"TUMOR MALIGNO DEL COLON, PARTE NO ESPECIFICADA",,,,1
C19,TUMOR MALIGNO DE LA UNIÓN RECTOSIGMOIDEA,,,,1
C20,TUMOR MALIGNO DEL RECTO,,,,1
C210,"TUMOR MALIGNO DEL ANO, PARTE NO ESPECIFICADA",,,,1
C211,TUMOR MALIGNO DEL CONDUCTO ANAL,,,,1
C212,TUMOR MALIGNO DE LA ZONA CLOACOGÉNICA,,,,1
C218,"LESIÓN DE SITIOS CONTIGUOS DEL ANO, DEL CONDUCTO ANAL Y DEL RECTO",,,,1
C220,CARCINOMA DE CÉLULAS HEPÁTICAS,,,,1
C221,CARCINOMA DE VÍAS BILIARES INTRAHEPÁTICAS,,,,1
C222,HEPATOBLASTOMA,,,,1
C223,ANGIOSARCOMA DEL HÍGADO,,,,1
C224,OTROS SARCOMAS DEL HÍGADO,,,,1
C227,OTROS CARCINOMAS ESPECIFICADOS DEL HÍGADO,,,,1
C229,"TUMOR MALIGNO DEL HÍGADO, NO ESPECIFICADO",,,,1
C23,TUMOR MALIGNO DE LA VESÍCULA BILIAR,,,,1
C240,TUMOR MALIGNO DE LAS VÍAS BILIARES EXTRAHEPÁTICAS,,,,1
C241,TUMOR MALIGNO DE LA AMPOLLA DE VATER,,,,1
C248,LESIÓN DE SITIOS CONTIGUOS DE LAS VÍAS BILIARES,,,,1
C249,"TUMOR MALIGNO DE LAS VÍAS BILIARES, PARTE NO ESPECIFICADA",,,,1
C250,TUMOR MALIGNO DE LA CABEZA DEL PÁNCREAS,,,,1
C251,TUMOR MALIGNO DEL CUERPO DEL PÁNCREAS,,,,1
C252,TUMOR MALIGNO DE LA COLA DEL PÁNCREAS,,,,1
C253,TUMOR MALIGNO DEL CONDUCTO PANCREÁTICO,,,,1
C254,TUMOR MALIGNO DEL PÁNCREAS ENDOCRINO,,,,1
C257,TUMOR MALIGNO DE OTRAS PARTES ESPECIFICADAS DEL PÁNCREAS,,,,1
C258,LESIÓN DE SITIOS CONTIGUOS DEL PÁNCREAS,,,,1
C259,"TUMOR MALIGNO DEL PÁNCREAS, PARTE NO ESPECIFICADA",,,,1
C260,"TUMOR MALIGNO DEL INTESTINO, PARTE NO ESPECIFICADA",,,,1
C261,TUMOR MALIGNO DEL BAZO,,,,1
C268,LESIÓN DE SITIOS CONTIGUOS DE LOS ÓRGANOS DIGESTIVOS,,,,1
C269,TUMOR MALIGNO DE SITIOS MAL DEFINIDOS DE LOS ÓRGANOS DIGESTIVOS,,,,1
C300,TUMOR MALIGNO DE LA FOSA NASAL,,,,1
C301,TUMOR MALIGNO DEL OÍDO MEDIO,,,,1
C310,TUMOR MALIGNO DEL SENO MAXILAR,,,,1
C311,TUMOR MALIGNO DEL SENO ETMOIDAL,,,,1
C312,TUMOR MALIGNO DEL SENO FRONTAL,,,,1
C313,TUMOR MALIGNO DEL SENO ESFENOIDAL,,,,1
C318,LESIÓN DE SITIOS CONTIGUOS DE LOS SENOS PARANASALES,,,,1
C319,TUMOR MALIGNO DE SENO PARANASAL NO ESPECIFICADO,,,,1
C320,TUMOR MALIGNO DE LA GLOTIS,,,,1
C321,TUMOR MALIGNO DE LA REGIÓN SUPRAGLÓTICA,,,,1
C322,TUMOR MALIGNO DE LA REGIÓN SUBGLÓTICA,,,,1
C323,TUMOR MALIGNO DEL CARTÍLAGO LARÍNGEO,,,,1
C328,LESIÓN DE SITIOS CONTIGUOS DE LA LARINGE,,,,1
C329,"TUMOR MALIGNO DE LA LARINGE, PARTE NO ESPECIFICADA",,,,1
C33,TUMOR MALIGNO DE LA TRÁQUEA,,,,1
C340,TUMOR MALIGNO DEL BRONQUIO PRINCIPAL,,,,1
C341,"TUMOR MALIGNO DEL LÓBULO SUPERIOR, BRONQUIO O PULMÓN",,,,1
C342,"TUMOR MALIGNO DEL LÓBULO MEDIO, BRONQUIO O PULMÓN",,,,1
C343,"TUMOR MALIGNO DEL LÓBULO INFERIOR, BRONQUIO O PULMÓN",,,,1
C348,LESIÓN DE SITIOS CONTIGUOS DE LOS BRONQUIOS Y DEL PULMÓN,,,,1
C349,"TUMOR MALIGNO DE LOS BRONQUIOS O DEL PULMÓN, PARTE NO ESPECIFICADA",,,,1
C37,TUMOR MALIGNO DEL TIMO,,,,1
C380,TUMOR MALIGNO DEL CORAZÓN,,,,1
C381,TUMOR MALIGNO DEL MEDIASTINO ANTERIOR,,,,1
C382,TUMOR MALIGNO DEL MEDIASTINO POSTERIOR,,,,1
C383,"TUMOR MALIGNO DEL MEDIASTINO, PARTE NO ESPECIFICADA",,,,1
C384,TUMOR MALIGNO DE LA PLEURA,,,,1
C388,"LESIÓN DE SITOS CONTIGUOS DEL CORAZÓN, DEL MEDIASTINO Y DE LA PLEURA",,,,1
C390,"TUMOR MALIGNO DE LA VÍAS RESPIRATORIA SUPERIORES, PARTE NO ESPECIFICADA",,,,1
C398,LESIÓN DE SITIOS CONTIGUOS DE LOS ÓRGANOS RESPIRATORIOS E INTRATORÁCICOS,,,,1
C399,TUMOR MALIGNO DE SITIOS MAL DEFINIDOS DEL SISTEMA RESPIRATORIO,,,,1
C400,TUMOR MALIGNO DEL OMÓPLATO Y DE LOS HUESOS LARGOS DEL MIEMBRO SUPERIOR,,,,1
C401,TUMOR MALIGNO DE LOS HUESOS CORTOS DEL MIEMBRO SUPERIOR,,,,1
C402,TUMOR MALIGNO DE LOS HUESOS LARGOS DEL MIEMBRO INFERIOR,,,,1
C403,TUMOR MALIGNO DE LOS HUESOS CORTOS DEL MIEMBRO INFERIOR,,,,1
C408,LESIÓN DE SITIOS CONTIGUOS DE LOS HUESOS Y DE LOS CARTÍLAGOS ARTICULARES DE LOS MIEMBROS,,,,1
C409,"TUMOR MALIGNO DE LOS HUESOS Y DE LOS CARTÍLAGOS ARTICULARES DE LOS MIEMBROS, SIN OTRA ESPECIFICACIÓN",,,,1
C410,TUMOR MALIGNO DE LOS HUESOS DEL CRÁNEO Y DE LA CARA,,,,1
C411,TUMOR MALIGNO DEL HUESO DEL MAXILAR INFERIOR,,,,1
C412,TUMOR MALIGNO DE LA COLUMNA VERTEBRAL,,,,1
C413,"TUMOR MALIGNO DE LA COSTILLA, ESTERNÓN Y CLAVÍCULA",,,,1
C414,"TUMOR MALIGNO DE LOS HUESOS DE LA PELVIS, SACRO Y CÓCCIX",,,,1
C418,LESIÓN DE SITIOS CONTIGUOS DEL HUESO Y DEL CARTÍLAGO ARTICULAR,,,,1
C419,"TUMOR MALIGNO DEL HUESO Y DEL CARTÍLAGO ARTICULAR, NO ESPECIFICADO",,,,1
C430,MELANOMA MALIGNO DEL LABIO,,,,1
C431,"MELANOMA MALIGNO DEL PÁRPADO, INCLUIDA LA COMISURA PALPEBRAL",,,,1
C432,MELANOMA MALIGNO DE LA OREJA Y DEL CONDUCTO AUDITIVO EXTERNO,,,,1
C433,MELANOMA MALIGNO DE LAS OTRAS PARTES Y LAS NO ESPECIFICADAS DE LA CARA,,,,1
C434,MELANOMA MALIGNO DEL CUERO CABELLUDO Y DEL CUELLO,,,,1
C435,MELANOMA MALIGNO DEL TRONCO,,,,1
C436,"MELANOMA MALIGNO DEL MIEMBRO SUPERIOR, INCLUIDO EL HOMBRO",,,,1
C437,"MELANOMA MALIGNO DEL MIEMBRO INFERIOR, INCLUIDA LA CADERA",,,,1
C438,MELANOMA MALIGNO DE SITIOS CONTIGUOS DE LA PIEL,,,,1
C439,"MELANOMA MALIGNO DE PIEL, SITIO NO ESPECIFICADO",,,,1
C440,TUMOR MALIGNO DE LA PIEL DEL LABIO,,,,1
C441,"TUMOR MALIGNO DE LA PIEL DEL PÁRPADO, INCLUIDA LA COMISURA PALPEBRAL",,,,1
C442,TUMOR MALIGNO DE LA PIEL DE LA OREJA Y DEL CONDUCTO AUDITIVO EXTERNO,,,,1
C443,TUMOR MALIGNO DE LA PIEL DE OTRAS PARTES Y DE LAS NO ESPECIFICADAS DE LA CARA,,,,1
C444,TUMOR MALIGNO DE LA PIEL DEL CUERO CABELLUDO Y DEL CUELLO,,,,1
C445,TUMOR MALIGNO DE LA PIEL DEL TRONCO,,,,1
C446,"TUMOR MALIGNO DE LA PIEL DEL MIEMBRO SUPERIOR, INCLUIDO EL HOMBRO",,,,1
C447,"TUMOR MALIGNO DE LA PIEL MIEMBRO INFERIOR, INCLUIDA LA CADERA",,,,1
C448,LESIÓN DE SITIOS CONTIGUOS DE LA PIEL,,,,1
C449,"TUMOR MALIGNO DE LA PIEL, SITIO NO ESPECIFICADO",,,,1
C450,MESOTELIOMA DE LA PLEURA,,,,1
C451,MESOTELIOMA DEL PERITONEO,,,,1
C452,MESOTELIOMA DEL PERICARDIO,,,,1
C457,MESOTELIOMA DE OTROS SITIOS ESPECIFICADOS,,,,1
C459,"MESOTELIOMA, DE SITIO NO ESPECIFICADO",,,,1
C460,SARCOMA DE KAPOSI DE LA PIEL,,,,1
C461,SARCOMA DE KAPOSI DEL TEJIDO BLANDO,,,,1
C462,SARCOMA DE KAPOSI DEL PALADAR,,,,1
C463,SARCOMA DE KAPOSI DE LOS GANGLIOS LINFÁTICOS,,,,1
C467,SARCOMA DE KAPOSI DE OTROS SITIOS ESPECIFICADOS,,,,1
C468,SARCOMA DE KAPOSI DE MÚLTIPLES ÓRGANOS,,,,1
C469,SARCOMA DE KAPOSI DE SITIO NO ESPECIFICADO,,,,1
C470,"TUMOR MALIGNO DE LOS NERVIOS PERIFÉRICOS DE LA CABEZA, CARA Y CUELLO",,,,1
C471,"TUMOR MALIGNO DE LOS NERVIOS PERIFÉRICOS DEL MIEMBRO SUPERIOR, INCLUIDO EL HOMBRO",,,,1
C472,"TUMOR MALIGNO DE LOS NERVIOS PERIFÉRICOS DEL MIEMBRO INFERIOR, INCLUIDA LA CADERA",,,,1
C473,TUMOR MALIGNO DE LOS NERVIOS PERIFÉRICOS DEL TÓRAX,,,,1
C474,TUMOR MALIGNO DE LOS NERVIOS PERIFÉRICOS DEL ABDOMEN,,,,1
C475,TUMOR MALIGNO DE LOS NERVIOS PERIFÉRICOS DE LA PELVIS,,,,1
C476,"TUMOR MALIGNO DE LOS NERVIOS PERIFÉRICOS DEL TRONCO, SIN OTRA ESPECIFICACIÓN",,,,1
C478,LESIÓN DE SITIOS CONTIGUOS DE LOS NERVIOS PERIFÉRICOS Y DEL SISTEMA NERVIOSO AUTÓNOMO,,,,1
C479,"TUMOR MALIGNO DE LOS NERVIOS PERIFÉRICOS Y DEL SISTEMA NERVIOSO AUTÓNOMO, PARTE NO ESPECIFICADA",,,,1
C480,TUMOR MALIGNO DEL RETROPERITONEO,,,,1
C481,TUMOR MALIGNO DE PARTE ESPECIFICADA DEL PERITONEO,,,,1
C482,"TUMOR MALIGNO DEL PERITONEO, SIN OTRA ESPECIFICACIÓN",,,,1
C488,LESIÓN DE SITIOS CONTIGUOS DEL PERITONEO Y DEL RETROPERITONEO,,,,1
C490,"TUMOR MALIGNO DEL TEJIDO CONJUNTIVO Y TEJIDO BLANDO DE LA CABEZA, CARA Y CUELLO",,,,1
C491,"TUMOR MALIGNO DEL TEJIDO CONJUNTIVO Y TEJIDO BLANDO DEL MIEMBRO SUPERIOR, INCLUIDO EL HOMBRO",,,,1
C492,"TUMOR MALIGNO DEL TEJIDO CONJUNTIVO Y TEJIDO BLANDO DEL MIEMBRO INFERIOR, INCLUIDA LA CADERA",,,,1
C493,TUMOR MALIGNO DEL TEJIDO CONJUNTIVO Y TEJIDO BLANDO DEL TÓRAX,,,,1
C494,TUMOR MALIGNO DEL TEJIDO CONJUNTIVO Y TEJIDO BLANDO DEL ABDOMEN,,,,1
C495,TUMOR MALIGNO DEL TEJIDO CONJUNTIVO Y TEJIDO BLANDO DE LA PELVIS,,,,1
C496,"TUMOR MALIGNO DEL TEJIDO CONJUNTIVO Y TEJIDO BLANDO DEL TRONCO, SIN OTRA ESPECIFICACIÓN",,,,1
C498,LESIÓN DE SITIOS CONTIGUOS DEL TEJIDO CONJUNTIVO Y DEL TEJIDO BLANDO,,,,1
C499,"TUMOR MALIGNO DEL TEJIDO CONJUNTIVO Y TEJIDO BLANDO, DE SITIO NO ESPECIFICADO",,,,1
C500,TUMOR MALIGNO DEL PEZÓN Y ARÉOLA MAMARIA,,,,1
C501,TUMOR MALIGNO DE LA PORCIÓN CENTRAL DE LA MAMA,,,,1
C502,TUMOR MALIGNO DEL CUADRANTE SUPERIOR INTERNO DE LA MAMA,,,,1
C503,TUMOR MALIGNO DEL CUADRANTE INFERIOR INTERNO DE LA MAMA,,,,1
C504,TUMOR MALIGNO DEL CUADRANTE SUPERIOR EXTERNO DE LA MAMA,,,,1
C505,TUMOR MALIGNO DEL CUADRANTE INFERIOR EXTERNO DE LA MAMA,,,,1
C506,TUMOR MALIGNO DE LA PROLONGACIÓN AXILAR DE LA MAMA,,,,1
C508,LESIÓN DE SITIOS CONTIGUOS DE LA MAMA,,,,1
C509,"TUMOR MALIGNO DE LA MAMA, PARTE NO ESPECIFICADA",,,,1
C510,TUMOR MALIGNO DEL LABIO MAYOR,F,,,1
C511,TUMOR MALIGNO DEL LABIO MENOR,F,,,1
C512,TUMOR MALIGNO DEL CLÍTORIS,F,,,1
C518,LESIÓN DE SITIOS CONTIGUOS DE LA VULVA,F,,,1
C519,"TUMOR MALIGNO DE LA VULVA, PARTE NO ESPECIFICADA",F,,,1
C52,TUMOR MALIGNO DE LA VAGINA,F,,,1
C530,TUMOR MALIGNO DEL ENDOCÉRVIX,F,3650,43800,1
C531,TUMOR MALIGNO DEL EXOCÉRVIX,F,3650,43800,1
C538,LESIÓN DE SITIOS CONTIGUOS DEL CUELLO DEL ÚTERO,F,3650,43800,1
C539,"TUMOR MALIGNO DEL CUELLO DEL ÚTERO, SIN OTRA ESPECIFICACIÓN",F,3650,43800,1
C540,TUMOR MALIGNO DEL ISTMO UTERINO,F,,,1
C541,TUMOR MALIGNO DEL ENDOMETRIO,F,,,1
C542,TUMOR MALIGNO DEL MIOMETRIO,F,,,1
C543,TUMOR MALIGNO DEL FONDO DEL ÚTERO,F,,,1
C548,LESIÓN DE SITIOS CONTIGUOS DEL CUERPO DEL ÚTERO,F,,,1
C549,"TUMOR MALIGNO DEL CUERPO DEL ÚTERO, PARTE NO ESPECIFICADA",F,,,1
C55,"TUMOR MALIGNO DEL ÚTERO, PARTE NO ESPECIFICADA",F,,,1
C56,TUMOR MALIGNO DEL OVARIO,F,,,1
C570,TUMOR MALIGNO DE LA TROMPA DE FALOPIO,F,,,1
C571,TUMOR MALIGNO DEL LIGAMENTO ANCHO,F,,,1
C572,TUMOR MALIGNO DEL LIGAMENTO REDONDO,F,,,1
C573,TUMOR MALIGNO DEL PARAMETRIO,F,,,1
C574,"TUMOR MALIGNO DE LOS ANEXOS UTERINOS, SIN OTRA ESPECIFICACIÓN",F,,,1
C577,TUMOR MALIGNO DE OTRAS PARTES ESPECIFICADAS DE LOS ÓRGANOS GENITALES FEMENINOS,F,,,1
C578,LESIÓN DE SITIOS CONTIGUOS DE LOS ÓRGANOS GENITALES FEMENINOS,F,,,1
C579,"TUMOR MALIGNO DE ÓRGANO GENITAL FEMENINO, PARTE NO ESPECIFICADA",F,,,1
C58,TUMOR MALIGNO DE LA PLACENTA,F,3650,43800,1
C600,TUMOR MALIGNO DEL PREPUCIO,M,,,1
C601,TUMOR MALIGNO DEL GLANDE,M,,,1
C602,TUMOR MALIGNO DEL CUERPO DEL PENE,M,,,1
C608,LESIÓN DE SITIOS CONTIGUOS DEL PENE,M,,,1
C609,"TUMOR MALIGNO DEL PENE, PARTE NO ESPECIFICADA",M,,,1
C61,TUMOR MALIGNO DE LA PRÓSTATA,M,3650,43800,1
C620,TUMOR MALIGNO DEL TESTÍCULO NO DESCENDIDO,M,,,1
C621,TUMOR MALIGNO DEL TESTÍCULO DESCENDIDO,M,,,1
C629,"TUMOR MALIGNO DEL TESTÍCULO, NO ESPECIFICADO",M,,,1
C630,TUMOR MALIGNO DEL EPIDÍDIMO,M,,,1
C631,TUMOR MALIGNO DEL CORDÓN ESPERMÁTICO,M,,,1
C632,TUMOR MALIGNO DEL ESCROTO,M,,,1
C637,TUMOR MALIGNO DE OTRAS PARTES ESPECIFICADAS DE LOS ÓRGANOS GENITALES MASCULINOS,M,,,1
C638,LESIÓN DE SITIOS CONTIGUOS DE LOS ÓRGANOS GENITALES MASCULINOS,M,,,1
C639,"TUMOR MALIGNO DE ÓRGANO GENITAL MASCULINO, PARTE NO ESPECIFICADA",M,,,1
C64,"TUMOR MALIGNO DEL RIÑÓN, EXCEPTO DE LA PELVIS RENAL",,,,1
C65,TUMOR MALIGNO DE LA PELVIS RENAL,,,,1
C66,TUMOR MALIGNO DEL URÉTER,,,,1
C670,TUMOR MALIGNO DEL TRÍGONO VESICAL,,,,1
C671,TUMOR MALIGNO DE LA CÚPULA VESICAL,,,,1
C672,TUMOR MALIGNO DE LA PARED LATERAL DE LA VEJIGA,,,,1
C673,TUMOR MALIGNO DE LA PARED ANTERIOR DE LA VEJIGA,,,,1
C674,TUMOR MALIGNO DE LA PARED POSTERIOR DE LA VEJIGA,,,,1
C675,TUMOR MALIGNO DEL CUELLO DE LA VEJIGA,,,,1
C676,TUMOR MALIGNO DEL ORIFICIO URETERAL,,,,1
C677,TUMOR MALIGNO DEL URACO,,,,1
C678,LESIÓN DE SITIOS CONTIGUOS DE LA VEJIGA,,,,1
C679,"TUMOR MALIGNO DE LA VEJIGA URINARIA, PARTE NO ESPECIFICADA",,,,1
C680,TUMOR MALIGNO DE LA URETRA,,,,1
C681,TUMOR MALIGNO DE LAS GLÁNDULAS PARAURETRALES,,,,1
C688,LESIÓN DE SITIOS CONTIGUOS DE LOS ÓRGANOS URINARIOS,,,,1
C689,TUMOR MALIGNO DE ÓRGANO URINARIO NO ESPECIFICADO,,,,1
C690,TUMOR MALIGNO DE LA CONJUNTIVA,,,,1
C691,TUMOR MALIGNO DE LA CÓRNEA,,,,1
C692,TUMOR MALIGNO DE LA RETINA,,,,1
C693,TUMOR MALIGNO DE LA COROIDES,,,,1
C694,TUMOR MALIGNO DEL CUERPO CILIAR,,,,1
C695,TUMOR MALIGNO DE LA GLÁNDULA Y CONDUCTO LAGRIMALES,,,,1
C696,TUMOR MALIGNO DE LA ÓRBITA,,,,1
C698,LESIÓN DE SITIOS CONTIGUOS DEL OJO Y SUS ANEXOS,,,,1
C699,"TUMOR MALIGNO DEL OJO, PARTE NO ESPECIFICADA",,,,1
C700,TUMOR MALIGNO DE LAS MENINGES CEREBRALES,,,,1
C701,TUMOR MALIGNO DE LAS MENINGES RAQUÍDEAS,,,,1
C709,"TUMOR MALIGNO DE LAS MENINGES, PARTE NO ESPECIFICADA",,,,1
C710,"TUMOR MALIGNO DEL CEREBRO, EXCEPTO LÓBULOS Y VENTRÍCULOS",,,,1
C711,TUMOR MALIGNO DEL LÓBULO FRONTAL,,,,1
C712,TUMOR MALIGNO DEL LÓBULO TEMPORAL,,,,1
C713,TUMOR MALIGNO DEL LÓBULO PARIETAL,,,,1
C714,TUMOR MALIGNO DEL LÓBULO OCCIPITAL,,,,1
C715,TUMOR MALIGNO DEL VENTRÍCULO CEREBRAL,,,,1
C716,TUMOR MALIGNO DEL CEREBELO,,,,1
C717,TUMOR MALIGNO DEL PEDÚNCULO CEREBRAL,,,,1
C718,LESIÓN DE SITIOS CONTIGUOS DEL ENCÉFALO,,,,1
C719,"TUMOR MALIGNO DEL ENCÉFALO, PARTE NO ESPECIFICADA",,,,1
C720,TUMOR MALIGNO DE LA MÉDULA ESPINAL,,,,1
C721,TUMOR MALIGNO DE LA COLA DE CABALLO,,,,1
C722,TUMOR MALIGNO DEL NERVIO OLFATORIO,,,,1
C723,TUMOR MALIGNO DEL NERVIO ÓPTICO,,,,1
C724,TUMOR MALIGNO DEL NERVIO ACÚSTICO,,,,1
C725,TUMOR MALIGNO DE OTROS NERVIOS CRANEALES Y LOS NO ESPECIFICADOS,,,,1
C728,LESIÓN DE SITIOS CONTIGUOS DEL ENCÉFALO Y OTRAS PARTES DEL SISTEMA NERVIOSO CENTRAL,,,,1
C729,"TUMOR MALIGNO DEL SISTEMA NERVIOSO CENTRAL, SIN OTRA ESPECIFICACIÓN",,,,1
C73,TUMOR MALIGNO DE LA GLÁNDULA TIROIDES,,,,1
C740,TUMOR MALIGNO DE LA CORTEZA DE LA GLÁNDULA SUPRARRENAL,,,,1
C741,TUMOR MALIGNO DE LA MÉDULA DE LA GLÁNDULA SUPRARRENAL,,,,1
C749,"TUMOR MALIGNO DE LA GLÁNDULA SUPRARRENAL, PARTE NO ESPECIFICADA",,,,1
C750,TUMOR MALIGNO DE LA GLÁNDULA PARATIROIDES,,,,1
C751,TUMOR MALIGNO DE LA HIPÓFISIS,,,,1
C752,TUMOR MALIGNO DEL CONDUCTO CRANEOFARÍNGEO,,,,1
C753,TUMOR MALIGNO DE LA GLÁNDULA PINEAL,,,,1
C754,TUMOR MALIGNO DEL CUERPO CAROTÍDEO,,,,1
C755,TUMOR MALIGNO DEL CUERPO AÓRTICO Y OTROS CUERPOS CROMAFINES,,,,1
C758,"TUMOR MALIGNO PLURIGLANDULAR, NO ESPECIFICADO",,,,1
C759,TUMOR MALIGNO DE GLÁNDULA ENDOCRINA NO ESPECIFICADA,,,,1
C760,"TUMOR MALIGNO DE LA CABEZA, CARA Y CUELLO",,,,1
C761,TUMOR MALIGNO DEL TÓRAX,,,,1
C762,TUMOR MALIGNO DEL ABDOMEN,,,,1
C763,TUMOR MALIGNO DE LA PELVIS,,,,1
C764,TUMOR MALIGNO DEL MIEMBRO SUPERIOR,,,,1
C765,TUMOR MALIGNO DEL MIEMBRO INFERIOR,,,,1
C767,TUMOR MALIGNO DE OTROS SITIOS MAL DEFINIDOS,,,,1
C768,LESIÓN DE SITIOS CONTIGUOS MAL DEFINIDOS,,,,1
C770,"TUMOR MALIGNO DE LOS GANGLIOS LINFÁTICOS DE LA CABEZA, CARA Y CUELLO",,,,1
C771,TUMOR MALIGNO DE LOS GANGLIOS LINFÁTICOS INTRATORÁCICOS,,,,1
C772,TUMOR MALIGNO DE LOS GANGLIOS LINFÁTICOS INTRAABDOMINALES,,,,1
C773,TUMOR MALIGNO DE LOS GANGLIOS LINFÁTICOS DE LA AXILA Y DEL MIEMBRO SUPERIOR,,,,1
C774,TUMOR MALIGNO DE LOS GANGLIOS LINFÁTICOS DE LA REGIÓN INGUINAL Y DEL MIEMBRO INFERIOR,,,,1
C775,TUMOR MALIGNO DE LOS GANGLIOS LINFÁTICOS DE LA PELVIS,,,,1
C778,TUMOR MALIGNO DE LOS GANGLIOS LINFÁTICOS DE REGIONES MÚLTIPLES,,,,1
C779,"TUMOR MALIGNO DEL GANGLIO LINFÁTICO, SITIO NO ESPECIFICADO",,,,1
C780,TUMOR MALIGNO SECUNDARIO DEL PULMÓN,,,,1
C781,TUMOR MALIGNO SECUNDARIO DEL MEDIASTINO,,,,1
C782,TUMOR MALIGNO SECUNDARIO DE LA PLEURA,,,,1
C783,TUMOR MALIGNO SECUNDARIO DE OTROS ÓRGANOS RESPIRATORIOS Y DE LOS NO ESPECIFICADOS,,,,1
C784,TUMOR MALIGNO SECUNDARIO DEL INTESTINO DELGADO,,,,1
C785,TUMOR MALIGNO SECUNDARIO DEL INTESTINO GRUESO Y DEL RECTO,,,,1
C786,TUMOR MALIGNO SECUNDARIO DEL PERITONEO Y DEL RETROPERITONEO,,,,1
C787,TUMOR MALIGNO SECUNDARIO DEL HÍGADO Y DE LOS CONDUCTOS BILIARES INTRAHEPÁTICOS,,,,1
C788,TUMOR MALIGNO SECUNDARIO DE OTROS ÓRGANOS DIGESTIVOS Y DE LOS NO ESPECIFICADOS,,,,1
C790,TUMOR MALIGNO SECUNDARIO DEL RIÑÓN Y DE LA PELVIS RENAL,,,,1
C791,"TUMOR MALIGNO SECUNDARIO DE LA VEJIGA, Y DE OTROS ÓRGANOS Y LOS NO ESPECIFICADOS DE LAS VÍAS URINARIAS",,,,1
C792,TUMOR MALIGNO SECUNDARIO DE LA PIEL,,,,1
C793,TUMOR MALIGNO SECUNDARIO DEL ENCÉFALO Y DE LAS MENINGES CEREBRALES,,,,1
C794,TUMOR MALIGNO SECUNDARIO DE OTRAS PARTES DEL SISTEMA NERVIOSO Y DE LAS NO ESPECIFICADAS,,,,1
C795,TUMOR MALIGNO SECUNDARIO DE LOS HUESOS Y DE LA MÉDULA ÓSEA,,,,1
C796,TUMOR MALIGNO SECUNDARIO DEL OVARIO,F,,,1
C797,TUMOR MALIGNO SECUNDARIO DE LA GLÁNDULA SUPRARRENAL,,,,1
C798,TUMOR MALIGNO SECUNDARIO DE OTROS SITIOS ESPECIFICADOS,,,,1
C799,"TUMOR MALIGNO SECUNDARIO, SITIO NO ESPECIFICADO",,,,1
C800,"TUMOR MALIGNO, DE SITIO PRIMARIO DESCONOCIDO, ASÍ DESCRITO",,,,1
C809,"TUMOR MALIGNO, SITIO PRIMARIO NO ESPECIFICADO",,,,1
C810,LINFOMA DE HODGKIN CON PREDOMINIO LINFOCÍTICO NODULAR,,,,1
C811,LINFOMA DE HODGKIN CLÁSICO CON ESCLEROSIS NODULAR,,,,1
C812,LINFOMA DE HODGKIN CLÁSICO CON CELULARIDAD MIXTA,,,,1
C813,LINFOMA DE HODGKIN CLÁSICO CON DEPLECIÓN LINFOCÍTICA,,,,1
C814,LINFOMA DE HODGKIN CLÁSICO RICO EN LINFOCITOS,,,,1
C817,OTROS LINFOMAS DE HODGKIN CLÁSICOS,,,,1
C819,"LINFOMA DE HODGKIN, NO ESPECIFICADO",,,,1
C820,LINFOMA FOLICULAR GRADO I,,,,1
C821,LINFOMA FOLICULAR GRADO II,,,,1
C822,LINFOMA FOLICULAR GRADO III NO ESPECIFICADO,,,,1
C823,LINFOMA FOLICULAR GRADO IIIA,,,,1
C824,LINFOMA FOLICULAR GRADO IIIB,,,,1
C825,LINFOMA CENTRO FOLICULAR DIFUSO,,,,1
C826,LINFOMA CENTRO FOLICULAR CUTÁNEO,,,,1
C827,OTROS TIPOS ESPECIFICADOS DE LINFOMA FOLICULAR,,,,1
C829,"LINFOMA FOLICULAR, SIN OTRA ESPECIFICACIÓN",,,,1
C830,LINFOMA DE CÉLULAS B PEQUEÑAS,,,,1
C831,LINFOMA DE CÉLULAS DEL MANTO,,,,1
C833,LINFOMA DE CÉLULAS GRANDES B DIFUSO,,,,1
C835,LINFOMA LINFOBLÁSTICO (DIFUSO),,,,1
C837,LINFOMA DE BURKITT,,,,1
C838,OTROS TIPOS ESPECIFICADOS DE LINFOMA NO FOLICULAR,,,,1
C839,"LINFOMA NO FOLICULAR (DIFUSO), SIN OTRA ESPECIFICACIÓN",,,,1
C840,MICOSIS FUNGOIDE,,,,1
C841,ENFERMEDAD DE SÉZARY,,,,1
C844,"LINFOMA PERIFÉRICO DE CÉLULAS T, NO CLASIFICADO EN OTRA PARTE",,,,1
C845,OTROS LINFOMAS DE CÉLULAS T/NK MADURAS,,,,1
C846,LINFOMA ANAPLÁSICO DE CÉLULAS GRANDES ALK-POSITIVO,,,,1
C847,LINFOMA ANAPLÁSICO DE CÉLULAS GRANDES ALK-NEGATIVO,,,,1
C848,"LINFOMA CUTÁNEO DE CÉLULAS T, NO ESPECIFICADO",,,,1
C849,"LINFOMA DE CÉLULAS T/NK MADURAS, NO ESPECIFICADO",,,,1
C851,"LINFOMA DE CÉLULAS B, SIN OTRA ESPECIFICACIÓN",,,,1
C852,LINFOMA MEDIASTINAL DE CÉLULAS B GRANDES (DEL TIMO),,,,1
C857,OTROS TIPOS ESPECIFICADOS DE LINFOMA NO HODGKIN,,,,1
C859,"LINFOMA NO HODGKIN, NO ESPECIFICADO",,,,1
C860,"LINFOMA EXTRANODAL DE CÉLULAS T/NK, TIPO NASAL",,,,1
C861,LINFOMA HEPATOESPLÉNICO DE CÉLULAS T,,,,1
C862,LINFOMA DE CÉLULAS T TIPO ENTEROPATÍA (INTESTINAL),,,,1
C863,LINFOMA DE CÉLULAS T TIPO PANICULITIS SUBCUTÁNEA,,,,1
C864,LINFOMA BLÁSTICO DE CÉLULAS NK,,,,1
C865,LINFOMA ANGIOINMUNOBLÁSTICO DE CÉLULAS T,,,,1
C866,TRASTORNOS LINFOPROLIFERATIVOS PRIMARIO CUTÁNEOS DE CÉLULAS T CD30-POSITIVO,,,,1
C880,MACROGLOBULINEMIA DE WALDENSTRÖM,,,,1
C882,OTRAS ENFERMEDADES DE CADENA PESADA,,,,1
C883,ENFERMEDAD INMUNOPROLIFERATIVA DEL INTESTINO DELGADO,,,,1
C884,LINFOMA DE CÉLULAS B EXTRANODAL DE ZONA MARGINAL DE TEJIDO LINFOIDE ASOCIADO A MUCOSAS [LINFOMA TLAM],,,,1
C887,OTRAS ENFERMEDADES INMUNOPROLIFERATIVAS MALIGNAS,,,,1
C889,"ENFERMEDAD INMUNOPROLIFERATIVA MALIGNA, SIN OTRA ESPECIFICACIÓN",,,,1
C900,MIELOMA MÚLTIPLE,,,,1
C901,LEUCEMIA DE CÉLULAS PLASMÁTICAS,,,,1
C902,PLASMOCITOMA EXTRAMEDULAR,,,,1
C903,PLASMOCITOMA SOLITARIO,,,,1
C910,LEUCEMIA LINFOBLÁSTICA AGUDA [LLA],,,,1
C911,LEUCEMIA LINFOCÍTICA CRÓNICA DE CÉLULA TIPO B,,,,1
C913,LEUCEMIA PROLINFOCÍTICA DE CÉLULA TIPO B,,,,1
C914,LEUCEMIA DE CÉLULAS VELLOSAS,,,,1
C915,LEUCEMIA/LINFOMA DE CÉLULAS T ADULTAS [HTLV-1-ASOCIADO],,,,1
C916,LEUCEMIA PROLINFOCÍTICA DE CÉLULAS TIPO T,,,,1
C917,OTRAS LEUCEMIAS LINFOIDES,,,,1
C918,LEUCEMIA TIPO BURKITT DE CÉLULAS B MADURAS,,,,1
C919,"LEUCEMIA LINFOIDE, SIN OTRA ESPECIFICACIÓN",,,,1
C920,LEUCEMIA MIELOBLÁSTICA AGUDA [LMA],,,,1
C921,"LEUCEMIA MIELOIDE CRÓNICA [LMC], BCR/ABL-POSITIVO",,,,1
C922,"LEUCEMIA MIELOIDE CRÓNICA ATÍPICA, BCR/ABL-NEGATIVO",,,,1
C923,SARCOMA MIELOIDE,,,,1
C924,LEUCEMIA PROMIELOCÍTICA AGUDA [LPA],,,,1
C925,LEUCEMIA MIELOMONOCÍTICA AGUDA,,,,1
C926,LEUCEMIA MIELOIDE AGUDA CON ANORMALIDAD 11Q23,,,,1
C927,OTRAS LEUCEMIAS MIELOIDES,,,,1
C928,LEUCEMIA MIELOIDE AGUDA CON DISPLASIA MULTILINAJE,,,,1
C929,"LEUCEMIA MIELOIDE, SIN OTRA ESPECIFICACIÓN",,,,1
C930,LEUCEMIA MONOCÍTICA/MONOBLÁSTICA AGUDA,,,,1
C931,LEUCEMIA MIELOMONOCÍTICA CRÓNICA,,,,1
C933,LEUCEMIA MIELOMONOCÍTICA JUVENIL,,,,1
C937,OTRAS LEUCEMIAS MONOCÍTICAS,,,,1
C939,"LEUCEMIA MONOCÍTICA, SIN OTRA ESPECIFICACIÓN",,,,1
C940,LEUCEMIA ERITROIDE AGUDA,,,,1
C942,LEUCEMIA MEGACARIOBLÁSTICA AGUDA,,,,1
C943,LEUCEMIA DE MASTOCITOS,,,,1
C944,PANMIELOSIS AGUDA CON MIELOFIBROSIS,,,,1
C946,"ENFERMEDAD MIELODISPLÁSICA Y MIELOPROLIFERATIVA, NO CLASIFICADA EN OTRA PARTE",,,,1
C947,OTRAS LEUCEMIAS ESPECIFICADAS,,,,1
C950,"LEUCEMIA AGUDA, CÉLULAS DE TIPO NO ESPECIFICADO",,,,1
C951,"LEUCEMIA CRÓNICA, CÉLULAS DE TIPO NO ESPECIFICADO",,,,1
C957,OTRAS LEUCEMIAS DE CÉLULAS DE TIPO NO ESPECIFICADO,,,,1
C959,"LEUCEMIA, NO ESPECIFICADA",,,,1
C960,HISTIOCITOSIS DE CÉLULAS DE LANGERHANS MULTIFOCAL Y MULTISISTÉMICA (DISEMINADA) [ENFERMEDAD DE LETTERER-SIWE],,,,1
C962,TUMOR MALIGNO DE MASTOCITOS,,,,1
C964,SARCOMA DE CÉLULAS DENDRÍTICAS (CÉLULAS ACCESORIAS),,,,1
C965,HISTIOCITOSIS DE CÉLULAS DE LANGERHANS MULTIFOCAL Y UNISISTÉMICA,,,,1
C966,HISTIOCITOSIS DE CÉLULAS DE LANGERHANS UNIFOCAL,,,,1
C967,"OTROS TUMORES MALIGNOS ESPECIFICADOS DEL TEJIDO LINFÁTICO, HEMATOPOYÉTICO Y TEJIDOS AFINES",,,,1
C968,SARCOMA HISTIOCÍTICO,,,,1
C969,"TUMOR MALIGNO DEL TEJIDO LINFÁTICO, HEMATOPOYÉTICO Y TEJIDOS AFINES, SIN OTRA ESPECIFICACIÓN",,,,1
C97,TUMORES MALIGNOS (PRIMARIOS) DE SITIOS MÚLTIPLES INDEPENDIENTES,,,,1
D000,"CARCINOMA IN SITU DEL LABIO, DE LA CAVIDAD BUCAL Y DE LA FARINGE",,,,1
D001,CARCINOMA IN SITU DEL ESÓFAGO,,,,1
D002,CARCINOMA IN SITU DEL ESTÓMAGO,,,,1
D010,CARCINOMA IN SITU DEL COLON,,,,1
D011,CARCINOMA IN SITU DE LA UNIÓN RECTOSIGMOIDEA,,,,1
D012,CARCINOMA IN SITU DEL RECTO,,,,1
D013,CARCINOMA IN SITU DEL ANO Y DEL CONDUCTO ANAL,,,,1
D014,CARCINOMA IN SITU DE OTRAS PARTES Y DE LAS NO ESPECIFICADAS DEL INTESTINO,,,,1
D015,"CARCINOMA IN SITU DEL HÍGADO, DE LA VESÍCULA BILIAR Y DEL CONDUCTO BILIAR",,,,1
D017,CARCINOMA IN SITU DE OTRAS PARTES ESPECIFICADAS DE ÓRGANOS DIGESTIVOS,,,,1
D019,CARCINOMA IN SITU DE ÓRGANOS DIGESTIVOS NO ESPECIFICADOS,,,,1
D020,CARCINOMA IN SITU DE LA LARINGE,,,,1
D021,CARCINOMA IN SITU DE LA TRÁQUEA,,,,1
D022,CARCINOMA IN SITU DEL BRONQUIO Y DEL PULMÓN,,,,1
D023,CARCINOMA IN SITU DE OTRAS PARTES DEL SISTEMA RESPIRATORIO,,,,1
D024,CARCINOMA IN SITU DE ÓRGANOS RESPIRATORIOS NO ESPECIFICADOS,,,,1
D030,MELANOMA IN SITU DEL LABIO,,,,1
D031,MELANOMA IN SITU DEL PÁRPADO Y DE LA COMISURA PALPEBRAL,,,,1
D032,MELANOMA IN SITU DE LA OREJA Y DEL CONDUCTO AUDITIVO EXTERNO,,,,1
D033,MELANOMA IN SITU DE OTRAS PARTES Y DE LAS NO ESPECIFICADAS DE LA CARA,,,,1
D034,MELANOMA IN SITU DEL CUERO CABELLUDO Y DEL CUELLO,,,,1
D035,MELANOMA IN SITU DEL TRONCO,,,,1
D036,"MELANOMA IN SITU DEL MIEMBRO SUPERIOR, INCLUIDO EL HOMBRO",,,,1
D037,"MELANOMA IN SITU DEL MIEMBRO INFERIOR, INCLUIDA LA CADERA",,,,1
D038,MELANOMA IN SITU DE OTROS SITIOS,,,,1
D039,"MELANOMA IN SITU, SITIO NO ESPECIFICADO",,,,1
D040,CARCINOMA IN SITU DE LA PIEL DEL LABIO,,,,1
D041,CARCINOMA IN SITU DE LA PIEL DEL PÁRPADO Y DE LA COMISURA PALPEBRAL,,,,1
D042,CARCINOMA IN SITU DE LA PIEL DE LA OREJA Y DEL CONDUCTO AUDITIVO EXTERNO,,,,1
D043,CARCINOMA IN SITU DE LA PIEL DE OTRAS PARTES Y DE LAS NO ESPECIFICADAS DE LA CARA,,,,1
D044,CARCINOMA IN SITU DE LA PIEL DEL CUERO CABELLUDO Y CUELLO,,,,1
D045,CARCINOMA IN SITU DE LA PIEL DEL TRONCO,,,,1
D046,"CARCINOMA IN SITU DE LA PIEL DEL MIEMBRO SUPERIOR, INCLUIDO EL HOMBRO",,,,1
D047,"CARCINOMA IN SITU DE LA PIEL DEL MIEMBRO INFERIOR, INCLUIDA LA CADERA",,,,1
D048,CARCINOMA IN SITU DE LA PIEL DE OTROS SITIOS ESPECIFICADOS,,,,1
D049,"CARCINOMA IN SITU DE LA PIEL, SITIO NO ESPECIFICADO",,,,1
D050,CARCINOMA IN SITU LOBULAR,,,,1
D051,CARCINOMA IN SITU INTRACANALICULAR,,,,1
D057,OTROS CARCINOMAS IN SITU DE LA MAMA,,,,1
D059,"CARCINOMA IN SITU DE LA MAMA, PARTE NO ESPECIFICADA",,,,1
D060,CARCINOMA IN SITU DEL ENDOCÉRVIX,F,,,1
D061,CARCINOMA IN SITU DEL EXOCÉRVIX,F,,,1
D067,CARCINOMA IN SITU DE OTRAS PARTES ESPECIFICADAS DEL CUELLO DEL ÚTERO,F,,,1
D069,"CARCINOMA IN SITU DEL CUELLO DEL ÚTERO, PARTE NO ESPECIFICADA",F,,,1
D070,CARCINOMA IN SITU DEL ENDOMETRIO,F,,,1
D071,CARCINOMA IN SITU DE LA VULVA,F,,,1
D072,CARCINOMA IN SITU DE LA VAGINA,F,,,1
D073,CARCINOMA IN SITU DE OTROS SITIOS DE ÓRGANOS GENITALES FEMENINOS Y DE LOS NO ESPECIFICADOS,F,,,1
D074,CARCINOMA IN SITU DEL PENE,M,,,1
D075,CARCINOMA IN SITU DE LA PRÓSTATA,M,,,1
D076,CARCINOMA IN SITU DE OTROS ÓRGANOS GENITALES MASCULINOS Y DE LOS NO ESPECIFICADOS,M,,,1
D090,CARCINOMA IN SITU DE LA VEJIGA,,,,1
D091,CARCINOMA IN SITU DE OTROS ÓRGANOS URINARIOS Y DE LOS NO ESPECIFICADOS,,,,1
D092,CARCINOMA IN SITU DEL OJO,,,,1
D093,CARCINOMA IN SITU DE LA GLÁNDULA TIROIDES Y DE OTRAS GLÁNDULAS ENDOCRINAS,,,,1
D097,CARCINOMA IN SITU DE OTROS SITIOS ESPECIFICADOS,,,,1
D099,"CARCINOMA IN SITU, SITIO NO ESPECIFICADO",,,,1
D100,TUMOR BENIGNO DEL LABIO,,,,1
D101,TUMOR BENIGNO DE LA LENGUA,,,,1
D102,TUMOR BENIGNO DEL PISO DE LA BOCA,,,,1
D103,TUMOR BENIGNO DE OTRAS PARTES Y DE LAS NO ESPECIFICADAS DE LA BOCA,,,,1
D104,TUMOR BENIGNO DE LA AMÍGDALA,,,,1
D105,TUMOR BENIGNO DE OTRAS PARTES DE LA OROFARINGE,,,,1
D106,TUMOR BENIGNO DE LA NASOFARINGE,,,,1
D107,TUMOR BENIGNO DE LA HIPOFARINGE,,,,1
D109,"TUMOR BENIGNO DE LA FARINGE, PARTE NO ESPECIFICADA",,,,1
D110,TUMOR BENIGNO DE LA GLÁNDULA PARÓTIDA,,,,1
D117,TUMOR BENIGNO DE OTRAS GLÁNDULAS SALIVALES MAYORES ESPECIFICADAS,,,,1
D119,"TUMOR BENIGNO DE LA GLÁNDULA SALIVAL MAYOR, SIN OTRA ESPECIFICACIÓN",,,,1
D120,TUMOR BENIGNO DEL CIEGO,,,,1
D121,TUMOR BENIGNO DEL APÉNDICE,,,,1
D122,TUMOR BENIGNO DEL COLON ASCENDENTE,,,,1
D123,TUMOR BENIGNO DEL COLON TRANSVERSO,,,,1
D124,TUMOR BENIGNO DEL COLON DESCENDENTE,,,,1
D125,TUMOR BENIGNO DEL COLON SIGMOIDE,,,,1
D126,"TUMOR BENIGNO DEL COLON, PARTE NO ESPECIFICADA",,,,1
D127,TUMOR BENIGNO DE LA UNIÓN RECTOSIGMOIDEA,,,,1
D128,TUMOR BENIGNO DEL RECTO,,,,1
D129,TUMOR BENIGNO DEL CONDUCTO ANAL Y DEL ANO,,,,1
D130,TUMOR BENIGNO DEL ESÓFAGO,,,,1
D131,TUMOR BENIGNO DEL ESTÓMAGO,,,,1
D132,TUMOR BENIGNO DEL DUODENO,,,,1
D133,TUMOR BENIGNO DE OTRAS PARTES Y DE LAS NO ESPECIFICADAS DEL INTESTINO DELGADO,,,,1
D134,TUMOR BENIGNO DEL HÍGADO,,,,1
D135,TUMOR BENIGNO DE LAS VÍAS BILIARES EXTRAHEPÁTICAS,,,,1
D136,TUMOR BENIGNO DEL PÁNCREAS,,,,1
D137,TUMOR BENIGNO DEL PÁNCREAS ENDOCRINO,,,,1
D139,TUMOR BENIGNO DE SITIOS MAL DEFINIDOS DEL SISTEMA DIGESTIVO,,,,1
D140,"TUMOR BENIGNO DEL OÍDO MEDIO, DE LA CAVIDAD NASAL Y DE LOS SENOS PARANASALES",,,,1
D141,TUMOR BENIGNO DE LA LARINGE,,,,1
D142,TUMOR BENIGNO DE LA TRÁQUEA,,,,1
D143,TUMOR BENIGNO DE LOS BRONQUIOS Y DEL PULMÓN,,,,1
D144,"TUMOR BENIGNO DEL SISTEMA RESPIRATORIO, SITIO NO ESPECIFICADO",,,,1
D150,TUMOR BENIGNO DEL TIMO,,,,1
D151,TUMOR BENIGNO DEL CORAZÓN,,,,1
D152,TUMOR BENIGNO DEL MEDIASTINO,,,,1
D157,TUMOR BENIGNO DE OTROS ÓRGANOS INTRATORÁCICOS ESPECIFICADOS,,,,1
D159,TUMOR BENIGNO DE ÓRGANO INTRATORÁCICO NO ESPECIFICADO,,,,1
D160,TUMOR BENIGNO DEL OMÓPLATO Y HUESOS LARGOS DEL MIEMBRO SUPERIOR,,,,1
D161,TUMOR BENIGNO DE LOS HUESOS CORTOS DEL MIEMBRO SUPERIOR,,,,1
D162,TUMOR BENIGNO DE LOS HUESOS LARGOS DEL MIEMBRO INFERIOR,,,,1
D163,TUMOR BENIGNO DE LOS HUESOS CORTOS DEL MIEMBRO INFERIOR,,,,1
D164,TUMOR BENIGNO DE LOS HUESOS DEL CRÁNEO Y DE LA CARA,,,,1
D165,TUMOR BENIGNO DEL MAXILAR INFERIOR,,,,1
D166,TUMOR BENIGNO DE LA COLUMNA VERTEBRAL,,,,1
D167,"TUMOR BENIGNO DE LAS COSTILLAS, ESTERNÓN Y CLAVÍCULA",,,,1
D168,"TUMOR BENIGNO DE LOS HUESOS PÉLVICOS, SACRO Y CÓCCIX",,,,1
D169,"TUMOR BENIGNO DEL HUESO Y DEL CARTÍLAGO ARTICULAR, SITIO NO ESPECIFICADO",,,,1
D170,"TUMOR BENIGNO LIPOMATOSO DE PIEL Y DE TEJIDO SUBCUTÁNEO DE CABEZA, CARA Y CUELLO",,,,1
D171,TUMOR BENIGNO LIPOMATOSO DE PIEL Y DE TEJIDO SUBCUTÁNEO DEL TRONCO,,,,1
D172,TUMOR BENIGNO LIPOMATOSO DE PIEL Y DE TEJIDO SUBCUTÁNEO DE MIEMBROS,,,,1
D173,TUMOR BENIGNO LIPOMATOSO DE PIEL Y DE TEJIDO SUBCUTÁNEO DE OTROS SITIOS Y DE LOS NO ESPECIFICADOS,,,,1
D174,TUMOR BENIGNO LIPOMATOSO DE LOS ÓRGANOS INTRATORÁCICOS,,,,1
D175,TUMOR BENIGNO LIPOMATOSO DE LOS ÓRGANOS INTRAABDOMINALES,,,,1
D176,TUMOR BENIGNO LIPOMATOSO DEL CORDÓN ESPERMÁTICO,M,,,1
D177,TUMOR BENIGNO LIPOMATOSO DE OTROS SITIOS ESPECIFICADOS,,,,1
D179,"TUMOR BENIGNO LIPOMATOSO, DE SITIO NO ESPECIFICADO",,,,1
D180,"HEMANGIOMA, DE CUALQUIER SITIO",,,,1
D181,"LINFANGIOMA, DE CUALQUIER SITIO",,,,1
D190,TUMOR BENIGNO DEL TEJIDO MESOTELIAL DE LA PLEURA,,,,1
D191,TUMOR BENIGNO DEL TEJIDO MESOTELIAL DEL PERITONEO,,,,1
D197,TUMOR BENIGNO DEL TEJIDO MESOTELIAL DE OTROS SITIOS ESPECIFICADOS,,,,1
D199,"TUMOR BENIGNO DEL TEJIDO MESOTELIAL, DE SITIO NO ESPECIFICADO",,,,1
D200,TUMOR BENIGNO DEL RETROPERITONEO,,,,1
D201,TUMOR BENIGNO DEL PERITONEO,,,,1
D210,"TUMOR BENIGNO DEL TEJIDO CONJUNTIVO Y DE OTROS TEJIDOS BLANDOS DE CABEZA, CARA Y CUELLO",,,,1
D211,"TUMOR BENIGNO DEL TEJIDO CONJUNTIVO Y DE OTROS TEJIDOS BLANDOS DEL MIEMBRO SUPERIOR, INCLUIDO EL HOMBRO",,,,1
D212,"TUMOR BENIGNO DEL TEJIDO CONJUNTIVO Y DE OTROS TEJIDOS BLANDOS DEL MIEMBRO INFERIOR, INCLUIDA LA CADERA",,,,1
D213,TUMOR BENIGNO DEL TEJIDO CONJUNTIVO Y DE OTROS TEJIDOS BLANDOS DEL TÓRAX,,,,1
D214,TUMOR BENIGNO DEL TEJIDO CONJUNTIVO Y OTROS TEJIDOS BLANDOS DEL ABDOMEN,,,,1
D215,TUMOR BENIGNO DEL TEJIDO CONJUNTIVO Y OTROS TEJIDOS BLANDOS DE LA PELVIS,,,,1
D216,"TUMOR BENIGNO DEL TEJIDO CONJUNTIVO Y OTROS TEJIDOS BLANDOS DEL TRONCO, SIN OTRA ESPECIFICACIÓN",,,,1
D219,"TUMOR BENIGNO DEL TEJIDO CONJUNTIVO Y OTROS TEJIDOS BLANDOS, DE SITIO NO ESPECIFICADO",,,,1
D220,NEVO MELANOCÍTICO DEL LABIO,,,,1
D221,"NEVO MELANOCÍTICO DEL PÁRPADO, INCLUIDA LA COMISURA PALPEBRAL",,,,1
D222,NEVO MELANOCÍTICO DE LA OREJA Y DEL CONDUCTO AUDITIVO EXTERNO,,,,1
D223,NEVO MELANOCÍTICO DE OTRAS PARTES Y DE LAS NO ESPECIFICADAS DE LA CARA,,,,1
D224,NEVO MELANOCÍTICO DEL CUERO CABELLUDO Y DEL CUELLO,,,,1
D225,NEVO MELANOCÍTICO DEL TRONCO,,,,1
D226,"NEVO MELANOCÍTICO DEL MIEMBRO SUPERIOR, INCLUIDO EL HOMBRO",,,,1
D227,"NEVO MELANOCÍTICO DEL MIEMBRO INFERIOR, INCLUIDA LA CADERA",,,,1
D229,"NEVO MELANOCÍTICO, SITIO NO ESPECIFICADO",,,,1
D230,TUMOR BENIGNO DE LA PIEL DEL LABIO,,,,1
D231,"TUMOR BENIGNO DE LA PIEL DEL PÁRPADO, INCLUIDA LA COMISURA PALPEBRAL",,,,1
D232,TUMOR BENIGNO DE LA PIEL DE LA OREJA Y DEL CONDUCTO AUDITIVO EXTERNO,,,,1
D233,TUMOR BENIGNO DE LA PIEL DE OTRAS PARTES Y DE LAS NO ESPECIFICADAS DE LA CARA,,,,1
D234,TUMOR BENIGNO DE LA PIEL DEL CUERO CABELLUDO Y DEL CUELLO,,,,1
D235,TUMOR BENIGNO DE LA PIEL DEL TRONCO,,,,1
D236,"TUMOR BENIGNO DE LA PIEL DEL MIEMBRO SUPERIOR, INCLUIDO EL HOMBRO",,,,1
D237,"TUMOR BENIGNO DE LA PIEL DEL MIEMBRO INFERIOR, INCLUIDA LA CADERA",,,,1
D239,"TUMOR BENIGNO DE LA PIEL, SITIO NO ESPECIFICADO",,,,1
D24,TUMOR BENIGNO DE LA MAMA,,,,1
D250,LEIOMIOMA SUBMUCOSO DEL ÚTERO,F,,,1
D251,LEIOMIOMA INTRAMURAL DEL ÚTERO,F,,,1
D252,LEIOMIOMA SUBSEROSO DEL ÚTERO,F,,,1
D259,"LEIOMIOMA DEL ÚTERO, SIN OTRA ESPECIFICACIÓN",F,,,1
D260,TUMOR BENIGNO DEL CUELLO DEL ÚTERO,F,,,1
D261,TUMOR BENIGNO DEL CUERPO DEL ÚTERO,F,,,1
D267,TUMOR BENIGNO DE OTRAS PARTES ESPECIFICADAS DEL ÚTERO,F,,,1
D269,"TUMOR BENIGNO DEL ÚTERO, PARTE NO ESPECIFICADA",F,,,1
D27,TUMOR BENIGNO DEL OVARIO,F,,,1
D280,TUMOR BENIGNO DE LA VULVA,F,,,1
D281,TUMOR BENIGNO DE LA VAGINA,F,,,1
D282,TUMOR BENIGNO DE LA TROMPA DE FALOPIO Y DE LOS LIGAMENTOS UTERINOS,F,,,1
D287,TUMOR BENIGNO DE OTROS SITIOS ESPECIFICADOS DE LOS ÓRGANOS GENITALES FEMENINOS,F,,,1
D289,"TUMOR BENIGNO DE ÓRGANO GENITAL FEMENINO, SITIO NO ESPECIFICADO",F,,,1
D290,TUMOR BENIGNO DEL PENE,M,,,1
D291,TUMOR BENIGNO DE LA PRÓSTATA,M,,,1
D292,TUMOR BENIGNO DE LOS TESTÍCULOS,M,,,1
D293,TUMOR BENIGNO DEL EPIDÍDIMO,M,,,1
D294,TUMOR BENIGNO DEL ESCROTO,M,,,1
D297,TUMOR BENIGNO DE OTROS ÓRGANOS GENITALES MASCULINOS,M,,,1
D299,"TUMOR BENIGNO DE ÓRGANO GENITAL MASCULINO, SITIO NO ESPECIFICADO",M,,,1
D300,TUMOR BENIGNO DEL RIÑÓN,,,,1
D301,TUMOR BENIGNO DE LA PELVIS RENAL,,,,1
D302,TUMOR BENIGNO DEL URÉTER,,,,1
D303,TUMOR BENIGNO DE LA VEJIGA,,,,1
D304,TUMOR BENIGNO DE LA URETRA,,,,1
D307,TUMOR BENIGNO DE OTROS ÓRGANOS URINARIOS,,,,1
D309,TUMOR BENIGNO DE ÓRGANO URINARIO NO ESPECIFICADO,,,,1
D310,TUMOR BENIGNO DE LA CONJUNTIVA,,,,1
D311,TUMOR BENIGNO DE LA CÓRNEA,,,,1
D312,TUMOR BENIGNO DE LA RETINA,,,,1
D313,TUMOR BENIGNO DE LA COROIDES,,,,1
D314,TUMOR BENIGNO DEL CUERPO CILIAR,,,,1
D315,TUMOR BENIGNO DE LAS GLÁNDULAS Y DE LOS CONDUCTOS LAGRIMALES,,,,1
D316,"TUMOR BENIGNO DE LA ÓRBITA, PARTE NO ESPECIFICADA",,,,1
D319,"TUMOR BENIGNO DEL OJO, PARTE NO ESPECIFICADA",,,,1
D320,TUMOR BENIGNO DE LAS MENINGES CEREBRALES,,,,1
D321,TUMOR BENIGNO DE LAS MENINGES RAQUÍDEAS,,,,1
D329,"TUMOR BENIGNO DE LAS MENINGES, PARTE NO ESPECIFICADA",,,,1
D330,"TUMOR BENIGNO DEL ENCÉFALO, SUPRATENTORIAL",,,,1
D331,"TUMOR BENIGNO DEL ENCÉFALO, INFRATENTORIAL",,,,1
D332,"TUMOR BENIGNO DEL ENCÉFALO, PARTE NO ESPECIFICADA",,,,1
D333,TUMOR BENIGNO DE LOS NERVIOS CRANEALES,,,,1
D334,TUMOR BENIGNO DE LA MÉDULA ESPINAL,,,,1
D337,TUMOR BENIGNO DE OTRAS PARTES ESPECIFICADAS DEL SISTEMA NERVIOSO CENTRAL,,,,1
D339,"TUMOR BENIGNO DEL SISTEMA NERVIOSO CENTRAL, SITIO NO ESPECIFICADO",,,,1
D34,TUMOR BENIGNO DE LA GLÁNDULA TIROIDES,,,,1
D350,TUMOR BENIGNO DE LA GLÁNDULA SUPRARRENAL,,,,1
D351,TUMOR BENIGNO DE LA GLÁNDULA PARATIROIDES,,,,1
D352,TUMOR BENIGNO DE LA HIPÓFISIS,,,,1
D353,TUMOR BENIGNO DEL CONDUCTO CRANEOFARINGEO,,,,1
D354,TUMOR BENIGNO DE LA GLÁNDULA PINEAL,,,,1
D355,TUMOR BENIGNO DEL CUERPO CAROTÍDEO,,,,1
D356,TUMOR BENIGNO DEL CUERPO AÓRTICO Y DE OTROS CUERPOS CROMAFINES,,,,1
D357,TUMOR BENIGNO DE OTRAS GLÁNDULAS ENDOCRINAS ESPECIFICADAS,,,,1
D358,TUMOR BENIGNO PLURIGLANDULAR,,,,1
D359,TUMOR BENIGNO DE GLÁNDULA ENDOCRINA NO ESPECIFICADA,,,,1
D360,TUMOR BENIGNO DE LOS GANGLIOS LINFÁTICOS,,,,1
D361,TUMOR BENIGNO DE LOS NERVIOS PERIFÉRICOS Y DEL SISTEMA NERVIOSO AUTÓNOMO,,,,1
D367,TUMOR BENIGNO DE OTROS SITIOS ESPECIFICADOS,,,,1
D369,TUMOR BENIGNO DE SITIO NO ESPECIFICADO,,,,1
D370,"TUMOR DE COMPORTAMIENTO INCIERTO O DESCONOCIDO DEL LABIO, DE LA CAVIDAD BUCAL Y DE LA FARINGE",,,,1
D371,TUMOR DE COMPORTAMIENTO INCIERTO O DESCONOCIDO DEL ESTÓMAGO,,,,1
D372,TUMOR DE COMPORTAMIENTO INCIERTO O DESCONOCIDO DEL INTESTINO DELGADO,,,,1
D373,TUMOR DE COMPORTAMIENTO INCIERTO O DESCONOCIDO DEL APÉNDICE,,,,1
D374,TUMOR DE COMPORTAMIENTO INCIERTO O DESCONOCIDO DEL COLON,,,,1
D375,TUMOR DE COMPORTAMIENTO INCIERTO O DESCONOCIDO DEL RECTO,,,,1
D376,"TUMOR DE COMPORTAMIENTO INCIERTO O DESCONOCIDO DEL HÍGADO, DE LA VESÍCULA BILIAR Y DEL CONDUCTO BILIAR",,,,1
D377,TUMOR DE COMPORTAMIENTO INCIERTO O DESCONOCIDO DE OTROS ÓRGANOS DIGESTIVOS ESPECIFICADOS,,,,1
D379,"TUMOR DE COMPORTAMIENTO INCIERTO O DESCONOCIDO DE ÓRGANOS DIGESTIVOS, SITIO NO ESPECIFICADO",,,,1
D380,TUMOR DE COMPORTAMIENTO INCIERTO O DESCONOCIDO DE LARINGE,,,,1
D381,"TUMOR DE COMPORTAMIENTO INCIERTO O DESCONOCIDO DE LA TRÁQUEA, DE LOS BRONQUIOS Y DEL PULMÓN",,,,1
D382,TUMOR DE COMPORTAMIENTO INCIERTO O DESCONOCIDO DE LA PLEURA,,,,1
D383,TUMOR DE COMPORTAMIENTO INCIERTO O DESCONOCIDO DEL MEDIASTINO,,,,1
D384,TUMOR DE COMPORTAMIENTO INCIERTO O DESCONOCIDO DEL TIMO,,,,1
D385,TUMOR DE COMPORTAMIENTO INCIERTO O DESCONOCIDO DE OTROS ÓRGANOS RESPIRATORIOS Y DEL OÍDO MEDIO,,,,1
D386,"TUMOR DE COMPORTAMIENTO INCIERTO O DESCONOCIDO DE ÓRGANOS RESPIRATORIOS, SITIO NO ESPECIFICADO",,,,1
D390,TUMOR DE COMPORTAMIENTO INCIERTO O DESCONOCIDO DEL ÚTERO,F,,,1
D391,TUMOR DE COMPORTAMIENTO INCIERTO O DESCONOCIDO DEL OVARIO,F,,,1
D392,TUMOR DE COMPORTAMIENTO INCIERTO O DESCONOCIDO DE LA PLACENTA,F,3650,19710,1
D397,TUMOR DE COMPORTAMIENTO INCIERTO O DESCONOCIDO DE OTROS ÓRGANOS GENITALES FEMENINOS,F,,,1
D399,TUMOR DE COMPORTAMIENTO INCIERTO O DESCONOCIDO DE ÓRGANO GENITAL FEMENINO NO ESPECIFICADO,F,,,1
D400,TUMOR DE COMPORTAMIENTO INCIERTO O DESCONOCIDO DE LA PRÓSTATA,M,3650,43800,1
D401,TUMOR DE COMPORTAMIENTO INCIERTO O DESCONOCIDO DEL TESTÍCULO,M,,,1
D407,TUMOR DE COMPORTAMIENTO INCIERTO O DESCONOCIDO DE OTROS ÓRGANOS GENITALES MASCULINOS,M,,,1
D409,TUMOR DE COMPORTAMIENTO INCIERTO O DESCONOCIDO DE ÓRGANO GENITAL MASCULINO NO ESPECIFICADO,M,,,1
D410,TUMOR DE COMPORTAMIENTO INCIERTO O DESCONOCIDO DEL RIÑÓN,,,,1
D411,TUMOR DE COMPORTAMIENTO INCIERTO O DESCONOCIDO DE LA PELVIS RENAL,,,,1
D412,TUMOR DE COMPORTAMIENTO INCIERTO O DESCONOCIDO DEL URÉTER,,,,1
D413,TUMOR DE COMPORTAMIENTO INCIERTO O DESCONOCIDO DE LA URETRA,,,,1
D414,TUMOR DE COMPORTAMIENTO INCIERTO O DESCONOCIDO DE LA VEJIGA,,,,1
D417,TUMOR DE COMPORTAMIENTO INCIERTO O DESCONOCIDO DE OTROS ÓRGANOS URINARIOS,,,,1
D419,TUMOR DE COMPORTAMIENTO INCIERTO O DESCONOCIDO DE ÓRGANO URINARIO NO ESPECIFICADO,,,,1
D420,TUMOR DE COMPORTAMIENTO INCIERTO O DESCONOCIDO DE LAS MENINGES CEREBRALES,,,,1
D421,TUMOR DE COMPORTAMIENTO INCIERTO O DESCONOCIDO DE LAS MENINGES RAQUÍDEAS,,,,1
D429,"TUMOR DE COMPORTAMIENTO INCIERTO O DESCONOCIDO DE LAS MENINGES, PARTE NO ESPECIFICADA",,,,1
D430,"TUMOR DE COMPORTAMIENTO INCIERTO O DESCONOCIDO DEL ENCÉFALO, SUPRATENTORIAL",,,,1
D431,"TUMOR DE COMPORTAMIENTO INCIERTO O DESCONOCIDO DEL ENCÉFALO, INFRATENTORIAL",,,,1
D432,"TUMOR DE COMPORTAMIENTO INCIERTO O DESCONOCIDO DEL ENCÉFALO, PARTE NO ESPECIFICADA",,,,1
D433,TUMOR DE COMPORTAMIENTO INCIERTO O DESCONOCIDO DE LOS NERVIOS CRANEALES,,,,1
D434,TUMOR DE COMPORTAMIENTO INCIERTO O DESCONOCIDO DE LA MÉDULA ESPINAL,,,,1
D437,TUMOR DE COMPORTAMIENTO INCIERTO O DESCONOCIDO DE OTRAS PARTES ESPECIFICADAS DEL SISTEMA NERVIOSO CENTRAL,,,,1
D439,"TUMOR DE COMPORTAMIENTO INCIERTO O DESCONOCIDO DEL SISTEMA NERVIOSO CENTRAL, SITIO NO ESPECIFICADO",,,,1
D440,TUMOR DE COMPORTAMIENTO INCIERTO O DESCONOCIDO DE LA GLÁNDULA TIROIDES,,,,1
D441,TUMOR DE COMPORTAMIENTO INCIERTO O DESCONOCIDO DE LA GLÁNDULA SUPRARRENAL,,,,1
D442,TUMOR DE COMPORTAMIENTO INCIERTO O DESCONOCIDO DE LA GLÁNDULA PARATIROIDES,,,,1
D443,TUMOR DE COMPORTAMIENTO INCIERTO O DESCONOCIDO DE LA GLÁNDULA HIPÓFISIS,,,,1
D444,TUMOR DE COMPORTAMIENTO INCIERTO O DESCONOCIDO DEL CONDUCTO CRANEOFARÍNGEO,,,,1
D445,TUMOR DE COMPORTAMIENTO INCIERTO O DESCONOCIDO DE LA GLÁNDULA PINEAL,,,,1
D446,TUMOR DE COMPORTAMIENTO INCIERTO O DESCONOCIDO DEL CUERPO CAROTÍDEO,,,,1
D447,TUMOR DE COMPORTAMIENTO INCIERTO O DESCONOCIDO DEL CUERPO AÓRTICO Y OTROS CUERPOS CROMAFINES,,,,1
D448,TUMOR DE COMPORTAMIENTO INCIERTO O DESCONOCIDO CON AFECTACIÓN PLURIGLANDULAR,,,,1
D449,TUMOR DE COMPORTAMIENTO INCIERTO O DESCONOCIDO DE GLÁNDULA ENDOCRINA NO ESPECIFICADA,,,,1
D45,POLICITEMIA VERA,,28,43800,1
D460,"ANEMIA REFRACTARIA SIN SIDEROBLASTOS EN FORMA DE ANILLO, ASÍ DESCRITA",,,,1
D461,ANEMIA REFRACTARIA CON SIDEROBLASTOS EN FORMA DE ANILLO,,,,1
D462,ANEMIA REFRACTARIA CON EXCESO DE BLASTOS [AREB],,,,1
D464,"ANEMIA REFRACTARIA, SIN OTRA ESPECIFICACIÓN",,,,1
D465,ANEMIA REFRACTARIA CON DISPLASIA MULTILINAJE,,,,1
D466,SÍNDROME MIELODISPLÁSICO CON ANORMALIDAD CROMOSÓMICA AISLADA DEL (5Q),,,,1
D467,OTROS SÍNDROMES MIELODISPLÁSICOS,,,,1
D469,"SÍNDROME MIELODISPLÁSICO, SIN OTRA ESPECIFICACIÓN",,,,1
D470,TUMOR DE COMPORTAMIENTO INCIERTO O DESCONOCIDO DE LOS MASTOCITOS E HISTIOCITOS,,,,1
D471,ENFERMEDAD MIELOPROLIFERATIVA CRÓNICA,,,,1
D472,GAMMOPATÍA MONOCLONAL DE SIGNIFICADO INCIERTO [GMSI],,,,1
D473,TROMBOCITOPENIA (HEMORRÁGICA) ESENCIAL,,,,1
D474,OSTEOMIELOFIBROSIS,,,,1
D475,LEUCEMIA EOSINOFÍLICA CRÓNICA [SÍNDROME HIPEREOSINOFÍLICO],,,,1
D477,"OTROS TUMORES ESPECIFICADOS DE COMPORTAMIENTO INCIERTO O DESCONOCIDO DEL TEJIDO LINFÁTICO, DE LOS ÓRGANOS HEMATOPOYÉTICOS Y DE TEJIDOS AFINES",,,,1
D479,"TUMORES DE COMPORTAMIENTO INCIERTO O DESCONOCIDO DEL TEJIDO LINFÁTICO, DE LOS ÓRGANOS HEMATOPOYÉTICOS Y DE TEJIDOS AFINES, NO ESPECIFICADOS",,,,1
D480,TUMOR DE COMPORTAMIENTO INCIERTO O DESCONOCIDO DEL HUESO Y CARTÍLAGO ARTICULAR,,,,1
D481,TUMOR DE COMPORTAMIENTO INCIERTO O DESCONOCIDO DEL TEJIDO CONJUNTIVO Y OTRO TEJIDO BLANDO,,,,1
D482,TUMOR DE COMPORTAMIENTO INCIERTO O DESCONOCIDO DE LOS NERVIOS PERIFÉRICOS Y DEL SISTEMA NERVIOSO AUTÓNOMO,,,,1
D483,TUMOR DE COMPORTAMIENTO INCIERTO O DESCONOCIDO DEL RETROPERITONEO,,,,1
D484,TUMOR DE COMPORTAMIENTO INCIERTO O DESCONOCIDO DEL PERITONEO,,,,1
D485,TUMOR DE COMPORTAMIENTO INCIERTO O DESCONOCIDO DE LA PIEL,,,,1
D486,TUMOR DE COMPORTAMIENTO INCIERTO O DESCONOCIDO DE LA MAMA,,,,1
D487,TUMOR DE COMPORTAMIENTO INCIERTO O DESCONOCIDO DE OTROS SITIOS ESPECIFICADOS,,,,1
D489,"TUMOR DE COMPORTAMIENTO INCIERTO O DESCONOCIDO, DE SITIO NO ESPECIFICADO",,,,1
D500,ANEMIA POR DEFICIENCIA DE HIERRO SECUNDARIA A PÉRDIDA DE SANGRE (CRÓNICA),,,,1
D501,DISFAGIA SIDEROPÉNICA,,,,1
D508,OTRAS ANEMIAS POR DEFICIENCIA DE HIERRO,,,,1
D509,ANEMIA POR DEFICIENCIA DE HIERRO SIN OTRA ESPECIFICACIÓN,,,,1
D510,ANEMIA POR DEFICIENCIA DE VITAMINA B12 DEBIDA A DEFICIENCIA DEL FACTOR INTRÍNSECO,,,,1
D511,ANEMIA POR DEFICIENCIA DE VITAMINA B12 DEBIDA A MALA ABSORCIÓN SELECTIVA DE VITAMINA B12 CON PROTEINURIA,,,,1
D512,DEFICIENCIA DE TRASCOBALAMINA II,,,,1
D513,OTRAS ANEMIAS POR DEFICIENCIA DIETÉTICA DE VITAMINA B12,,,,1
D518,OTRAS ANEMIAS POR DEFICIENCIA DE VITAMINA B12,,,,1
D519,"ANEMIA POR DEFICIENCIA DE VITAMINA B12, SIN OTRA ESPECIFICACIÓN",,,,1
D520,ANEMIA POR DEFICIENCIA DIETÉTICA DE FOLATOS,,,,1
D521,ANEMIA POR DEFICIENCIA DE FOLATOS INDUCIDA POR DROGAS,,,,1
D528,OTRAS ANEMIAS POR DEFICIENCIA DE FOLATOS,,,,1
D529,"ANEMIA POR DEFICIENCIA DE FOLATOS, SIN OTRA ESPECIFICACIÓN",,,,1
D530,ANEMIA POR DEFICIENCIA DE PROTEÍNAS,,,,1
D531,"OTRAS ANEMIAS MEGALOBLÁSTICAS, NO CLASIFICADAS EN OTRA PARTE",,,,1
D532,ANEMIA ESCORBÚTICA,,,,1
D538,OTRAS ANEMIAS NUTRICIONALES ESPECIFICADAS,,,,1
D539,"ANEMIA NUTRICIONAL, NO ESPECIFICADA",,,,1
D550,ANEMIA DEBIDA A DEFICIENCIA DE GLUCOSA-6-FOSFATO DESHIDROGENASA [G6FD],,,,1
D551,ANEMIA DEBIDA A OTROS TRASTORNOS DEL METABOLISMO DEL GLUTATIÓN,,,,1
D552,ANEMIA DEBIDA A TRASTORNOS DE LAS ENZIMAS GLUCOLÍTICAS,,,,1
D553,ANEMIA DEBIDA A TRASTORNOS DEL METABOLISMO DE LOS NUCLEÓTIDOS,,,,1
D558,OTRAS ANEMIAS DEBIDAS A TRASTORNOS ENZIMÁTICOS,,,,1
D559,"ANEMIA DEBIDA A TRASTORNOS ENZIMÁTICOS, SIN OTRA ESPECIFICACIÓN",,,,1
D560,ALFA TALASEMIA,,,,1
D561,BETA TALASEMIA,,,,1
D562,DELTA-BETA TALASEMIA,,,,1
D563,RASGO TALASÉMICO,,,,1
D564,PERSISTENCIA HEREDITARIA DE LA HEMOGLOBINA FETAL [PHHF],,,,1
D568,OTRAS TALASEMIAS,,,,1
D569,"TALASEMIA, NO ESPECIFICADA",,,,1
D570,ANEMIA FALCIFORME CON CRISIS,,,,1
D571,ANEMIA FALCIFORME SIN CRISIS,,,,1
D572,TRASTORNOS FALCIFORMES HETEROCIGOTOS DOBLES,,,,1
D573,RASGO DREPANOCÍTICO,,,,1
D578,OTROS TRASTORNOS FALCIFORMES,,,,1
D580,ESFEROCITOSIS HEREDITARIA,,,,1
D581,ELIPTOCITOSIS HEREDITARIA,,,,1
D582,OTRAS HEMOGLOBINOPATÍAS,,,,1
D588,OTRAS ANEMIAS HEMOLÍTICAS HEREDITARIAS ESPECIFICADAS,,,,1
D589,"ANEMIA HEMOLÍTICA HEREDITARIA, SIN OTRA ESPECIFICACIÓN",,,,1
D590,ANEMIA HEMOLÍTICA AUTOINMUNE INDUCIDA POR DROGAS,,,,1
D591,OTRAS ANEMIAS HEMOLÍTICAS AUTOINMUNES,,,,1
D592,ANEMIA HEMOLÍTICA NO AUTOINMUNE INDUCIDA POR DROGAS,,,,1
D593,SÍNDROME HEMOLÍTICO-URÉMICO,,,,1
D594,OTRAS ANEMIAS HEMOLÍTICAS NO AUTOINMUNES,,,,1
D595,HEMOGLOBINURIA PAROXÍSTICA NOCTURNA [MARCHIAFAVA- MICHELI],,,,1
D596,HEMOGLOBINURIA DEBIDA A HEMÓLISIS POR OTRAS CAUSAS EXTERNAS,,,,1
D598,OTRAS ANEMIAS HEMOLÍTICAS ADQUIRIDAS,,,,1
D599,"ANEMIA HEMOLÍTICA ADQUIRIDA, SIN OTRA ESPECIFICACIÓN",,,,1
D600,"APLASIA CRÓNICA ADQUIRIDA, EXCLUSIVA DE LA SERIE ROJA",,,,1
D601,"APLASIA TRANSITORIA ADQUIRIDA, EXCLUSIVA DE LA SERIE ROJA",,,,1
D608,"OTRAS APLASIAS ADQUIRIDAS, EXCLUSIVAS DE LA SERIE ROJA",,,,1
D609,"APLASIA ADQUIRIDA, EXCLUSIVA DE LA SERIE ROJA, NO ESPECIFICADA",,,,1
D610,ANEMIA APLÁSTICA CONSTITUCIONAL,,,,1
D611,ANEMIA APLÁSTICA INDUCIDA POR DROGAS,,,,1
D612,ANEMIA APLÁSTICA DEBIDA A OTROS AGENTES EXTERNOS,,,,1
D613,ANEMIA APLÁSTICA IDIOPÁTICA,,,,1
D618,OTRAS ANEMIAS APLÁSTICAS ESPECIFICADAS,,,,1
D619,"ANEMIA APLÁSTICA, SIN OTRA ESPECIFICACIÓN",,,,1
D62,ANEMIA POSTHEMORRÁGICA AGUDA,,,,1
D630,ANEMIA EN ENFERMEDAD NEOPLÁSICA,,,,1
D638,ANEMIA EN OTRAS ENFERMEDADES CRÓNICAS CLASIFICADAS EN OTRA PARTE,,,,1
D640,ANEMIA SIDEROBLÁSTICA HEREDITARIA,,,,1
D641,ANEMIA SIDEROBLÁSTICA SECUNDARIA A OTRA ENFERMEDAD,,,,1
D642,"ANEMIA SIDEROBLÁSTICA SECUNDARIA, DEBIDA A DROGAS Y TOXINAS",,,,1
D643,OTRAS ANEMIAS SIDEROBLÁSTICAS,,,,1
D644,ANEMIA DISERITROPOYÉTICA CONGÉNITA,,,,1
D648,OTRAS ANEMIAS ESPECIFICADAS,,,,1
D649,ANEMIA DE TIPO NO ESPECIFICADO,,28,43800,1
D65,COAGULACIÓN INTRAVASCULAR DISEMINADA [SÍNDROME DE DESFIBRINACIÓN],,28,43800,1
D66,DEFICIENCIA HEREDITARIA DEL FACTOR VIII,M,,,1
D67,DEFICIENCIA HEREDITARIA DEL FACTOR IX,M,,,1
D680,ENFERMEDAD DE VON WILLEBRAND,,,,1
D681,DEFICIENCIA HEREDITARIA DEL FACTOR XI,M,,,1
D682,DEFICIENCIA HEREDITARIA DE OTROS FACTORES DE LA COAGULACIÓN,,,,1
D683,TRASTORNO HEMORRÁGICO DEBIDO A ANTICOAGULANTES CIRCULANTES,,,,1
D684,DEFICIENCIA ADQUIRIDA DE FACTORES DE LA COAGULACIÓN,,28,43800,1
D685,TROMBOFILIA PRIMARIA,,,,1
D686,OTRA TROMBOFILIA,,,,1
D688,OTROS DEFECTOS ESPECIFICADOS DE LA COAGULACIÓN,,,,1
D689,"DEFECTO DE LA COAGULACIÓN, NO ESPECIFICADO",,,,1
D690,PÚRPURA ALÉRGICA,,,,1
D691,DEFECTO CUALITATIVOS DE LAS PLAQUETAS,,,,1
D692,OTRAS PÚRPURAS NO TROMBOCITOPÉNICAS,,28,43800,1
D693,PÚRPURA TROMBOCITOPÉNICA IDIOPÁTICA,,,,1
D694,OTRAS TROMBOCITOPENIAS PRIMARIAS,,28,43800,1
D695,TROMBOCITOPENIA SECUNDARIA,,,,1
D696,TROMBOCITOPENIA NO ESPECIFICADA,,28,43800,1
D698,OTRAS AFECCIONES HEMORRÁGICAS ESPECIFICADAS,,,,1
D699,"AFECCIÓN HEMORRÁGICA, NO ESPECIFICADA",,28,43800,1
D70,AGRANULOCITOSIS,,,,1
D71,TRASTORNOS FUNCIONALES DE LOS POLIMORFONUCLEARES NEUTRÓFILOS,,,,1
D720,ANOMALÍAS GENÉTICAS DE LOS LEUCOCITOS,,,,1
D721,EOSINOFILIA,,,,1
D728,OTROS TRASTORNOS ESPECIFICADOS DE LOS LEUCOCITOS,,,,1
D729,"TRASTORNO DE LOS LEUCOCITOS, NO ESPECIFICADO",,,,1
D730,HIPOESPLENISMO,,,,1
D731,HIPERESPLENISMO,,,,1
D732,ESPLENOMEGALIA CONGESTIVA CRÓNICA,,,,1
D733,ABSCESO DEL BAZO,,,,1
D734,QUISTE DEL BAZO,,,,1
D735,INFARTO DEL BAZO,,,,1
D738,OTRAS ENFERMEDADES DEL BAZO,,,,1
D739,"ENFERMEDAD DEL BAZO, NO ESPECIFICADA",,,,1
D740,METAHEMOGLOBINEMIA CONGÉNITA,,,,1
D748,OTRAS METAHEMOGLOBINEMIAS,,,,1
D749,"METAHEMOGLOBINEMIA, NO ESPECIFICADA",,,,1
D750,ERITROCITOSIS FAMILIAR,,,,1
D751,POLICITEMIA SECUNDARIA,,28,43800,1
D758,OTRAS ENFERMEDADES ESPECIFICADAS DE LA SANGRE Y DE LOS ÓRGANOS HEMATOPOYÉTICOS,,,,1
D759,"ENFERMEDAD DE LA SANGRE Y DE LOS ÓRGANOS HEMATOPOYÉTICOS, NO ESPECIFICADA",,,,1
D761,LINFOHISTIOCITOSIS HEMOFAGOCÍTICA,,,,1
D762,SÍNDROME HEMOFAGOCÍTICO ASOCIADO A INFECCIÓN,,,,1
D763,OTROS SÍNDROMES HISTIOCÍTICOS,,,,1
D77,OTROS TRASTORNOS DE LA SANGRE Y DE LOS ÓRGANOS HEMATOPOYÉTICOS EN ENFERMEDADES CLASIFICADAS EN OTRA PARTE,,,,1
D800,HIPOGAMMAGLOBULINEMIA HEREDITARIA,,,,1
D801,HIPOGAMMAGLOBULINEMIA NO FAMILIAR,,,,1
D802,DEFICIENCIA SELECTIVA DE INMUNOGLOBULINA A [IGA],,,,1
D803,DEFICIENCIA SELECTIVA DE SUBCLASES DE LA INMUNOGLOBULINA G [IGG],,,,1
D804,DEFICIENCIA SELECTIVA DE INMUNOGLOBULINA M [IGM],,,,1
D805,INMUNODEFICIENCIA CON INCREMENTO DE INMUNOGLOBULINA M [IGM],,,,1
D806,DEFICIENCIA DE ANTICUERPOS CON INMUNOGLOBULINAS CASI NORMALES O CON HIPERINMUNOGLOBULINEMIA,,,,1
D807,HIPOGAMMAGLOBULINEMIA TRANSITORIA DE LA INFANCIA,,,,1
D808,OTRAS INMUNODEFICIENCIAS CON PREDOMINIO DE DEFECTOS DE LOS ANTICUERPOS,,,,1
D809,"INMUNODEFICIENCIA CON PREDOMINIO DE DEFECTOS DE LOS ANTICUERPOS, NO ESPECIFICADA",,,,1
D810,INMUNODEFICIENCIA COMBINADA SEVERA [IDCS] CON DISGENESIA RETICULAR,,,,1
D811,INMUNODEFICIENCIA COMBINADA SEVERA [IDCS] CON LINFOCITOPENIA T Y B,,,,1
D812,INMUNODEFICIENCIA COMBINADA SEVERA [IDCS] CON CIFRA BAJA O NORMAL DE LINFOCITOS B,,,,1
D813,DEFICIENCIA DE LA ADENOSINA DEAMINASA [ADA],,,,1
D814,SÍNDROME DE NEZELOF,,,,1
D815,DEFICIENCIA DE LA FOSFORILASA PURINONUCLEÓSIDA [FPN],,,,1
D816,DEFICIENCIA DE LA CLASE I DEL COMPLEJO DE HISTOCOMPATIBILIDAD MAYOR,,,,1
D817,DEFICIENCIA DE LA CLASE II DEL COMPLEJO DE HISTOCOMPATIBILIDAD MAYOR,,,,1
D818,OTRAS INMUNODEFICIENCIAS COMBINADAS,,,,1
D819,"INMUNODEFICIENCIA COMBINADA, NO ESPECIFICADA",,,,1
D820,SÍNDROME DE WISKOTT-ALDRICH,,,,1
D821,SÍNDROME DE DI GEORGE,,,,1
D822,INMUNODEFICIENCIA CON ENANISMO MICROMÉLICO [MIEMBROS CORTOS],,,,1
D823,INMUNODEFICIENCIA CONSECUTIVA A RESPUESTA DEFECTUOSA HEREDITARIA CONTRA EL VIRUS DE EPSTEIN-BARR,,,,1
D824,SÍNDROME DE HIPERINMUNOGLOBULINA E [IGE],,,,1
D828,INMUNODEFICIENCIA ASOCIADA CON OTROS DEFECTOS MAYORES ESPECIFICADOS,,,,1
D829,INMUNODEFICIENCIA ASOCIADA CON DEFECTOS MAYORES NO ESPECIFICADOS,,,,1
D830,INMUNODEFICIENCIA VARIABLE COMÚN CON PREDOMINIO DE ANORMALIDADES EN EL NÚMERO Y LA FUNCIÓN DE LOS LINFOCITOS B,,,,1
D831,INMUNODEFICIENCIA VARIABLE COMÚN CON PREDOMINIO DE TRASTORNOS INMUNORREGULADORES DE LOS LINFOCITOS T,,,,1
D832,INMUNODEFICIENCIA VARIABLE COMÚN CON AUTOANTICUERPOS ANTI-B O ANTI-T,,,,1
D838,OTRAS INMUNODEFICIENCIAS VARIABLES COMUNES,,,,1
D839,"INMUNODEFICIENCIA VARIABLE COMÚN, NO ESPECIFICADA",,,,1
D840,DEFECTO DE LA FUNCIÓN DEL ANTÍGENO-1 DEL LINFOCITO [LFA-1],,,,1
D841,DEFECTO DEL SISTEMA DEL COMPLEMENTO,,,,1
D848,OTRAS INMUNODEFICIENCIAS ESPECIFICADAS,,,,1
D849,"INMUNODEFICIENCIA, NO ESPECIFICADA",,,,1
D860,SARCOIDOSIS DEL PULMÓN,,,,1
D861,SARCOIDOSIS DE LOS GANGLIOS LINFÁTICOS,,,,1
D862,SARCOIDOSIS DEL PULMÓN Y DE LOS GANGLIOS LINFÁTICOS,,,,1
D863,SARCOIDOSIS DE LA PIEL,,,,1
D868,SARCOIDOSIS DE OTROS SITIOS ESPECIFICADOS O DE SITIOS COMBINADOS,,,,1
D869,SARCOIDOSIS DE SITIO NO ESPECIFICADO,,,,1
D890,HIPERGAMMAGLOBULINEMIA POLICLONAL,,,,1
D891,CRIOGLOBULINEMIA,,,,1
D892,"HIPERGAMMAGLOBULINEMIA, NO ESPECIFICADA",,,,1
D893,SÍNDROME DE RECONSTITUCIÓN INMUNE,,,,1
D898,"OTROS TRASTORNOS ESPECIFICADOS QUE AFECTAN EL MECANISMO DE LA INMUNIDAD, NO CLASIFICADOS EN OTRA PARTE",,,,1
D899,"TRASTORNO QUE AFECTA AL MECANISMO DE LA INMUNIDAD, NO ESPECIFICADO",,,,1
E000,"SÍNDROME CONGÉNITO DE DEFICIENCIA DE YODO, TIPO NEUROLÓGICO",,,,1
E001,"SÍNDROME DE DEFICIENCIA CONGÉNITA DE YODO, TIPO MIXEDEMATOSO",,,,1
E002,"SÍNDROME CONGÉNITO DE DEFICIENCIA DE YODO, TIPO MIXTO",,,,1
E009,"SÍNDROME CONGÉNITO DE DEFICIENCIA DE YODO, NO ESPECIFICADO",,,,1
E010,BOCIO DIFUSO (ENDÉMICO) RELACIONADO CON DEFICIENCIA DE YODO,,,,1
E011,BOCIO MULTINODULAR (ENDÉMICO) RELACIONADO CON DEFICIENCIA DE YODO,,,,1
E012,"BOCIO (ENDÉMICO) RELACIONADO CON DEFICIENCIA DE YODO, NO ESPECIFICADO",,,,1
E018,OTROS TRASTORNOS DE LA TIROIDES RELACIONADOS CON DEFICIENCIA DE YODO Y AFECCIONES SIMILARES,,,,1
E02,HIPOTIROIDISMO SUBCLÍNICO POR DEFICIENCIA DE YODO,,,,1
E030,HIPOTIROIDISMO CONGÉNITO CON BOCIO DIFUSO,,,,1
E031,HIPOTIROIDISMO CONGÉNITO SIN BOCIO,,,,1
E032,HIPOTIROIDISMO DEBIDO A MEDICAMENTOS Y A OTRAS SUSTANCIAS EXÓGENAS,,,,1
E033,HIPOTIROIDISMO POSTINFECCIOSO,,,,1
E034,ATROFIA DE TIROIDES (ADQUIRIDA),,,,1
E035,COMA MIXEDEMATOSO,,,,1
E038,OTROS HIPOTIROIDISMOS ESPECIFICADOS,,,,1
E039,"HIPOTIROIDISMO, NO ESPECIFICADO",,,,1
E040,BOCIO DIFUSO NO TÓXICO,,,,1
E041,NÓDULO TIROIDEO SOLITARIO NO TÓXICO,,,,1
E042,BOCIO MULTINODULAR NO TÓXICO,,,,1
E048,OTROS BOCIOS NO TÓXICOS ESPECIFICADOS,,,,1
E049,"BOCIO NO TÓXICO, NO ESPECIFICADO",,,,1
E050,TIROTOXICOSIS CON BOCIO DIFUSO,,28,43800,1
E051,TIROTOXICOSIS CON NÓDULO SOLITARIO TIROIDEO TÓXICO,,28,43800,1
E052,TIROTOXICOSIS CON BOCIO MULTINODULAR TÓXICO,,28,43800,1
E053,TIROTOXICOSIS POR TEJIDO TIROIDEO ECTÓPICO,,28,43800,1
E054,TIROTOXICOSIS FACTICIA,,28,43800,1
E055,CRISIS O TORMENTA TIROTÓXICA,,28,43800,1
E058,OTRAS TIROTOXICOSIS,,28,43800,1
E059,"TIROTOXICOSIS, NO ESPECIFICADA",,28,43800,1
E060,TIROIDITIS AGUDA,,,,1
E061,TIROIDITIS SUBAGUDA,,,,1
E062,TIROIDITIS CRÓNICA CON TIROTOXICOSIS TRANSITORIA,,,,1
E063,TIROIDITIS AUTOINMUNE,,,,1
E064,TIROIDITIS INDUCIDA POR DROGAS,,,,1
E065,OTRAS TIROIDITIS CRÓNICAS,,,,1
E069,"TIROIDITIS, NO ESPECIFICADA",,,,1
E070,HIPERSECRECIÓN DE CALCITONINA,,,,1
E071,BOCIO DISHORMOGENÉTICO,,,,1
E078,OTROS TRASTORNOS ESPECIFICADOS DE LA GLÁNDULA TIROIDES,,,,1
E079,"TRASTORNO DE LA GLÁNDULA TIROIDES, NO ESPECIFICADO",,,,1
E100,"DIABETES MELLITUS TIPO 1, CON COMA",,28,43800,1
E101,"DIABETES MELLITUS TIPO 1, CON CETOACIDOSIS",,28,43800,1
E102,"DIABETES MELLITUS TIPO 1, CON COMPLICACIONES RENALES",,28,43800,1
E103,"DIABETES MELLITUS TIPO 1, CON COMPLICACIONES OFTÁLMICAS",,28,43800,1
E104,"DIABETES MELLITUS TIPO 1, CON COMPLICACIONES NEUROLÓGICAS",,28,43800,1
E105,"DIABETES MELLITUS TIPO 1, CON COMPLICACIONES CIRCULATORIAS PERIFÉRICAS",,28,43800,1
E106,"DIABETES MELLITUS TIPO 1, CON OTRAS COMPLICACIONES ESPECIFICADAS",,28,43800,1
E107,"DIABETES MELLITUS TIPO 1, CON COMPLICACIONES MÚLTIPLES",,28,43800,1
E108,"DIABETES MELLITUS TIPO 1, CON COMPLICACIONES NO ESPECIFICADAS",,28,43800,1
E109,"DIABETES MELLITUS TIPO 1, SIN MENCIÓN DE COMPLICACIÓN",,28,43800,1
E110,"DIABETES MELLITUS TIPO 2, CON COMA",,28,43800,1
E111,"DIABETES MELLITUS TIPO 2, CON CETOACIDOSIS",,28,43800,1
E112,"DIABETES MELLITUS TIPO 2, CON COMPLICACIONES RENALES",,28,43800,1
E113,"DIABETES MELLITUS TIPO 2, CON COMPLICACIONES OFTÁLMICAS",,28,43800,1
E114,"DIABETES MELLITUS TIPO 2, CON COMPLICACIONES NEUROLÓGICAS",,28,43800,1
E115,"DIABETES MELLITUS TIPO 2, CON COMPLICACIONES CIRCULATORIAS PERIFÉRICAS",,28,43800,1
E116,"DIABETES MELLITUS TIPO 2, CON OTRAS COMPLICACIONES ESPECIFICADAS",,28,43800,1
E117,"DIABETES MELLITUS TIPO 2, CON COMPLICACIONES MÚLTIPLES",,28,43800,1
E118,"DIABETES MELLITUS TIPO 2, CON COMPLICACIONES NO ESPECIFICADAS",,28,43800,1
E119,"DIABETES MELLITUS TIPO 2, SIN MENCIÓN DE COMPLICACIÓN",,28,43800,1
E120,"DIABETES MELLITUS ASOCIADA CON DESNUTRICIÓN, CON COMA",,28,43800,1
E121,"DIABETES MELLITUS ASOCIADA CON DESNUTRICIÓN, CON CETOACIDOSIS",,28,43800,1
E122,"DIABETES MELLITUS ASOCIADA CON DESNUTRICIÓN, CON COMPLICACIONES RENALES",,28,43800,1
E123,"DIABETES MELLITUS ASOCIADA CON DESNUTRICIÓN, CON COMPLICACIONES OFTÁLMICAS",,28,43800,1
E124,"DIABETES MELLITUS ASOCIADA CON DESNUTRICIÓN, CON COMPLICACIONES NEUROLÓGICAS",,28,43800,1
E125,"DIABETES MELLITUS ASOCIADA CON DESNUTRICIÓN, CON COMPLICACIONES CIRCULATORIAS PERIFÉRICAS",,28,43800,1
E126,"DIABETES MELLITUS ASOCIADA CON DESNUTRICIÓN, CON OTRAS COMPLICACIONES ESPECIFICADAS",,28,43800,1
E127,"DIABETES MELLITUS ASOCIADA CON DESNUTRICIÓN, CON COMPLICACIONES MÚLTIPLES",,28,43800,1
E128,"DIABETES MELLITUS ASOCIADA CON DESNUTRICIÓN, CON COMPLICACIONES NO ESPECIFICADAS",,28,43800,1
E129,"DIABETES MELLITUS ASOCIADA CON DESNUTRICIÓN, SIN MENCIÓN DE COMPLICACIÓN",,28,43800,1
E130,"OTRAS DIABETES MELLITUS ESPECIFICADAS, CON COMA",,28,43800,1
E131,"OTRAS DIABETES MELLITUS ESPECIFICADAS, CON CETOACIDOSIS",,28,43800,1
E132,"OTRAS DIABETES MELLITUS ESPECIFICADAS, CON COMPLICACIONES RENALES",,28,43800,1
E133,"OTRAS DIABETES MELLITUS ESPECIFICADAS, CON COMPLICACIONES OFTÁLMICAS",,28,43800,1
E134,"OTRAS DIABETES MELLITUS ESPECIFICADAS, CON COMPLICACIONES NEUROLÓGICAS",,28,43800,1
E135,"OTRAS DIABETES MELLITUS ESPECIFICADAS, CON COMPLICACIONES CIRCULATORIAS PERIFÉRICAS",,28,43800,1
E136,"OTRAS DIABETES MELLITUS ESPECIFICADAS, CON OTRAS COMPLICACIONES ESPECIFICADAS",,28,43800,1
E137,"OTRAS DIABETES MELLITUS ESPECIFICADAS, CON COMPLICACIONES MÚLTIPLES",,28,43800,1
E138,"OTRAS DIABETES MELLITUS ESPECIFICADAS, CON COMPLICACIONES NO ESPECIFICADAS",,28,43800,1
E139,"OTRAS DIABETES MELLITUS ESPECIFICADAS, SIN MENCIÓN DE COMPLICACIÓN",,28,43800,1
E140,"DIABETES MELLITUS NO ESPECIFICADA, CON COMA",,28,43800,1
E141,"DIABETES MELLITUS NO ESPECIFICADA, CON CETOACIDOSIS",,28,43800,1
E142,"DIABETES MELLITUS NO ESPECIFICADA, CON COMPLICACIONES RENALES",,28,43800,1
E143,"DIABETES MELLITUS NO ESPECIFICADA, CON COMPLICACIONES OFTÁLMICAS",,28,43800,1
E144,"DIABETES MELLITUS NO ESPECIFICADA, CON COMPLICACIONES NEUROLÓGICAS",,28,43800,1
E145,"DIABETES MELLITUS NO ESPECIFICADA, CON COMPLICACIONES CIRCULATORIAS PERIFÉRICAS",,28,43800,1
E146,"DIABETES MELLITUS NO ESPECIFICADA, CON OTRAS COMPLICACIONES ESPECIFICADAS",,28,43800,1
E147,"DIABETES MELLITUS NO ESPECIFICADA, CON COMPLICACIONES MÚLTIPLES",,28,43800,1
E148,"DIABETES MELLITUS NO ESPECIFICADA, CON COMPLICACIONES NO ESPECIFICADAS",,28,43800,1
E149,"DIABETES MELLITUS NO ESPECIFICADA, SIN MENCIÓN DE COMPLICACIÓN",,28,43800,1
E15,COMA HIPOGLICÉMICO NO DIABÉTICO,,,,1
E160,"HIPOGLICEMIA SIN COMA, INDUCIDA POR DROGAS",,28,43800,1
E161,OTRAS HIPOGLICEMIAS,,28,43800,1
E162,"HIPOGLICEMIA, NO ESPECIFICADA",,28,43800,1
E163,SECRECIÓN EXAGERADA DEL GLUCAGÓN,,28,43800,1
E164,SECRECIÓN ANORMAL DE GASTRINA,,28,43800,1
E168,OTROS TRASTORNOS ESPECIFICADOS DE LA SECRECIÓN INTERNA DEL PÁNCREAS,,28,43800,1
E169,"TRASTORNOS DE LA SECRECIÓN INTERNA DEL PÁNCREAS, SIN OTRA ESPECIFICACIÓN",,28,43800,1
E200,HIPOPARATIROIDISMO IDIOPÁTICO,,28,43800,1
E201,PSEUDOHIPOPARATIROIDISMO,,28,43800,1
E208,OTROS TIPOS DE HIPOPARATIROIDISMO,,28,43800,1
E209,"HIPOPARATIROIDISMO, NO ESPECIFICADO",,28,43800,1
E210,HIPERPARATIROIDISMO PRIMARIO,,,,1
E211,HIPERPARATIROIDISMO SECUNDARIO NO CLASIFICADO EN OTRA PARTE,,,,1
E212,OTROS TIPOS DE HIPERPARATIROIDISMO,,,,1
E213,"HIPERPARATIROIDISMO, SIN OTRA ESPECIFICACIÓN",,,,1
E214,OTROS TRASTORNOS ESPECIFICADOS DE LA GLÁNDULA PARATIROIDES,,,,1
E215,"TRASTORNO DE LA GLÁNDULA PARATIROIDES, NO ESPECIFICADO",,,,1
E220,ACROMEGALIA Y GIGANTISMO HIPOFISARIO,,,,1
E221,HIPERPROLACTINEMIA,,,,1
E222,SÍNDROME DE SECRECIÓN INAPROPIADA DE HORMONA ANITIDIURÉTICA,,,,1
E228,OTRAS HIPERFUNCIONES DE LA GLÁNDULA HIPÓFISIS,,,,1
E229,"HIPERFUNCIÓN DE LA GLÁNDULA HIPÓFISIS, NO ESPECIFICADA",,,,1
E230,HIPOPITUITARISMO,,,,1
E231,HIPOPITUITARISMO INDUCIDO POR DROGAS,,,,1
E232,DIABETES INSÍPIDA,,,,1
E233,"DISFUNCIÓN HIPOTALÁMICA, NO CLASIFICADA EN OTRA PARTE",,,,1
E236,OTROS TRASTORNOS DE LA GLÁNDULA HIPÓFISIS,,,,1
E237,"TRASTORNO DE LA GLÁNDULA HIPÓFISIS, NO ESPECIFICADO",,,,1
E240,ENFERMEDAD DE CUSHING DEPENDIENTE DE LA HIPÓFISIS,,,,1
E241,SÍNDROME DE NELSON,,,,1
E242,SÍNDROME DE CUSHING INDUCIDO POR DROGAS,,,,1
E243,SÍNDROME DE ACTH ECTÓPICO,,,,1
E244,SÍNDROME DE SEUDO-CUSHING INDUCIDO POR ALCOHOL,,,,1
E248,OTROS TIPOS DE SÍNDROME DE CUSHING,,,,1
E249,"SÍNDROME DE CUSHING, NO ESPECIFICADO",,,,1
E250,TRASTORNOS ADRENOGENITALES CONGÉNITOS CON DEFICIENCIA ENZIMÁTICA,,,,1
E258,OTROS TRASTORNOS ADRENOGENITALES,,,,1
E259,"TRASTORNO ADRENOGENITAL, NO ESPECIFICADO",,,,1
E260,HIPERALDOSTERONISMO PRIMARIO,,,,1
E261,HIPERALDOSTERONISMO SECUNDARIO,,,,1
E268,OTROS TIPOS DE HIPERALDOSTERONISMO,,,,1
E269,"HIPERALDOSTERONISMO, NO ESPECIFICADO",,,,1
E270,OTRA HIPERACTIVIDAD CORTICOSUPRARRENAL,,,,1
E271,INSUFICIENCIA CORTICOSUPRARRENAL PRIMARIA,,,,1
E272,CRISIS ADDISONIANA,,,,1
E273,INSUFICIENCIA CORTICOSUPRARRENAL INDUCIDA POR DROGAS,,,,1
E274,OTRAS INSUFICIENCIAS CORTICOSUPRARRENALES Y LAS NO ESPECIFICADAS,,,,1
E275,HIPERFUNCIÓN DE LA MÉDULA SUPRARRENAL,,,,1
E278,OTROS TRASTORNOS ESPECIFICADOS DE LA GLÁNDULA SUPRARRENAL,,,,1
E279,"TRASTORNO DE LA GLÁNDULA SUPRARRENAL, NO ESPECIFICADO",,,,1
E280,EXCESO DE ESTRÓGENOS,F,3650,19710,1
E281,EXCESO DE ANDRÓGENOS,F,3650,19710,1
E282,SÍNDROME DE OVARIO POLIQUÍSTICO,F,3650,19710,1
E283,INSUFICIENCIA OVÁRICA PRIMARIA,F,3650,19710,1
E288,OTRAS DISFUNCIONES OVÁRICAS,F,3650,19710,1
E289,"DISFUNCIÓN OVÁRICA, NO ESPECIFICADA",F,3650,19710,1
E290,HIPERFUNCIÓN TESTICULAR,M,3650,43800,1
E291,HIPOFUNCIÓN TESTICULAR,M,3650,43800,1
E298,OTRAS DISFUNCIONES TESTICULARES,M,3650,43800,1
E299,"DISFUNCIÓN TESTICULAR, NO ESPECIFICADA",M,3650,43800,1
E300,PUBERTAD RETARDADA,,5840,6570,1
E301,PUBERTAD PRECOZ,,2190,2920,1
E308,OTROS TRASTORNOS DE LA PUBERTAD,,3650,5110,1
E309,"TRASTORNO DE LA PUBERTAD, NO ESPECIFICADO",,3650,5110,1
E310,INSUFICIENCIA POLIGLANDULAR AUTOINMUNE,,,,1
E311,HIPERFUNCIÓN POLIGLANDULAR,,,,1
E318,OTRAS DISFUNCIONES POLIGLANDULARES,,,,1
E319,"DISFUNCIÓN POLIGLANDULAR, NO ESPECIFICADA",,,,1
E320,HIPERPLASIA PERSISTENTE DEL TIMO,,,,1
E321,ABSCESO DEL TIMO,,,,1
E328,OTRAS ENFERMEDADES DEL TIMO,,,,1
E329,"ENFERMEDAD DEL TIMO, NO ESPECIFICADA",,,,1
E340,SÍNDROME CARCINOIDE,,,,1
E341,OTRAS HIPERSECRECIONES DE HORMONAS INTESTINALES,,,,1
E342,"SECRECIÓN HORMONAL ECTÓPICA, NO CLASIFICADA EN OTRA PARTE",,,,1
E343,"ENANISMO, NO CLASIFICADO EN OTRA PARTE",,,,1
E344,ESTATURA ALTA CONSTITUCIONAL,,,,1
E345,SÍNDROME DE RESISTENCIA ANDROGÉNICA,,,,1
E348,OTROS TRASTORNOS ENDOCRINOS ESPECIFICADOS,,,,1
E349,"TRASTORNO ENDOCRINO, NO ESPECIFICADO",,,,1
E350,TRASTORNOS DE LA GLÁNDULA TIROIDES EN ENFERMEDADES CLASIFICADAS EN OTRA PARTE,,,,1
E351,TRASTORNOS DE LAS GLÁNDULAS SUPRARRENALES EN ENFERMEDADES CLASIFICADAS EN OTRA PARTE,,,,1
E358,TRASTORNOS DE OTRAS GLÁNDULAS ENDOCRINAS EN ENFERMEDADES CLASIFICADAS EN OTRA PARTE,,,,1
E40,KWASHIORKOR,,,,1
E41,MARASMO NUTRICIONAL,,,,1
E42,KWASHIORKOR MARASMÁTICO,,,,1
E43,"DESNUTRICIÓN PROTEICOCALÓRICA SEVERA, NO ESPECIFICADA",,,,1
E440,DESNUTRICIÓN PROTEICOCALÓRICA MODERADA,,,,1
E441,DESNUTRICIÓN PROTEICOCALÓRICA LEVE,,,,1
E45,RETARDO DEL DESARROLLO DEBIDO A DESNUTRICIÓN PROTEICOCALÓRICA,,,,1
E46,"DESNUTRICIÓN PROTEICOCALÓRICA, NO ESPECIFICADA",,,,1
E500,DEFICIENCIA DE VITAMINA A CON XEROSIS CONJUNTIVAL,,,,1
E501,DEFICIENCIA DE VITAMINA A CON MANCHA DE BITOT Y XEROSIS CONJUNTIVAL,,,,1
E502,DEFICIENCIA DE VITAMINA A CON XEROSIS CORNEAL,,,,1
E503,DEFICIENCIA DE VITAMINA A CON ULCERACIÓN CORNEAL Y XEROSIS,,,,1
E504,DEFICIENCIA DE VITAMINA A CON QUERATOMALACIA,,,,1
E505,DEFICIENCIA DE VITAMINA A CON CEGUERA NOCTURNA,,,,1
E506,DEFICIENCIA DE VITAMINA A CON CICATRICES XEROFTÁLMICAS DE LA CÓRNEA,,,,1
E507,OTRAS MANIFESTACIONES OCULARES DE DEFICIENCIA DE VITAMINA A,,,,1
E508,OTRAS MANIFESTACIONES DE DEFICIENCIA DE VITAMINA A,,,,1
E509,"DEFICIENCIA DE VITAMINA A, NO ESPECIFICADA",,,,1
E511,BERIBERI,,,,1
E512,ENCEFALOPATÍA DE WERNICKE,,,,1
E518,OTRAS MANIFESTACIONES DE LA DEFICIENCIA DE TIAMINA,,,,1
E519,"DEFICIENCIA DE TIAMINA, NO ESPECIFICADA",,,,1
E52,DEFICIENCIA DE NIACINA [PELAGRA],,,,1
E530,DEFICIENCIA DE RIBOFLAVINA,,,,1
E531,DEFICIENCIA DE PIRIDOXINA,,,,1
E538,DEFICIENCIA DE OTRAS VITAMINAS DEL GRUPO B,,,,1
E539,"DEFICIENCIA DE VITAMINA B, NO ESPECIFICADA",,,,1
E54,DEFICIENCIA DE ÁCIDO ASCÓRBICO,,,,1
E550,RAQUITISMO ACTIVO,,,,1
E559,"DEFICIENCIA DE VITAMINA D, NO ESPECIFICADA",,,,1
E560,DEFICIENCIA DE VITAMINA E,,,,1
E561,DEFICIENCIA DE VITAMINA K,,28,43800,1
E568,DEFICIENCIA DE OTRAS VITAMINAS,,,,1
E569,"DEFICIENCIA DE VITAMINA, NO ESPECIFICADA",,,,1
E58,DEFICIENCIA DIETÉTICA DE CALCIO,,,,1
E59,DEFICIENCIA DIETÉTICA DE SELENIO,,,,1
E60,DEFICIENCIA DIETÉTICA DE ZINC,,,,1
E610,DEFICIENCIA DE COBRE,,,,1
E611,DEFICIENCIA DE HIERRO,,,,1
E612,DEFICIENCIA DE MAGNESIO,,,,1
E613,DEFICIENCIA DE MANGANESO,,,,1
E614,DEFICIENCIA DE CROMO,,,,1
E615,DEFICIENCIA DE MOLIBDENO,,,,1
E616,DEFICIENCIA DE VANADIO,,,,1
E617,DEFICIENCIA DE MÚLTIPLES ELEMENTOS NUTRICIONALES,,,,1
E618,DEFICIENCIA DE OTROS ELEMENTOS NUTRICIONALES ESPECIFICADOS,,,,1
E619,"DEFICIENCIA DE OTRO ELEMENTO NUTRICIONAL, NO ESPECIFICADO",,,,1
E630,DEFICIENCIA DE ÁCIDOS GRASOS ESENCIALES [AGE],,28,43800,1
E631,DESEQUILIBRIO DE LOS CONSTITUYENTES EN LA DIETA,,28,43800,1
E638,OTRAS DEFICIENCIAS NUTRICIONALES ESPECIFICADAS,,28,43800,1
E639,"DEFICIENCIA NUTRICIONAL, NO ESPECIFICADA",,28,43800,1
E640,SECUELAS DE LA DESNUTRICIÓN PROTEICOCALÓRICA,,,,1
E641,SECUELAS DE LA DEFICIENCIA DE VITAMINA A,,,,1
E642,SECUELAS DE LA DEFICIENCIA DE VITAMINA C,,,,1
E643,SECUELAS DEL RAQUITISMO,,365,43800,1
E648,SECUELAS DE OTRAS DEFICIENCIAS NUTRICIONALES,,,,1
E649,SECUELAS DE LA DEFICIENCIA NUTRICIONAL NO ESPECIFICADA,,,,1
E65,ADIPOSIDAD LOCALIZADA,,,,1
E660,OBESIDAD DEBIDA A EXCESO DE CALORÍAS,,,,1
E661,OBESIDAD INDUCIDA POR DROGAS,,,,1
E662,OBESIDAD EXTREMA CON HIPOVENTILACIÓN ALVEOLAR,,,,1
E668,OTROS TIPOS DE OBESIDAD,,,,1
E669,"OBESIDAD, NO ESPECIFICADA",,,,1
E670,HIPERVITAMINOSIS A,,,,1
E671,HIPERCAROTINEMIA,,,,1
E672,SÍNDROME DE MEGAVITAMINA B6,,,,1
E673,HIPERVITAMINOSIS D,,,,1
E678,OTROS TIPOS DE HIPERALIMENTACIÓN ESPECIFICADOS,,,,1
E68,SECUELAS DE HIPERALIMENTACIÓN,,,,1
E700,FENILCETONURIA CLÁSICA,,,,1
E701,OTRAS HIPERFENILALANINEMIAS,,,,1
E702,TRASTORNOS DEL METABOLISMO DE LA TIROSINA,,,,1
E703,ALBINISMO,,,,1
E708,OTROS TRASTORNOS DEL METABOLISMO DE LOS AMINOÁCIDOS AROMÁTICOS,,,,1
E709,"TRASTORNO DEL METABOLISMO DE LOS AMINOÁCIDOS AROMÁTICOS, NO ESPECIFICADO",,,,1
E710,ENFERMEDAD DE LA ORINA EN JARABE DE ARCE,,,,1
E711,OTROS TRASTORNOS DEL METABOLISMO DE LOS AMINOÁCIDOS DE CADENA RAMIFICADA,,,,1
E712,"OTROS TRASTORNOS DEL METABOLISMO DE LOS AMINOÁCIDOS DE CADENA RAMIFICADA, NO ESPECIFICADOS",,,,1
E713,TRASTORNOS DEL METABOLISMO DE LOS ÁCIDOS GRASOS,,,,1
E720,TRASTORNOS DEL TRANSPORTE DE LOS AMINOÁCIDOS,,,,1
E721,TRASTORNOS DEL METABOLISMO DE LOS AMINOÁCIDOS AZUFRADOS,,,,1
E722,TRASTORNOS DEL METABOLISMO DEL CICLO DE LA UREA,,,,1
E723,TRASTORNOS DEL METABOLISMO DE LA LISINA Y LA HIDROXILISINA,,,,1
E724,TRASTORNOS DEL METABOLISMO DE LA ORNITINA,,,,1
E725,TRASTORNOS DEL METABOLISMO DE LA GLICINA,,,,1
E728,OTROS TRASTORNOS ESPECIFICADOS DEL METABOLISMO DE LOS AMINOÁCIDOS,,,,1
E729,"TRASTORNO DEL METABOLISMO DE LOS AMINOÁCIDOS, NO ESPECIFICADO",,,,1
E730,DEFICIENCIA CONGÉNITA DE LACTASA,,,,1
E731,DEFICIENCIA SECUNDARIA DE LACTASA,,,,1
E738,OTROS TIPOS DE INTOLERANCIA A LA LACTOSA,,,,1
E739,"INTOLERANCIA A LA LACTOSA, NO ESPECIFICADA",,,,1
E740,ENFERMEDAD DEL ALMACENAMIENTO DE GLUCÓGENO,,,,1
E741,TRASTORNOS DEL METABOLISMO DE LA FRUCTOSA,,,,1
E742,TRASTORNO DEL METABOLISMO DE LA GALACTOSA,,,,1
E743,OTROS TRASTORNOS DE LA ABSORCIÓN INTESTINAL DE CARBOHIDRATOS,,,,1
E744,TRASTORNOS DEL METABOLISMO DEL PIRUVATO Y DE LA GLUCONEOGÉNESIS,,,,1
E748,OTROS TRASTORNOS ESPECIFICADOS DEL METABOLISMO DE LOS CARBOHIDRATOS,,,,1
E749,"TRASTORNO DEL METABOLISMO DE LOS CARBOHIDRATOS, NO ESPECIFICADO",,,,1
E750,GANGLIOSIDOSIS GM2,,,,1
E751,OTRAS GANGLIOSIDOSIS,,,,1
E752,OTRAS ESFINGOLIPIDOSIS,,,,1
E753,"ESFINGOLIPIDOSIS, NO ESPECIFICADA",,,,1
E754,LIPOFUSCINOSIS CEROIDE NEURONAL,,,,1
E755,OTROS TRASTORNOS DEL ALMACENAMIENTO DE LÍPIDOS,,,,1
E756,"TRASTORNO DEL ALMACENAMIENTO DE LÍPIDOS, NO ESPECIFICADO",,,,1
E760,MUCOPOLISACARIDOSIS TIPO I,,,,1
E761,MUCOPOLISACARIDOSIS TIPO II,,,,1
E762,OTRAS MUCOPOLISACARIDOSIS,,,,1
E763,MUCOPOLISACARIDOSIS NO ESPECIFICADA,,,,1
E768,OTROS TRASTORNOS DEL METABOLISMO DE LOS GLUCOSAMINOGLICANOS,,,,1
E769,"TRASTORNO DEL METABOLISMO DE LOS GLUCOSAMINOGLICANOS, NO ESPECIFICADO",,,,1
E770,DEFECTOS EN LA MODIFICACIÓN POSTRASLACIONAL DE ENZIMAS LISOSOMALES,,,,1
E771,DEFECTOS DE LA DEGRADACIÓN DE GLUCOPROTEÍNAS,,,,1
E778,OTROS TRASTORNOS DEL METABOLISMO DE LAS GLUCOPROTEÍNAS,,,,1
E779,"TRASTORNOS DEL METABOLISMO DE LAS GLUCOPROTEÍNAS, NO ESPECIFICADO",,,,1
E780,HIPERCOLESTEROLEMIA PURA,,,,1
E781,HIPERGLICERIDEMIA PURA,,,,1
E782,HIPERLIPIDEMIA MIXTA,,,,1
E783,HIPERQUILOMICRONEMIA,,,,1
E784,OTRA HIPERLIPIDEMIA,,,,1
E785,HIPERLIPIDEMIA NO ESPECIFICADA,,,,1
E786,DEFICIENCIA DE LIPOPROTEÍNAS,,,,1
E788,OTROS TRASTORNOS DEL METABOLISMO DE LAS LIPOPROTEÍNAS,,,,1
E789,"TRASTORNO DEL METABOLISMO DE LAS LIPOPROTEÍNAS, NO ESPECIFICADO",,,,1
E790,HIPERURICEMIA SIN SIGNOS DE ARTRITIS INFLAMATORIA Y ENFERMEDAD TOFÁCEA,,,,1
E791,SÍNDROME DE LESCH-NYHAN,,,,1
E798,OTROS TRASTORNOS DEL METABOLISMO DE LAS PURINAS Y DE LAS PIRIMIDINAS,,,,1
E799,"TRASTORNO DEL METABOLISMO DE LAS PURINAS Y DE LAS PIRIMIDINAS, NO ESPECIFICADO",,,,1
E800,PORFIRIA ERITROPOYÉTICA HEREDITARIA,,,,1
E801,PORFIRIA CUTÁNEA TARDÍA,,,,1
E802,OTRAS PORFIRIAS,,,,1
E803,DEFECTOS DE CATALASA Y PEROXIDASA,,,,1
E804,SÍNDROME DE GILBERT,,,,1
E805,SÍNDROME DE CRIGLER-NAJJAR,,,,1
E806,OTROS TRASTORNOS DEL METABOLISMO DE LA BILIRRUBINA,,,,1
E807,"TRASTORNO DEL METABOLISMO DE LA BILIRRUBINA, NO ESPECIFICADO",,,,1
E830,TRASTORNOS DEL METABOLISMO DEL COBRE,,,,1
E831,TRASTORNOS DEL METABOLISMO DEL HIERRO,,,,1
E832,TRASTORNOS DEL METABOLISMO DEL ZINC,,,,1
E833,TRASTORNOS DEL METABOLISMO DEL FÓSFORO Y FOSFATASA,,,,1
E834,TRASTORNOS DEL METABOLISMO DEL MAGNESIO,,28,43800,1
E835,TRASTORNOS DEL METABOLISMO DEL CALCIO,,28,43800,1
E838,OTROS TRASTORNOS DEL METABOLISMO DE LOS MINERALES,,,,1
E839,"TRASTORNO DEL METABOLISMO DE LOS MINERALES, NO ESPECIFICADO",,,,1
E840,FIBROSIS QUÍSTICA CON MANIFESTACIONES PULMONARES,,,,1
E841,FIBROSIS QUÍSTICA CON MANIFESTACIONES INTESTINALES,,,,1
E848,FIBROSIS QUÍSTICA CON OTRAS MANIFESTACIONES,,,,1
E849,"FIBROSIS QUÍSTICA, SIN OTRA ESPECIFICACIÓN",,,,1
E850,AMILOIDOSIS HEREDOFAMILIAR NO NEUROPÁTICA,,,,1
E851,AMILOIDOSIS HEREDOFAMILIAR NEUROPÁTICA,,,,1
E852,AMILOIDOSIS HEREDOFAMILIAR NO ESPECIFICADA,,,,1
E853,AMILOIDOSIS SISTÉMICA SECUNDARIA,,,,1
E854,AMILOIDOSIS LIMITADA A UN ÓRGANO,,,,1
E858,OTRAS AMILOIDOSIS,,,,1
E859,"AMILOIDOSIS, NO ESPECIFICADA",,,,1
E86,DEPLECIÓN DEL VOLUMEN,,28,43800,1
E870,HIPEROSMOLARIDAD E HIPERNATREMIA,,,,1
E871,HIPOSMOLARIDAD E HIPONATREMIA,,,,1
E872,ACIDOSIS,,,,1
E873,ALCALOSIS,,,,1
E874,TRASTORNOS MIXTOS DEL BALANCE ÁCIDO-BÁSICO,,,,1
E875,HIPERPOTASEMIA,,,,1
E876,HIPOPOTASMIA,,,,1
E877,SOBRECARGA DE LÍQUIDOS,,,,1
E878,"OTROS TRASTORNOS DEL EQUILIBRIO DE LOS ELECTRÓLITOS Y DE LOS LÍQUIDOS, NO CLASIFICADOS EN OTRA PARTE",,,,1
E880,"TRASTORNOS DEL METABOLISMO DE LAS PROTEÍNAS PLASMÁTICAS, NO CLASIFICADOS EN OTRA PARTE",,,,1
E881,"LIPODISTROFIA, NO CLASIFICADA EN OTRA PARTE",,,,1
E882,"LIPOMATOSIS, NO CLASIFICADA EN OTRA PARTE",,,,1
E883,SÍNDROME DE LISIS TUMORAL,,,,1
E888,OTROS TRASTORNOS ESPECIFICADOS DEL METABOLISMO,,,,1
E889,"TRASTORNO METABÓLICO, NO ESPECIFICADO",,,,1
E890,HIPOTIROIDISMO CONSECUTIVO A PROCEDIMIENTOS,,,,1
E891,HIPOINSULINEMIA CONSECUTIVA A PROCEDIMIENTOS,,,,1
E892,HIPOPARATIROIDISMO CONSECUTIVO A PROCEDIMIENTOS,,,,1
E893,HIPOPITUITARISMO CONSECUTIVO A PROCEDIMIENTOS,,,,1
E894,INSUFICIENCIA OVÁRICA CONSECUTIVA A PROCEDIMIENTOS,F,,,1
E895,HIPOFUNCIÓN TESTICULAR CONSECUTIVA A PROCEDIMIENTOS,M,,,1
E896,HIPOFUNCIÓN ADRENOCORTICAL [MÉDULA SUPRARRENAL] CONSECUTIVA A PROCEDIMIENTOS,,,,1
E898,OTROS TRASTORNOS METABÓLICOS Y ENDOCRINOS CONSECUTIVOS A PROCEDIMIENTOS,,,,1
E899,"TRASTORNO ENDOCRINO Y METABÓLICO CONSECUTIVO A PROCEDIMIENTOS, NO ESPECIFICADO",,,,1
E90,TRASTORNOS NUTRICIONALES Y METABÓLICOS EN ENFERMEDADES CLASIFICADAS EN OTRA PARTE,,,,1
F000,"DEMENCIA EN LA ENFERMEDAD DE ALZHEIMER, DE COMIENZO TEMPRANO",,9125,43800,1
F001,"DEMENCIA EN LA ENFERMEDAD DE ALZHEIMER, DE COMIENZO TARDÍO",,9125,43800,1
F002,"DEMENCIA EN LA ENFERMEDAD DE ALZHEIMER, ATÍPICA O DE TIPO MIXTO",,9125,43800,1
F009,"DEMENCIA EN LA ENFERMEDAD DE ALZHEIMER, NO ESPECIFICADA",,9125,43800,1
F010,DEMENCIA VASCULAR DE COMIENZO AGUDO,,9125,43800,1
F011,DEMENCIA VASCULAR POR INFARTOS MÚLTIPLES,,9125,43800,1
F012,DEMENCIA VASCULAR SUBCORTICAL,,9125,43800,1
F013,"DEMENCIA VASCULAR MIXTA, CORTICAL Y SUBCORTICAL",,9125,43800,1
F018,OTRAS DEMENCIA VASCULARES,,9125,43800,1
F019,"DEMENCIA VASCULAR, NO ESPECIFICADA",,9125,43800,1
F020,DEMENCIA EN LA ENFERMEDAD DE PICK,,9125,43800,1
F021,DEMENCIA EN LA ENFERMEDAD DE CREUTZFELDT-JAKOB,,9125,43800,1
F022,DEMENCIA EN LA ENFERMEDAD DE HUNTINGTON,,9125,43800,1
F023,DEMENCIA EN LA ENFERMEDAD DE PARKINSON,,9125,43800,1
F024,DEMENCIA EN LA ENFERMEDAD POR VIRUS DE LA INMUNODEFICIENCIA HUMANA [VIH],,9125,43800,1
F028,DEMENCIA EN OTRAS ENFERMEDADES ESPECIFICADAS CLASIFICADAS EN OTRA PARTE,,,,1
F03,"DEMENCIA , NO ESPECIFICADA",,18250,43800,1
F04,"SÍNDROME AMNÉSICO ORGÁNICO, NO INDUCIDO POR ALCOHOL O POR OTRAS SUSTANCIAS PSICOACTIVAS",,,,1
F050,"DELIRIO NO SUPERPUESTO A UN CUADRO DE DEMENCIA, ASÍ DESCRITO",,,,1
F051,DELIRIO SUPERPUESTO A UN CUADRO DE DEMENCIA,,9125,43800,1
F058,OTROS DELIRIOS,,,,1
F059,"DELIRIO, NO ESPECIFICADO",,,,1
F060,ALUCINOSIS ORGÁNICA,,,,1
F061,"TRASTORNO CATATÓNICO, ORGÁNICO",,,,1
F062,"TRASTORNO DELIRANTE [ESQUIZOFRENIFORME], ORGÁNICO",,,,1
F063,"TRASTORNOS DEL HUMOR [AFECTIVOS], ORGÁNICOS",,,,1
F064,"TRASTORNO DE ANSIEDAD, ORGÁNICO",,,,1
F065,"TRASTORNO DISOCIATIVO, ORGÁNICO",,,,1
F066,"TRASTORNO DE LABILIDAD EMOCIONAL [ASTÉNICO], ORGÁNICO",,,,1
F067,TRASTORNO COGNOSCITIVO LEVE,,,,1
F068,OTROS TRASTORNOS MENTALES ESPECIFICADOS DEBIDOS A LESIÓN Y DISFUNCIÓN CEREBRAL Y A ENFERMEDAD FÍSICA,,,,1
F069,TRASTORNO MENTAL NO ESPECIFICADO DEBIDO A LESIÓN Y DISFUNCIÓN CEREBRAL Y A ENFERMEDAD FÍSICA,,,,1
F070,"TRASTORNO DE LA PERSONALIDAD, ORGÁNICO",,,,1
F071,SÍNDROME POSTENCEFALÍTICO,,,,1
F072,SÍNDROME POSTCONCUSIONAL,,,,1
F078,"OTROS TRASTORNOS ORGÁNICOS DE LA PERSONALIDAD Y DEL COMPORTAMIENTO DEBIDOS A ENFERMEDAD, LESIÓN Y DISFUNCIÓN CEREBRALES",,,,1
F079,"TRASTORNO ORGÁNICO DE LA PERSONALIDAD Y DEL COMPORTAMIENTO, NO ESPECIFICADO, DEBIDO A ENFERMEDAD, LESIÓN Y DISFUNCIÓN CEREBRAL",,,,1
F09,"TRASTORNO MENTAL ORGÁNICO O SINTOMÁTICO, NO ESPECIFICADO",,,,1
F100,"TRASTORNOS MENTALES Y DEL COMPORTAMIENTO DEBIDOS AL USO DE ALCOHOL, INTOXICACIÓN AGUDA",,,,1
F101,"TRASTORNOS MENTALES Y DEL COMPORTAMIENTO DEBIDOS AL USO DE ALCOHOL, USO NOCIVO",,365,43800,1
F102,"TRASTORNOS MENTALES Y DEL COMPORTAMIENTO DEBIDOS AL USO DE ALCOHOL, SÍNDROME DE DEPENDENCIA",,1825,43800,1
F103,"TRASTORNOS MENTALES Y DEL COMPORTAMIENTO DEBIDOS AL USO DE ALCOHOL, ESTADO DE ABSTINENCIA",,3650,43800,1
F104,"TRASTORNOS MENTALES Y DEL COMPORTAMIENTO DEBIDOS AL USO DE ALCOHOL, ESTADO DE ABSTINENCIA CON DELIRIO",,3650,43800,1
F105,"TRASTORNOS MENTALES Y DEL COMPORTAMIENTO DEBIDOS AL USO DE ALCOHOL, TRASTORNO PSICÓTICO",,3650,43800,1
F106,"TRASTORNOS MENTALES Y DEL COMPORTAMIENTO DEBIDOS AL USO DE ALCOHOL, SÍNDROME AMNÉSICO",,3650,43800,1
F107,"TRASTORNOS MENTALES Y DEL COMPORTAMIENTO DEBIDOS AL USO DE ALCOHOL, TRASTORNO PSICÓTICO RESIDUAL Y DE COMIENZO TARDÍO",,3650,43800,1
F108,"TRASTORNOS MENTALES Y DEL COMPORTAMIENTO DEBIDOS AL USO DE ALCOHOL, OTROS TRASTORNOS MENTALES Y DEL COMPORTAMIENTO",,3650,43800,1
F109,"TRASTORNOS MENTALES Y DEL COMPORTAMIENTO DEBIDOS AL USO DE ALCOHOL, TRASTORNO MENTAL Y DEL COMPORTAMIENTO, NO ESPECIFICADO",,3650,43800,1
F110,"TRASTORNOS MENTALES Y DEL COMPORTAMIENTO DEBIDOS AL USO DE OPIÁCEOS, INTOXICACIÓN AGUDA",,365,43800,1
F111,"TRASTORNOS MENTALES Y DEL COMPORTAMIENTO DEBIDOS AL USO DE OPIÁCEOS, USO NOCIVO",,3650,43800,1
F112,"TRASTORNOS MENTALES Y DEL COMPORTAMIENTO DEBIDOS AL USO DE OPIÁCEOS, SÍNDROME DE DEPENDENCIA",,3650,43800,1
F113,"TRASTORNOS MENTALES Y DEL COMPORTAMIENTO DEBIDOS AL USO DE OPIÁCEOS, ESTADO DE ABSTINENCIA",,365,43800,1
F114,"TRASTORNOS MENTALES Y DEL COMPORTAMIENTO DEBIDOS AL USO DE OPIÁCEOS, ESTADO DE ABSTINENCIA CON DELIRIO",,3650,43800,1
F115,"TRASTORNOS MENTALES Y DEL COMPORTAMIENTO DEBIDOS AL USO DE OPIÁCEOS, TRASTORNO PSICÓTICO",,3650,43800,1
F116,"TRASTORNOS MENTALES Y DEL COMPORTAMIENTO DEBIDOS AL USO DE OPIÁCEOS, SÍNDROME AMNÉSICO",,3650,43800,1
F117,"TRASTORNOS MENTALES Y DEL COMPORTAMIENTO DEBIDOS AL USO DE OPIÁCEOS, TRASTORNO PSICÓTICO RESIDUAL Y DE COMIENZO TARDÍO",,3650,43800,1
F118,"TRASTORNOS MENTALES Y DEL COMPORTAMIENTO DEBIDOS AL USO DE OPIÁCEOS, OTROS TRASTORNOS MENTALES Y DEL COMPORTAMIENTO",,3650,43800,1
F119,"TRASTORNOS MENTALES Y DEL COMPORTAMIENTO DEBIDOS AL USO DE OPIÁCEOS, TRASTORNO MENTAL Y DEL COMPORTAMIENTO, NO ESPECIFICADO",,3650,43800,1
F120,"TRASTORNOS MENTALES Y DEL COMPORTAMIENTO DEBIDOS AL USO DE CANNABINOIDES, INTOXICACIÓN AGUDA",,,,1
F121,"TRASTORNOS MENTALES Y DEL COMPORTAMIENTO DEBIDOS AL USO DE CANNABINOIDES, USO NOCIVO",,1825,43800,1
F122,"TRASTORNOS MENTALES Y DEL COMPORTAMIENTO DEBIDOS AL USO DE CANNABINOIDES, SÍNDROME DE DEPENDENCIA",,3650,43800,1
F123,"TRASTORNOS MENTALES Y DEL COMPORTAMIENTO DEBIDOS AL USO DE CANNABINOIDES, ESTADO DE ABSTINENCIA",,365,43800,1
F124,"TRASTORNOS MENTALES Y DEL COMPORTAMIENTO DEBIDOS AL USO DE CANNABINOIDES, ESTADO DE ABSTINENCIA CON DELIRIO",,3650,43800,1
F125,"TRASTORNOS MENTALES Y DEL COMPORTAMIENTO DEBIDOS AL USO DE CANNABINOIDES, TRASTORNO PSICÓTICO",,3650,43800,1
F126,"TRASTORNOS MENTALES Y DEL COMPORTAMIENTO DEBIDOS AL USO DE CANNABINOIDES, SÍNDROME AMNÉSICO",,3650,43800,1
F127,"TRASTORNOS MENTALES Y DEL COMPORTAMIENTO DEBIDOS AL USO DE CANNABINOIDES, TRASTORNO PSICÓTICO RESIDUAL Y DE COMIENZO TARDÍO",,3650,43800,1
F128,"TRASTORNOS MENTALES Y DEL COMPORTAMIENTO DEBIDOS AL USO DE CANNABINOIDES, OTROS TRASTORNOS MENTALES Y DEL COMPORTAMIENTO",,3650,43800,1
F129,"TRASTORNOS MENTALES Y DEL COMPORTAMIENTO DEBIDOS AL USO DE CANNABINOIDES, TRASTORNO MENTAL Y DEL COMPORTAMIENTO, NO ESPECIFICADO",,3650,43800,1
F130,"TRASTORNOS MENTALES Y DEL COMPORTAMIENTO DEBIDOS AL USO DE SEDANTES O HIPNÓTICOS, INTOXICACIÓN AGUDA",,1825,43800,1
F131,"TRASTORNOS MENTALES Y DEL COMPORTAMIENTO DEBIDOS AL USO DE SEDANTES O HIPNÓTICOS, USO NOCIVO",,1825,43800,1
F132,"TRASTORNOS MENTALES Y DEL COMPORTAMIENTO DEBIDOS AL USO DE SEDANTES O HIPNÓTICOS, SÍNDROME DE DEPENDENCIA",,3650,43800,1
F133,"TRASTORNOS MENTALES Y DEL COMPORTAMIENTO DEBIDOS AL USO DE SEDANTES O HIPNÓTICOS, ESTADO DE ABSTINENCIA",,3650,43800,1
F134,"TRASTORNOS MENTALES Y DEL COMPORTAMIENTO DEBIDOS AL USO DE SEDANTES O HIPNÓTICOS, ESTADO DE ABSTINENCIA CON DELIRIO",,3650,43800,1
F135,"TRASTORNOS MENTALES Y DEL COMPORTAMIENTO DEBIDOS AL USO DE SEDANTES O HIPNÓTICOS, TRASTORNO PSICÓTICO",,3650,43800,1
F136,"TRASTORNOS MENTALES Y DEL COMPORTAMIENTO DEBIDOS AL USO DE SEDANTES O HIPNÓTICOS, SÍNDROME AMNÉSICO",,3650,43800,1
F137,"TRASTORNOS MENTALES Y DEL COMPORTAMIENTO DEBIDOS AL USO DE SEDANTES O HIPNÓTICOS, TRASTORNO PSICÓTICO RESIDUAL Y DE COMIENZO TARDÍO",,3650,43800,1
F138,"TRASTORNOS MENTALES Y DEL COMPORTAMIENTO DEBIDOS AL USO DE SEDANTES O HIPNÓTICOS, OTROS TRASTORNOS MENTALES Y DEL COMPORTAMIENTO",,3650,43800,1
F139,"TRASTORNOS MENTALES Y DEL COMPORTAMIENTO DEBIDOS AL USO DE SEDANTES O HIPNÓTICOS, TRASTORNOS MENTAL Y DEL COMPORTAMIENTO, NO ESPECIFICADOS",,3650,43800,1
F140,"TRASTORNOS MENTALES Y DEL COMPORTAMIENTO DEBIDOS AL USO DE COCAÍNA, INTOXICACIÓN AGUDA",,3650,43800,1
F141,"TRASTORNOS MENTALES Y DEL COMPORTAMIENTO DEBIDOS AL USO DE COCAÍNA, USO NOCIVO",,3650,43800,1
F142,"TRASTORNOS MENTALES Y DEL COMPORTAMIENTO DEBIDOS AL USO DE COCAÍNA, SÍNDROME DE DEPENDENCIA",,3650,43800,1
F143,"TRASTORNOS MENTALES Y DEL COMPORTAMIENTO DEBIDOS AL USO DE COCAÍNA, ESTADO DE ABSTINENCIA",,365,43800,1
F144,"TRASTORNOS MENTALES Y DEL COMPORTAMIENTO DEBIDOS AL USO DE COCAÍNA, ESTADO DE ABSTINENCIA CON DELIRIO",,3650,43800,1
F145,"TRASTORNOS MENTALES Y DEL COMPORTAMIENTO DEBIDOS AL USO DE COCAÍNA, TRASTORNO PSICÓTICO",,3650,43800,1
F146,"TRASTORNOS MENTALES Y DEL COMPORTAMIENTO DEBIDOS AL USO DE COCAÍNA, SÍNDROME AMNÉSICO",,3650,43800,1
F147,"TRASTORNOS MENTALES Y DEL COMPORTAMIENTO DEBIDOS AL USO DE COCAÍNA, TRASTORNO PSICÓTICO RESIDUAL Y DE COMIENZO TARDÍO",,3650,43800,1
F148,"TRASTORNOS MENTALES Y DEL COMPORTAMIENTO DEBIDOS AL USO DE COCAÍNA, OTROS TRASTORNOS MENTALES Y DEL COMPORTAMIENTO",,3650,43800,1
F149,"TRASTORNOS MENTALES Y DEL COMPORTAMIENTO DEBIDOS AL USO DE COCAÍNA, TRASTORNO MENTAL Y DEL COMPORTAMIENTO, NO ESPECIFICADO",,3650,43800,1
F150,"TRASTORNOS MENTALES Y DEL COMPORTAMIENTO DEBIDOS AL USO DE OTROS ESTIMULANTES, INCLUIDA LA CAFEÍNA, INTOXICACIÓN AGUDA",,3650,43800,1
F151,"TRASTORNOS MENTALES Y DEL COMPORTAMIENTO DEBIDOS AL USO DE OTROS ESTIMULANTES, INCLUIDA LA CAFEÍNA, USO NOCIVO",,3650,43800,1
F152,"TRASTORNOS MENTALES Y DEL COMPORTAMIENTO DEBIDOS AL USO DE OTROS ESTIMULANTES, INCLUIDA LA CAFEÍNA, SÍNDROME DE DEPENDENCIA",,3650,43800,1
F153,"TRASTORNOS MENTALES Y DEL COMPORTAMIENTO DEBIDOS AL USO DE OTROS ESTIMULANTES, INCLUIDA LA CAFEÍNA, ESTADO DE ABSTINENCIA",,365,43800,1
F154,"TRASTORNOS MENTALES Y DEL COMPORTAMIENTO DEBIDOS AL USO DE OTROS ESTIMULANTES, INCLUIDA LA CAFEÍNA, ESTADO DE ABSTINENCIA CON DELIRIO",,3650,43800,1
F155,"TRASTORNOS MENTALES Y DEL COMPORTAMIENTO DEBIDOS AL USO DE OTROS ESTIMULANTES, INCLUIDA LA CAFEÍNA, TRASTORNO PSICÓTICO",,3650,43800,1
F156,"TRASTORNOS MENTALES Y DEL COMPORTAMIENTO DEBIDOS AL USO DE OTROS ESTIMULANTES, INCLUIDA LA CAFEÍNA, SÍNDROME AMNÉSICO",,3650,43800,1
F157,"TRASTORNOS MENTALES Y DEL COMPORTAMIENTO DEBIDOS AL USO DE OTROS ESTIMULANTES, INCLUIDA LA CAFEÍNA, TRASTORNO PSICÓTICO RESIDUAL Y DE COMIENZO TARDÍO",,3650,43800,1
F158,"TRASTORNOS MENTALES Y DEL COMPORTAMIENTO DEBIDOS AL USO DE OTROS ESTIMULANTES, INCLUIDA LA CAFEÍNA, OTROS TRASTORNOS MENTALES Y DEL COMPORTAMIENTO",,3650,43800,1
F159,"TRASTORNOS MENTALES Y DEL COMPORTAMIENTO DEBIDOS AL USO DE OTROS ESTIMULANTES, INCLUIDA LA CAFEÍNA, TRASTORNO MENTAL Y DEL COMPORTAMIENTO, NO ESPECIFICADO",,3650,43800,1
F160,"TRASTORNOS MENTALES Y DEL COMPORTAMIENTO DEBIDOS AL USO DE ALUCINÓGENOS, INTOXICACIÓN AGUDA",,1825,43800,1
F161,"TRASTORNOS MENTALES Y DEL COMPORTAMIENTO DEBIDOS AL USO DE ALUCINÓGENOS, USO NOCIVO",,3650,43800,1
F162,"TRASTORNOS MENTALES Y DEL COMPORTAMIENTO DEBIDOS AL USO DE ALUCINÓGENOS, SÍNDROME DE DEPENDENCIA",,3650,43800,1
F163,"TRASTORNOS MENTALES Y DEL COMPORTAMIENTO DEBIDOS AL USO DE ALUCINÓGENOS, ESTADO DE ABSTINENCIA",,365,43800,1
F164,"TRASTORNOS MENTALES Y DEL COMPORTAMIENTO DEBIDOS AL USO DE ALUCINÓGENOS, ESTADO DE ABSTINENCIA CON DELIRIO",,3650,43800,1
F165,"TRASTORNOS MENTALES Y DEL COMPORTAMIENTO DEBIDOS AL USO DE ALUCINÓGENOS, TRASTORNO PSICÓTICO",,3650,43800,1
F166,"TRASTORNOS MENTALES Y DEL COMPORTAMIENTO DEBIDOS AL USO DE ALUCINÓGENOS, SÍNDROME AMNÉSICO",,3650,43800,1
F167,"TRASTORNOS MENTALES Y DEL COMPORTAMIENTO DEBIDOS AL USO DE ALUCINÓGENOS, TRASTORNO PSICÓTICO RESIDUAL Y DE COMIENZO TARDÍO",,3650,43800,1
F168,"TRASTORNOS MENTALES Y DEL COMPORTAMIENTO DEBIDOS AL USO DE ALUCINÓGENOS, OTROS TRASTORNO MENTALES Y DEL COMPORTAMIENTO",,3650,43800,1
F169,"TRASTORNOS MENTALES Y DEL COMPORTAMIENTO DEBIDOS AL USO DE ALUCINÓGENOS, TRASTORNO MENTAL Y DEL COMPORTAMIENTO, NO ESPECIFICADO",,3650,43800,1
F170,"TRASTORNOS MENTALES Y DEL COMPORTAMIENTO DEBIDOS AL USO DE TABACO, INTOXICACIÓN AGUDA",,1825,43800,1
F171,"TRASTORNOS MENTALES Y DEL COMPORTAMIENTO DEBIDOS AL USO DE TABACO, USO NOCIVO",,3650,43800,1
F172,"TRASTORNOS MENTALES Y DEL COMPORTAMIENTO DEBIDOS AL USO DE TABACO, SÍNDROME DE DEPENDENCIA",,3650,43800,1
F173,"TRASTORNOS MENTALES Y DEL COMPORTAMIENTO DEBIDOS AL USO DE TABACO, ESTADO DE ABSTINENCIA",,365,43800,1
F174,"TRASTORNOS MENTALES Y DEL COMPORTAMIENTO DEBIDOS AL USO DE TABACO, ESTADO DE ABSTINENCIA CON DELIRIO",,3650,43800,1
F175,"TRASTORNOS MENTALES Y DEL COMPORTAMIENTO DEBIDOS AL USO DE TABACO, TRASTORNO PSICÓTICO",,3650,43800,1
F176,"TRASTORNOS MENTALES Y DEL COMPORTAMIENTO DEBIDOS AL USO DE TABACO, SÍNDROME AMNÉSICO",,3650,43800,1
F177,"TRASTORNOS MENTALES Y DEL COMPORTAMIENTO DEBIDOS AL USO DE TABACO, TRASTORNO PSICÓTICO RESIDUAL Y DE COMIENZO TARDIO",,3650,43800,1
F178,"TRASTORNOS MENTALES Y DEL COMPORTAMIENTO DEBIDOS AL USO DE TABACO, OTROS TRASTORNOS MENTALES Y DEL COMPORTAMIENTO",,3650,43800,1
F179,"TRASTORNOS MENTALES Y DEL COMPORTAMIENTO DEBIDOS AL USO DE TABACO, TRASTORNO MENTAL Y DEL COMPORTAMIENTO, NO ESPECIFICADO",,3650,43800,1
F180,"TRASTORNOS MENTALES Y DEL COMPORTAMIENTO DEBIDOS AL USO DE DISOLVENTES VOLÁTILES, INTOXICACIÓN AGUDA",,,,1
F181,"TRASTORNOS MENTALES Y DEL COMPORTAMIENTO DEBIDOS AL USO DE DISOLVENTES VOLÁTILES, USO NOCIVO",,,,1
F182,"TRASTORNOS MENTALES Y DEL COMPORTAMIENTO DEBIDOS AL USO DE DISOLVENTES VOLÁTILES, SÍNDROME DE DEPENDENCIA",,,,1
F183,"TRASTORNOS MENTALES Y DEL COMPORTAMIENTO DEBIDOS AL USO DE DISOLVENTES VOLÁTILES, ESTADO DE ABSTINENCIA",,365,43800,1
F184,"TRASTORNOS MENTALES Y DEL COMPORTAMIENTO DEBIDOS AL USO DE DISOLVENTES VOLÁTILES, ESTADO DE ABSTINENCIA CON DELIRIO",,,,1
F185,"TRASTORNOS MENTALES Y DEL COMPORTAMIENTO DEBIDOS AL USO DE DISOLVENTES VOLÁTILES, TRASTORNO PSICÓTICO",,,,1
F186,"TRASTORNOS MENTALES Y DEL COMPORTAMIENTO DEBIDOS AL USO DE DISOLVENTES VOLÁTILES, SÍNDROME AMNÉSICO",,,,1
F187,"TRASTORNOS MENTALES Y DEL COMPORTAMIENTO DEBIDOS AL USO DE DISOLVENTES VOLÁTILES, TRASTORNO PSICÓTICO RESIDUAL Y DE COMIENZO TARDÍO",,,,1
F188,"TRASTORNOS MENTALES Y DEL COMPORTAMIENTO DEBIDOS AL USO DE DISOLVENTES VOLÁTILES, OTROS TRASTORNOS MENTALES Y DEL COMPORTAMIENTO",,,,1
F189,"TRASTORNOS MENTALES Y DEL COMPORTAMIENTO DEBIDOS AL USO DE DISOLVENTES VOLÁTILES, TRASTORNO MENTAL Y DEL COMPORTAMIENTO, NO ESPECIFICADO",,,,1
F190,"TRASTORNOS MENTALES Y DEL COMPORTAMIENTO DEBIDOS AL USO DE MÚLTIPLES DROGAS Y AL USO DE OTRAS SUSTANCIAS PSICOACTIVAS, INTOXICACIÓN AGUDA",,,,1
F191,"TRASTORNOS MENTALES Y DEL COMPORTAMIENTO DEBIDOS AL USO DE MÚLTIPLES DROGAS Y AL USO DE OTRAS SUSTANCIAS PSICOACTIVAS, USO NOCIVO",,,,1
F192,"TRASTORNOS MENTALES Y DEL COMPORTAMIENTO DEBIDOS AL USO DE MÚLTIPLES DROGAS Y AL USO DE OTRAS SUSTANCIAS PSICOACTIVAS, SÍNDROME DE DEPENDENDENCIA",,,,1
F193,"TRASTORNOS MENTALES Y DEL COMPORTAMIENTO DEBIDOS AL USO DE MÚLTIPLES DROGAS Y AL USO DE OTRAS SUSTANCIAS PSICOACTIVAS, ESTADO DE ABSTINENCIA",,365,43800,1
F194,"TRASTORNOS MENTALES Y DEL COMPORTAMIENTO DEBIDOS AL USO DE MÚLTIPLES DROGAS Y AL USO DE OTRAS SUSTANCIAS PSICOACTIVAS, ESTADO DE ABSTINENCIA CON DELIRIO",,,,1
F195,"TRASTORNOS MENTALES Y DEL COMPORTAMIENTO DEBIDOS AL USO DE MÚLTIPLES DROGAS Y AL USO DE OTRAS SUSTANCIAS PSICOACTIVAS, TRASTORNO PSICÓTICO",,,,1
F196,"TRASTORNOS MENTALES Y DEL COMPORTAMIENTO DEBIDOS AL USO DE MÚLTIPLES DROGAS Y AL USO DE OTRAS SUSTANCIAS PSICOACTIVAS, SÍNDROME AMNÉSICO",,,,1
F197,"TRASTORNOS MENTALES Y DEL COMPORTAMIENTO DEBIDOS AL USO DE MULTIPLES DROGAS Y AL USO DE OTRAS SUSTANCIAS PSICOACTIVAS, TRASTORNO PSICÓTICO RESIDUAL Y DE COMIENZO TARDÍO",,,,1
F198,"TRASTORNOS MENTALES Y DEL COMPORTAMIENTO DEBIDOS AL USO DE MÚLTIPLES DROGAS Y AL USO DE OTRAS SUSTANCIAS PSICOACTIVAS, OTROS TRASTORNOS MENTALES Y DEL COMPORTAMIENTO",,,,1
F199,"TRASTORNOS MENTALES Y DEL COMPORTAMIENTO DEBIDOS AL USO DE MÚLTIPLES DROGAS Y AL USO DE OTRAS SUSTANCIAS PSICOACTIVAS, TRASTORNO MENTAL Y DEL COMPORTAMIENTO, NO ESPECIFICADO",,,,1
F200,ESQUIZOFRENIA PARANOIDE,,3650,43800,1
F201,ESQUIZOFRENIA HEBEFRÉNICA,,3650,43800,1
F202,ESQUIZOFRENIA CATATÓNICA,,3650,43800,1
F203,ESQUIZOFRENIA INDIFERENCIADA,,3650,43800,1
F204,DEPRESIÓN POSTESQUIZOFRÉNICA,,3650,43800,1
F205,ESQUIZOFRENIA RESIDUAL,,3650,43800,1
F206,ESQUIZOFRENIA SIMPLE,,3650,43800,1
F208,OTRAS ESQUIZOFRENIAS,,3650,43800,1
F209,"ESQUIZOFRENIA, NO ESPECIFICADA",,3650,43800,1
F21,TRASTORNO ESQUIZOTÍPICO,,3650,43800,1
F220,TRASTORNO DELIRANTE,,,,1
F228,OTROS TRASTORNOS DELIRANTES PERSISTENTES,,,,1
F229,"TRASTORNOS DELIRANTE PERSISTENTE, NO ESPECIFICADO",,,,1
F230,"TRASTORNO PSICÓTICO AGUDO POLIMORFO, SIN SÍNTOMAS DE ESQUIZOFRENIA",,,,1
F231,"TRASTORNO PSICÓTICO AGUDO POLIMORFO, CON SÍNTOMAS DE ESQUIZOFRENIA",,,,1
F232,TRASTORNO PSICÓTICO AGUDO DE TIPO ESQUIZOFRÉNICO,,,,1
F233,"OTRO TRASTORNO PSICÓTICO AGUDO, CON PREDOMINIO DE IDEAS DELIRANTES",,,,1
F238,OTROS TRASTORNOS PSICÓTICOS AGUDOS Y TRANSITORIOS,,,,1
F239,"TRASTORNO PSICÓTICO AGUDO Y TRANSITORIO, NO ESPECIFICADO",,,,1
F24,TRASTORNO DELIRANTE INDUCIDO,,,,1
F250,TRASTORNO ESQUIZOAFECTIVO DE TIPO MANÍACO,,,,1
F251,TRASTORNO ESQUIZOAFECTIVO DE TIPO DEPRESIVO,,,,1
F252,TRASTORNO ESQUIZOAFECTIVO DE TIPO MIXTO,,,,1
F258,OTROS TRASTORNOS ESQUIZOAFECTIVOS,,,,1
F259,"TRASTORNO ESQUIZOAFECTIVO, NO ESPECIFICADO",,,,1
F28,OTROS TRASTORNOS PSICÓTICOS DE ORIGEN NO ORGÁNICO,,,,1
F29,"PSICOSIS DE ORIGEN NO ORGÁNICO, NO ESPECIFICADA",,,,1
F300,HIPOMANÍA,,,,1
F301,MANÍA SIN SÍNTOMAS PSICÓTICOS,,,,1
F302,MANÍA CON SÍNTOMAS PSICÓTICOS,,,,1
F308,OTROS EPISODIOS MANÍACOS,,,,1
F309,"EPISODIO MANÍACO, NO ESPECIFICADO",,,,1
F310,"TRASTORNO AFECTIVO BIPOLAR, EPISODIO HIPOMANÍACO PRESENTE",,,,1
F311,"TRASTORNO AFECTIVO BIPOLAR, EPISODIO MANÍACO PRESENTE SIN SÍNTOMAS PSICÓTICOS",,,,1
F312,"TRASTORNO AFECTIVO BIPOLAR, EPISODIO MANÍACO PRESENTE CON SÍNTOMAS PSICÓTICOS",,,,1
F313,"TRASTORNO AFECTIVO BIPOLAR, EPISODIO DEPRESIVO PRESENTE LEVE O MODERADO",,,,1
F314,"TRASTORNO AFECTIVO BIPOLAR, EPISODIO DEPRESIVO GRAVE PRESENTE SIN SÍNTOMAS PSICÓTICOS",,,,1
F315,"TRASTORNO AFECTIVO BIPOLAR, EPISODIO DEPRESIVO GRAVE PRESENTE CON SÍNTOMAS PSICÓTICOS",,,,1
F316,"TRASTORNO AFECTIVO BIPOLAR, EPISODIO MIXTO PRESENTE",,,,1
F317,"TRASTORNO AFECTIVO BIPOLAR, ACTUALMENTE EN REMISIÓN",,,,1
F318,OTROS TRASTORNOS AFECTIVOS BIPOLARES,,,,1
F319,"TRASTORNO AFECTIVO BIPOLAR, NO ESPECIFICADO",,,,1
F320,EPISODIO DEPRESIVO LEVE,,,,1
F321,EPISODIO DEPRESIVO MODERADO,,,,1
F322,EPISODIO DEPRESIVO GRAVE SIN SÍNTOMAS PSICÓTICOS,,,,1
F323,EPISODIO DEPRESIVO GRAVE CON SÍNTOMAS PSICÓTICOS,,,,1
F328,OTROS EPISODIOS DEPRESIVOS,,,,1
F329,"EPISODIO DEPRESIVO, NO ESPECIFICADO",,,,1
F330,"TRASTORNO DEPRESIVO RECURRENTE, EPISODIO LEVE PRESENTE",,,,1
F331,"TRASTORNO DEPRESIVO RECURRENTE, EPISODIO MODERADO PRESENTE",,,,1
F332,"TRASTORNO DEPRESIVO RECURRENTE, EPISODIO DEPRESIVO GRAVE PRESENTE SIN SÍNTOMAS PSICÓTICOS",,,,1
F333,"TRASTORNO DEPRESIVO RECURRENTE, EPISODIO DEPRESIVO GRAVE PRESENTE, CON SÍNTOMAS PSICÓTICOS",,,,1
F334,TRASTORNO DEPRESIVO RECURRENTE ACTUALMENTE EN REMISIÓN,,,,1
F338,OTROS TRASTORNOS DEPRESIVOS RECURRENTES,,,,1
F339,"TRASTORNO DEPRESIVO RECURRENTE, NO ESPECIFICADO",,,,1
F340,CICLOTIMIA,,,,1
F341,DISTIMIA,,,,1
F348,OTROS TRASTORNOS DEL HUMOR [AFECTIVOS] PERSISTENTES,,,,1
F349,"TRASTORNO PERSISTENTE DEL HUMOR [AFECTIVO], NO ESPECIFICADO",,,,1
F380,"OTROS TRASTORNOS DEL HUMOR [AFECTIVOS], AISLADOS",,,,1
F381,"OTROS TRASTORNOS DEL HUMOR [AFECTIVOS], RECURRENTES",,,,1
F388,"OTROS TRASTORNOS DEL HUMOR [AFECTIVOS], ESPECIFICADOS",,,,1
F39,"TRASTORNO DEL HUMOR [AFECTIVO], NO ESPECIFICADO",,,,1
F400,AGORAFOBIA,,,,1
F401,FOBIAS SOCIALES,,,,1
F402,FOBIAS ESPECÍFICAS (AISLADAS),,,,1
F408,OTROS TRASTORNOS FÓBICOS DE ANSIEDAD,,,,1
F409,"TRASTORNO FÓBICO DE ANSIEDAD, NO ESPECIFICADO",,,,1
F410,TRASTORNO DE PÁNICO [ANSIEDAD PAROXÍSTICA EPISÓDICA],,,,1
F411,TRASTORNO DE ANSIEDAD GENERALIZADA,,,,1
F412,TRASTORNO MIXTO DE ANSIEDAD Y DEPRESIÓN,,,,1
F413,OTROS TRASTORNOS DE ANSIEDAD MIXTOS,,,,1
F418,OTROS TRASTORNOS DE ANSIEDAD ESPECIFICADOS,,,,1
F419,"TRASTORNO DE ANSIEDAD, NO ESPECIFICADO",,,,1
F420,PREDOMINIO DE PENSAMIENTOS O RUMIACIONES OBSESIVAS,,,,1
F421,PREDOMINIO DE ACTOS COMPULSIVOS [RITUALES OBSESIVOS],,,,1
F422,ACTOS E IDEAS OBSESIVAS MIXTOS,,,,1
F428,OTROS TRASTORNOS OBSESIVO-COMPULSIVOS,,,,1
F429,"TRASTORNO OBSESIVO-COMPULSIVO, NO ESPECIFICADO",,,,1
F430,REACCIÓN AL ESTRÉS AGUDO,,,,1
F431,TRASTORNO DE ESTRÉS POSTRAUMÁTICO,,,,1
F432,TRASTORNOS DE ADAPTACIÓN,,,,1
F438,OTRAS REACCIONES AL ESTRÉS GRAVE,,,,1
F439,"REACCIÓN AL ESTRÉS GRAVE, NO ESPECIFICADA",,,,1
F440,AMNESIA DISOCIATIVA,,,,1
F441,FUGA DISOCIATIVA,,,,1
F442,ESTUPOR DISOCIATIVO,,,,1
F443,TRASTORNOS DE TRANCE Y DE POSESIÓN,,,,1
F444,TRASTORNOS DISOCIATIVOS DEL MOVIMIENTO,,,,1
F445,CONVULSIONES DISOCIATIVAS,,,,1
F446,ANESTESIA DISOCIATIVA Y PÉRDIDA SENSORIAL,,,,1
F447,TRASTORNOS DISOCIATIVOS MIXTOS [Y DE CONVERSIÓN],,,,1
F448,OTROS TRASTORNOS DISOCIATIVOS [DE CONVERSIÓN],,,,1
F449,"TRASTORNO DISOCIATIVO [DE CONVERSIÓN], NO ESPECIFICADO",,,,1
F450,TRASTORNO DE SOMATIZACIÓN,,,,1
F451,TRASTORNO SOMATOMORFO INDIFERENCIADO,,,,1
F452,TRASTORNO HIPOCONDRÍACO,,,,1
F453,DISFUNCIÓN AUTONÓMICA SOMATOMORFA,,,,1
F454,TRASTORNO DE DOLOR PERSISTENTE SOMATOMORFO,,,,1
F458,OTROS TRASTORNOS SOMATOMORFOS,,,,1
F459,"TRASTORNO SOMATOMORFO, NO ESPECIFICADO",,,,1
F480,NEURASTENIA,,,,1
F481,SÍNDROME DE DESPERSONALIZACIÓN Y DESVINCULACIÓN DE LA REALIDAD,,,,1
F488,OTROS TRASTORNOS NEURÓTICOS ESPECIFICADOS,,,,1
F489,"TRASTORNO NEURÓTICO, NO ESPECIFICADO",,,,1
F500,ANOREXIA NERVIOSA,,,,1
F501,ANOREXIA NERVIOSA ATÍPICA,,,,1
F502,BULIMIA NERVIOSA,,,,1
F503,BULIMIA NERVIOSA ATÍPICA,,,,1
F504,HIPERFAGIA ASOCIADA CON OTRAS ALTERACIONES PSICOLÓGICAS,,,,1
F505,VÓMITOS ASOCIADOS CON OTRAS ALTERACIONES PSICOLÓGICAS,,,,1
F508,OTROS TRASTORNOS DE LA INGESTIÓN DE ALIMENTOS,,,,1
F509,"TRASTORNO DE LA INGESTIÓN DE ALIMENTOS, NO ESPECIFICADO",,,,1
F510,INSOMNIO NO ORGÁNICO,,,,1
F511,HIPERSOMNIO NO ORGÁNICO,,,,1
F512,TRASTORNO NO ORGÁNICO DEL CICLO SUEÑO-VIGILIA,,,,1
F513,SONAMBULISMO,,,,1
F514,TERRORES DEL SUEÑO [TERRORES NOCTURNOS],,,,1
F515,PESADILLAS,,,,1
F518,OTROS TRASTORNOS NO ORGÁNICOS DEL SUEÑO,,,,1
F519,"TRASTORNO NO ORGÁNICO DEL SUEÑO, NO ESPECIFICADO",,,,1
F520,FALTA O PÉRDIDA DEL DESEO SEXUAL,,4380,31025,1
F521,AVERSIÓN AL SEXO Y FALTA DE GOCE SEXUAL,,4380,31025,1
F522,FALLA DE LA RESPUESTA GENITAL,,4380,31025,1
F523,DISFUNCIÓN ORGÁSMICA,,4380,31025,1
F524,EYACULACIÓN PRECOZ,M,5475,29200,1
F525,VAGINISMO NO ORGÁNICO,F,3650,29200,1
F526,DISPAREUNIA NO ORGÁNICA,,4380,31025,1
F527,IMPULSO SEXUAL EXCESIVO,,4380,31025,1
F528,"OTRAS DISFUNCIONES SEXUALES, NO OCASIONADAS POR TRASTORNO NI POR ENFERMEDAD ORGÁNICOS",,4380,31025,1
F529,"DISFUNCIÓN SEXUAL NO OCASIONADA POR TRASTORNO NI POR ENFERMEDAD ORGÁNICOS, NO ESPECIFICADA",,4380,31025,1
F530,"TRASTORNOS MENTALES Y DEL COMPORTAMIENTO LEVES, ASOCIADOS CON EL PUERPERIO, NO CLASIFICADOS EN OTRA PARTE",F,3650,19710,1
F531,"TRASTORNOS MENTALES Y DEL COMPORTAMIENTO GRAVES, ASOCIADOS CON EL PUERPERIO, NO CLASIFICADOS EN OTRA PARTE",F,3650,19710,1
F538,"OTROS TRASTORNOS MENTALES Y DEL COMPORTAMIENTO ASOCIADOS CON EL PUERPERIO, NO CLASIFICADOS EN OTRA PARTE",F,3650,19710,1
F539,"TRASTORNO MENTAL PUERPERAL, NO ESPECIFICADO",F,3650,19710,1
F54,FACTORES PSICOLÓGICOS Y DEL COMPORTAMIENTO ASOCIADOS CON TRASTORNOS O ENFERMEDADES CLASIFICADOS EN OTRA PARTE,,,,1
F55,ABUSO DE SUSTANCIAS QUE NO PRODUCEN DEPENDENCIA,,,,1
F59,"SÍNDROMES DEL COMPORTAMIENTO ASOCIADOS CON ALTERACIONES FISIOLÓGICAS Y FACTORES FÍSICOS, NO ESPECIFICADOS",,,,1
F600,TRASTORNO PARANOIDE DE LA PERSONALIDAD,,1825,43800,1
F601,TRASTORNO ESQUIZOIDE DE LA PERSONALIDAD,,1825,43800,1
F602,TRASTORNO ASOCIAL DE LA PERSONALIDAD,,1825,43800,1
F603,TRASTORNO DE LA PERSONALIDAD EMOCIONALMENTE INESTABLE,,1825,43800,1
F604,TRASTORNO HISTRIÓNICO DE LA PERSONALIDAD,,1825,43800,1
F605,TRASTORNO ANANCÁSTICO DE LA PERSONALIDAD,,1825,43800,1
F606,"TRASTORNO DE LA PERSONALIDAD ANSIOSA (EVASIVA, ELUSIVA)",,1825,43800,1
F607,TRASTORNO DE LA PERSONALIDAD DEPENDIENTE,,1825,43800,1
F608,OTROS TRASTORNOS ESPECÍFICOS DE LA PERSONALIDAD,,1825,43800,1
F609,"TRASTORNO DE LA PERSONALIDAD, NO ESPECIFICADO",,1825,43800,1
F61,TRASTORNOS MIXTOS Y OTROS TRASTORNOS DE LA PERSONALIDAD,,1825,43800,1
F620,CAMBIO PERDURABLE DE LA PERSONALIDAD DESPUÉS DE UNA EXPERIENCIA CATASTRÓFICA,,1825,43800,1
F621,CAMBIO PERDURABLE DE LA PERSONALIDAD CONSECUTIVO A UNA ENFERMEDAD PSIQUIÁTRICA,,1825,43800,1
F628,OTROS CAMBIOS PERDURABLES DE LA PERSONALIDAD,,1825,43800,1
F629,"CAMBIO PERDURABLE DE LA PERSONALIDAD, NO ESPECIFICADO",,1825,43800,1
F630,JUEGO PATOLÓGICO,,1825,43800,1
F631,PIROMANÍA,,1825,43800,1
F632,HURTO PATOLÓGICO [CLEPTOMANÍA],,1825,43800,1
F633,TRICOTILOMANÍA,,1825,43800,1
F638,OTROS TRASTORNOS DE LOS HÁBITOS Y DE LOS IMPULSOS,,1825,43800,1
F639,"TRASTORNO DE LOS HÁBITOS Y DE LOS IMPULSOS, NO ESPECIFICADO",,1825,43800,1
F640,TRANSEXUALISMO,,3650,43800,1
F641,TRANSVESTISMO DE ROL DUAL,,3650,43800,1
F642,TRASTORNO DE LA IDENTIDAD DE GÉNERO EN LA NIÑEZ,,1825,4380,1
F648,OTROS TRASTORNOS DE LA IDENTIDAD DE GÉNERO,,3650,43800,1
F649,"TRASTORNO DE LA IDENTIDAD DE GÉNERO, NO ESPECIFICADO",,3650,43800,1
F650,FETICHISMO,,3650,43800,1
F651,TRANSVESTISMO FETICHISTA,,3650,43800,1
F652,EXHIBICIONISMO,,3650,43800,1
F653,VOYEURISMO,,3650,43800,1
F654,PEDOFILIA,,6570,43800,1
F655,SADOMASOQUISMO,,6570,43800,1
F656,TRASTORNOS MÚLTIPLES DE LA PREFERENCIA SEXUAL,,3650,43800,1
F658,OTROS TRASTORNOS DE LA PREFERENCIA SEXUAL,,6570,43800,1
F659,"TRASTORNO DE LA PREFERENCIA SEXUAL, NO ESPECIFICADO",,3650,43800,1
F660,TRASTORNO DE LA MADURACIÓN SEXUAL,,3650,43800,1
F661,ORIENTACIÓN SEXUAL EGODISTÓNICA,,3650,43800,1
F662,TRASTORNO DE LA RELACIÓN SEXUAL,,3650,43800,1
F668,OTROS TRASTORNOS DEL DESARROLLO PSICOSEXUAL,,3650,43800,1
F669,"TRASTORNO DEL DESARROLLO PSICOSEXUAL, NO ESPECIFICADO",,3650,43800,1
F680,ELABORACIÓN DE SÍNTOMAS FÍSICOS POR CAUSAS PSICOLÓGICAS,,3650,43800,1
F681,"PRODUCCIÓN INTENCIONAL O SIMULACIÓN DE SÍNTOMAS O DE INCAPACIDADES, TANTO FÍSICAS COMO PSICOLÓGICAS [TRASTORNO FACTICIO]",,3650,43800,1
F688,OTROS TRASTORNOS ESPECIFICADOS DE LA PERSONALIDAD Y DEL COMPORTAMIENTO EN ADULTOS,,3650,43800,1
F69,"TRASTORNO DE LA PERSONALIDAD Y DEL COMPORTAMIENTO EN ADULTOS, NO ESPECIFICADO",,3650,43800,1
F700,"RETRASO MENTAL LEVE, DETERIORO DEL COMPORTAMIENTO NULO O MÍNIMO",,,,1
F701,"RETRASO MENTAL LEVE, DETERIORO DEL COMPORTAMIENTO SIGNIFICATIVO, QUE REQUIERE ATENCIÓN O TRATAMIENTO",,,,1
F708,"RETRASO MENTAL LEVE, OTROS DETERIOROS DEL COMPORTAMIENTO",,,,1
F709,"RETRASO MENTAL LEVE, DETERIORO DEL COMPORTAMIENTO DE GRADO NO ESPECIFICADO",,,,1
F710,"RETRASO MENTAL MODERADO, DETERIORO DEL COMPORTAMIENTO NULO O MÍNIMO",,,,1
F711,"RETRASO MENTAL MODERADO, DETERIORO DEL COMPORTAMIENTO SIGNIFICATIVO, QUE REQUIERE ATENCIÓN O TRATAMIENTO",,,,1
F718,"RETRASO MENTAL MODERADO, OTROS DETERIOROS DEL COMPORTAMIENTO",,,,1
F719,"RETRASO MENTAL MODERADO, DETERIORO DEL COMPORTAMIENTO DE GRADO NO ESPECIFICADO",,,,1
F720,"RETRASO MENTAL GRAVE, DETERIORO DEL COMPORTAMIENTO NULO O MÍNIMO",,,,1
F721,"RETRASO MENTAL GRAVE, DETERIORO DEL COMPORTAMIENTO SIGNIFICATIVO, QUE REQUIERE ATENCIÓN O TRATAMIENTO",,,,1
F728,"RETRASO MENTAL GRAVE, OTROS DETERIOROS DEL COMPORTAMIENTO",,,,1
F729,"RETRASO MENTAL GRAVE, DETERIORO DEL COMPORTAMIENTO DE GRADO NO ESPECIFICADO",,,,1
F730,"RETRASO MENTAL PROFUNDO, DETERIORO DEL COMPORTAMIENTO NULO O MÍNIMO",,,,1
F731,"RETRASO MENTAL PROFUNDO, DETERIORO DEL COMPORTAMIENTO SIGNIFICATIVO, QUE REQUIERE ATENCIÓN O TRATAMIENTO",,,,1
F738,"RETRASO MENTAL PROFUNDO, OTROS DETERIOROS DEL COMPORTAMIENTO",,,,1
F739,"RETRASO MENTAL PROFUNDO, DETERIORO DEL COMPORTAMIENTO DE GRADO NO ESPECIFICADO",,,,1
F780,"OTROS TIPOS DE RETRASO MENTAL, DETERIORO DEL COMPORTAMIENTO NULO O MÍNIMO",,,,1
F781,"OTROS TIPOS DE RETRASO MENTAL, DETERIORO DEL COMPORTAMIENTO SIGNIFICATIVO, QUE REQUIERE ATENCIÓN O TRATAMIENTO",,,,1
F788,"OTROS TIPOS DE RETRASO MENTAL, OTROS DETERIOROS DEL COMPORTAMIENTO",,,,1
F789,"OTROS TIPOS DE RETRASO MENTAL, DETERIORO DEL COMPORTAMIENTO DE GRADO NO ESPECIFICADO",,,,1
F790,"RETRASO MENTAL, NO ESPECIFICADO, DETERIORO DEL COMPORTAMIENTO NULO O MÍNIMO",,,,1
F791,"RETRASO MENTAL, NO ESPECIFICADO, DETERIORO DEL COMPORTAMIENTO SIGNIFICATIVO, QUE REQUIERE ATENCIÓN O TRATAMIENTO",,,,1
F798,"RETRASO MENTAL, NO ESPECIFICADO, OTROS DETERIOROS DEL COMPORTAMIENTO",,,,1
F799,"RETRASO MENTAL, NO ESPECIFICADO, DETERIORO DEL COMPORTAMIENTO DE GRADO NO ESPECIFICADO",,,,1
F800,TRASTORNO ESPECÍFICO DE LA PRONUNCIACIÓN,,,,1
F801,TRASTORNO DEL LENGUAJE EXPRESIVO,,,,1
F802,TRASTORNO DE LA RECEPCIÓN DEL LENGUAJE,,,,1
F803,AFASIA ADQUIRIDA CON EPILEPSIA [LANDAU-KLEFFNER],,,,1
F808,OTROS TRASTORNOS DEL DESARROLLO DEL HABLA Y DEL LENGUAJE,,,,1
F809,TRASTORNO DEL DESARROLLO DEL HABLA Y DEL LENGUAJE NO ESPECIFICADO,,,,1
F810,TRASTORNO ESPECÍFICO DE LA LECTURA,,1825,43800,1
F811,TRASTORNO ESPECÍFICO DEL DELETREO [ORTOGRAFÍA],,1825,43800,1
F812,TRASTORNO ESPECÍFICO DE LAS HABILIDADES ARITMÉTICAS,,1825,43800,1
F813,TRASTORNO MIXTO DE LAS HABILIDADES ESCOLARES,,1825,43800,1
F818,OTROS TRASTORNOS DEL DESARROLLO DE LAS HABILIDADES ESCOLARES,,1825,43800,1
F819,"TRASTORNO DEL DESARROLLO DE LAS HABILIDADES ESCOLARES, NO ESPECIFICADO",,1825,43800,1
F82,TRASTORNO ESPECÍFICO DEL DESARROLLO DE LA FUNCIÓN MOTRIZ,,,,1
F83,TRASTORNOS ESPECÍFICOS MIXTOS DEL DESARROLLO,,,,1
F840,AUTISMO EN LA NIÑEZ,,,,1
F841,AUTISMO ATÍPICO,,,,1
F842,SÍNDROME DE RETT,F,,,1
F843,OTRO TRASTORNO DESINTEGRATIVO DE LA NIÑEZ,,,,1
F844,TRASTORNO HIPERACTIVO ASOCIADO CON RETRASO MENTAL Y MOVIMIENTOS ESTEREOTIPADOS,,,,1
F845,SÍNDROME DE ASPERGER,,,,1
F848,OTROS TRASTORNOS GENERALIZADOS DEL DESARROLLO,,,,1
F849,TRASTORNO GENERALIZADO DEL DESARROLLO NO ESPECIFICADO,,,,1
F88,OTROS TRASTORNOS DEL DESARROLLO PSICOLÓGICO,,,,1
F89,"TRASTORNO DEL DESARROLLO PSICOLÓGICO, NO ESPECIFICADO",,,,1
F900,PERTURBACIÓN DE LA ACTIVIDAD Y DE LA ATENCIÓN,,,,1
F901,TRASTORNO HIPERCINÉTICO DE LA CONDUCTA,,,,1
F908,OTROS TRASTORNOS HIPERCINÉTICOS,,,,1
F909,"TRASTORNO HIPERCINÉTICO, NO ESPECIFICADO",,,,1
F910,TRASTORNO DE LA CONDUCTA LIMITADO AL CONTEXTO FAMILIAR,,365,6205,1
F911,TRASTORNO DE LA CONDUCTA INSOCIABLE,,365,6205,1
F912,TRASTORNO DE LA CONDUCTA SOCIABLE,,1825,6205,1
F913,TRASTORNO OPOSITOR DESAFIANTE,,365,3285,1
F918,OTROS TRASTORNOS DE LA CONDUCTA,,365,6205,1
F919,"TRASTORNO DE LA CONDUCTA, NO ESPECIFICADO",,365,6205,1
F920,TRASTORNO DEPRESIVO DE LA CONDUCTA,,365,6205,1
F928,OTROS TRASTORNOS MIXTOS DE LA CONDUCTA Y DE LAS EMOCIONES,,365,6205,1
F929,"TRASTORNO MIXTO DE LA CONDUCTA Y DE LAS EMOCIONES, NO ESPECIFICADO",,365,6205,1
F930,TRASTORNO DE ANSIEDAD DE SEPARACIÓN EN LA NIÑEZ,,365,6205,1
F931,TRASTORNO DE ANSIEDAD FÓBICA EN LA NIÑEZ,,365,6205,1
F932,TRASTORNO DE ANSIEDAD SOCIAL EN LA NIÑEZ,,365,6205,1
F933,TRASTORNO DE RIVALIDAD ENTRE HERMANOS,,365,6205,1
F938,OTROS TRASTORNOS EMOCIONALES EN LA NIÑEZ,,365,6205,1
F939,"TRASTORNO EMOCIONAL EN LA NIÑEZ, NO ESPECIFICADO",,365,6205,1
F940,MUTISMO ELECTIVO,,365,6205,1
F941,TRASTORNO DE VINCULACIÓN REACTIVA EN LA NIÑEZ,,365,6205,1
F942,TRASTORNO DE VINCULACIÓN DESINHIBIDA EN LA NIÑEZ,,365,6205,1
F948,OTROS TRASTORNOS DEL COMPORTAMIENTO SOCIAL EN LA NIÑEZ,,365,6205,1
F949,"TRASTORNO DEL COMPORTAMIENTO SOCIAL EN LA NIÑEZ, NO ESPECIFICADO",,365,6205,1
F950,TRASTORNO POR TIC TRANSITORIO,,365,43800,1
F951,TRASTORNO POR TIC MOTOR O VOCAL CRÓNICO,,365,43800,1
F952,TRASTORNO POR TICS MOTORES Y VOCALES MÚLTIPLES COMBINADOS [DE LA TOURETTE],,365,43800,1
F958,OTROS TRASTORNOS POR TICS,,365,43800,1
F959,"TRASTORNO POR TIC, NO ESPECIFICADO",,365,43800,1
F980,ENURESIS NO ORGÁNICA,,1825,6205,1
F981,ENCOPRESIS NO ORGÁNICA,,1825,6205,1
F982,TRASTORNO DE LA INGESTIÓN ALIMENTARIA EN LA INFANCIA Y LA NIÑEZ,,1825,6205,1
F983,PICA EN LA INFANCIA Y LA NIÑEZ,,1825,6205,1
F984,TRASTORNOS DE LOS MOVIMIENTOS ESTEREOTIPADOS,,365,43800,1
F985,TARTAMUDEZ [ESPASMOFEMIA],,730,43800,1
F986,FARFULLEO,,730,43800,1
F988,OTROS TRASTORNOS EMOCIONALES Y DEL COMPORTAMIENTO QUE APARECEN HABITUALMENTE EN LA NIÑEZ Y EN LA ADOLESCENCIA,,1825,43800,1
F989,"TRASTORNOS NO ESPECIFICADOS, EMOCIONALES Y DEL COMPORTAMIENTO, QUE APARECEN HABITUALMENTE EN LA NIÑEZ Y EN LA ADOLESCENCIA",,1825,43800,1
F99,"TRASTORNO MENTAL, NO ESPECIFICADO",,,,1
G000,MENINGITIS POR HEMÓFILOS,,,,1
G001,MENINGITIS NEUMOCÓCICA,,,,1
G002,MENINGITIS ESTREPTOCÓCICA,,,,1
G003,MENINGITIS ESTAFILOCÓCICA,,,,1
G008,OTRAS MENINGITIS BACTERIANAS,,,,1
G009,"MENINGITIS BACTERIANA, NO ESPECIFICADA",,,,1
G01,MENINGITIS EN ENFERMEDADES BACTERIANAS CLASIFICADAS EN OTRA PARTE,,,,1
G020,MENINGITIS EN ENFERMEDADES VIRALES CLASIFICADAS EN OTRA PARTE,,,,1
G021,MENINGITIS EN MICOSIS,,,,1
G028,MENINGITIS EN OTRAS ENFERMEDADES INFECCIOSAS Y PARASITARIAS ESPECIFICADAS CLASIFICADAS EN OTRA PARTE,,,,1
G030,MENINGITIS APIÓGENA,,,,1
G031,MENINGITIS CRÓNICA,,,,1
G032,MENINGITIS RECURRENTE BENIGNA [MOLLARET],,,,1
G038,MENINGITIS DEBIDAS A OTRAS CAUSAS ESPECIFICADAS,,,,1
G039,"MENINGITIS, NO ESPECIFICADA",,,,1
G040,ENCEFALITIS AGUDA DISEMINADA,,,,1
G041,MIELOPATÍA ASOCIADA AL VIRUS LINFOTRÓPICO DE CÉLULAS T HUMANAS,,,,1
G042,"MENINGOENCEFALITIS Y MENINGOMIELITIS BACTERIANAS, NO CLASIFICADAS EN OTRA PARTE",,,,1
G048,"OTRAS ENCEFALITIS, MIELITIS Y ENCEFALOMIELITIS",,,,1
G049,"ENCEFALITIS, MIELITIS Y ENCEFALOMIELITIS, NO ESPECIFICADAS",,,,1
G050,"ENCEFALITIS, MIELITIS Y ENCEFALOMIELITIS EN ENFERMEDADES BACTERIANAS CLASIFICADAS EN OTRA PARTE",,,,1
G051,"ENCEFALITIS, MIELITIS Y ENCEFALOMIELITIS EN ENFERMEDADES VIRALES CLASIFICADAS EN OTRA PARTE",,,,1
G052,"ENCEFALITIS, MIELITIS Y ENCEFALOMIELITIS EN OTRAS ENFERMEDADES INFECCIOSAS Y PARASITARIAS CLASIFICADAS EN OTRA PARTE",,,,1
G058,"ENCEFALITIS, MIELITIS Y ENCEFALOMIELITIS EN ENFERMEDADES CLASIFICADAS EN OTRA PARTE",,,,1
G060,ABSCESO Y GRANULOMA INTRACRANEAL,,,,1
G061,ABSCESO Y GRANULOMA INTRARRAQUÍDEO,,,,1
G062,"ABSCESO EXTRADURAL Y SUBDURAL, NO ESPECIFICADO",,,,1
G07,ABSCESO Y GRANULOMA INTRACRANEAL E INTRARRAQUÍDEO EN ENFERMEDADES CLASIFICADAS EN OTRA PARTE,,,,1
G08,FLEBITIS Y TROMBOFLEBITIS INTRACRANEAL E INTRARRAQUÍDEA,,,,1
G09,SECUELAS DE ENFERMEDADES INFLAMATORIAS DEL SISTEMA NERVIOSO CENTRAL,,,,1
G10,ENFERMEDAD DE HUNTINGTON,,,,1
G110,ATAXIA CONGÉNITA NO PROGRESIVA,,,,1
G111,ATAXIA CEREBELOSA DE INICIACIÓN TEMPRANA,,,,1
G112,ATAXIA CEREBELOSA DE INICIACIÓN TARDÍA,,7300,43800,1
G113,ATAXIA CEREBELOSA CON REPARACIÓN DEFECTUOSA DEL ADN,,,,1
G114,PARAPLEJÍA ESPÁSTICA HEREDITARIA,,,,1
G118,OTRAS ATAXIAS HEREDITARIAS,,,,1
G119,"ATAXIA HEREDITARIA, NO ESPECIFICADA",,,,1
G120,"ATROFIA MUSCULAR ESPINAL INFANTIL, TIPO I (WERDNIG-HOFFMAN)",,,,1
G121,OTRAS ATROFIAS MUSCULARES ESPINALES HEREDITARIAS,,,,1
G122,ENFERMEDADES DE LAS NEURONAS MOTORAS,,,,1
G128,OTRAS ATROFIAS MUSCULARES ESPINALES Y SÍNDROMES AFINES,,,,1
G129,"ATROFIA MUSCULAR ESPINAL, SIN OTRA ESPECIFICACIÓN",,,,1
G130,NEUROMIOPATÍA Y NEUROPATÍA PARANEOPLÁSICA,,,,1
G131,OTRAS ATROFIAS SISTÉMICAS QUE AFECTAN EL SISTEMA NERVIOSO CENTRAL EN ENFERMEDAD NEOPLÁSICA,,,,1
G132,ATROFIA SISTÉMICA QUE AFECTA PRIMARIAMENTE EL SISTEMA NERVIOSO CENTRAL EN EL MIXEDEMA,,,,1
G138,ATROFIA SISTÉMICA QUE AFECTA PRIMARIAMENTE EL SISTEMA NERVIOSO CENTRAL EN OTRAS ENFERMEDADES CLASIFICADAS EN OTRA PARTE,,,,1
G14,SÍNDROME POSTPOLIO,,,,1
G20,ENFERMEDAD DE PARKINSON,,,,1
G210,SÍNDROME NEUROLÉPTICO MALIGNO,,,,1
G211,OTRO PARKINSONISMO SECUNDARIO INDUCIDO POR DROGAS,,,,1
G212,PARKINSONISMO SECUNDARIO DEBIDO A OTROS AGENTES EXTERNOS,,,,1
G213,PARKINSONISMO POSTENCEFALÍTICO,,,,1
G214,PARKINSONISMO VASCULAR,,,,1
G218,OTROS TIPOS DE PARKINSONISMO SECUNDARIO,,,,1
G219,"PARKINSONISMO SECUNDARIO, NO ESPECIFICADO",,,,1
G22,PARKINSONISMO EN ENFERMEDADES CLASIFICADAS EN OTRA PARTE,,,,1
G230,ENFERMEDAD DE HALLERVORDEN-SPATZ,,,,1
G231,OFTALMOPLEJÍA SUPRANUCLEAR PROGRESIVA [STEELE-RICHARDSON-OLSZEWSKI],,,,1
G232,"ATROFIA SISTÉMICA MÚLTIPLE, TIPO PARKINSONIANA [AMS-P]",,,,1
G233,ATROFIA MULTISISTÉMICA TIPO CEREBELOSA [ASM-C],,,,1
G238,OTRAS ENFERMEDADES DEGENERATIVAS ESPECIFICAS DE LOS NÚCLEOS DE LA BASE,,,,1
G239,"ENFERMEDAD DEGENERATIVA DE LOS NÚCLEOS DE LA BASE, NO ESPECIFICADA",,,,1
G240,DISTONÍA INDUCIDA POR DROGAS,,,,1
G241,DISTONÍA IDIOPÁTICA FAMILIAR,,,,1
G242,DISTONÍA IDIOPÁTICA NO FAMILIAR,,,,1
G243,TORTÍCOLIS ESPASMÓDICA,,,,1
G244,DISPONÍA BUCOFACIAL IDIOPÁTICA,,,,1
G245,BLEFAROSPASMO,,,,1
G248,OTRAS DISTONÍAS,,,,1
G249,"DISTONÍA, NO ESPECIFICADA",,,,1
G250,TEMBLOR ESENCIAL,,,,1
G251,TEMBLOR INDUCIDO POR DROGAS,,,,1
G252,OTRAS FORMAS ESPECIFICADAS DE TEMBLOR,,,,1
G253,MIOCLONÍA,,,,1
G254,COREA INDUCIDA POR DROGAS,,,,1
G255,OTRAS COREAS,,,,1
G256,TICS INDUCIDOS POR DROGAS Y OTROS TICS DE ORIGEN ORGÁNICO,,,,1
G258,OTROS TRASTORNOS EXTRAPIRAMIDALES Y DEL MOVIMIENTO,,,,1
G259,"TRASTORNO EXTRAPIRAMIDAL Y DEL MOVIMIENTO, NO ESPECIFICADO",,,,1
G26,TRASTORNOS EXTRAPIRAMIDALES Y DEL MOVIMIENTO EN ENFERMEDADES CLASIFICADAS EN OTRA PARTE,,,,1
G300,ENFERMEDAD DE ALZHEIMER DE COMIENZO TEMPRANO,,7300,43800,1
G301,ENFERMEDAD DE ALZHEIMER DE COMIENZO TARDÍO,,23725,43800,1
G308,OTROS TIPOS DE ENFERMEDAD DE ALZHEIMER,,18250,43800,1
G309,"ENFERMEDAD DE ALZHEIMER, NO ESPECIFICADA",,7300,43800,1
G310,ATROFIA CEREBRAL CIRCUNSCRITA,,365,43800,1
G311,DEGENERACIÓN CEREBRAL SENIL NO CLASIFICADA EN OTRA PARTE,,23725,43800,1
G312,DEGENERACIÓN DEL SISTEMA NERVIOSO DEBIDA AL ALCOHOL,,3650,43800,1
G318,OTRAS ENFERMEDADES DEGENERATIVAS ESPECIFICADAS DEL SISTEMA NERVIOSO,,,,1
G319,"DEGENERACIÓN DEL SISTEMA NERVIOSO, NO ESPECIFICADA",,,,1
G320,DEGENERACIÓN COMBINADA SUBAGUDA DE LA MÉDULA ESPINAL EN ENFERMEDADES CLASIFICADAS EN OTRA PARTE,,,,1
G328,OTROS TRASTORNOS DEGENERATIVOS ESPECIFICADOS DEL SISTEMA NERVIOSO EN ENFERMEDADES CLASIFICADAS EN OTRA PARTE,,,,1
G35,ESCLEROSIS MÚLTIPLE,,,,1
G360,NEUROMIELITIS ÓPTICA [DEVIC],,,,1
G361,LEUCOENCEFALITIS HEMORRÁGICA AGUDA Y SUBAGUDA [HURST],,,,1
G368,OTRAS DESMIELINIZACIONES AGUDAS DISEMINADAS ESPECIFICADAS,,,,1
G369,"DESMIELINIZACIÓN DISEMINADA AGUDA, SIN OTRA ESPECIFICACIÓN",,,,1
G370,ESCLEROSIS DIFUSA,,,,1
G371,DESMIELINIZACIÓN CENTRAL DEL CUERPO CALLOSO,,,,1
G372,MIELINÓLISIS CENTRAL PONTINA,,,,1
G373,MIELITIS TRANSVERSA AGUDA EN ENFERMEDAD DESMIELINIZANTE DEL SISTEMA NERVIOSO CENTRAL,,,,1
G374,MIELITIS NECROTIZANTE SUBAGUDA,,,,1
G375,ESCLEROSIS CONCÉNTRICA (BALÓ),,,,1
G378,"OTRAS ENFERMEDADES DESMIELINIZANTES DEL SISTEMA NERVIOSO CENTRAL, ESPECIFICADAS",,,,1
G379,"ENFERMEDAD DESMIELINIZANTE DEL SISTEMA NERVIOSO CENTRAL, NO ESPECIFICADA",,,,1
G400,EPILEPSIA Y SÍNDROMES EPILÉPTICOS IDIOPÁTICOS RELACIONADOS CON LOCALIZACIONES (FOCALES)(PARCIALES) Y CON ATAQUES DE INICIO LOCALIZADO,,,,1
G401,EPILEPSIA Y SÍNDROMES EPILÉPTICOS SINTOMÁTICOS RELACIONADOS CON LOCALIZACIONES (FOCALES)(PARCIALES) Y CON ATAQUES PARCIALES SIMPLES,,,,1
G402,EPILEPSIA Y SÍNDROMES EPILÉPTICOS SINTOMÁTICOS RELACIONADOS CON LOCALIZACIONES (FOCALES)(PARCIALES) Y CON ATAQUES PARCIALES COMPLEJOS,,,,1
G403,EPILEPSIA Y SÍNDROMES EPILÉPTICOS IDIOPÁTICOS GENERALIZADOS,,,,1
G404,OTRAS EPILEPSIAS Y SÍNDROMES EPILÉPTICOS GENERALIZADOS,,,,1
G405,SÍNDROMES EPILÉPTICOS ESPECIALES,,,,1
G406,"ATAQUES DE GRAN MAL, NO ESPECIFICADOS (CON O SIN PEQUEÑO MAL)",,,,1
G407,"PEQUEÑO MAL, NO ESPECIFICADO (SIN ATAQUE DE GRAN MAL)",,,,1
G408,OTRAS EPILEPSIAS,,,,1
G409,"EPILEPSIA, TIPO NO ESPECIFICADO",,,,1
G410,ESTADO DE GRAN MAL EPILÉPTICO,,,,1
G411,ESTADO DE PEQUEÑO MAL EPILÉPTICO,,,,1
G412,ESTADO DE MAL EPILÉPTICO PARCIAL COMPLEJO,,,,1
G418,OTROS ESTADOS EPILÉPTICOS,,,,1
G419,ESTADO DE MAL EPILÉPTICO DE TIPO NO ESPECIFICADO,,,,1
G430,MIGRAÑA SIN AURA [MIGRAÑA COMÚN],,,,1
G431,MIGRAÑA CON AURA [MIGRAÑA CLÁSICA],,,,1
G432,ESTADO MIGRAÑOSO,,,,1
G433,MIGRAÑA COMPLICADA,,,,1
G438,OTRAS MIGRAÑAS,,,,1
G439,"MIGRAÑA, NO ESPECIFICADA",,,,1
G440,SÍNDROME DE CEFALEA EN RACIMOS,,,,1
G441,"CEFALEA VASCULAR, NCOP",,,,1
G442,CEFALEA DEBIDA A TENSIÓN,,,,1
G443,CEFALEA POSTRAUMÁTICA CRÓNICA,,,,1
G444,"CEFALEA INDUCIDA POR DROGAS, NO CLASIFICADA EN OTRA PARTE",,,,1
G448,OTROS SÍNDROMES DE CEFALEA ESPECIFICADOS,,,,1
G450,SÍNDROME ARTERIAL VÉRTEBRO-BASILAR,,,,1
G451,SÍNDROME DE LA ARTERIA CARÓTIDA (HEMISFÉRICO),,,,1
G452,SÍNDROMES ARTERIALES PRECEREBRALES BILATERALES Y MÚLTIPLES,,,,1
G453,AMAUROSIS FUGAZ,,,,1
G454,AMNESIA GLOBAL TRANSITORIA,,,,1
G458,OTRAS ISQUEMIAS CEREBRALES TRANSITORIAS Y SÍNDROMES AFINES,,,,1
G459,"ISQUEMIA CEREBRAL TRANSITORIA, SIN OTRA ESPECIFICACIÓN",,,,1
G460,SÍNDROME DE LA ARTERIA CEREBRAL MEDIA,,,,1
G461,SÍNDROME DE LA ARTERIA CEREBRAL ANTERIOR,,,,1
G462,SÍNDROME DE LA ARTERIA CEREBRAL POSTERIOR,,,,1
G463,SÍNDROMES APOPLÉTICOS DEL TALLO ENCEFÁLICO,,,,1
G464,SÍNDROME DE INFARTO CEREBELOSO,,,,1
G465,SÍNDROME LACUNAR MOTOR PURO,,,,1
G466,SÍNDROME LACUNAR SENSORIAL PURO,,,,1
G467,OTROS SÍNDROMES LACUNARES,,,,1
G468,OTROS SÍNDROMES VASCULARES ENCEFÁLICOS EN ENFERMEDADES CEREBROVASCULARES,,,,1
G470,TRASTORNOS DEL INICIO Y DEL MANTENIMIENTO DEL SUEÑO [INSOMNIOS],,,,1
G471,TRASTORNOS DE SOMNOLENCIA EXCESIVA (HIPERSOMNIOS),,,,1
G472,TRASTORNOS DEL RITMO NICTAMERAL,,,,1
G473,APNEA DEL SUEÑO,,28,43800,1
G474,NARCOLEPSIA Y CATAPLEXIA,,,,1
G478,OTROS TRASTORNOS DEL SUEÑO,,,,1
G479,"TRASTORNO DEL SUEÑO, NO ESPECIFICADO",,,,1
G500,NEURALGIA DEL TRIGÉMINO,,,,1
G501,DOLOR FACIAL ATÍPICO,,,,1
G508,OTROS TRASTORNOS DEL TRIGÉMINO,,,,1
G509,"TRASTORNO DEL TRIGÉMINO, NO ESPECIFICADO",,,,1
G510,PARÁLISIS DE BELL,,,,1
G511,GANGLIONITIS GENICULADA,,,,1
G512,SÍNDROME DE MELKERSSON,,,,1
G513,ESPASMO HEMIFACIAL CLÓNICO,,,,1
G514,MIOQUIMIA FACIAL,,,,1
G518,OTROS TRASTORNOS DEL NERVIO FACIAL,,,,1
G519,"TRASTORNO DEL NERVIO FACIAL, NO ESPECIFICADO",,,,1
G520,TRASTORNOS DEL NERVIO OLFATORIO,,,,1
G521,TRASTORNOS DEL NERVIO GLOSOFARÍNGEO,,,,1
G522,TRASTORNOS DEL NERVIO VAGO,,,,1
G523,TRASTORNOS DEL NERVIO HIPOGLOSO,,,,1
G527,TRASTORNOS DE MÚLTIPLES NERVIOS CRANEALES,,,,1
G528,TRASTORNOS DE OTROS NERVIOS CRANEALES ESPECIFICADOS,,,,1
G529,"TRASTORNO DE NERVIO CRANEAL, NO ESPECIFICADO",,,,1
G530,NEURALGIA POSTHERPES ZOSTER,,,,1
G531,PARÁLISIS MÚLTIPLE DE LOS NERVIOS CRANEALES EN ENFERMEDADES INFECCIOSAS Y PARASITARIAS CLASIFICADAS EN OTRA PARTE,,,,1
G532,"PARÁLISIS MÚLTIPLE DE LOS NERVIOS CRANEALES, EN LA SARCOIDOSIS",,,,1
G533,"PARÁLISIS MÚLTIPLE DE LOS NERVIOS CRANEALES, EN ENFERMEDADES NEOPLÁSICAS",,,,1
G538,OTROS TRASTORNOS DE LOS NERVIOS CRANEALES EN OTRAS ENFERMEDADES CLASIFICADAS EN OTRA PARTE,,,,1
G540,TRASTORNOS DEL PLEXO BRAQUIAL,,,,1
G541,TRASTORNOS DEL PLEXO LUMBOSACRO,,,,1
G542,"TRASTORNOS DE LA RAÍZ CERVICAL, NO CLASIFICADOS EN OTRA PARTE",,,,1
G543,"TRASTORNOS DE LA RAÍZ TORÁCICA, NO CLASIFICADOS EN OTRA PARTE",,,,1
G544,"TRASTORNOS DE LA RAÍZ LUMBOSACRA, NO CLASIFICADOS EN OTRA PARTE",,,,1
G545,AMIOTROFIA NEURÁLGICA,,,,1
G546,SÍNDROME DEL MIEMBRO FANTASMA CON DOLOR,,,,1
G547,SÍNDROME DEL MIEMBRO FANTASMA SIN DOLOR,,,,1
G548,OTROS TRASTORNOS DE LAS RAÍCES Y PLEXOS NERVIOSOS,,,,1
G549,"TRASTORNO DE LA RAÍZ Y PLEXOS NERVIOSOS, NO ESPECIFICADO",,,,1
G550,COMPRESIONES DE LAS RAÍCES Y PLEXOS NERVIOSOS EN ENFERMEDADES NEOPLÁSICAS,,,,1
G551,COMPRESIONES DE LAS RAÍCES Y PLEXOS NERVIOSOS EN TRASTORNOS DE LOS DISCOS INTERVERTEBRALES,,,,1
G552,COMPRESIONES DE LAS RAÍCES Y PLEXOS NERVIOSOS EN LA ESPONDILOSIS,,,,1
G553,COMPRESIONES DE LAS RAÍCES Y PLEXOS NERVIOSOS EN OTRAS DORSOPATÍAS,,,,1
G558,COMPRESIONES DE LAS RAÍCES Y PLEXOS NERVIOSOS EN OTRAS ENFERMEDADES CLASIFICADAS EN ORTA PARTE,,,,1
G560,SÍNDROME DEL TÚNEL CARPIANO,,,,1
G561,OTRAS LESIONES DEL NERVIO MEDIANO,,,,1
G562,LESIÓN DEL NERVIO CUBITAL,,,,1
G563,LESIÓN DEL NERVIO RADIAL,,,,1
G568,OTRAS MONONEUROPATÍAS DEL MIEMBRO SUPERIOR,,,,1
G569,"MONONEUROPATÍA DEL MIEMBRO SUPERIOR, SIN OTRA ESPECIFICACIÓN",,,,1
G570,LESIÓN DEL NERVIO CIÁTICO,,,,1
G571,MERALGIA PARESTÉSICA,,,,1
G572,LESIÓN DEL NERVIO CRURAL,,,,1
G573,LESIÓN DEL NERVIO CIÁTICO POPLÍTEO EXTERNO,,,,1
G574,LESIÓN DEL NERVIO CIÁTICO POPLÍTEO INTERNO,,,,1
G575,SÍNDROME DEL TÚNEL CALCÁNEO,,,,1
G576,LESIÓN DEL NERVIO PLANTAR,,,,1
G578,OTRAS MONONEUROPATÍAS DEL MIEMBRO INFERIOR,,,,1
G579,"MONONEUROPATÍA DEL MIEMBRO INFERIOR, SIN OTRA ESPECIFICACIÓN",,,,1
G580,NEUROPATÍA INTERCOSTAL,,,,1
G587,MONONEURITIS MÚLTIPLE,,,,1
G588,OTRAS MONONEUROPATÍAS ESPECIFICADAS,,,,1
G589,"MONONEUROPATÍA, NO ESPECIFICADA",,,,1
G590,MONONEUROPATÍA DIABÉTICA,,,,1
G598,OTRAS MONONEUROPATÍAS EN ENFERMEDADES CLASIFICADAS EN OTRA PARTE,,,,1
G600,NEUROPATÍA HEREDITARIA MOTORA Y SENSORIAL,,,,1
G601,ENFERMEDAD DE REFSUM,,,,1
G602,NEUROPATÍA ASOCIADA CON ATAXIA HEREDITARIA,,,,1
G603,NEUROPATÍA PROGRESIVA IDIOPÁTICA,,,,1
G608,OTRAS NEUROPATÍAS HEREDITARIAS E IDIOPÁTICAS,,,,1
G609,"NEUROPATÍA HEREDITARIA E IDIOPÁTICA, SIN OTRA ESPECIFICACIÓN",,,,1
G610,SÍNDROME DE GUILLAIN-BARRÉ,,,,1
G611,NEUROPATÍA AL SUERO,,,,1
G618,OTRAS POLINEUROPATÍAS INFLAMATORIAS,,,,1
G619,"POLINEUROPATÍA INFLAMATORIA, NO ESPECIFICADA",,,,1
G620,POLINEUROPATÍA INDUCIDA POR DROGAS,,,,1
G621,POLINEUROPATÍA ALCOHÓLICA,,,,1
G622,POLINEUROPATÍA DEBIDA A OTRO AGENTE TÓXICO,,,,1
G628,OTRAS POLINEUROPATÍAS ESPECIFICADAS,,,,1
G629,"POLINEUROPATÍA, NO ESPECIFICADA",,,,1
G630,POLINEUROPATÍA EN ENFERMEDADES INFECCIOSAS Y PARASITARIAS CLASIFICADAS EN OTRA PARTE,,,,1
G631,POLINEUROPATÍA EN ENFERMEDAD NEOPLÁSICA,,,,1
G632,POLINEUROPATÍA DIABÉTICA,,,,1
G633,POLINEUROPATÍA EN OTRAS ENFERMEDADES ENDOCRINAS Y METABÓLICAS,,,,1
G634,POLINEUROPATÍA EN DEFICIENCIA NUTRICIONAL,,,,1
G635,POLINEUROPATÍA EN TRASTORNOS DEL TEJIDO CONECTIVO SISTÉMICO,,,,1
G636,POLINEUROPATÍA EN OTROS TRASTORNOS OSTEOMUSCULARES,,,,1
G638,POLINEUROPATÍA EN OTRAS ENFERMEDADES CLASIFICADAS EN OTRA PARTE,,,,1
G64,OTROS TRASTORNOS DEL SISTEMA NERVIOSO PERIFÉRICO,,,,1
G700,MIASTENIA GRAVIS,,28,43800,1
G701,TRASTORNOS TÓXICOS NEUROMUSCULARES,,,,1
G702,MIASTENIA CONGÉNITA O DEL DESARROLLO,,,,1
G708,OTROS TRASTORNOS NEUROMUSCULARES ESPECIFICADOS,,,,1
G709,"TRASTORNO NEUROMUSCULAR, NO ESPECIFICADO",,,,1
G710,DISTROFIA MUSCULAR,,,,1
G711,TRASTORNOS MIOTÓNICOS,,,,1
G712,MIOPATÍAS CONGÉNITAS,,,,1
G713,"MIOPATÍA MITOCÓNDRICA, NO CLASIFICADA EN OTRA PARTE",,,,1
G718,OTROS TRASTORNOS PRIMARIOS DE LOS MÚSCULOS,,,,1
G719,"TRASTORNO PRIMARIO DEL MÚSCULO, TIPO NO ESPECIFICADO",,,,1
G720,MIOPATÍA INDUCIDA POR DROGAS,,,,1
G721,MIOPATÍA ALCOHÓLICA,,,,1
G722,MIOPATÍA DEBIDA A OTROS AGENTES TÓXICOS,,,,1
G723,PARÁLISIS PERIÓDICA,,,,1
G724,"MIOPATÍA INFLAMATORIA, NO CLASIFICADA EN OTRA PARTE",,,,1
G728,OTRAS MIOPATÍAS ESPECIFICADAS,,,,1
G729,"MIOPATÍA, NO ESPECIFICADA",,,,1
G730,SÍNDROMES MIASTÉNICOS EN ENFERMEDADES ENDOCRINAS,,,,1
G731,SÍNDROME DE EATON-LAMBERT (C00-D48†),,,,1
G732,OTROS SÍNDROMES MIASTÉNICOS EN ENFERMEDAD NEOPLÁSICA,,,,1
G733,SÍNDROMES MIASTÉNICOS EN OTRAS ENFERMEDADES CLASIFICADAS EN OTRA PARTE,,,,1
G734,MIOPATÍA EN ENFERMEDADES INFECCIOSAS Y PARASITARIAS CLASIFICADAS EN OTRA PARTE,,,,1
G735,MIOPATÍA EN ENFERMEDADES ENDOCRINAS,,,,1
G736,MIOPATÍA EN ENFERMEDADES METABÓLICAS,,,,1
G737,MIOPATÍA EN OTRAS ENFERMEDADES CLASIFICADAS EN OTRA PARTE,,,,1
G800,PARÁLISIS CEREBRAL ESPÁSTICA CUADRIPLÉJICA,,,,1
G801,PARÁLISIS CEREBRAL ESPÁSTICA DIPLÉJICA,,,,1
G802,PARÁLISIS CEREBRAL ESPÁSTICA HEMIPLÉJICA,,,,1
G803,PARÁLISIS CEREBRAL DISCINÉTICA,,,,1
G804,PARÁLISIS CEREBRAL ATÁXICA,,,,1
G808,OTROS TIPOS DE PARÁLISIS CEREBRAL,,,,1
G809,"PARÁLISIS CEREBRAL, SIN OTRA ESPECIFICACIÓN",,,,1
G810,HEMIPLEJÍA FLÁCIDA,,,,1
G811,HEMIPLEJÍA ESPÁSTICA,,,,1
G819,"HEMIPLEJÍA, NO ESPECIFICADA",,,,1
G820,PARAPLEJÍA FLÁCIDA,,,,1
G821,PARAPLEJÍA ESPÁSTICA,,,,1
G822,"PARAPLEJÍA, NO ESPECIFICADA",,,,1
G823,CUADRIPLEJÍA FLÁCIDA,,,,1
G824,CUADRIPLEJÍA ESPÁSTICA,,,,1
G825,"CUADRIPLEJÍA, NO ESPECIFICADA",,,,1
G830,DIPLEJÍA DE LOS MIEMBROS SUPERIORES,,,,1
G831,MONOPLEJÍA DE MIEMBRO INFERIOR,,,,1
G832,MONOPLEJÍA DE MIEMBRO SUPERIOR,,,,1
G833,"MONOPLEJÍA, NO ESPECIFICADA",,,,1
G834,SÍNDROME DE LA COLA DE CABALLO,,,,1
G835,SÍNDROME DE ENCLAUSTRAMIENTO,,,,1
G836,PARÁLISIS FACIAL DE NEURONA MOTORA SUPERIOR,,,,1
G838,OTROS SÍNDROMES PARALÍTICOS ESPECIFICADOS,,,,1
G839,"SÍNDROME PARALÍTICO, NO ESPECIFICADO",,,,1
G900,NEUROPATÍA AUTÓNOMA PERIFÉRICA IDIOPÁTICA,,,,1
G901,DISAUTONOMÍA FAMILIAR [SÍNDROME DE RILEY-DAY],,,,1
G902,SÍNDROME DE HORNER,,,,1
G904,DISREFLEXIA AUTONÓMICA,,,,1
G905,SÍNDROME DE DOLOR REGIONAL COMPLEJO TIPO I,,,,1
G906,SÍNDROME DE DOLOR REGIONAL COMPLEJO TIPO II,,,,1
G907,"SÍNDROME DE DOLOR REGIONAL COMPLEJO, OTRO TIPO Y EL NO ESPECIFICADO",,,,1
G908,OTROS TRASTORNOS DEL SISTEMA NERVIOSO AUTÓNOMO,,,,1
G909,"TRASTORNO DEL SISTEMA NERVIOSO AUTÓNOMO, NO ESPECIFICADO",,,,1
G910,HIDROCÉFALO COMUNICANTE,,28,43800,1
G911,HIDROCÉFALO OBSTRUCTIVO,,28,43800,1
G912,HIDROCÉFALO DE PRESIÓN NORMAL,,28,43800,1
G913,"HIDROCÉFALO POSTRAUMÁTICO, SIN OTRA ESPECIFICACIÓN",,28,43800,1
G918,OTROS TIPOS DE HIDROCÉFALO,,28,43800,1
G919,"HIDROCÉFALO, NO ESPECIFICADO",,28,43800,1
G92,ENCEFALOPATÍA TÓXICA,,,,1
G930,QUISTE CEREBRAL,,,,1
G931,"LESIÓN CEREBRAL ANÓXICA, NO CLASIFICADA EN OTRA PARTE",,28,43800,1
G932,HIPERTENSIÓN INTRACRANEAL BENIGNA,,,,1
G933,SÍNDROME DE FATIGA POSTVIRAL,,,,1
G934,ENCEFALOPATÍA NO ESPECIFICADA,,,,1
G935,COMPRESIÓN DEL ENCÉFALO,,,,1
G936,EDEMA CEREBRAL,,28,43800,1
G937,SÍNDROME DE REYE,,,,1
G938,OTROS TRASTORNOS ESPECIFICADOS DEL ENCÉFALO,,,,1
G939,"TRASTORNO DEL ENCÉFALO, NO ESPECIFICADO",,,,1
G940,HIDROCÉFALO EN ENFERMEDADES INFECCIOSAS Y PARASITARIAS CLASIFICADAS EN OTRA PARTE,,,,1
G941,HIDROCÉFALO EN ENFERMEDAD NEOPLÁSICA,,,,1
G942,HIDROCÉFALO EN OTRAS ENFERMEDADES CLASIFICADAS EN OTRA PARTE,,,,1
G948,OTROS TRASTORNOS ENCEFÁLICOS ESPECIFICADOS EN ENFERMEDADES CLASIFICADAS EN OTRA PARTE,,,,1
G950,SIRINGOMIELIA Y SIRINGOBULBIA,,,,1
G951,MIELOPATÍAS VASCULARES,,,,1
G952,"COMPRESIÓN MEDULAR, NO ESPECIFICADA",,,,1
G958,OTRAS ENFERMEDADES ESPECIFICADAS DE LA MÉDULA ESPINAL,,,,1
G959,"ENFERMEDAD DE LA MÉDULA ESPINAL, NO ESPECIFICADA",,,,1
G960,PÉRDIDA DE LÍQUIDO CEFALORRAQUÍDEO,,,,1
G961,"TRASTORNOS DE LAS MENINGES, NO CLASIFICADOS EN OTRA PARTE",,,,1
G968,OTROS TRASTORNOS ESPECIFICADOS DEL SISTEMA NERVIOSO CENTRAL,,,,1
G969,"TRASTORNO DEL SISTEMA NERVIOSO CENTRAL, NO ESPECIFICADO",,,,1
G970,PÉRDIDA DE LÍQUIDO CEFALORRAQUÍDEO POR PUNCIÓN ESPINAL,,,,1
G971,OTRA REACCIÓN A LA PUNCIÓN ESPINAL Y LUMBAR,,,,1
G972,HIPOTENSIÓN INTRACRANEAL POSTERIOR A ANASTOMOSIS VENTRICULAR,,,,1
G978,OTROS TRASTORNOS DEL SISTEMA NERVIOSO CONSECUTIVOS A PROCEDIMIENTOS,,,,1
G979,"TRASTORNOS NO ESPECIFICADOS DEL SISTEMA NERVIOSO, CONSECUTIVOS A PROCEDIMIENTOS",,,,1
G98,"OTROS TRASTORNOS DEL SISTEMA NERVIOSO, NO CLASIFICADOS EN OTRA PARTE",,,,1
G990,NEUROPATÍA AUTONÓMICA EN ENFERMEDADES METABÓLICA Y ENDÓCRINAS,,,,1
G991,OTROS TRASTORNOS DEL SISTEMA NERVIOSO AUTÓNOMO EN OTRAS ENFERMEDADES CLASIFICADAS EN OTRA PARTE,,,,1
G992,MIELOPATÍA EN ENFERMEDADES CLASIFICADAS EN OTRA PARTE,,,,1
G998,OTROS TRASTORNOS ESPECIFICADOS DEL SISTEMA NERVIOSO EN ENFERMEDADES CLASIFICADAS EN OTRA PARTE,,,,1
H000,ORZUELO Y OTRAS INFLAMACIONES PROFUNDAS DEL PÁRPADO,,,,1
H001,CALACIO [CHALAZIÓN],,,,1
H010,BLEFARITIS,,,,1
H011,DERMATOSIS NO INFECCIOSA DEL PÁRPADO,,,,1
H018,OTRAS INFLAMACIONES ESPECIFICADAS DEL PÁRPADO,,,,1
H019,"INFLAMACIÓN DEL PÁRPADO, NO ESPECIFICADA",,,,1
H020,ENTROPIÓN Y TRIQUIASIS PALPEBRAL,,,,1
H021,ECTROPIÓN DEL PÁRPADO,,,,1
H022,LAGOFTALMOS,,,,1
H023,BLEFAROCALASIA,,,,1
H024,BLEFAROPTOSIS,,,,1
H025,OTROS TRASTORNOS FUNCIONALES DEL PÁRPADO,,,,1
H026,XANTELASMA DEL PÁRPADO,,,,1
H027,OTROS TRASTORNOS DEGENERATIVOS DEL PÁRPADO Y DEL ÁREA PERIOCULAR,,,,1
H028,OTROS TRASTORNOS ESPECIFICADOS DEL PÁRPADO,,,,1
H029,"TRASTORNO DEL PÁRPADO, NO ESPECIFICADO",,,,1
H030,INFECCIÓN O INFESTACIÓN PARASITARIA DEL PÁRPADO EN ENFERMEDADES CLASIFICADAS EN OTRA PARTE,,,,1
H031,COMPROMISO DEL PÁRPADO EN ENFERMEDADES INFECCIOSAS CLASIFICADAS EN OTRA PARTE,,,,1
H038,COMPROMISO DEL PÁRPADO EN ENFERMEDADES CLASIFICADAS EN OTRA PARTE,,,,1
H040,DACRIOADENITIS,,,,1
H041,OTROS TRASTORNOS DE LA GLÁNDULA LAGRIMAL,,,,1
H042,EPÍFORA,,,,1
H043,INFLAMACIÓN AGUDA Y LA NO ESPECIFICADA DE LAS VÍAS LAGRIMALES,,28,43800,1
H044,INFLAMACIÓN CRÓNICA DE LAS VÍAS LAGRIMALES,,,,1
H045,ESTENOSIS E INSUFICIENCIA DE LAS VÍAS LAGRIMALES,,,,1
H046,OTROS CAMBIOS DE LAS VÍAS LAGRIMALES,,,,1
H048,OTROS TRASTORNOS ESPECIFICADOS DEL APARATO LAGRIMAL,,,,1
H049,"TRASTORNO DEL APARATO LAGRIMAL, NO ESPECIFICADO",,,,1
H050,INFLAMACIÓN AGUDA DE LA ÓRBITA,,,,1
H051,TRASTORNOS INFLAMATORIOS CRÓNICOS DE LA ÓRBITA,,,,1
H052,AFECCIONES EXOFTÁLMICAS,,,,1
H053,DEFORMIDAD DE LA ÓRBITA,,,,1
H054,ENOFTALMIA,,,,1
H055,"RETENCIÓN DE CUERPO EXTRAÑO (ANTIGUO), CONSECUTIVA A HERIDA PENETRANTE DE LA ÓRBITA",,,,1
H058,OTROS TRASTORNOS DE LA ÓRBITA,,,,1
H059,"TRASTORNO DE LA ÓRBITA, NO ESPECIFICADO",,,,1
H060,TRASTORNOS DEL APARATO LAGRIMAL EN ENFERMEDADES CLASIFICADAS EN OTRA PARTE,,,,1
H061,INFECCIÓN E INFESTACIÓN PARASITARIAS DE LA ÓRBITA EN ENFERMEDADES CLASIFICADAS EN OTRA PARTE,,,,1
H062,EXOFTALMIA HIPERTIROIDEA,,,,1
H063,OTROS TRASTORNOS DE LA ÓRBITA EN ENFERMEDADES CLASIFICADAS EN OTRA PARTE,,,,1
H100,CONJUNTIVITIS MUCOPURULENTA,,,,1
H101,CONJUNTIVITIS ATÓPICA AGUDA,,,,1
H102,OTRAS CONJUNTIVITIS AGUDAS,,,,1
H103,"CONJUNTIVITIS AGUDA, NO ESPECIFICADA",,,,1
H104,CONJUNTIVITIS CRÓNICA,,,,1
H105,BLEFAROCONJUNTIVITIS,,,,1
H108,OTRAS CONJUNTIVITIS,,,,1
H109,"CONJUNTIVITIS, NO ESPECIFICADA",,28,43800,1
H110,PTERIGIÓN,,,,1
H111,DEGENERACIONES Y DEPÓSITOS CONJUNTIVALES,,,,1
H112,CICATRICES CONJUNTIVALES,,,,1
H113,HEMORRAGIA CONJUNTIVAL,,,,1
H114,OTROS TRASTORNOS VASCULARES Y QUISTES CONJUNTIVALES,,,,1
H118,OTROS TRASTORNOS ESPECIFICADOS DE LA CONJUNTIVA,,,,1
H119,"TRASTORNO DE LA CONJUNTIVA, NO ESPECIFICADO",,,,1
H130,INFECCIÓN FILÁRICA DE LA CONJUNTIVA,,,,1
H131,CONJUNTIVITIS EN ENFERMEDADES INFECCIOSAS Y PARASITARIAS CLASIFICADAS EN OTRA PARTE,,,,1
H132,CONJUNTIVITIS EN OTRAS ENFERMEDADES CLASIFICADAS EN OTRA PARTE,,,,1
H133,PENFIGOIDE OCULAR,,,,1
H138,OTROS TRASTORNOS DE LA CONJUNTIVA EN ENFERMEDADES CLASIFICADAS EN OTRA PARTE,,,,1
H150,ESCLERITIS,,,,1
H151,EPISCLERITIS,,,,1
H158,OTROS TRASTORNOS DE LA ESCLERÓTICA,,,,1
H159,"TRASTORNO DE LA ESCLERÓTICA, NO ESPECIFICADO",,,,1
H160,ÚLCERA DE LA CÓRNEA,,,,1
H161,OTRAS QUERATITIS SUPERFICIALES SIN CONJUNTIVITIS,,,,1
H162,QUERATOCONJUNTIVITIS,,,,1
H163,QUERATITIS INTERSTICIAL Y PROFUNDA,,,,1
H164,NEOVASCULARIZACIÓN DE LA CÓRNEA,,,,1
H168,OTRAS QUERATITIS,,,,1
H169,"QUERATITIS,NO ESPECIFICADA",,,,1
H170,LEUCOMA ADHERENTE,,,,1
H171,OTRAS OPACIDADES CENTRALES DE LA CÓRNEA,,,,1
H178,OTRAS OPACIDADES O CICATRICES DE LA CÓRNEA,,,,1
H179,"CICATRIZ U OPACIDAD DE LA CÓRNEA, NO ESPECIFICADA",,,,1
H180,PIGMENTACIONES Y DEPÓSITOS EN LA CÓRNEA,,,,1
H181,QUERATOPATÍA VESICULAR,,,,1
H182,OTROS EDEMAS DE LA CÓRNEA,,,,1
H183,CAMBIOS EN LAS MEMBRANAS DE LA CÓRNEA,,,,1
H184,DEGENERACIÓN DE LA CÓRNEA,,,,1
H185,DISTROFIA HEREDITARIA DE LA CÓRNEA,,,,1
H186,QUERATOCONO,,,,1
H187,OTRAS DEFORMIDADES DE LA CÓRNEA,,,,1
H188,OTROS TRASTORNOS ESPECIFICADOS DE LA CÓRNEA,,,,1
H189,"TRASTORNO DE LA CÓRNEA, NO ESPECIFICADO",,,,1
H190,ESCLERITIS Y EPISCLERITIS EN ENFERMEDADES CLASIFICADAS EN OTRA PARTE,,,,1
H191,QUERATITIS Y QUERATOCONJUNTIVITIS POR HERPES SIMPLE,,,,1
H192,"QUERATITIS Y QUERATOCONJUNTIVITIS EN ENFERMEDADES INFECCIOSAS Y PARASITARIAS, CLASIFICADAS EN OTRA PARTE",,,,1
H193,QUERATITIS Y QUERATOCONJUNTIVITIS EN OTRAS ENFERMEDADES CLASIFICADAS EN OTRA PARTE,,,,1
H198,OTROS TRASTORNOS DE LA ESCLERÓTICA Y DE LA CÓRNEA EN ENFERMEDADES CLASIFICADAS EN OTRA PARTE,,,,1
H200,IRIDOCICLITIS AGUDA Y SUBAGUDA,,,,1
H201,IRIDOCICLITIS CRÓNICA,,,,1
H202,IRIDOCICLITIS INDUCIDA POR TRASTORNO DEL CRISTALINO,,,,1
H208,OTRAS IRIDOCICLITIS ESPECIFICADAS,,,,1
H209,"IRIDOCICLITIS, NO ESPECIFICADA",,,,1
H210,HIFEMA,,,,1
H211,OTROS TRASTORNOS VASCULARES DEL IRIS Y DEL CUERPO CILIAR,,,,1
H212,DEGENERACIÓN DEL IRIS Y DEL CUERPO CILIAR,,,,1
H213,"QUISTE DEL IRIS, DEL CUERPO CILIAR Y DE LA CÁMARA ANTERIOR",,,,1
H214,MEMBRANAS PUPILARES,,,,1
H215,OTRAS ADHERENCIAS Y DESGARROS DEL IRIS Y DEL CUERPO CILIAR,,,,1
H218,OTROS TRASTORNOS ESPECIFICADOS DEL IRIS Y DEL CUERPO CILIAR,,,,1
H219,"TRASTORNO DEL IRIS Y DEL CUERPO CILIAR, NO ESPECIFICADO",,,,1
H220,IRIDOCICLITIS EN ENFERMEDADES INFECCIOSAS Y PARASITARIAS CLASIFICADAS EN OTRA PARTE,,,,1
H221,IRIDOCICLITIS EN OTRAS ENFERMEDADES CLASIFICADAS EN OTRA PARTE,,,,1
H228,OTROS TRASTORNOS DEL IRIS Y DEL CUERPO CILIAR EN ENFERMEDADES CLASIFICADAS EN OTRA PARTE,,,,1
H250,CATARATA SENIL INCIPIENTE,,23725,43800,1
H251,CATARATA SENIL NUCLEAR,,23725,43800,1
H252,"CATARATA SENIL, TIPO MORGAGNIAN",,23725,43800,1
H258,OTRAS CATARATAS SENILES,,23725,43800,1
H259,"CATARATA SENIL, NO ESPECIFICADA",,23725,43800,1
H260,"CATARATA INFANTIL, JUVENIL Y PRESENIL",,0,23360,1
H261,CATARATA TRAUMÁTICA,,,,1
H262,CATARATA COMPLICADA,,,,1
H263,CATARATA INDUCIDA POR DROGAS,,,,1
H264,CATARATA RESIDUAL,,,,1
H268,OTRAS FORMAS ESPECIFICADAS DE CATARATA,,,,1
H269,"CATARATA, NO ESPECIFICADA",,,,1
H270,AFAQUIA,,,,1
H271,LUXACIÓN DEL CRISTALINO,,,,1
H278,OTROS TRASTORNOS ESPECIFICADOS DEL CRISTALINO,,,,1
H279,"TRASTORNO DEL CRISTALINO, NO ESPECIFICADO",,,,1
H280,CATARATA DIABÉTICA,,,,1
H281,"CATARATA EN OTRAS ENFERMEDADES ENDOCRINAS, NUTRICIONALES Y METABÓLICAS CLASIFICADAS EN OTRA PARTE",,,,1
H282,CATARATA EN OTRAS ENFERMEDADES CLASIFICADAS EN OTRA PARTE,,,,1
H288,OTROS TRASTORNOS DEL CRISTALINO EN ENFERMEDADES CLASIFICADAS EN OTRA PARTE,,,,1
H300,CORIORRETINITIS FOCAL,,,,1
H301,CORIORRETINITIS DISEMINADA,,,,1
H302,CICLITIS POSTERIOR,,,,1
H308,OTRAS CORIORRETINITIS,,,,1
H309,"CORIORRETINITIS, NO ESPECIFICADA",,,,1
H310,CICATRICES CORIORRETINIANAS,,,,1
H311,DEGENERACIÓN COROIDEA,,,,1
H312,DISTROFIA COROIDEA HEREDITARIA,,,,1
H313,HEMORRAGIA Y RUPTURA DE LA COROIDES,,,,1
H314,DESPRENDIMIENTO DE LA COROIDES,,,,1
H318,OTROS TRASTORNOS ESPECIFICADOS DE LA COROIDES,,,,1
H319,"TRASTORNO DE LA COROIDES, NO ESPECIFICADO",,,,1
H320,INFLAMACIÓN CORIORRETINIANA EN ENFERMEDADES INFECCIOSAS Y PARASITARIAS CLASIFICADAS EN OTRA PARTE,,,,1
H328,OTROS TRASTORNOS CORIORRETINIANOS EN ENFERMEDADES CLASIFICADAS EN OTRA PARTE,,,,1
H330,DESPRENDIMIENTO DE LA RETINA CON RUPTURA,,,,1
H331,RETINOSQUISIS Y QUISTES DE LA RETINA,,,,1
H332,DESPRENDIMIENTO SEROSO DE LA RETINA,,,,1
H333,DESGARRO DE LA RETINA SIN DESPRENDIMIENTO,,,,1
H334,DESPRENDIMIENTO DE LA RETINA POR TRACCIÓN,,,,1
H335,OTROS DESPRENDIMIENTOS DE LA RETINA,,,,1
H340,OCLUSIÓN ARTERIAL TRANSITORIA DE LA RETINA,,,,1
H341,OCLUSIÓN DE LA ARTERIA CENTRAL DE LA RETINA,,,,1
H342,OTRAS FORMAS DE OCLUSIÓN DE LA ARTERIA DE LA RETINA,,,,1
H348,OTRAS OCLUSIONES VASCULARES RETINIANAS,,,,1
H349,"OCLUSIÓN VASCULAR RETINIANA, SIN OTRA ESPECIFICACIÓN",,,,1
H350,RETINOPATÍAS DEL FONDO Y CAMBIOS VASCULARES RETINIANOS,,,,1
H351,RETINOPATÍA DE LA PREMATURIDAD,,,,1
H352,OTRAS RETINOPATÍAS PROLIFERATIVAS,,,,1
H353,DEGENERACIÓN DE LA MÁCULA Y DEL POLO POSTERIOR DEL OJO,,,,1
H354,DEGENERACIÓN PERIFÉRICA DE LA RETINA,,,,1
H355,DISTROFIA HEREDITARIA DE LA RETINA,,,,1
H356,HEMORRAGIA RETINIANA,,,,1
H357,SEPARACIÓN DE LAS CAPAS DE LA RETINA,,,,1
H358,OTROS TRASTORNOS ESPECIFICADOS DE LA RETINA,,,,1
H359,"TRASTORNO DE LA RETINA, NO ESPECIFICADO",,,,1
H360,RETINOPATÍA DIABÉTICA,,,,1
H368,OTROS TRASTORNOS DE LA RETINA EN ENFERMEDADES CLASIFICADAS EN OTRA PARTE,,,,1
H400,SOSPECHA DE GLAUCOMA,,,,1
H401,GLAUCOMA PRIMARIO DE ÁNGULO ABIERTO,,,,1
H402,GLAUCOMA PRIMARIO DE ÁNGULO CERRADO,,,,1
H403,GLAUCOMA SECUNDARIO A TRAUMATISMO OCULAR,,,,1
H404,GLAUCOMA SECUNDARIO A INFLAMACIÓN OCULAR,,,,1
H405,GLAUCOMA SECUNDARIO A OTROS TRASTORNOS DEL OJO,,,,1
H406,GLAUCOMA SECUNDARIO A DROGAS,,,,1
H408,OTROS GLAUCOMAS,,,,1
H409,"GLAUCOMA, NO ESPECIFICADO",,,,1
H420,"GLAUCOMA EN ENFERMEDADES ENDOCRINAS, NUTRICIONALES Y METABÓLICAS CLASIFICADAS EN OTRA PARTE",,,,1
H428,GLAUCOMA EN OTRAS ENFERMEDADES CLASIFICADAS EN OTRA PARTE,,,,1
H430,PROLAPSO DEL VÍTREO,,,,1
H431,HEMORRAGIA DEL VÍTREO,,,,1
H432,DEPÓSITOS CRISTALINOS EN EL CUERPO VÍTREO,,,,1
H433,OTRAS OPACIDADES VÍTREAS,,,,1
H438,OTROS TRASTORNOS DEL CUERPO VÍTREO,,,,1
H439,"TRASTORNO DEL CUERPO VÍTREO, NO ESPECIFICADO",,,,1
H440,ENDOFTALMITIS PURULENTA,,,,1
H441,OTRAS ENDOFTALMITIS,,,,1
H442,MIOPÍA DEGENERATIVA,,,,1
H443,OTROS TRASTORNOS DEGENERATIVOS DEL GLOBO OCULAR,,,,1
H444,HIPOTONÍA OCULAR,,,,1
H445,AFECCIONES DEGENERATIVAS DEL GLOBO OCULAR,,,,1
H446,RETENCIÓN INTRAOCULAR DE CUERPO EXTRAÑO MAGNÉTICO (ANTIGUO),,,,1
H447,RETENCIÓN INTRAOCULAR DE CUERPO EXTRAÑO NO MAGNÉTICO (ANTIGUO),,,,1
H448,OTROS TRASTORNOS DEL GLOBO OCULAR,,,,1
H449,"TRASTORNO DEL GLOBO OCULAR, NO ESPECIFICADO",,,,1
H450,HEMORRAGIA DEL VÍTREO EN ENFERMEDADES CLASIFICADAS EN OTRA PARTE,,,,1
H451,ENDOFTALMITIS EN ENFERMEDADES CLASIFICADAS EN OTRA PARTE,,,,1
H458,OTROS TRASTORNOS DEL CUERPO VÍTREO Y DEL GLOBO OCULAR EN ENFERMEDADES CLASIFICADAS EN OTRA PARTE,,,,1
H46,NEURITIS ÓPTICA,,,,1
H470,"TRASTORNOS DEL NERVIO ÓPTICO, NO CLASIFICADOS EN OTRA PARTE",,,,1
H471,"PAPILEDEMA, NO ESPECIFICADO",,,,1
H472,ATROFIA ÓPTICA,,,,1
H473,OTROS TRASTORNOS DEL DISCO ÓPTICO,,,,1
H474,TRASTORNOS DEL QUIASMA ÓPTICO,,,,1
H475,TRASTORNOS DE OTRAS VÍAS ÓPTICAS,,,,1
H476,TRASTORNOS DE LA CORTEZA VISUAL,,,,1
H477,"TRASTORNO DE LAS VÍAS ÓPTICAS, NO ESPECIFICADO",,,,1
H480,ATROFIA ÓPTICA EN ENFERMEDADES CLASIFICADAS EN OTRA PARTE,,,,1
H481,NEURITIS RETROBULBAR EN ENFERMEDADES CLASIFICADAS EN OTRA PARTE,,,,1
H488,OTROS TRASTORNOS DEL NERVIO ÓPTICO Y DE LAS VÍAS ÓPTICAS EN ENFERMEDADES CLASIFICADAS EN OTRA PARTE,,,,1
H490,PARÁLISIS DEL NERVIO MOTOR OCULAR COMÚN [III PAR],,,,1
H491,PARÁLISIS DEL NERVIO PATÉTICO [IV PAR],,,,1
H492,PARÁLISIS DEL NERVIO MOTOR OCULAR EXTERNO [VI PAR],,,,1
H493,OFTALMOPLEJÍA TOTAL (EXTERNA),,,,1
H494,OFTALMOPLEJÍA EXTERNA PROGRESIVA,,,,1
H498,OTROS ESTRABISMOS PARALÍTICOS,,,,1
H499,"ESTRABISMO PARALÍTICO, NO ESPECIFICADO",,,,1
H500,ESTRABISMO CONCOMITANTE CONVERGENTE,,,,1
H501,ESTRABISMO CONCOMITANTE DIVERGENTE,,,,1
H502,ESTRABISMO VERTICAL,,,,1
H503,HETEROTROPÍA INTERMITENTE,,,,1
H504,OTRAS HETEROTROPÍAS O LAS NO ESPECIFICADAS,,,,1
H505,HETEROFORIA,,,,1
H506,ESTRABISMO MECÁNICO,,,,1
H508,OTROS ESTRABISMOS ESPECIFICADOS,,,,1
H509,"ESTRABISMO, NO ESPECIFICADO",,,,1
H510,PARÁLISIS DE LA CONJUGACIÓN DE LA MIRADA,,,,1
H511,EXCESO E INSUFICIENCIA DE LA CONVERGENCIA OCULAR,,,,1
H512,OFTALMOPLEJÍA INTERNUCLEAR,,,,1
H518,OTROS TRASTORNOS ESPECIFICADOS DE LOS MOVIMIENTOS BINOCULARES,,,,1
H519,"TRASTORNO DEL MOVIMIENTO BINOCULAR, NO ESPECIFICADO",,,,1
H520,HIPERMETROPÍA,,,,1
H521,MIOPÍA,,,,1
H522,ASTIGMATISMO,,,,1
H523,ANISOMETROPÍA Y ANISEICONÍA,,,,1
H524,PRESBICIA,,,,1
H525,TRASTORNOS DE LA ACOMODACIÓN,,,,1
H526,OTROS TRASTORNOS DE LA REFRACCIÓN,,,,1
H527,"TRASTORNO DE LA REFRACCIÓN, NO ESPECIFICADO",,,,1
H530,AMBLIOPÍA EX ANOPSIA,,,,1
H531,ALTERACIONES VISUALES SUBJETIVAS,,,,1
H532,DIPLOPÍA,,,,1
H533,OTROS TRASTORNOS DE LA VISIÓN BINOCULAR,,,,1
H534,DEFECTOS DEL CAMPO VISUAL,,,,1
H535,DEFICIENCIA DE LA VISIÓN CROMÁTICA,,,,1
H536,CEGUERA NOCTURNA,,,,1
H538,OTRAS ALTERACIONES VISUALES,,,,1
H539,"ALTERACIÓN VISUAL, NO ESPECIFICADA",,,,1
H540,CEGUERA BINOCULAR,,,,1
H541,"DEFICIENCIA VISUAL SEVERA, BINOCULAR",,,,1
H542,"DEFICIENCIA VISUAL MODERADA, BINOCULAR",,,,1
H543,"DEFICIENCIA VISUAL LEVE O AUSENTE, BINOCULAR",,,,1
H544,CEGUERA MONOCULAR,,,,1
H545,"DEFICIENCIA VISUAL SEVERA, MONOCULAR",,,,1
H546,"DEFICIENCIA VISUAL MODERADA, MONOCULAR",,,,1
H549,DEFICIENCIA VISUAL NO ESPECIFICADA (BINOCULAR),,,,1
H55,NISTAGMO Y OTROS MOVIMIENTOS OCULARES IRREGULARES,,,,1
H570,ANOMALÍAS DE LA FUNCIÓN PUPILAR,,,,1
H571,DOLOR OCULAR,,,,1
H578,OTROS TRASTORNOS ESPECIFICADOS DEL OJO Y SUS ANEXOS,,,,1
H579,"TRASTORNO DEL OJO Y SUS ANEXOS, NO ESPECIFICADO",,,,1
H580,ANOMALÍAS DE LA FUNCIÓN PUPILAR EN ENFERMEDADES CLASIFICADAS EN OTRA PARTE,,,,1
H581,ALTERACIONES DE LA VISIÓN EN ENFERMEDADES CLASIFICADAS EN OTRA PARTE,,,,1
H588,OTROS TRASTORNOS ESPECIFICADOS DEL OJO EN ENFERMEDADES CLASIFICADAS EN OTRA PARTE,,,,1
H590,QUERATOPATÍA (BULLOSA AFÁQUICA) CONSECUTIVA A CIRUGÍA DE CATARATA,,,,1
H598,"OTROS TRASTORNOS DEL OJO Y SUS ANEXOS, CONSECUTIVOS A PROCEDIMIENTOS",,,,1
H599,"TRASTORNO NO ESPECIFICADO DEL OJO Y SUS ANEXOS, CONSECUTIVO A PROCEDIMIENTOS",,,,1
H600,ABSCESO DEL OÍDO EXTERNO,,,,1
H601,CELULITIS DEL OÍDO EXTERNO,,,,1
H602,OTITIS EXTERNA MALIGNA,,,,1
H603,OTRAS OTITIS EXTERNAS INFECCIOSAS,,,,1
H604,COLESTEATOMA DEL OÍDO EXTERNO,,,,1
H605,"OTITIS EXTERNA AGUDA, NO INFECCIOSA",,,,1
H608,OTRAS OTITIS EXTERNAS,,,,1
H609,"OTITIS EXTERNA, SIN OTRA ESPECIFICACIÓN",,,,1
H610,PERICONDRITIS DEL OÍDO EXTERNO,,,,1
H611,AFECCIONES NO INFECCIOSAS DEL PABELLÓN AUDITIVO,,,,1
H612,CERUMEN IMPACTADO,,,,1
H613,ESTENOSIS ADQUIRIDA DEL CONDUCTO AUDITIVO EXTERNO,,,,1
H618,OTROS TRASTORNOS ESPECIFICADOS DEL OÍDO EXTERNO,,,,1
H619,"TRASTORNO DEL OÍDO EXTERNO, NO ESPECIFICADO",,,,1
H620,OTITIS EXTERNA EN ENFERMEDADES BACTERIANAS CLASIFICADAS EN OTRA PARTE,,,,1
H621,OTITITS EXTERNA EN ENFERMEDADES VÍRALES CLASIFICADAS EN OTRA PARTE,,,,1
H622,OTITITS EXTERNA EN MICOSIS,,,,1
H623,OTITITS EXTERNA EN OTRAS ENFERMEDADES INFECCIOSAS Y PARASITARIAS CLASIFICADAS EN OTRA PARTE,,,,1
H624,OTITITS EXTERNA EN OTRAS ENFERMEDADES CLASIFICADAS EN OTRA PARTE,,,,1
H628,OTROS TRASTORNOS DEL OÍDO EXTERNO EN ENFERMEDADES CLASIFICADAS EN OTRA PARTE,,,,1
H650,OTITIS MEDIA AGUDA SEROSA,,,,1
H651,"OTRA OTITIS MEDIA AGUDA, NO SUPURATIVA",,,,1
H652,OTITIS MEDIA CRÓNICA SEROSA,,28,43800,1
H653,OTITIS MEDIA CRÓNICA MUCOIDE,,28,43800,1
H654,OTRAS OTITIS MEDIAS CRÓNICAS NO SUPURATIVAS,,28,43800,1
H659,"OTITIS MEDIA NO SUPURATIVA, SIN OTRA ESPECIFICACIÓN",,,,1
H660,OTITIS MEDIA SUPURATIVA AGUDA,,,,1
H661,OTITIS MEDIA TUBOTIMPÁNICA SUPURATIVA CRÓNICA,,28,43800,1
H662,OTITIS MEDIA SUPURATIVA CRÓNICA ATICOANTRAL,,28,43800,1
H663,OTRAS OTITIS MEDIAS CRÓNICAS SUPURATIVAS,,28,43800,1
H664,"OTITIS MEDIA SUPURATIVA, SIN OTRA ESPECIFICACIÓN",,,,1
H669,"OTITIS MEDIA, NO ESPECIFICADA",,,,1
H670,OTITIS MEDIA EN ENFERMEDADES BACTERIANAS CLASIFICADAS EN OTRA PARTE,,,,1
H671,OTITIS MEDIA EN ENFERMEDADES VIRALES CLASIFICADAS EN OTRA PARTE,,,,1
H678,OTITIS MEDIA EN OTRAS ENFERMEDADES CLASIFICADAS EN OTRA PARTE,,,,1
H680,SALPINGITIS EUSTAQUIANA,,,,1
H681,OBSTRUCCIÓN DE LA TROMPA DE EUSTAQUIO,,,,1
H690,DISTENSIÓN DE LA TROMPA DE EUSTAQUIO,,,,1
H698,OTROS TRASTORNOS ESPECIFICADOS DE LA TROMPA DE EUSTAQUIO,,,,1
H699,"TRASTORNO DE LA TROMPA DE EUSTAQUIO, NO ESPECIFICADO",,,,1
H700,MASTOIDITIS AGUDA,,,,1
H701,MASTOIDITIS CRÓNICA,,28,43800,1
H702,PETROSITIS,,,,1
H708,OTRAS MASTOIDITIS Y AFECCIONES RELACIONADAS,,,,1
H709,"MASTOIDITIS, NO ESPECIFICADA",,,,1
H71,COLESTEATOMA DEL OÍDO MEDIO,,,,1
H720,PERFORACIÓN CENTRAL DE LA MEMBRANA TIMPÁNICA,,,,1
H721,PERFORACIÓN ÁTICA DE LA MEMBRANA TIMPÁNICA,,,,1
H722,OTRAS PERFORACIONES MARGINALES DE LA MEMBRANA TIMPÁNICA,,,,1
H728,OTRAS PERFORACIONES DE LA MEMBRANA TIMPÁNICA,,,,1
H729,"PERFORACIÓN DE LA MEMBRANA TIMPÁNICA, SIN OTRA ESPECIFICACIÓN",,,,1
H730,MIRINGITIS AGUDA,,,,1
H731,MIRINGITIS CRÓNICA,,,,1
H738,OTROS TRASTORNOS ESPECIFICADOS DE LA MEMBRANA TIMPÁNICA,,,,1
H739,"TRASTORNO DE LA MEMBRANA TIMPÁNICA, NO ESPECIFICADO",,,,1
H740,TIMPANOSCLEROSIS,,,,1
H741,ENFERMEDAD ADHESIVA DEL OÍDO MEDIO,,,,1
H742,DISCONTINUIDAD Y DISLOCACIÓN DE LOS HUESECILLOS DEL OÍDO,,,,1
H743,OTRAS ANORMALIDADES ADQUIRIDAS DE LOS HUESECILLOS DEL OÍDO,,,,1
H744,PÓLIPO DEL OÍDO MEDIO,,,,1
H748,OTROS TRASTORNOS ESPECIFICADOS DEL OÍDO MEDIO Y DE LA APÓFISIS MASTOIDES,,,,1
H749,"TRASTORNO DEL OÍDO MEDIO Y DE LA APÓFISIS MASTOIDES, NO ESPECIFICADO",,,,1
H750,MASTOIDITIS EN ENFERMEDADES INFECCIOSAS Y PARASITARIAS CLASIFICADAS EN OTRA PARTE,,,,1
H758,OTROS TRASTORNOS ESPECIFICADOS DEL OÍDO MEDIO Y DE LA APOFISIS MASTOIDES EN ENFERMEDADES CLASIFICADAS EN OTRA PARTE,,,,1
H800,"OTOSCLEROSIS QUE AFECTA LA VENTANA OVAL, NO OBLITERANTE",,,,1
H801,"OTOSCLEROSIS QUE AFECTA LA VENTANA OVAL, OBLITERANTE",,,,1
H802,OTOSCLEROSIS COCLEAR,,,,1
H808,OTRAS OTOSCLEROSIS,,,,1
H809,"OTOSCLEROSIS, NO ESPECIFICADA",,,,1
H810,ENFERMEDAD DE MENIERE,,,,1
H811,VÉRTIGO PAROXÍSTICO BENIGNO,,,,1
H812,NEURONITIS VESTIBULAR,,,,1
H813,OTROS VÉRTIGOS PERIFÉRICOS,,,,1
H814,VÉRTIGO DE ORIGEN CENTRAL,,,,1
H818,OTROS TRASTORNOS DE LA FUNCIÓN VESTIBULAR,,,,1
H819,"TRASTORNO DE LA FUNCIÓN VESTIBULAR, NO ESPECIFICADO",,,,1
H82,SÍNDROMES VERTIGINOSOS EN ENFERMEDADES CLASIFICADAS EN OTRA PARTE,,,,1
H830,LABERINTITIS,,,,1
H831,FÍSTULA DEL LABERINTO,,,,1
H832,DISFUNCIÓN DEL LABERINTO,,,,1
H833,EFECTOS DEL RUIDO SOBRE EL OÍDO INTERNO,,,,1
H838,OTROS TRASTORNOS ESPECIFICADOS DEL OÍDO INTERNO,,,,1
H839,"TRASTORNO DEL OÍDO INTERNO, NO ESPECIFICADO",,,,1
H900,HIPOACUSIA CONDUCTIVA BILATERAL,,,,1
H901,"HIPOACUSIA CONDUCTIVA, UNILATERAL CON AUDICIÓN IRRESTRICTA CONTRALATERAL",,,,1
H902,"HIPOACUSIA CONDUCTIVA, SIN OTRA ESPECIFICACIÓN",,,,1
H903,"HIPOACUSIA NEUROSENSORIAL, BILATERAL",,,,1
H904,"HIPOACUSIA NEUROSENSORIAL, UNILATERAL CON AUDICIÓN IRRESTRICTA CONTRALATERAL",,,,1
H905,"HIPOACUSIA NEUROSENSORIAL, SIN OTRA ESPECIFICACIÓN",,,,1
H906,"HIPOACUSIA MIXTA CONDUCTIVA Y NEUROSENSORIAL, BILATERAL",,,,1
H907,"HIPOACUSIA MIXTA CONDUCTIVA Y NEUROSENSORIAL, UNILATERAL CON AUDICIÓN IRRESTRICTA CONTRALATERAL",,,,1
H908,"HIPOACUSIA MIXTA CONDUCTIVA Y NEUROSENSORIAL, NO ESPECIFICADA",,,,1
H910,HIPOACUSIA OTOTÓXICA,,,,1
H911,PRESBIACUSIA,,,,1
H912,HIPOACUSIA SÚBITA IDIOPÁTICA,,,,1
H913,"SORDOMUDEZ, NO CLASIFICADA EN OTRA PARTE",,,,1
H918,OTRAS HIPOACUSIAS ESPECIFICADAS,,,,1
H919,"HIPOACUSIA, NO ESPECIFICADA",,,,1
H920,OTALGIA,,,,1
H921,OTORREA,,,,1
H922,OTORRAGIA,,,,1
H930,TRASTORNOS DEGENERATIVOS Y VASCULARES DEL OÍDO,,,,1
H931,TINNITUS,,,,1
H932,OTRAS PERCEPCIONES AUDITIVAS ANORMALES,,,,1
H933,TRASTORNOS DEL NERVIO AUDITIVO,,,,1
H938,OTROS TRASTORNOS ESPECIFICADOS DEL OÍDO,,,,1
H939,"TRASTORNO DEL OÍDO, NO ESPECIFICADO",,,,1
H940,NEURITIS DEL NERVIO AUDITIVO EN ENFERMEDADES INFECCIOSAS Y PARASITARIAS CLASIFICADAS EN OTRA PARTE,,,,1
H948,OTROS TRASTORNOS ESPECIFICADOS DEL OÍDO EN ENFERMEDADES CLASIFICADAS EN OTRA PARTE,,,,1
H950,COLESTEATOMA RECURRENTE DE LA CAVIDAD RESULTANTE DE LA MASTOIDECTOMÍA,,,,1
H951,OTROS TRASTORNOS POSTERIORES A LA MASTOIDECTOMÍA,,,,1
H958,"OTROS TRASTORNOS DEL OÍDO Y DE LA APÓFISIS MASTOIDES, CONSECUTIVOS A PROCEDIMIENTOS",,,,1
H959,"TRASTORNOS NO ESPECIFICADOS DEL OÍDO Y DE LA APÓFISIS MASTOIDES, CONSECUTIVOS A PROCEDIMIENTOS",,,,1
I00,FIEBRE REUMÁTICA SIN MENCIÓN DE COMPLICACIÓN CARDÍACA,,,,1
I010,PERICARDITIS REUMÁTICA AGUDA,,,,1
I011,ENDOCARDITIS REUMÁTICA AGUDA,,,,1
I012,MIOCARDITIS REUMÁTICA AGUDA,,,,1
I018,OTRAS ENFERMEDADES REUMÁTICAS AGUDAS DEL CORAZÓN,,,,1
I019,"ENFERMEDAD REUMÁTICA AGUDA DEL CORAZÓN, NO ESPECIFICADA",,,,1
I020,COREA REUMÁTICA CON COMPLICACIÓN CARDÍACA,,,,1
I029,COREA REUMÁTICA SIN MENCIÓN DE COMPLICACIÓN CARDÍACA,,,,1
I050,ESTENOSIS MITRAL,,365,43800,1
I051,INSUFICIENCIA MITRAL REUMÁTICA,,365,43800,1
I052,ESTENOSIS MITRAL CON INSUFICIENCIA,,365,43800,1
I058,OTRAS ENFERMEDADES DE LA VÁLVULA MITRAL,,365,43800,1
I059,"ENFERMEDAD VALVULAR MITRAL, NO ESPECIFICADA",,365,43800,1
I060,ESTENOSIS AÓRTICA REUMÁTICA,,365,43800,1
I061,INSUFICIENCIA AÓRTICA REUMÁTICA,,365,43800,1
I062,ESTENOSIS AÓRTICA REUMÁTICA CON INSUFICIENCIA,,365,43800,1
I068,OTRAS ENFERMEDADES REUMÁTICAS DE LA VÁLVULA AÓRTICA,,365,43800,1
I069,"ENFERMEDAD VALVULAR AÓRTICA REUMÁTICA, NO ESPECIFICADA",,365,43800,1
I070,ESTENOSIS TRICÚSPIDE,,365,43800,1
I071,INSUFICIENCIA TRICÚSPIDE,,365,43800,1
I072,ESTENOSIS E INSUFICIENCIA TRICÚSPIDE,,365,43800,1
I078,OTRAS ENFERMEDADES DE LA VÁLVULA TRICÚSPIDE,,365,43800,1
I079,"ENFERMEDAD DE LA VÁLVULA TRICÚSPIDE, NO ESPECIFICADA",,365,43800,1
I080,TRASTORNOS DE LAS VÁLVULAS MITRAL Y AÓRTICA,,365,43800,1
I081,TRASTORNOS DE LAS VÁLVULAS MITRAL Y TRICÚSPIDE,,365,43800,1
I082,TRASTORNOS DE LAS VÁLVULAS AÓRTICA Y TRICÚSPIDE,,365,43800,1
I083,"TRASTORNOS COMBINADOS DE LAS VÁLVULAS MITRAL, TRICÚSPIDE Y AÓRTICA",,365,43800,1
I088,OTRAS ENFERMEDADES DE MÚLTIPLES VÁLVULAS,,365,43800,1
I089,"ENFERMEDAD DE MÚLTIPLES VÁLVULAS, NO ESPECIFICADA",,365,43800,1
I090,MIOCARDITIS REUMÁTICA,,365,43800,1
I091,"ENFERMEDADES REUMÁTICAS DEL ENDOCARDIO, VÁLVULA NO ESPECIFICADA",,365,43800,1
I092,PERICARDITIS REUMÁTICA CRÓNICA,,365,43800,1
I098,OTRAS ENFERMEDADES REUMÁTICAS ESPECIFICADAS DEL CORAZÓN,,365,43800,1
I099,"ENFERMEDAD REUMÁTICA DEL CORAZÓN, NO ESPECIFICADA",,365,43800,1
I10,HIPERTENSIÓN ESENCIAL (PRIMARIA),,28,43800,1
I110,ENFERMEDAD CARDÍACA HIPERTENSIVA CON INSUFICIENCIA CARDÍACA (CONGESTIVA),,28,43800,1
I119,ENFERMEDAD CARDÍACA HIPERTENSIVA SIN INSUFICIENCIA CARDÍACA (CONGESTIVA),,28,43800,1
I120,ENFERMEDAD RENAL HIPERTENSIVA CON INSUFICIENCIA RENAL,,28,43800,1
I129,ENFERMEDAD RENAL HIPERTENSIVA SIN INSUFICIENCIA RENAL,,28,43800,1
I130,ENFERMEDAD CARDIORRENAL HIPERTENSIVA CON INSUFICIENCIA CARDÍACA (CONGESTIVA),,28,43800,1
I131,ENFERMEDAD CARDIORRENAL HIPERTENSIVA CON INSUFICIENCIA RENAL,,28,43800,1
I132,ENFERMEDAD CARDIORRENAL HIPERTENSIVA CON INSUFICIENCIA CARDÍACA (CONGESTIVA) E INSUFICIENCIA RENAL,,28,43800,1
I139,"ENFERMEDAD CARDIORRENAL HIPERTENSIVA, NO ESPECIFICADA",,28,43800,1
I150,HIPERTENSIÓN RENOVASCULAR,,5475,43800,1
I151,HIPERTENSIÓN SECUNDARIA A OTROS TRASTORNOS RENALES,,5475,43800,1
I152,HIPERTENSIÓN SECUNDARIA A TRASTORNOS ENDOCRINOS,,5475,43800,1
I158,OTROS TIPOS DE HIPERTENSIÓN SECUNDARIA,,5475,43800,1
I159,"HIPERTENSIÓN SECUNDARIA, NO ESPECIFICADA",,5475,43800,1
I200,ANGINA INESTABLE,,7300,43800,1
I201,ANGINA DE PECHO CON ESPASMO DOCUMENTADO,,7300,43800,1
I208,OTRAS FORMAS ESPECIFICADAS DE ANGINA DE PECHO,,7300,43800,1
I209,"ANGINA DE PECHO, NO ESPECIFICADA",,7300,43800,1
I210,INFARTO TRANSMURAL AGUDO DEL MIOCARDIO DE LA PARED ANTERIOR,,5475,43800,1
I211,INFARTO TRANSMURAL AGUDO DEL MIOCARDIO DE LA PARED INFERIOR,,5475,43800,1
I212,INFARTO AGUDO TRANSMURAL DEL MIOCARDIO DE OTROS SITIOS,,5475,43800,1
I213,"INFARTO TRANSMURAL AGUDO DEL MIOCARDIO, DE SITIO NO ESPECIFICADO",,5475,43800,1
I214,INFARTO SUBENDOCÁRDICO AGUDO DEL MIOCARDIO,,5475,43800,1
I219,"INFARTO AGUDO DEL MIOCARDIO, SIN OTRA ESPECIFICACIÓN",,5475,43800,1
I220,INFARTO SUBSECUENTE DEL MIOCARDIO DE LA PARED ANTERIOR,,5475,43800,1
I221,INFARTO SUBSECUENTE DEL MIOCARDIO DE LA PARED INFERIOR,,5475,43800,1
I228,INFARTO SUBSECUENTE DEL MIOCARDIO DE OTROS SITIOS,,5475,43800,1
I229,"INFARTO SUBSECUENTE DEL MIOCARDIO, DE PARTE NO ESPECIFICADA",,5475,43800,1
I230,HEMOPERICARDIO COMO COMPLICACIÓN PRESENTE POSTERIOR AL INFARTO AGUDO DEL MIOCARDIO,,5475,43800,1
I231,DEFECTO DEL TABIQUE AURICULAR COMO COMPLICACIÓN PRESENTE POSTERIOR AL INFARTO DEL MIOCARDIO,,5475,43800,1
I232,DEFECTO DEL TABIQUE VENTRICULAR COMO COMPLICACIÓN PRESENTE POSTERIOR AL INFARTO DEL MIOCARDIO,,5475,43800,1
I233,RUPTURA DE LA PARED CARDÍACA SIN HEMOPERICARDIO COMO COMPLICACIÓN PRESENTE POSTERIOR AL INFARTO AGUDO DEL MIOCARDIO,,5475,43800,1
I234,RUPTURA DE LAS CUERDAS TENDINOSAS COMO COMPLICACIÓN PRESENTE POSTERIOR AL INFARTO AGUDO DEL MIOCARDIO,,5475,43800,1
I235,RUPTURA DE MÚSCULO PAPILAR COMO COMPLICACIÓN PRESENTE POSTERIOR AL INFARTO AGUDO DEL MIOCARDIO,,5475,43800,1
I236,"TROMBOSIS DE LA AURÍCULA, APÉNDICE AURICULAR Y VENTRÍCULO COMO COMPLICACIÓN PRESENTE POSTERIOR AL INFARTO AGUDO DEL MIOCARDIO",,5475,43800,1
I238,OTRAS COMPLICACIONES PRESENTES POSTERIORES AL INFARTO AGUDO DEL MIOCARDIO,,5475,43800,1
I240,TROMBOSIS CORONARIA QUE NO RESULTA EN INFARTO DEL MIOCARDIO,,5475,43800,1
I241,SÍNDROME DE DRESSLER,,5475,43800,1
I248,OTRAS FORMAS DE ENFERMEDAD ISQUÉMICA AGUDA DEL CORAZÓN,,5475,43800,1
I249,"ENFERMEDAD ISQUÉMICA AGUDA DEL CORAZÓN, NO ESPECIFICADA",,5475,43800,1
I250,"ENFERMEDAD CARDIOVASCULAR ATEROSCLERÓTICA, ASÍ DESCRITA",,5475,43800,1
I251,ENFERMEDAD ATEROSCLERÓTICA DEL CORAZÓN,,5475,43800,1
I252,INFARTO ANTIGUO DEL MIOCARDIO,,5475,43800,1
I253,ANEURISMA CARDÍACO,,5475,43800,1
I254,ANEURISMA DE ARTERIA CORONARIA,,5475,43800,1
I255,CARDIOMIOPATÍA ISQUÉMICA,,5475,43800,1
I256,ISQUEMIA SILENTE DEL MIOCARDIO,,5475,43800,1
I258,OTRAS FORMAS DE ENFERMEDAD ISQUÉMICA CRÓNICA DEL CORAZÓN,,5475,43800,1
I259,"ENFERMEDAD ISQUÉMICA CRÓNICA DEL CORAZÓN, NO ESPECIFICADA",,5475,43800,1
I260,EMBOLIA PULMONAR CON MENCIÓN DE CORAZÓN PULMONAR AGUDO,,,,1
I269,EMBOLIA PULMONAR SIN MENCIÓN DE CORAZÓN PULMONAR AGUDO,,,,1
I270,HIPERTENSIÓN PULMONAR PRIMARIA,,,,1
I271,ENFERMEDAD CIFOSCOLIÓTICA DEL CORAZÓN,,,,1
I272,OTRAS HIPERTENSIONES PULMONARES SECUNDARIAS,,,,1
I278,OTRAS ENFERMEDADES CARDIOPULMONARES ESPECIFICADAS,,,,1
I279,"ENFERMEDAD PULMONAR DEL CORAZÓN, NO ESPECIFICADA",,,,1
I280,FÍSTULA ARTERIOVENOSA DE LOS VASOS PULMONARES,,,,1
I281,ANEURISMA DE LA ARTERIA PULMONAR,,,,1
I288,OTRAS ENFERMEDADES ESPECIFICADAS DE LOS VASOS PULMONARES,,,,1
I289,"ENFERMEDAD DE LOS VASOS PULMONARES, NO ESPECIFICADA",,,,1
I300,PERICARDITIS IDIOPÁTICA AGUDA INESPECÍFICA,,,,1
I301,PERICARDITIS INFECCIOSA,,,,1
I308,OTRAS FORMAS DE PERICARDITIS AGUDA,,,,1
I309,"PERICARDITIS AGUDA, NO ESPECIFICADA",,,,1
I310,PERICARDITIS CRÓNICA ADHESIVA,,28,43800,1
I311,PERICARDITIS CONSTRICTIVA CRÓNICA,,28,43800,1
I312,"HEMOPERICARDIO, NO CLASIFICADO EN OTRA PARTE",,,,1
I313,DERRAME PERICÁRDICO (NO INFLAMATORIO),,,,1
I318,OTRAS ENFERMEDADES ESPECIFICADAS DEL PERICARDIO,,,,1
I319,"ENFERMEDAD DEL PERICARDIO, NO ESPECIFICADA",,,,1
I320,PERICARDITIS EN ENFERMEDADES BACTERIANAS CLASIFICADAS EN OTRA PARTE,,,,1
I321,PERICARDITIS EN OTRAS ENFERMEDADES INFECCIOSAS Y PARASITARIAS CLASIFICADAS EN OTRA PARTE,,,,1
I328,PERICARDITIS EN OTRAS ENFERMEDADES CLASIFICADAS EN OTRAS PARTE,,,,1
I330,ENDOCARDITIS INFECCIOSA AGUDA Y SUBAGUDA,,,,1
I339,"ENDOCARDITIS AGUDA, NO ESPECIFICADA",,,,1
I340,INSUFICIENCIA (DE LA VÁLVULA) MITRAL,,,,1
I341,PROLAPSO (DE LA VÁLVULA) MITRAL,,,,1
I342,"ESTENOSIS (DE LA VÁLVULA) MITRAL, NO REUMÁTICA",,,,1
I348,OTROS TRASTORNOS NO REUMÁTICOS DE LA VÁLVULA MITRAL,,,,1
I349,"TRASTORNO MITRAL NO REUMÁTICO, NO ESPECIFICADO",,,,1
I350,ESTENOSIS (DE LA VÁLVULA) AÓRTICA,,,,1
I351,INSUFICIENCIA (DE LA VÁLVULA) AÓRTICA,,,,1
I352,ESTENOSIS (DE LA VÁLVULA) AÓRTICA CON INSUFICIENCIA,,,,1
I358,OTROS TRASTORNOS DE LA VÁLVULA AÓRTICA,,,,1
I359,"TRASTORNO DE LA VÁLVULA AÓRTICA, NO ESPECIFICADO",,,,1
I360,ESTENOSIS NO REUMÁTICA (DE LA VÁLVULA) TRICÚSPIDE,,,,1
I361,INSUFICIENCIA NO REUMÁTICA (DE LA VÁLVULA) TRICÚSPIDE,,,,1
I362,ESTENOSIS CON INSUFICIENCIA NO REUMÁTICA (DE LA VÁLVULA) TRICÚSPIDE,,,,1
I368,OTROS TRASTORNOS NO REUMÁTICOS DE LA VÁLVULA TRICÚSPIDE,,,,1
I369,"TRASTORNO NO REUMÁTICO DE LA VÁLVULA TRICÚSPIDE, NO ESPECIFICADO",,,,1
I370,ESTENOSIS DE LA VÁLVULA PULMONAR,,,,1
I371,INSUFICIENCIA DE LA VÁLVULA PULMONAR,,,,1
I372,ESTENOSIS DE LA VÁLVULA PULMONAR CON INSUFICIENCIA,,,,1
I378,OTROS TRASTORNOS DE LA VÁLVULA PULMONAR,,,,1
I379,"TRASTORNO DE LA VÁLVULA PULMONAR, NO ESPECIFICADO",,,,1
I38,"ENDOCARDITIS, VÁLVULA NO ESPECIFICADA",,,,1
I390,TRASTORNOS DE LA VÁLVULA MITRAL EN ENFERMEDADES CLASIFICADAS EN OTRA PARTE,,,,1
I391,TRASTORNOS DE LA VÁLVULA AÓRTICA EN ENFERMEDADES CLASIFICADAS EN OTRA PARTE,,,,1
I392,TRASTORNOS DE LA VÁLVULA TRICÚSPIDE EN ENFERMEDADES CLASIFICADAS EN OTRA PARTE,,,,1
I393,TRASTORNOS DE LA VÁLVULA PULMONAR EN ENFERMEDADES CLASIFICADAS EN OTRA PARTE,,,,1
I394,TRASTORNOS VALVULARES MÚLTIPLES EN ENFERMEDADES CLASIFICADAS EN OTRAS PARTE,,,,1
I398,"ENDOCARDITIS, VÁLVULA NO ESPECIFICADA, EN ENFERMEDADES CLASIFICADAS EN OTRA PARTE",,,,1
I400,MIOCARDITIS INFECCIOSA,,,,1
I401,MIOCARDITIS AISLADA,,,,1
I408,OTRAS MIOCARDITIS AGUDAS,,,,1
I409,"MIOCARDITIS AGUDA, NO ESPECIFICADA",,,,1
I410,MIOCARDITIS EN ENFERMEDADES BACTERIANAS CLASIFICADAS EN OTRA PARTE,,,,1
I411,MIOCARDITIS EN ENFERMEDADES VIRALES CLASIFICADAS EN OTRA PARTE,,,,1
I412,MIOCARDITIS EN OTRAS ENFERMEDADES INFECCIOSAS Y PARASITARIAS CLASIFICADAS EN OTRA PARTE,,,,1
I418,MIOCARDITIS EN OTRAS ENFERMEDADES CLASIFICADAS EN OTRA PARTE,,,,1
I420,CARDIOMIOPATÍA DILATADA,,,,1
I421,CARDIOMIOPATÍA HIPERTRÓFICA OBSTRUCTIVA,,,,1
I422,OTRAS CARDIOMIOPATÍAS HIPERTRÓFICAS,,,,1
I423,ENFERMEDAD ENDOMIOCÁRDICA (EOSINOFÍLICA),,,,1
I424,FIBROELASTOSIS ENDOCÁRDICA,,,,1
I425,OTRAS CARDIOMIOPATÍAS RESTRICTIVAS,,,,1
I426,CARDIOMIOPATÍA ALCOHÓLICA,,,,1
I427,CARDIOMIOPATÍA DEBIDA A DROGAS Y OTROS AGENTES EXTERNOS,,,,1
I428,OTRAS CARDIOMIOPATÍAS,,,,1
I429,"CARDIOMIOPATÍA, NO ESPECIFICADA",,,,1
I430,CARDIOMIOPATÍA EN ENFERMEDADES INFECCIOSAS Y PARASITARIAS CLASIFICADAS EN OTRA PARTE,,,,1
I431,CARDIOMIOPATÍA EN ENFERMEDADES METABÓLICAS,,,,1
I432,CARDIOMIOPATÍA EN ENFERMEDADES NUTRICIONALES,,,,1
I438,CARDIOMIOPATÍA EN OTRAS ENFERMEDADES CLASIFICADAS EN OTRA PARTE,,,,1
I440,BLOQUEO AURICULOVENTRICULAR DE PRIMER GRADO,,,,1
I441,BLOQUEO AURICULOVENTRICULAR DE SEGUNDO GRADO,,,,1
I442,BLOQUEO AURICULOVENTRICULAR COMPLETO,,,,1
I443,OTROS TIPOS DE BLOQUEO AURICULOVENTRICULAR Y LOS NO ESPECIFICADOS,,,,1
I444,BLOQUEO FASCICULAR ANTERIOR IZQUIERDO,,,,1
I445,BLOQUEO FASCICULAR POSTERIOR IZQUIERDO,,,,1
I446,OTROS TIPOS DE BLOQUEO FASCICULAR Y LOS NO ESPECIFICADOS,,,,1
I447,"BLOQUEO DE RAMA IZQUIERDA DEL HAZ, SIN OTRA ESPECIFICACIÓN",,,,1
I450,BLOQUEO FASCICULAR DERECHO,,,,1
I451,OTROS TIPOS DE BLOQUEO DE RAMA DERECHA DEL HAZ Y LOS NO ESPECIFICADOS,,,,1
I452,BLOQUEO BIFASCICULAR,,,,1
I453,BLOQUEO TRIFASCICULAR,,,,1
I454,BLOQUEO INTRAVENTRICULAR NO ESPECIFICADO,,,,1
I455,OTROS TIPOS ESPECIFICADOS DE BLOQUEO DEL CORAZÓN,,,,1
I456,SÍNDROME DE PREEXCITACIÓN,,,,1
I458,OTROS TRASTORNOS ESPECIFICADOS DE LA CONDUCCIÓN,,,,1
I459,"TRASTORNO DE LA CONDUCCIÓN, NO ESPECIFICADO",,,,1
I460,PARO CARDÍACO CON RESUCITACIÓN EXITOSA,,,,1
I461,"MUERTE CARDÍACA SÚBITA, ASÍ DESCRITA",,,,0
I469,"PARO CARDÍACO, NO ESPECIFICADO",,28,43800,0
I470,ARRITMIA POR REENTRADA VENTRICULAR,,28,43800,1
I471,TAQUICARDIA SUPRAVENTRICULAR,,28,43800,1
I472,TAQUICARDIA VENTRICULAR,,28,43800,1
I479,"TAQUICARDIA PAROXÍSTICA, NO ESPECIFICADA",,28,43800,1
I480,FIBRILACIÓN AURICULAR PAROXÍSTICA,,28,43800,1
I481,FIBRILACIÓN AURICULAR PERSISTENTE,,28,43800,1
I482,FIBRILACIÓN AURICULAR CRÓNICA,,28,43800,1
I483,ALETEO AURICULAR TÍPICO,,28,43800,1
I484,ALETEO AURICULAR ATÍPICO,,28,43800,1
I489,"FIBRILACIÓN Y ALETEO AURICULAR, NO ESPECIFICADO",,28,43800,1
I490,FIBRILACIÓN Y ALETEO VENTRICULAR,,28,43800,1
I491,DESPOLARIZACIÓN AURICULAR PREMATURA,,28,43800,1
I492,DESPOLARIZACIÓN PREMATURA NODAL,,28,43800,1
I493,DESPOLARIZACIÓN VENTRICULAR PREMATURA,,28,43800,1
I494,OTROS TIPOS DE DESPOLARIZACIÓN PREMATURA Y LOS NO ESPECIFICADOS,,28,43800,1
I495,SÍNDROME DEL SENO ENFERMO,,28,43800,1
I498,OTRAS ARRITMIAS CARDIACAS ESPECIFICADAS,,28,43800,1
I499,"ARRITMIA CARDÍACA, NO ESPECIFICADA",,28,43800,1
I500,INSUFICIENCIA CARDÍACA CONGESTIVA,,28,43800,1
I501,INSUFICIENCIA VENTRICULAR IZQUIERDA,,28,43800,1
I509,"INSUFICIENCIA CARDÍACA, NO ESPECIFICADA",,28,43800,1
I510,"DEFECTO DEL TABIQUE CARDÍACO, ADQUIRIDO",,28,43800,1
I511,"RUPTURA DE CUERDA TENDINOSA, NO CLASIFICADA EN OTRA PARTE",,28,43800,1
I512,"RUPTURA DE MÚSCULO PAPILAR, NO CLASIFICADA EN OTRA PARTE",,28,43800,1
I513,"TROMBOSIS INTRACARDÍACA, NO CLASIFICADA EN OTRA PARTE",,28,43800,1
I514,"MIOCARDITIS, NO ESPECIFICADA",,28,43800,1
I515,DEGENERACIÓN MIOCÁRDICA,,28,43800,1
I516,"ENFERMEDAD CARDIOVASCULAR, NO ESPECIFICADA",,28,43800,1
I517,CARDIOMEGALIA,,28,43800,1
I518,OTRAS ENFERMEDADES CARDIACAS MAL DEFINIDAS,,28,43800,1
I519,"ENFERMEDAD CARDÍACA, NO ESPECIFICADA",,28,43800,1
I520,OTROS TRASTORNOS CARDÍACOS EN ENFERMEDADES BACTERIANAS CLASIFICADAS EN OTRA PARTE,,,,1
I521,OTROS TRASTORNOS CARDÍACOS EN OTRAS ENFERMEDADES INFECCIOSAS Y PARASITARIAS CLASIFICADAS EN OTRA PARTE,,,,1
I528,OTROS TRASTORNOS CARDÍACOS EN OTRAS ENFERMEDADES CLASIFICADAS EN OTRA PARTE,,,,1
I600,HEMORRAGIA SUBARACNOIDEA DE SIFÓN Y BIFURCACIÓN CAROTÍDEA,,28,43800,1
I601,HEMORRAGIA SUBARACNOIDEA DE ARTERIA CEREBRAL MEDIA,,28,43800,1
I602,HEMORRAGIA SUBARACNOIDEA DE ARTERIA COMUNICANTE ANTERIOR,,28,43800,1
I603,HEMORRAGIA SUBARACNOIDEA DE ARTERIA COMUNICANTE POSTERIOR,,28,43800,1
I604,HEMORRAGIA SUBARACNOIDEA DE ARTERIA BASILAR,,28,43800,1
I605,HEMORRAGIA SUBARACNOIDEA DE ARTERIA VERTEBRAL,,28,43800,1
I606,HEMORRAGIA SUBARACNOIDEA DE OTRAS ARTERIAS INTRACRANEALES,,28,43800,1
I607,HEMORRAGIA SUBARACNOIDEA DE ARTERIA INTRACRANEAL NO ESPECIFICADA,,28,43800,1
I608,OTRAS HEMORRAGIAS SUBARACNOIDEAS,,28,43800,1
I609,"HEMORRAGIA SUBARACNOIDEA, NO ESPECIFICADA",,28,43800,1
I610,"HEMORRAGIA INTRACEREBRAL EN HEMISFERIO, SUBCORTICAL",,28,43800,1
I611,"HEMORRAGIA INTRACEREBRAL EN HEMISFERIO, CORTICAL",,28,43800,1
I612,"HEMORRAGIA INTRACEREBRAL EN HEMISFERIO, NO ESPECIFICADA",,28,43800,1
I613,HEMORRAGIA INTRAENCEFÁLICA EN TALLO CEREBRAL,,28,43800,1
I614,HEMORRAGIA INTRAENCEFÁLICA EN CEREBELO,,28,43800,1
I615,"HEMORRAGIA INTRAENCEFÁLICA, INTRAVENTRICULAR",,28,43800,1
I616,HEMORRAGIA INTRAENCEFÁLICA DE LOCALIZACIONES MÚLTIPLES,,28,43800,1
I618,OTRAS HEMORRAGIAS INTRAENCEFÁLICAS,,28,43800,1
I619,"HEMORRAGIA INTRAENCEFÁLICA, NO ESPECIFICADA",,28,43800,1
I620,HEMORRAGIA SUBDURAL NO TRAUMÁTICA,,28,43800,1
I621,HEMORRAGIA EXTRADURAL NO TRAUMÁTICA,,28,43800,1
I629,"HEMORRAGIA INTRACRANEAL (NO TRAUMÁTICA), NO ESPECIFICADA",,28,43800,1
I630,INFARTO CEREBRAL DEBIDO A TROMBOSIS DE ARTERIAS PRECEREBRALES,,,,1
I631,INFARTO CEREBRAL DEBIDO A EMBOLIA DE ARTERIAS PRECEREBRALES,,,,1
I632,INFARTO CEREBRAL DEBIDO A OCLUSIÓN O ESTENOSIS NO ESPECIFICADA DE ARTERIAS PRECEREBRALES,,,,1
I633,INFARTO CEREBRAL DEBIDO A TROMBOSIS DE ARTERIAS CEREBRALES,,,,1
I634,INFARTO CEREBRAL DEBIDO A EMBOLIA DE ARTERIAS CEREBRALES,,,,1
I635,INFARTO CEREBRAL DEBIDO A OCLUSIÓN O ESTENOSIS NO ESPECIFICADA DE ARTERIAS CEREBRALES,,,,1
I636,"INFARTO CEREBRAL DEBIDO A TROMBOSIS DE VENAS CEREBRALES, NO PIÓGENO",,,,1
I638,OTROS INFARTOS CEREBRALES,,,,1
I639,"INFARTO CEREBRAL, NO ESPECIFICADO",,,,1
I64,"ACCIDENTE VASCULAR ENCEFÁLICO AGUDO, NO ESPECIFICADO COMO HEMORRÁGICO O ISQUÉMICO",,5475,43800,1
I650,OCLUSIÓN Y ESTENOSIS DE ARTERIA VERTEBRAL,,,,1
I651,OCLUSIÓN Y ESTENOSIS DE ARTERIA BASILAR,,,,1
I652,OCLUSIÓN Y ESTENOSIS DE ARTERIA CARÓTIDA,,,,1
I653,OCLUSIÓN Y ESTENOSIS MÚLTIPLE BILATERAL DE ARTERIAS PRECEREBRALES,,,,1
I658,OCLUSIÓN Y ESTENOSIS DE OTRAS ARTERIAS PRECEREBRALES,,,,1
I659,OCLUSIÓN Y ESTENOSIS DE ARTERIA PRECEREBRAL NO ESPECIFICADA,,,,1
I660,OCLUSIÓN Y ESTENOSIS DE LA ARTERIA CEREBRAL MEDIA,,,,1
I661,OCLUSIÓN Y ESTENOSIS DE LA ARTERIA CEREBRAL ANTERIOR,,,,1
I662,OCLUSIÓN Y ESTENOSIS DE LA ARTERIA CEREBRAL POSTERIOR,,,,1
I663,OCLUSIÓN Y ESTENOSIS DE ARTERIAS CEREBELOSAS,,,,1
I664,OCLUSIÓN Y ESTENOSIS MÚLTIPLE BILATERAL DE ARTERIAS CEREBRALES,,,,1
I668,OCLUSIÓN Y ESTENOSIS DE OTRAS ARTERIAS CEREBRALES,,,,1
I669,OCLUSIÓN Y ESTENOSIS DE ARTERIA CEREBRAL NO ESPECIFICADA,,,,1
I670,"DISECCIÓN DE ARTERIAS CEREBRALES, SIN RUPTURA",,365,43800,1
I671,"ANEURISMA CEREBRAL, SIN RUPTURA",,365,43800,1
I672,ATEROSCLEROSIS CEREBRAL,,365,43800,1
I673,LEUCOENCEFALOPATÍA VASCULAR PROGRESIVA,,365,43800,1
I674,ENCEFALOPATÍA HIPERTENSIVA,,365,43800,1
I675,ENFERMEDAD DE MOYAMOYA,,365,43800,1
I676,TROMBOSIS APIÓGENA DEL SISTEMA VENOSO INTRACRANEAL,,365,43800,1
I677,"ARTERITIS CEREBRAL, NO CLASIFICADA EN OTRA PARTE",,365,43800,1
I678,OTRAS ENFERMEDADES CEREBROVASCULARES ESPECIFICADAS,,365,43800,1
I679,"ENFERMEDAD CEREBROVASCULAR, NO ESPECIFICADA",,365,43800,1
I680,ANGIOPATÍA CEREBRAL AMILOIDE,,,,1
I681,ARTERITIS CEREBRAL EN ENFERMEDADES INFECCIOSAS Y PARASITARIAS CLASIFICADAS EN OTRA PARTE,,,,1
I682,ARTERITIS CEREBRAL EN OTRAS ENFERMEDADES CLASIFICADAS EN OTRA PARTE,,,,1
I688,OTROS TRASTORNOS CEREBROVASCULARES EN ENFERMEDADES CLASIFICADAS EN OTRA PARTE,,,,1
I690,SECUELAS DE HEMORRAGIA SUBARACNOIDEA,,,,1
I691,SECUELAS DE HEMORRAGIA INTRAENCEFÁLICA,,,,1
I692,SECUELAS DE OTRAS HEMORRAGIAS INTRACRANEALES NO TRAUMÁTICAS,,,,1
I693,SECUELAS DE INFARTO CEREBRAL,,7300,43800,1
I694,"SECUELAS DE ACCIDENTE VASCULAR ENCÉFALICO, NO ESPECIFICADO COMO HEMORRÁGICO O ISQUÉMICO",,7300,43800,1
I698,SECUELAS DE OTRAS ENFERMEDADES CEREBROVASCULARES Y DE LAS NO ESPECIFICADAS,,7300,43800,1
I700,ATEROSCLEROSIS DE LA AORTA,,5475,43800,1
I701,ATEROSCLEROSIS DE LA ARTERIA RENAL,,5475,43800,1
I702,ATEROSCLEROSIS DE LAS ARTERIAS DE LOS MIEMBROS,,5475,43800,1
I708,ATEROSCLEROSIS DE OTRAS ARTERIAS,,5475,43800,1
I709,ATEROSCLEROSIS GENERALIZADA Y LA NO ESPECIFICADA,,5475,43800,1
I710,DISECCIÓN DE AORTA (CUALQUIER PARTE),,,,1
I711,RUPTURA DE ANEURISMA DE LA AORTA TORÁCICA,,,,1
I712,"ANEURISMA DE LA AORTA TORÁCICA, SIN MENCIÓN DE RUPTURA",,,,1
I713,RUPTURA DE ANEURISMA DE LA AORTA ABDOMINAL,,,,1
I714,"ANEURISMA DE LA AORTA ABDOMINAL, SIN MENCIÓN DE RUPTURA",,,,1
I715,RUPTURA DE ANEURISMA DE LA AORTA TORACOABDOMINAL,,,,1
I716,"ANEURISMA DE LA AORTA TORACOABDOMINAL, SIN MENCIÓN DE RUPTURA",,,,1
I718,"RUPTURA DE ANEURISMA AÓRTICO, SITIO NO ESPECIFICADO",,,,1
I719,"ANEURISMA DE LA AORTA, SITIO NO ESPECIFICADO, SIN MENCIÓN DE RUPTURA",,,,1
I720,ANEURISMA Y DISECCIÓN DE LA ARTERIA CARÓTIDA,,,,1
I721,ANEURISMA Y DISECCIÓN DE ARTERIA DEL MIEMBRO SUPERIOR,,,,1
I722,ANEURISMA Y DISECCIÓN DE ARTERIA RENAL,,,,1
I723,ANEURISMA Y DISECCIÓN DE ARTERIA ILÍACA,,,,1
I724,ANEURISMA Y DISECCIÓN DE ARTERIA DEL MIEMBRO INFERIOR,,,,1
I725,ANEURISMA Y DISECCIÓN DE OTRAS ARTERIAS PRECEREBRALES,,,,1
I726,ANEURISMA Y DISECCIÓN DE ARTERIA VERTEBRAL,,,,1
I728,ANEURISMA Y DISECCIÓN DE OTRAS ARTERIAS ESPECIFICADAS,,,,1
I729,ANEURISMA Y DISECCIÓN DE SITIO NO ESPECIFICADO,,,,1
I730,SÍNDROME DE RAYNAUD,,,,1
I731,TROMBOANGEÍTIS OBLITERANTE [BUERGER],,,,1
I738,OTRAS ENFERMEDADES VASCULARES PERIFÉRICAS ESPECIFICADAS,,,,1
I739,"ENFERMEDAD VASCULAR PERIFÉRICA, NO ESPECIFICADA",,,,1
I740,EMBOLIA Y TROMBOSIS DE LA AORTA ABDOMINAL,,,,1
I741,EMBOLIA Y TROMBOSIS DE OTRAS PORCIONES Y LAS NO ESPECIFICADAS DE LA AORTA,,,,1
I742,EMBOLIA Y TROMBOSIS DE ARTERIAS DE LOS MIEMBROS SUPERIORES,,,,1
I743,EMBOLIA Y TROMBOSIS DE ARTERIAS DE LOS MIEMBROS INFERIORES,,,,1
I744,"EMBOLIA Y TROMBOSIS DE ARTERIAS DE LOS MIEMBROS, NO ESPECIFICADAS",,,,1
I745,EMBOLIA Y TROMBOSIS DE ARTERIA ILÍACA,,,,1
I748,EMBOLIA Y TROMBOSIS DE OTRAS ARTERIAS,,,,1
I749,EMBOLIA Y TROMBOSIS DE ARTERIA NO ESPECIFICADA,,,,1
I770,"FÍSTULA ARTERIOVENOSA, ADQUIRIDA",,,,1
I771,ESTRECHEZ ARTERIAL,,,,1
I772,RUPTURA ARTERIAL,,,,1
I773,DISPLASIA FIBROMUSCULAR ARTERIAL,,,,1
I774,SÍNDROME DE COMPRESIÓN DEL TRONCO CELÍACO,,,,1
I775,NECROSIS ARTERIAL,,,,1
I776,"ARTERITIS, NO ESPECIFICADA",,,,1
I778,OTROS TRASTORNOS ESPECIFICADOS DE ARTERIAS Y ARTERIOLAS,,,,1
I779,"TRASTORNO DE ARTERIAS Y ARTERIOLAS, NO ESPECIFICADO",,,,1
I780,TELANGIECTASIA HEMORRÁGICA HEREDITARIA,,,,1
I781,"NEVO, NO NEOPLÁSICO",,,,1
I788,OTRAS ENFERMEDADES DE LOS CAPILARES,,,,1
I789,"ENFERMEDAD DE LOS VASOS CAPILARES, NO ESPECIFICADA",,,,1
I790,ANEURISMA DE LA AORTA EN ENFERMEDADES CLASIFICADAS EN OTRA PARTE,,,,1
I791,AORTITIS EN ENFERMEDADES CLASIFICADAS EN OTRA PARTE,,,,1
I792,ANGIOPATÍA PERIFÉRICA EN ENFERMEDADES CLASIFICADAS EN OTRA PARTE,,,,1
I798,"OTROS TRASTORNOS DE ARTERIAS, ARTERIOLAS Y VASOS CAPILARES EN ENFERMEDADES CLASIFICADAS EN OTRA PARTE",,,,1
I800,FLEBITIS Y TROMBOFLEBITIS DE VASOS SUPERFICIALES DE LOS MIEMBROS INFERIORES,,,,1
I801,FLEBITIS Y TROMBOFLEBITIS DE LA VENA FEMORAL,,,,1
I802,FLEBITIS Y TROMBOFLEBITIS DE OTROS VASOS PROFUNDOS DE LOS MIEMBROS INFERIORES,,,,1
I803,"FLEBITIS Y TROMBOFLEBITIS DE LOS MIEMBROS INFERIORES, NO ESPECIFICADA",,,,1
I808,FLEBITIS Y TROMBOFLEBITIS DE OTROS SITIOS,,,,1
I809,FLEBITIS Y TROMBOFLEBITIS DE SITIO NO ESPECIFICADO,,,,1
I81,TROMBOSIS DE LA VENA PORTA,,,,1
I820,SÍNDROME DE BUDD-CHIARI,,,,1
I821,TROMBOFLEBITIS MIGRATORIA,,,,1
I822,EMBOLIA Y TROMBOSIS DE VENA CAVA,,,,1
I823,EMBOLIA Y TROMBOSIS DE VENA RENAL,,,,1
I828,EMBOLIA Y TROMBOSIS DE OTRAS VENAS ESPECIFICADAS,,,,1
I829,EMBOLIA Y TROMBOSIS DE VENA NO ESPECIFICADA,,,,1
I830,VENAS VARICOSAS DE LOS MIEMBROS INFERIORES CON ÚLCERA,,,,1
I831,VENAS VARICOSAS DE LOS MIEMBROS INFERIORES CON INFLAMACIÓN,,,,1
I832,VENAS VARICOSAS DE LOS MIEMBROS INFERIORES CON ÚLCERA E INFLAMACIÓN,,,,1
I839,VENAS VARICOSAS DE LOS MIEMBROS INFERIORES SIN ÚLCERA NI INFLAMACIÓN,,,,1
I850,VÁRICES ESOFÁGICAS CON HEMORRAGIA,,,,1
I859,VÁRICES ESOFÁGICAS SIN HEMORRAGIA,,,,1
I860,VÁRICES SUBLINGUALES,,,,1
I861,VÁRICES ESCROTALES,M,,,1
I862,VÁRICES PÉLVICAS,,,,1
I863,VÁRICES DE LA VULVA,F,,,1
I864,VÁRICES GÁSTRICAS,,,,1
I868,VÁRICES EN OTROS SITIOS ESPECIFICADOS,,,,1
I870,SÍNDROME POSTROMBÓTICO,,,,1
I871,COMPRESIÓN DE VENA,,,,1
I872,INSUFICIENCIA VENOSA (CRÓNICA) (PERIFÉRICA),,,,1
I878,OTROS TRASTORNOS VENOSOS ESPECIFICADOS,,,,1
I879,"TRASTORNO VENOSO, NO ESPECIFICADO",,,,1
I880,LINFADENITIS MESENTÉRICA INESPECÍFICA,,,,1
I881,"LINFADENITIS CRÓNICA, EXCEPTO LA MESENTÉRICA",,,,1
I888,OTRAS LINFADENITIS INESPECÍFICAS,,,,1
I889,LINFADENITIS INESPECÍFICA NO ESPECIFICADA,,,,1
I890,"LINFEDEMA, NO CLASIFICADO EN OTRA PARTE",,,,1
I891,LINFANGITIS,,,,1
I898,OTROS TRASTORNOS ESPECIFICADOS NO INFECCIOSOS DE LOS VASOS Y GANGLIOS LINFÁTICOS,,,,1
I899,"TRASTORNO NO INFECCIOSO DE VASOS Y GANGLIOS LINFÁTICOS, NO ESPECIFICADO",,,,1
I950,HIPOTENSIÓN IDIOPÁTICA,,,,1
I951,HIPOTENSIÓN ORTOSTÁTICA,,,,1
I952,HIPOTENSIÓN DEBIDA A DROGAS,,,,1
I958,OTROS TIPOS DE HIPOTENSIÓN,,,,1
I959,"HIPOTENSIÓN, NO ESPECIFICADA",,,,1
I970,SÍNDROME DE POSTCARDIOTOMÍA,,,,1
I971,OTRAS ALTERACIONES FUNCIONALES CONSECUTIVAS A CIRUGÍA CARDÍACA,,,,1
I972,SÍNDROME DE LINFEDEMA POSTMASTECTOMÍA,,,,1
I978,"OTROS TRASTORNOS DEL SISTEMA CIRCULATORIO CONSECUTIVOS A PROCEDIMIENTOS, NO CLASIFICADOS EN OTRA PARTE",,,,1
I979,TRASTORNO NO ESPECIFICADO DEL SISTEMA CIRCULATORIO CONSECUTIVO A PROCEDIMIENTOS,,,,1
I980,SÍFILIS CARDIOVASCULAR,,,,1
I981,TRASTORNOS CARDIOVASCULARES EN OTRAS ENFERMEDADES INFECCIOSAS Y PARASITARIAS CLASIFICADAS EN OTRA PARTE,,,,1
I982,VÁRICES ESOFÁGICAS SIN HEMORRAGIA EN ENFERMEDADES CLASIFICADAS EN OTRA PARTE,,,,1
I983,VÁRICES ESOFÁGICAS CON HEMORRAGIA EN ENFERMEDADES CLASIFICADAS EN OTRA PARTE,,,,1
I988,OTROS TRASTORNOS ESPECIFICADOS DEL APARATO CIRCULATORIO EN ENFERMEDADES CLASIFICADAS EN OTRA PARTE,,,,1
I99,OTROS TRASTORNOS Y LOS NO ESPECIFICADOS DEL SISTEMA CIRCULATORIO,,,,1
J00,RINOFARINGITIS AGUDA [RESFRIADO COMÚN],,,,1
J010,SINUSITIS MAXILAR AGUDA,,,,1
J011,SINUSITIS FRONTAL AGUDA,,,,1
J012,SINUSITIS ETMOIDAL AGUDA,,,,1
J013,SINUSITIS ESFENOIDAL AGUDA,,,,1
J014,PANSINUSITIS AGUDA,,,,1
J018,OTRAS SINUSITIS AGUDAS,,,,1
J019,"SINUSITIS AGUDA, NO ESPECIFICADA",,,,1
J020,FARINGITIS ESTREPTOCÓCICA,,,,1
J028,FARINGITIS AGUDA DEBIDA A OTROS MICROORGANISMOS ESPECIFICADOS,,,,1
J029,"FARINGITIS AGUDA, NO ESPECIFICADA",,,,1
J030,AMIGDALITIS ESTREPTOCÓCICA,,,,1
J038,AMIGDALITIS AGUDA DEBIDA A OTROS MICROORGANISMOS ESPECIFICADOS,,,,1
J039,"AMIGDALITIS AGUDA, NO ESPECIFICADA",,,,1
J040,LARINGITIS AGUDA,,,,1
J041,TRAQUEÍTIS AGUDA,,,,1
J042,LARINGOTRAQUEÍTIS AGUDA,,,,1
J050,"LARINGITIS OBSTRUCTIVA, AGUDA [CRUP]",,,,1
J051,EPIGLOTITIS AGUDA,,,,1
J060,LARINGOFARINGITIS AGUDA,,,,1
J068,OTRAS INFECCIONES AGUDAS DE SITIOS MÚLTIPLES DE LAS VÍAS RESPIRATORIAS SUPERIORES,,,,1
J069,"INFECCIÓN AGUDA DE LAS VÍAS RESPIRATORIAS SUPERIORES, NO ESPECIFICADA",,,,1
J09,INFLUENZA DEBIDA A VIRUS DE LA INFLUENZA ZOONÓTICO O PANDÉMICO IDENTIFICADOS,,,,1
J100,"INFLUENZA CON NEUMONÍA, DEBIDA A OTRO VIRUS DE LA INFLUENZA ESTACIONAL IDENTIFICADO",,,,1
J101,"INFLUENZA CON OTRAS MANIFESTACIONES RESPIRATORIAS, DEBIDA A VIRUS DE LA INFLUENZA ESTACIONAL IDENTIFICADO",,,,1
J108,"INFLUENZA, CON OTRAS MANIFESTACIONES, DEBIDA A VIRUS DE LA INFLUENZA ESTACIONAL IDENTIFICADO",,,,1
J110,"INFLUENZA CON NEUMONÍA, VIRUS NO IDENTIFICADO",,,,1
J111,"INFLUENZA CON OTRAS MANIFESTACIONES RESPIRATORIAS, VIRUS NO IDENTIFICADO",,,,1
J118,"INFLUENZA CON OTRAS MANIFESTACIONES, VIRUS NO IDENTIFICADO",,,,1
J120,NEUMONÍA DEBIDA A ADENOVIRUS,,,,1
J121,NEUMONÍA DEBIDA A VIRUS SINCITIAL RESPIRATORIO,,,,1
J122,NEUMONÍA DEBIDA A VIRUS PARAINFLUENZA,,,,1
J123,NEUMONÍA DEBIDA A METANEUMOVIRUS HUMANO,,,,1
J128,NEUMONÍA DEBIDA A OTROS VIRUS,,,,1
J129,"NEUMONÍA VIRAL, NO ESPECIFICADA",,,,1
J13,NEUMONÍA DEBIDA A STREPTOCOCCUS PNEUMONIAE,,,,1
J14,NEUMONÍA DEBIDA A HAEMOPHILUS INFLUENZAE,,,,1
J150,NEUMONÍA DEBIDA A KLEBSIELLA PNEUMONIAE,,,,1
J151,NEUMONÍA DEBIDA A PSEUDOMONAS,,,,1
J152,NEUMONÍA DEBIDA A ESTAFILOCOCOS,,,,1
J153,NEUMONÍA DEBIDA A ESTREPTOCOCOS DEL GRUPO B,,,,1
J154,NEUMONÍA DEBIDA A OTROS ESTREPTOCOCOS,,,,1
J155,NEUMONÍA DEBIDA A ESCHERICHIA COLI,,,,1
J156,NEUMONÍA DEBIDA A OTRAS BACTERIAS AERÓBICAS GRAMNEGATIVAS,,,,1
J157,NEUMONÍA DEBIDA A MYCOPLASMA PNEUMONIAE,,,,1
J158,OTRAS NEUMONÍAS BACTERIANAS,,,,1
J159,"NEUMONÍA BACTERIANA, NO ESPECIFICADA",,,,1
J160,NEUMONÍA DEBIDA A CLAMIDIAS,,28,43800,1
J168,NEUMONÍA DEBIDA A OTROS MICROORGANISMOS INFECCIOSOS ESPECIFICADOS,,,,1
J170,NEUMONÍA EN ENFERMEDADES BACTERIANAS CLASIFICADAS EN OTRA PARTE,,,,1
J171,NEUMONÍA EN ENFERMEDADES VIRALES CLASIFICADAS EN OTRA PARTE,,,,1
J172,NEUMONÍA EN MICOSIS,,,,1
J173,NEUMONÍA EN ENFERMEDADES PARASITARIAS,,,,1
J178,NEUMONÍA EN OTRAS ENFERMEDADES CLASIFICADAS EN OTRA PARTE,,,,1
J180,"BRONCONEUMONÍA, NO ESPECIFICADA",,28,43800,1
J181,"NEUMONÍA LOBAR, NO ESPECIFICADA",,,,1
J182,"NEUMONÍA HIPOSTÁTICA, NO ESPECIFICADA",,,,1
J188,"OTRAS NEUMONÍAS, DE MICROORGANISMO NO ESPECIFICADO",,,,1
J189,"NEUMONÍA, NO ESPECIFICADA",,28,43800,1
J200,BRONQUITIS AGUDA DEBIDA A MYCOPLASMA PNEUMONIAE,,,,1
J201,BRONQUITIS AGUDA DEBIDA A HAEMOPHILUS INFLUENZAE,,,,1
J202,BRONQUITIS AGUDA DEBIDA A ESTREPTOCOCOS,,,,1
J203,BRONQUITIS AGUDA DEBIDA A VIRUS COXSACKIE,,,,1
J204,BRONQUITIS AGUDA DEBIDA A VIRUS PARAINFLUENZA,,,,1
J205,BRONQUITIS AGUDA DEBIDA A VIRUS SINCITIAL RESPIRATORIO,,,,1
J206,BRONQUITIS AGUDA DEBIDA A RINOVIRUS,,,,1
J207,BRONQUITIS AGUDA DEBIDA A VIRUS ECHO,,,,1
J208,BRONQUITIS AGUDA DEBIDA A OTROS MICROORGANISMOS ESPECIFICADOS,,,,1
J209,"BRONQUITIS AGUDA, NO ESPECIFICADA",,,,1
J210,BRONQUIOLITIS AGUDA DEBIDA A VIRUS SINCITIAL RESPIRATORIO,,,,1
J211,BRONQUIOLITIS AGUDA DEBIDA A METANEUMOVIRUS HUMANO,,,,1
J218,BRONQUIOLITIS AGUDA DEBIDA A OTROS MICROORGANISMOS ESPECIFICADOS,,,,1
J219,"BRONQUIOLITIS AGUDA, NO ESPECIFICADA",,,,1
J22,INFECCIÓN AGUDA NO ESPECIFICADA DE LAS VÍAS RESPIRATORIAS INFERIORES,,,,1
J300,RINITIS VASOMOTORA,,,,1
J301,RINITIS ALÉRGICA DEBIDA AL POLEN,,,,1
J302,OTRA RINITIS ALÉRGICA ESTACIONAL,,,,1
J303,OTRAS RINITIS ALÉRGICAS,,,,1
J304,"RINITIS ALÉRGICA, NO ESPECIFICADA",,,,1
J310,RINITIS CRÓNICA,,28,43800,1
J311,RINOFARINGITIS CRÓNICA,,28,43800,1
J312,FARINGITIS CRÓNICA,,28,43800,1
J320,SINUSITIS MAXILAR CRÓNICA,,28,43800,1
J321,SINUSITIS FRONTAL CRÓNICA,,28,43800,1
J322,SINUSITIS ETMOIDAL CRÓNICA,,28,43800,1
J323,SINUSITIS ESFENOIDAL CRÓNICA,,28,43800,1
J324,PANSINUSITIS CRÓNICA,,28,43800,1
J328,OTRAS SINUSITIS CRÓNICAS,,28,43800,1
J329,"SINUSITIS CRÓNICA, NO ESPECIFICADA",,28,43800,1
J330,PÓLIPO DE LA CAVIDAD NASAL,,,,1
J331,DEGENERACIÓN POLIPOIDE DE SENO PARANASAL,,,,1
J338,OTROS PÓLIPOS DE LOS SENOS PARANASALES,,,,1
J339,"PÓLIPO NASAL, NO ESPECIFICADO",,,,1
J340,"ABSCESO, FURÚNCULO Y CARBUNCO DE LA NARIZ",,,,1
J341,QUISTE Y MUCOCELE DE LA NARIZ Y DEL SENO PARANASAL,,,,1
J342,DESVIACIÓN DEL TABIQUE NASAL,,,,1
J343,HIPERTROFIA DE LOS CORNETES NASALES,,,,1
J348,OTROS TRASTORNOS ESPECIFICADOS DE LA NARIZ Y DE LOS SENOS PARANASALES,,,,1
J350,AMIGDALITIS CRÓNICA,,28,43800,1
J351,HIPERTROFIA DE LAS AMÍGDALAS,,28,43800,1
J352,HIPERTROFIA DE LAS ADENOIDES,,28,43800,1
J353,HIPERTROFIA DE LAS AMÍGDALAS CON HIPERTROFIA DE LAS ADENOIDES,,28,43800,1
J358,OTRAS ENFERMEDADES CRÓNICAS DE LAS AMÍGDALAS Y DE LAS ADENOIDES,,28,43800,1
J359,"ENFERMEDAD CRÓNICA DE LAS AMÍGDALAS Y DE LAS ADENOIDES, NO ESPECIFICADA",,28,43800,1
J36,ABSCESO PERIAMIGDALINO,,,,1
J370,LARINGITIS CRÓNICA,,28,43800,1
J371,LARINGOTRAQUEÍTIS CRÓNICA,,28,43800,1
J380,PARÁLISIS DE LAS CUERDAS VOCALES Y DE LA LARINGE,,,,1
J381,PÓLIPO DE LAS CUERDAS VOCALES Y DE LA LARINGE,,,,1
J382,NÓDULOS DE LAS CUERDAS VOCALES,,,,1
J383,OTRAS ENFERMEDADES DE LAS CUERDAS VOCALES,,,,1
J384,EDEMA DE LARINGE,,,,1
J385,ESPASMO LARÍNGEO,,,,1
J386,ESTENOSIS LARÍNGEA,,,,1
J387,OTRAS ENFERMEDADES DE LA LARINGE,,,,1
J390,ABSCESO RETROFARÍNGEO Y PARAFARÍNGEO,,,,1
J391,OTROS ABSCESOS DE LA FARINGE,,,,1
J392,OTRAS ENFERMEDADES DE LA FARINGE,,,,1
J393,"REACCIÓN DE HIPERSENSIBILIDAD DE LAS VÍAS RESPIRATORIAS SUPERIORES, SITIO NO ESPECIFICADO",,,,1
J398,OTRAS ENFERMEDADES ESPECIFICADAS DE LAS VÍAS RESPIRATORIAS SUPERIORES,,,,1
J399,"ENFERMEDAD DE LAS VÍAS RESPIRATORIAS SUPERIORES, NO ESPECIFICADA",,,,1
J40,"BRONQUITIS, NO ESPECIFICADA COMO AGUDA O CRÓNICA",,5475,43800,1
J410,BRONQUITIS CRÓNICA SIMPLE,,28,43800,1
J411,BRONQUITIS CRÓNICA MUCOPURULENTA,,28,43800,1
J418,BRONQUITIS CRÓNICA MIXTA SIMPLE Y MUCOPURULENTA,,28,43800,1
J42,BRONQUITIS CRÓNICA NO ESPECIFICADA,,28,43800,1
J430,SÍNDROME DE MACLEOD,,28,43800,1
J431,ENFISEMA PANLOBULAR,,28,43800,1
J432,ENFISEMA CENTROLOBULAR,,28,43800,1
J438,OTROS TIPOS DE ENFISEMA,,28,43800,1
J439,"ENFISEMA, NO ESPECIFICADO",,28,43800,1
J440,ENFERMEDAD PULMONAR OBSTRUCTIVA CRÓNICA CON INFECCIÓN AGUDA DE LAS VÍAS RESPIRATORIAS INFERIORES,,28,43800,1
J441,"ENFERMEDAD PULMONAR OBSTRUCTIVA CRÓNICA CON EXACERBACIÓN AGUDA, NO ESPECIFICADA",,28,43800,1
J448,OTRAS ENFERMEDADES PULMONARES OBSTRUCTIVAS CRÓNICAS ESPECIFICADAS,,28,43800,1
J449,"ENFERMEDAD PULMONAR OBSTRUCTIVA CRÓNICA, NO ESPECIFICADA",,28,43800,1
J450,ASMA PREDOMINANTEMENTE ALÉRGICA,,,,1
J451,ASMA NO ALÉRGICA,,,,1
J458,ASMA MIXTA,,,,1
J459,"ASMA, NO ESPECIFICADO",,,,1
J46,ESTADO ASMÁTICO,,,,1
J47,BRONQUIECTASIA,,,,1
J60,NEUMOCONIOSIS DE LOS MINEROS DEL CARBÓN,,6570,31025,1
J61,NEUMOCONIOSIS DEBIDA AL ASBESTO Y A OTRAS FIBRAS MINERALES,,6570,31025,1
J620,NEUMOCONIOSIS DEBIDA A POLVO DE TALCO,,6570,31025,1
J628,NEUMOCONIOSIS DEBIDA A OTROS POLVOS QUE CONTIENEN SÍLICE,,6570,31025,1
J630,ALUMINOSIS (DEL PULMÓN),,6570,31025,1
J631,FIBROSIS (DEL PULMÓN) DEBIDA A BAUXITA,,6570,31025,1
J632,BERILIOSIS,,6570,31025,1
J633,FIBROSIS (DEL PULMÓN) DEBIDA A GRAFITO,,6570,31025,1
J634,SIDEROSIS,,6570,31025,1
J635,ESTAÑOSIS,,6570,31025,1
J638,NEUMOCONIOSIS DEBIDA A OTROS POLVOS INORGÁNICOS ESPECIFICADOS,,6570,31025,1
J64,"NEUMOCONIOSIS, NO ESPECIFICADA",,,,1
J65,NEUMOCONIOSIS ASOCIADA CON TUBERCULOSIS,,,,1
J660,BISINOSIS,,,,1
J661,ENFERMEDAD DE LOS TRABAJADORES DEL LINO,,,,1
J662,CANABINOSIS,,,,1
J668,ENFERMEDAD DE LAS VÍAS AÉREAS DEBIDA A OTROS POLVOS ORGÁNICOS ESPECÍFICOS,,,,1
J670,PULMÓN DEL GRANJERO,,,,1
J671,BAGAZOSIS,,,,1
J672,PULMÓN DEL ORNITÓFILO,,,,1
J673,SUBEROSIS,,,,1
J674,PULMÓN DEL MANIPULADOR DE MALTA,,,,1
J675,PULMÓN DEL MANIPULADOR DE HONGOS,,,,1
J676,PULMÓN DEL DESCORTEZADOR DEL ARCE,,,,1
J677,NEUMONITIS DE LA VENTILACIÓN DEBIDA AL ACONDICIONADOR Y HUMIDIFICADOR DEL AIRE,,,,1
J678,NEUMONITIS DEBIDAS A HIPERSENSIBILIDAD A OTROS POLVOS ORGÁNICOS,,,,1
J679,NEUMONITIS DEBIDA A HIPERSENSIBILIDAD A POLVO ORGÁNICO NO ESPECIFICADO,,,,1
J680,"BRONQUITIS Y NEUMONITIS DEBIDAS A INHALACIÓN DE GASES, HUMOS, VAPORES Y SUSTANCIAS QUÍMICAS",,,,1
J681,"EDEMA PULMONAR AGUDO DEBIDO A INHALACIÓN DE GASES, HUMOS, VAPORES Y SUSTANCIAS QUÍMICAS",,,,1
J682,"INFLAMACIÓN RESPIRATORIA SUPERIOR DEBIDA A INHALACIÓN DE GASES, HUMOS, VAPORES Y SUSTANCIAS QUÍMICAS, NO CLASIFICADAS EN OTRA PARTE",,,,1
J683,"OTRAS AFECCIONES RESPIRATORIAS AGUDAS Y SUBAGUDAS DEBIDAS A INHALACIÓN DE GASES, HUMOS, VAPORES Y SUSTANCIAS QUÍMICAS",,,,1
J684,"AFECCIONES RESPIRATORIAS CRÓNICAS DEBIDAS A INHALACIÓN DE GASES, HUMOS, VAPORES Y SUSTANCIAS QUÍMICAS",,,,1
J688,"OTRAS AFECCIONES RESPIRATORIAS DEBIDAS A INHALACIÓN DE GASES, HUMOS, VAPORES Y SUSTANCIAS QUÍMICAS",,,,1
J689,"AFECCIÓN RESPIRATORIA NO ESPECIFICADA, DEBIDA A INHALACIÓN DE GASES, HUMOS, VAPORES Y SUSTANCIAS QUÍMICAS",,,,1
J690,NEUMONITIS DEBIDA A ASPIRACIÓN DE ALIMENTO O VÓMITO,,28,43800,1
J691,NEUMONITIS DEBIDA A ASPIRACIÓN DE ACEITES Y ESENCIAS,,28,43800,1
J698,NEUMONITIS DEBIDA A ASPIRACIÓN DE OTROS SÓLIDOS Y LÍQUIDOS,,28,43800,1
J700,MANIFESTACIONES PULMONARES AGUDAS DEBIDAS A RADIACIÓN,,,,1
J701,MANIFESTACIONES PULMONARES CRÓNICAS Y OTRAS MANIFESTACIONES DEBIDAS A RADIACIÓN,,28,43800,1
J702,TRASTORNOS PULMONARES INTERSTICIALES AGUDOS INDUCIDOS POR DROGAS,,,,1
J703,TRASTORNOS PULMONARES INTERSTICIALES CRÓNICOS INDUCIDOS POR DROGAS,,28,43800,1
J704,TRASTORNOS PULMONARES INTERSTICIALES NO ESPECIFICADOS INDUCIDOS POR DROGAS,,,,1
J708,AFECCIONES RESPIRATORIAS DEBIDAS A OTROS AGENTES EXTERNOS ESPECIFICADOS,,,,1
J709,AFECCIONES RESPIRATORIAS DEBIDAS A AGENTES EXTERNOS NO ESPECIFICADOS,,,,1
J80,SÍNDROME DE DIFICULTAD RESPIRATORIA DEL ADULTO,,28,43800,1
J81,EDEMA PULMONAR,,,,1
J82,"EOSINOFILIA PULMONAR, NO CLASIFICADA EN OTRA PARTE",,,,1
J840,AFECCIONES ALVEOLARES Y ALVEOLOPARIETALES,,,,1
J841,OTRAS ENFERMEDADES PULMONARES INTERSTICIALES CON FIBROSIS,,,,1
J848,OTRAS ENFERMEDADES PULMONARES INTERSTICIALES ESPECIFICADAS,,,,1
J849,"ENFERMEDAD PULMONAR INTERSTICIAL, NO ESPECIFICADA",,,,1
J850,GANGRENA Y NECROSIS DEL PULMÓN,,,,1
J851,ABSCESO DEL PULMÓN CON NEUMONÍA,,,,1
J852,ABSCESO DEL PULMÓN SIN NEUMONÍA,,,,1
J853,ABSCESO DEL MEDIASTINO,,,,1
J860,PIOTÓRAX CON FÍSTULA,,,,1
J869,PIOTÓRAX SIN FÍSTULA,,,,1
J90,DERRAME PLEURAL NO CLASIFICADO EN OTRA PARTE,,,,1
J91,DERRAME PLEURAL EN AFECCIONES CLASIFICADAS EN OTRA PARTE,,,,1
J920,PAQUIPLEURITIS CON ASBESTOSIS,,,,1
J929,PAQUIPLEURITIS SIN ASBESTOSIS,,,,1
J930,NEUMÓTORAX ESPONTÁNEO A PRESIÓN,,28,43800,1
J931,OTROS TIPOS DE NEUMOTÓRAX ESPONTÁNEO,,28,43800,1
J938,OTROS NEUMOTÓRAX,,28,43800,1
J939,"NEUMOTÓRAX, NO ESPECIFICADO",,28,43800,1
J940,QUILOTÓRAX,,,,1
J941,FIBROTÓRAX,,,,1
J942,HEMOTÓRAX,,28,43800,1
J948,OTRAS AFECCIONES ESPECIFICADAS DE LA PLEURA,,,,1
J949,"AFECCIÓN PLEURAL, NO ESPECIFICADA",,,,1
J950,FUNCIONAMIENTO DEFECTUOSO DE LA TRAQUEOSTOMÍA,,,,1
J951,INSUFICIENCIA PULMONAR AGUDA CONSECUTIVA A CIRUGÍA TORÁCICA,,,,1
J952,INSUFICIENCIA PULMONAR AGUDA CONSECUTIVA DEBIDA A CIRUGÍA EXTRATORÁCICA,,,,1
J953,INSUFICIENCIA PULMONAR CRÓNICA CONSECUTIVA A CIRUGÍA,,,,1
J954,SÍNDROME DE MENDELSON,,,,1
J955,ESTENOSIS SUBGLÓTICA CONSECUTIVA A PROCEDIMIENTOS,,,,1
J958,OTROS TRASTORNOS RESPIRATORIOS CONSECUTIVOS A PROCEDIMIENTOS,,,,1
J959,"TRASTORNO NO ESPECIFICADO DEL SISTEMA RESPIRATORIO, CONSECUTIVO A PROCEDIMIENTOS",,,,1
J960,INSUFICIENCIA RESPIRATORIA AGUDA,,28,43800,1
J961,INSUFICIENCIA RESPIRATORIA CRÓNICA,,28,43800,1
J969,"INSUFICIENCIA RESPIRATORIA, NO ESPECIFICADA",,28,43800,1
J980,"ENFERMEDADES DE LA TRÁQUEA Y DE LOS BRONQUIOS, NO CLASIFICADAS EN OTRA PARTE",,,,1
J981,COLAPSO PULMONAR,,28,43800,1
J982,ENFISEMA INTERSTICIAL,,28,43800,1
J983,ENFISEMA COMPENSATORIO,,,,1
J984,OTROS TRASTORNOS DEL PULMÓN,,,,1
J985,"ENFERMEDADES DEL MEDIASTINO, NO CLASIFICADAS EN OTRA PARTE",,,,1
J986,TRASTORNOS DEL DIAFRAGMA,,,,1
J987,"INFECCIONES RESPIRATORIAS, NO CLASIFICADAS EN OTRO SITIO",,,,1
J988,OTROS TRASTORNOS RESPIRATORIOS ESPECIFICADOS,,,,1
J989,"TRASTORNO RESPIRATORIO, NO ESPECIFICADO",,,,1
J990,ENFERMEDAD PULMONAR REUMATOIDE,,,,1
J991,TRASTORNOS RESPIRATORIOS EN OTROS TRASTORNOS DIFUSOS DEL TEJIDO CONJUNTIVO,,,,1
J998,TRASTORNOS RESPIRATORIOS EN OTRAS ENFERMEDADES CLASIFICADAS EN OTRA PARTE,,,,1
K000,ANODONCIA,,0,43800,1
K001,DIENTES SUPERNUMERARIOS,,180,43800,1
K002,ANOMALÍAS DEL TAMAÑO Y DE LA FORMA DEL DIENTE,,180,43800,1
K003,DIENTES MOTEADOS,,180,43800,1
K004,ALTERACIONES EN LA FORMACIÓN DENTARIA,,0,9125,1
K005,"ALTERACIONES HEREDITARIAS DE LA ESTRUCTURA DENTARIA, NO CLASIFICADAS EN OTRA PARTE",,,,1
K006,ALTERACIONES EN LA ERUPCIÓN DENTARIA,,0,9125,1
K007,SÍNDROME DE LA ERUPCIÓN DENTARIA,,0,9125,1
K008,OTROS TRASTORNOS DEL DESARROLLO DE LOS DIENTES,,0,9125,1
K009,"TRASTORNO DEL DESARROLLO DE LOS DIENTES, NO ESPECIFICADO",,0,9125,1
K010,DIENTES INCLUIDOS,,180,43800,1
K011,DIENTES IMPACTADOS,,180,43800,1
K020,CARIES LIMITADA AL ESMALTE,,180,43800,1
K021,CARIES DE LA DENTINA,,180,43800,1
K022,CARIES DEL CEMENTO,,180,43800,1
K023,CARIES DENTARIA DETENIDA,,180,43800,1
K024,ODONTOCLASIA,,180,43800,1
K025,CARIES CON EXPOSICIÓN PULPAR,,180,43800,1
K028,OTRAS CARIES DENTALES,,180,43800,1
K029,"CARIES DENTAL, NO ESPECIFICADA",,180,43800,1
K030,ATRICIÓN EXCESIVA DE LOS DIENTES,,180,43800,1
K031,ABRASIÓN DE LOS DIENTES,,180,43800,1
K032,EROSIÓN DE LOS DIENTES,,180,43800,1
K033,REABSORCIÓN PATOLÓGICA DE LOS DIENTES,,180,43800,1
K034,HIPERCEMENTOSIS,,180,43800,1
K035,ANQUILOSIS DENTAL,,180,43800,1
K036,DEPÓSITOS [ACRECIONES] EN LOS DIENTES,,180,43800,1
K037,CAMBIOS POSTERUPTIVOS DEL COLOR DE LOS TEJIDOS DENTALES DUROS,,180,43800,1
K038,OTRAS ENFERMEDADES ESPECIFICADAS DE LOS TEJIDOS DUROS DE LOS DIENTES,,180,43800,1
K039,ENFERMEDAD NO ESPECIFICADA DE LOS TEJIDOS DENTALES DUROS,,180,43800,1
K040,PULPITIS,,180,43800,1
K041,NECROSIS DE LA PULPA,,180,43800,1
K042,DEGENERACIÓN DE LA PULPA,,180,43800,1
K043,FORMACIÓN ANORMAL DE TEJIDO DURO EN LA PULPA,,180,43800,1
K044,PERIODONTITIS APICAL AGUDA ORIGINADA EN LA PULPA,,180,43800,1
K045,PERIODONTITIS APICAL CRÓNICA,,180,43800,1
K046,ABSCESO PERIAPICAL CON FÍSTULA,,180,43800,1
K047,ABSCESO PERIAPICAL SIN FÍSTULA,,180,43800,1
K048,QUISTE RADICULAR,,180,43800,1
K049,OTRAS ENFERMEDADES Y LAS NO ESPECIFICADAS DE LA PULPA Y DEL TEJIDO PERIAPICAL,,180,43800,1
K050,GINGIVITIS AGUDA,,,,1
K051,GINGIVITIS CRÓNICA,,28,43800,1
K052,PERIODONTITIS AGUDA,,730,43800,1
K053,PERIODONTITIS CRÓNICA,,730,43800,1
K054,PERIODONTOSIS,,730,43800,1
K055,OTRAS ENFERMEDADES PERIODONTALES,,730,43800,1
K056,"ENFERMEDAD DEL PERIODONTO, NO ESPECIFICADA",,730,43800,1
K060,RETRACCIÓN GINGIVAL,,,,1
K061,HIPERPLASIA GINGIVAL,,,,1
K062,LESIONES DE LA ENCÍA Y DE LA ZONA EDÉNTULA ASOCIADAS CON TRAUMATISMO,,,,1
K068,OTROS TRASTORNOS ESPECIFICADOS DE LA ENCÍA Y DE LA ZONA EDÉNTULA,,,,1
K069,TRASTORNO NO ESPECIFICADO DE LA ENCÍA Y DE LA ZONA EDÉNTULA,,,,1
K070,ANOMALÍAS EVIDENTES DEL TAMAÑO DE LOS MAXILARES,,,,1
K071,ANOMALÍAS DE LA RELACIÓN MAXILOBASILAR,,,,1
K072,ANOMALÍAS DE LA RELACIÓN ENTRE LOS ARCOS DENTARIOS,,,,1
K073,ANOMALÍAS DE LA POSICIÓN DEL DIENTE,,,,1
K074,MALOCLUSIÓN DE TIPO NO ESPECIFICADO,,730,43800,1
K075,ANOMALÍAS DENTOFACIALES FUNCIONALES,,,,1
K076,TRASTORNOS DE LA ARTICULACIÓN TEMPOROMAXILAR,,,,1
K078,OTRAS ANOMALÍAS DENTOFACIALES,,,,1
K079,"ANOMALÍA DENTOFACIAL, NO ESPECIFICADA",,,,1
K080,EXFOLIACIÓN DE LOS DIENTES DEBIDA A CAUSAS SISTÉMICAS,,,,1
K081,"PERDIDA DE DIENTES DEBIDA A ACCIDENTE, EXTRACCIÓN O ENFERMEDAD PERIODONTAL LOCAL",,,,1
K082,ATROFIA DEL REBORDE ALVEOLAR DESDENTADO,,,,1
K083,RAÍZ DENTAL RETENIDA,,,,1
K088,OTRAS AFECCIONES ESPECIFICADAS DE LOS DIENTES Y DE SUS ESTRUCTURAS DE SOSTÉN,,,,1
K089,"TRASTORNO DE LOS DIENTES Y DE SUS ESTRUTURAS DE SOSTÉN, NO ESPECIFICADO",,,,1
K090,QUISTES ORIGINADOS POR EL DESARROLLO DE LOS DIENTES,,,,1
K091,QUISTES DE LAS FISURAS DE LA REGIÓN ORAL (NO ODONTOGÉNICOS),,,,1
K092,OTROS QUISTES DE LOS MAXILARES,,,,1
K098,"OTROS QUISTES DE LA REGIÓN BUCAL, NO CLASIFICADOS EN OTRA PARTE",,,,1
K099,"QUISTE DE LA REGIÓN BUCAL, SIN OTRA ESPECIFICACIÓN",,,,1
K100,TRASTORNOS DEL DESARROLLO DE LOS MAXILARES,,,,1
K101,GRANULOMA CENTRAL DE CÉLULAS GIGANTES,,,,1
K102,AFECCIONES INFLAMATORIAS DE LOS MAXILARES,,,,1
K103,ALVEOLITIS DEL MAXILAR,,,,1
K108,OTRAS ENFERMEDADES ESPECIFICADAS DE LOS MAXILARES,,,,1
K109,"ENFERMEDAD DE LOS MAXILARES, NO ESPECIFICADA",,,,1
K110,ATROFIA DE GLÁNDULA SALIVAL,,,,1
K111,HIPERTROFIA DE GLÁNDULA SALIVAL,,,,1
K112,SIALADENITIS,,,,1
K113,ABSCESO DE GLÁNDULA SALIVAL,,,,1
K114,FÍSTULA DE GLÁNDULA SALIVAL,,,,1
K115,SIALOLITIASIS,,,,1
K116,MUCOCELE DE GLÁNDULA SALIVAL,,,,1
K117,ALTERACIONES DE LA SECRECIÓN SALIVAL,,,,1
K118,OTRAS ENFERMEDADES DE LAS GLÁNDULAS SALIVALES,,,,1
K119,"ENFERMEDAD DE GLÁNDULA SALIVAL, NO ESPECIFICADA",,,,1
K120,ESTOMATITIS AFTOSA RECURRENTE,,,,1
K121,OTRAS FORMAS DE ESTOMATITIS,,,,1
K122,CELULITIS Y ABSCESO DE BOCA,,,,1
K123,MUCOSITIS ORAL (ULCERATIVA),,,,1
K130,ENFERMEDADES DE LOS LABIOS,,,,1
K131,MORDEDURA DEL LABIO Y DE LA MEJILLA,,180,43800,1
K132,"LEUCOPLASIA Y OTRAS ALTERACIONES DEL EPITELIO BUCAL, INCLUYENDO LA LENGUA",,,,1
K133,LEUCOPLASIA PILOSA,,,,1
K134,GRANULOMA Y LESIONES SEMEJANTES DE LA MUCOSA BUCAL,,,,1
K135,FIBROSIS DE LA SUBMUCOSA BUCAL,,,,1
K136,HIPERPLASIA IRRITATIVA DE LA MUCOSA BUCAL,,,,1
K137,OTRAS LESIONES Y LAS NO ESPECIFICADAS DE LA MUCOSA BUCAL,,,,1
K140,GLOSITIS,,,,1
K141,LENGUA GEOGRÁFICA,,,,1
K142,GLOSITIS ROMBOIDEA MEDIANA,,,,1
K143,HIPERTROFIA DE LAS PAPILAS LINGUALES,,,,1
K144,ATROFIA DE LAS PAPILAS LINGUALES,,,,1
K145,LENGUA PLEGADA,,,,1
K146,GLOSODINIA,,,,1
K148,OTRAS ENFERMEDADES DE LA LENGUA,,,,1
K149,"ENFERMEDAD DE LA LENGUA, NO ESPECIFICADA",,,,1
K20,ESOFAGITIS,,,,1
K210,ENFERMEDAD DEL REFLUJO GASTROESOFÁGICO CON ESOFAGITIS,,,,1
K219,ENFERMEDAD DEL REFLUJO GASTROESOFÁGICO SIN ESOFAGITIS,,,,1
K220,ACALASIA DEL CARDIAS,,,,1
K221,ÚLCERA DEL ESÓFAGO,,,,1
K222,OBSTRUCCIÓN DEL ESÓFAGO,,,,1
K223,PERFORACIÓN DEL ESÓFAGO,,,,1
K224,DISQUINESIA DEL ESÓFAGO,,,,1
K225,"DIVERTÍCULO DEL ESÓFAGO, ADQUIRIDO",,,,1
K226,SÍNDROME DE LACERACIÓN Y HEMORRAGIA GASTROESOFÁGICAS,,,,1
K227,ESÓFAGO DE BARRETT,,,,1
K228,OTRAS ENFERMEDADES ESPECIFICADAS DEL ESÓFAGO,,,,1
K229,"ENFERMEDAD DEL ESÓFAGO, NO ESPECIFICADA",,,,1
K230,ESOFAGITIS TUBERCULOSA,,,,1
K231,MEGAESÓFAGO EN LA ENFERMEDAD DE CHAGAS,,,,1
K238,TRASTORNOS DEL ESÓFAGO EN OTRAS ENFERMEDADES CLASIFICADAS EN OTRA PARTE,,,,1
K250,"ÚLCERA GÁSTRICA, AGUDA CON HEMORRAGIA",,28,43800,1
K251,"ÚLCERA GASTRICA, AGUDA CON PERFORACIÓN",,28,43800,1
K252,"ÚLCERA GÁSTRICA, AGUDA CON HEMORRAGIA Y PERFORACIÓN",,28,43800,1
K253,"ÚLCERA GÁSTRICA, AGUDA SIN HEMORRAGIA NI PERFORACIÓN",,28,43800,1
K254,"ÚLCERA GÁSTRICA, CRÓNICA O NO ESPECIFICADA, CON HEMORRAGIA",,28,43800,1
K255,"ÚLCERA GÁSTRICA, CRÓNICA O NO ESPECIFICADA, CON PERFORACIÓN",,28,43800,1
K256,"ÚLCERA GÁSTRICA, CRÓNICA O NO ESPECIFICADA, CON HEMORRAGIA Y PERFORACIÓN",,28,43800,1
K257,"ÚLCERA GÁSTRICA, CRÓNICA SIN HEMORRAGIA NI PERFORACIÓN",,28,43800,1
K259,"ÚLCERA GÁSTRICA, NO ESPECIFICADA COMO AGUDA NI CRÓNICA, SIN HEMORRAGIA NI PERFORACIÓN",,28,43800,1
K260,"ÚLCERA DUODENAL, AGUDA CON HEMORRAGIA",,28,43800,1
K261,"ÚLCERA DUODENAL, AGUDA CON PERFORACIÓN",,28,43800,1
K262,"ÚLCERA DUODENAL, AGUDA CON HEMORRAGIA Y PERFORACIÓN",,28,43800,1
K263,"ÚLCERA DUODENAL, AGUDA SIN HEMORRAGIA NI PERFORACIÓN",,28,43800,1
K264,"ÚLCERA DUODENAL, CRÓNICA O NO ESPECIFICADA, CON HEMORRAGIA",,28,43800,1
K265,"ÚLCERA DUODENAL, CRÓNICA O NO ESPECIFICADA, CON PERFORACIÓN",,28,43800,1
K266,"ÚLCERA DUODENAL, CRÓNICA O NO ESPECIFICADA, CON HEMORRAGIA Y PERFORACIÓN",,28,43800,1
K267,"ÚLCERA DUODENAL, CRÓNICA SIN HEMORRAGIA NI PERFORACIÓN",,28,43800,1
K269,"ÚLCERA DUODENAL, NO ESPECIFICADA COMO AGUDA NI CRÓNICA, SIN HEMORRAGIA NI PERFORACIÓN",,28,43800,1
K270,"ÚLCERA PÉPTICA, DE SITIO NO ESPECIFICADO, AGUDA CON HEMORRAGIA",,28,43800,1
K271,"ÚLCERA PÉPTICA, DE SITIO NO ESPECIFICADO, AGUDA CON PERFORACIÓN",,28,43800,1
K272,"ÚLCERA PÉPTICA, DE SITIO NO ESPECIFICADO, AGUDA CON HEMORRAGIA Y PERFORACIÓN",,28,43800,1
K273,"ÚLCERA PÉPTICA, DE SITIO NO ESPECIFICADO, AGUDA SIN HEMORRAGIA NI PERFORACIÓN",,28,43800,1
K274,"ÚLCERA PÉPTICA, DE SITIO NO ESPECIFICADO, CRÓNICA O NO ESPECIFICADA, CON HEMORRAGIA",,28,43800,1
K275,"ÚLCERA PÉPTICA, DE SITIO NO ESPECIFICADO, CRÓNICA O NO ESPECIFICADA, CON PERFORACIÓN",,28,43800,1
K276,"ÚLCERA PÉPTICA, DE SITIO NO ESPECIFICADO, CRÓNICA O NO ESPECIFICADA, CON HEMORRAGIA Y PERFORACIÓN",,28,43800,1
K277,"ÚLCERA PÉPTICA, DE SITIO NO ESPECIFICADO, CRÓNICA SIN HEMORRAGIA NI PERFORACIÓN",,28,43800,1
K279,"ÚLCERA PÉPTICA, DE SITIO NO ESPECIFICADO, NO ESPECIFICADA COMO AGUDA NI CRÓNICA, SIN HEMORRAGIA NI PERFORACIÓN",,28,43800,1
K280,"ÚLCERA GASTROYEYUNAL, AGUDA CON HEMORRAGIA",,,,1
K281,"ÚLCERA GASTROYEYUNAL, AGUDA CON PERFORACIÓN",,,,1
K282,"ÚLCERA GASTROYEYUNAL, AGUDA CON HEMORRAGIA Y PERFORACIÓN",,,,1
K283,"ÚLCERA GASTROYEYUNAL, AGUDA SIN HEMORRAGIA NI PERFORACIÓN",,,,1
K284,"ÚLCERA GASTROYEYUNAL, CRÓNICA O NO ESPECIFICADA, CON HEMORRAGIA",,,,1
K285,"ÚLCERA GASTROYEYUNAL, CRÓNICA O NO ESPECIFICADA, CON PERFORACIÓN",,,,1
K286,"ÚLCERA GASTROYEYUNAL, CRÓNICA O NO ESPECIFICADA, CON HEMORRAGIA Y PERFORACIÓN",,,,1
K287,"ÚLCERA GASTROYEYUNAL, CRÓNICA SIN HEMORRAGIA NI PERFORACIÓN",,,,1
K289,"ÚLCERA GASTROYEYUNAL, NO ESPECIFICADA COMO AGUDA NI CRÓNICA, SIN HEMORRAGIA NI PERFORACIÓN",,,,1
K290,GASTRITIS AGUDA HEMORRÁGICA,,,,1
K291,OTRAS GASTRITIS AGUDAS,,,,1
K292,GASTRITIS ALCOHÓLICA,,,,1
K293,GASTRITIS CRÓNICA SUPERFICIAL,,,,1
K294,GASTRITIS CRÓNICA ATRÓFICA,,,,1
K295,"GASTRITIS CRÓNICA, NO ESPECIFICADA",,,,1
K296,OTRAS GASTRITIS,,,,1
K297,"GASTRITIS, NO ESPECIFICADA",,,,1
K298,DUODENITIS,,,,1
K299,"GASTRODUODENITIS, NO ESPECIFICADA",,,,1
K30,DISPEPSIA FUNCIONAL,,,,1
K310,DILATACIÓN AGUDA DEL ESTÓMAGO,,,,1
K311,ESTENOSIS PILÓRICA HIPERTRÓFICA DEL ADULTO,,6570,43800,1
K312,ESTRECHEZ O ESTENOSIS DEL ESTÓMAGO EN RELOJ DE ARENA,,,,1
K313,"ESPASMO DEL PÍLORO, NO CLASIFICADO EN OTRA PARTE",,,,1
K314,DIVERTÍCULO GÁSTRICO,,,,1
K315,OBSTRUCCIÓN DEL DUODENO,,,,1
K316,FÍSTULA DEL ESTÓMAGO Y DEL DUODENO,,,,1
K317,PÓLIPO DEL ESTÓMAGO Y DEL DUODENO,,,,1
K318,OTRAS ENFERMEDADES ESPECIFICADAS DEL ESTÓMAGO Y DEL DUODENO,,,,1
K319,"ENFERMEDAD DEL ESTÓMAGO Y DEL DUODENO, NO ESPECIFICADA",,,,1
K352,APENDICITIS AGUDA CON PERITONITIS GENERALIZADA,,,,1
K353,APENDICITIS AGUDA CON PERITONITIS LOCALIZADA,,,,1
K358,"OTRAS APENDICITIS AGUDAS, Y LAS NO ESPECIFICADAS",,,,1
K36,OTROS TIPOS DE APENDICITIS,,,,1
K37,"APENDICITIS, NO ESPECIFICADA",,,,1
K380,HIPERPLASIA DEL APÉNDICE,,,,1
K381,CONCRECIONES APENDICULARES,,,,1
K382,DIVERTÍCULO DEL APÉNDICE,,,,1
K383,FÍSTULA DEL APÉNDICE,,,,1
K388,OTRAS ENFERMEDADES ESPECIFICADAS DEL APÉNDICE,,,,1
K389,"ENFERMEDAD DEL APÉNDICE, NO ESPECIFICADA",,,,1
K400,"HERNIA INGUINAL BILATERAL CON OBSTRUCCIÓN, SIN GANGRENA",,,,1
K401,"HERNIA INGUINAL BILATERAL, CON GANGRENA",,,,1
K402,"HERNIA INGUINAL BILATERAL, SIN OBSTRUCCIÓN NI GANGRENA",,,,1
K403,"HERNIA INGUINAL UNILATERAL O NO ESPECIFICADA, CON OBSTRUCCIÓN, SIN GANGRENA",,,,1
K404,"HERNIA INGUINAL UNILATERAL O NO ESPECIFICADA, CON GANGRENA",,,,1
K409,"HERNIA INGUINAL UNILATERAL O NO ESPECIFICADA, SIN OBSTRUCCIÓN NI GANGRENA",,,,1
K410,"HERNIA FEMORAL BILATERAL, CON OBSTRUCCIÓN, SIN GANGRENA",,,,1
K411,"HERNIA FEMORAL BILATERAL, CON GANGRENA",,,,1
K412,"HERNIA FEMORAL BILATERAL, SIN OBSTRUCCIÓN NI GANGRENA",,,,1
K413,"HERNIA FEMORAL UNILATERAL O NO ESPECIFICADA, CON OBSTRUCCIÓN, SIN GANGRENA",,,,1
K414,"HERNIA FEMORAL UNILATERAL O NO ESPECIFICADA, CON GANGRENA",,,,1
K419,"HERNIA FEMORAL UNILATERAL O NO ESPECIFICADA, SIN OBSTRUCCIÓN NI GANGRENA",,,,1
K420,"HERNIA UMBILICAL CON OBSTRUCCIÓN, SIN GANGRENA",,,,1
K421,HERNIA UMBILICAL CON GANGRENA,,,,1
K429,HERNIA UMBILICAL SIN OBSTRUCCIÓN NI GANGRENA,,,,1
K430,"HERNIA INCISIONAL CON OBSTRUCCIÓN, SIN GANGRENA",,,,1
K431,HERNIA INCISIONAL CON GANGRENA,,,,1
K432,HERNIA INCISIONAL SIN OBSTRUCCIÓN O GANGRENA,,,,1
K433,"HERNIA PARAESTOMAL CON OBSTRUCCIÓN, SIN GANGRENA",,,,1
K434,HERNIA PARAESTOMAL CON GANGRENA,,,,1
K435,HERNIA PARAESTOMAL SIN OBSTRUCCIÓN O GANGRENA,,,,1
K436,"OTRAS HERNIAS VENTRALES Y LAS NO ESPECIFICADAS CON OBSTRUCCIÓN, SIN GANGRENA",,,,1
K437,OTRAS HERNIAS VENTRALES Y LAS NO ESPECIFICADAS CON GANGRENA,,,,1
K439,OTRAS HERNIAS VENTRALES Y LAS NO ESPECIFICADAS SIN OBSTRUCCIÓN O GANGRENA,,,,1
K440,"HERNIA DIAFRAGMÁTICA CON OBSTRUCCIÓN, SIN GANGRENA",,,,1
K441,HERNIA DIAFRAGMÁTICA CON GANGRENA,,,,1
K449,HERNIA DIAFRAGMÁTICA SIN OBSTRUCCIÓN NI GANGRENA,,,,1
K450,"OTRAS HERNIAS DE LA CAVIDAD ABDOMINAL ESPECIFICADAS, CON OBSTRUCCIÓN, SIN GANGRENA",,,,1
K451,"OTRAS HERNIAS DE LA CAVIDAD ABDOMINAL ESPECIFICADAS, CON GANGRENA",,,,1
K458,"OTRAS HERNIAS DE LA CAVIDAD ABDOMINAL ESPECIFICADAS, SIN OBSTRUCCIÓN NI GANGRENA",,,,1
K460,"HERNIA ABDOMINAL NO ESPECIFICADA, CON OBSTRUCCIÓN, SIN GANGRENA",,,,1
K461,"HERNIA ABDOMINAL NO ESPECIFICADA, CON GANGRENA",,,,1
K469,"HERNIA ABDOMINAL NO ESPECIFICADA, SIN OBSTRUCCIÓN NI GANGRENA",,,,1
K500,ENFERMEDAD DE CROHN DEL INTESTINO DELGADO,,,,1
K501,ENFERMEDAD DE CROHN DEL INTESTINO GRUESO,,,,1
K508,OTROS TIPOS DE ENFERMEDAD DE CROHN,,,,1
K509,"ENFERMEDAD DE CROHN, NO ESPECIFICADA",,,,1
K510,PANCOLITIS ULCERATIVA (CRÓNICA),,,,1
K512,PROCTITIS (CRÓNICA) ULCERATIVA,,,,1
K513,RECTOSIGMOIDITIS (CRÓNICA) ULCERATIVA,,,,1
K514,PÓLIPOS INFLAMATORIOS,,,,1
K515,COLITIS DEL LADO IZQUIERDO,,,,1
K518,OTRAS COLITIS ULCERATIVAS,,,,1
K519,"COLITIS ULCERATIVA, SIN OTRA ESPECIFICACIÓN",,,,1
K520,COLITIS Y GASTROENTERITIS DEBIDAS A RADIACIÓN,,,,1
K521,COLITIS Y GASTROENTERITIS TÓXICAS,,,,1
K522,COLITIS Y GASTROENTERITIS ALÉRGICAS Y DIETÉTICAS,,,,1
K523,COLITIS DE ETIOLOGÍA INDETERMINADA,,,,1
K528,OTRAS COLITIS Y GASTROENTERITIS NO INFECCIOSAS ESPECIFICADAS,,,,1
K529,"COLITIS Y GASTROENTERITIS NO INFECCIOSAS, NO ESPECIFICADAS",,28,43800,1
K550,TRASTORNO VASCULAR AGUDO DE LOS INTESTINOS,,,,1
K551,TRASTORNO VASCULAR CRÓNICO DEL INTESTINO,,28,43800,1
K552,ANGIODISPLASIA DEL COLON,,,,1
K558,OTROS TRASTORNOS VASCULARES DEL INTESTINO,,,,1
K559,"TRASTORNO VASCULAR DEL INTESTINO, NO ESPECIFICADO",,,,1
K560,ÍLEO PARALÍTICO,,28,43800,1
K561,INVAGINACIÓN,,28,43800,1
K562,VÓLVULO,,28,43800,1
K563,ÍLEO POR CÁLCULO BILIAR,,28,43800,1
K564,OTRAS OBSTRUCCIONES DEL INTESTINO,,28,43800,1
K565,ADHERENCIAS [BRIDAS] INTESTINALES CON OBSTRUCCIÓN,,28,43800,1
K566,OTRAS OBSTRUCCIONES INTESTINALES Y LAS NO ESPECIFICADAS,,28,43800,1
K567,"ÍLEO, NO ESPECIFICADO",,28,43800,1
K570,ENFERMEDAD DIVERTICULAR DEL INTESTINO DELGADO CON PERFORACIÓN Y ABSCESO,,,,1
K571,ENFERMEDAD DIVERTICULAR DEL INTESTINO DELGADO SIN PERFORACIÓN NI ABSCESO,,,,1
K572,ENFERMEDAD DIVERTICULAR DEL INTESTINO GRUESO CON PERFORACIÓN Y ABSCESO,,,,1
K573,ENFERMEDAD DIVERTICULAR DEL INTESTINO GRUESO SIN PERFORACIÓN NI ABSCESO,,,,1
K574,ENFERMEDAD DIVERTICULAR DE AMBOS INTESTINOS CON PERFORACIÓN Y ABSCESO,,,,1
K575,"ENFERMEDAD DIVERTICULAR DE AMBOS INTESTINOS, SIN PERFORACIÓN NI ABSCESO",,,,1
K578,"ENFERMEDAD DIVERTICULAR DEL INTESTINO, PARTE NO ESPECIFICADA, CON PERFORACIÓN Y ABSCESO",,,,1
K579,"ENFERMEDAD DIVERTICULAR DEL INTESTINO, PARTE NO ESPECIFICADA, SIN PERFORACIÓN NI ABSCESO",,,,1
K581,SÍNDROME DE INTESTINO IRRITABLE CON DIARREA PREDOMINANTE [IBS-D],,,,1
K582,SÍNDROME DE INTESTINO IRRITABLE CON CONSTIPACIÓN PREDOMINANTE [IBS-C],,,,1
K583,SÍNDROME DE INTESTINO IRRITABLE CON HÁBITOS INTESTINALES MIXTOS [IBS-M],,,,1
K588,OTRO SÍNDROME DE INTESTINO IRRITABLE Y EL NO ESPECIFICADO,,,,1
K590,CONSTIPACIÓN,,,,1
K591,DIARREA FUNCIONAL,,,,1
K592,"INTESTINO NEUROGÉNICO, NO CLASIFICADO EN OTRA PARTE",,,,1
K593,"MEGACOLON, NO CLASIFICADO EN OTRA PARTE",,,,1
K594,ESPASMO ANAL,,,,1
K598,OTROS TRASTORNOS FUNCIONALES ESPECIFICADOS DEL INTESTINO,,,,1
K599,"TRASTORNO FUNCIONAL INTESTINAL, NO ESPECIFICADO",,,,1
K600,FISURA ANAL AGUDA,,,,1
K601,FISURA ANAL CRÓNICA,,28,43800,1
K602,"FISURA ANAL, NO ESPECIFICADA",,,,1
K603,FÍSTULA ANAL,,,,1
K604,FÍSTULA RECTAL,,,,1
K605,FÍSTULA ANORRECTAL,,,,1
K610,ABSCESO ANAL,,,,1
K611,ABSCESO RECTAL,,,,1
K612,ABSCESO ANORRECTAL,,,,1
K613,ABSCESO ISQUIORRECTAL,,,,1
K614,ABSCESO INTRAESFINTERIANO,,,,1
K620,PÓLIPO ANAL,,,,1
K621,PÓLIPO RECTAL,,,,1
K622,PROLAPSO ANAL,,,,1
K623,PROLAPSO RECTAL,,,,1
K624,ESTENOSIS DEL ANO Y DEL RECTO,,,,1
K625,HEMORRAGIA DEL ANO Y DEL RECTO,,,,1
K626,ÚLCERA DEL ANO Y DEL RECTO,,,,1
K627,PROCTITIS POR RADIACIÓN,,,,1
K628,OTRAS ENFERMEDADES ESPECIFICADAS DEL ANO Y DEL RECTO,,,,1
K629,"ENFERMEDAD DEL ANO Y DEL RECTO, NO ESPECIFICADA",,,,1
K630,ABSCESO DEL INTESTINO,,,,1
K631,PERFORACIÓN DEL INTESTINO (NO TRAUMÁTICA),,,,1
K632,FÍSTULA DEL INTESTINO,,,,1
K633,ÚLCERA DEL INTESTINO,,,,1
K634,ENTEROPTOSIS,,,,1
K635,PÓLIPO DEL COLON,,,,1
K638,OTRAS ENFERMEDADES ESPECIFICADAS DEL INTESTINO,,,,1
K639,"ENFERMEDAD DEL INTESTINO, NO ESPECIFICADA",,,,1
K640,HEMORROIDES DE PRIMER GRADO,,,,1
K641,HEMORROIDES DE SEGUNDO GRADO,,,,1
K642,HEMORROIDES DE TERCER GRADO,,,,1
K643,HEMORROIDES DE CUARTO GRADO,,,,1
K644,"MARCAS RESIDUALES EN LA PIEL, DE HEMORROIDES",,,,1
K645,TROMBOSIS VENOSA PERIANAL,,,,1
K648,OTRAS HEMORROIDES ESPECIFICADAS,,,,1
K649,"HEMORROIDES, SIN OTRA ESPECIFICACIÓN",,,,1
K650,PERITONITIS AGUDA,,28,43800,1
K658,OTRAS PERITONITIS,,28,43800,1
K659,"PERITONITIS, NO ESPECIFICADA",,28,43800,1
K660,ADHERENCIAS PERITONEALES,,,,1
K661,HEMOPERITONEO,,,,1
K668,OTROS TRASTORNOS ESPECIFICADOS DEL PERITONEO,,,,1
K669,"TRASTORNO DEL PERITONEO, NO ESPECIFICADO",,,,1
K670,PERITONITIS POR CLAMIDIAS,,,,1
K671,PERITONITIS GONOCÓCICA,,,,1
K672,PERITONITIS SIFILÍTICA,,,,1
K673,PERITONITIS TUBERCULOSA,,,,1
K678,OTROS TRASTORNOS DEL PERITONEO EN ENFERMEDADES INFECCIOSAS CLASIFICADAS EN OTRA PARTE,,,,1
K700,HÍGADO ALCOHÓLICO ADIPOSO,,3650,43800,1
K701,HEPATITIS ALCOHÓLICA,,3650,43800,1
K702,"FIBROSIS Y ESCLEROSIS DEL HÍGADO, ALCOHÓLICA",,3650,43800,1
K703,CIRROSIS HEPÁTICA ALCOHÓLICA,,3650,43800,1
K704,INSUFICIENCIA HEPÁTICA ALCOHÓLICA,,3650,43800,1
K709,"ENFERMEDAD HEPÁTICA ALCOHÓLICA, NO ESPECIFICADA",,3650,43800,1
K710,"ENFERMEDAD TÓXICA DEL HÍGADO, CON COLESTASIS",,,,1
K711,ENFERMEDAD TÓXICA DEL HÍGADO CON NECROSIS HEPÁTICA,,,,1
K712,ENFERMEDAD TÓXICA DEL HÍGADO CON HEPATITIS AGUDA,,,,1
K713,ENFERMEDAD TÓXICA DEL HÍGADO CON HEPATITIS CRÓNICA PERSISTENTE,,28,43800,1
K714,ENFERMEDAD TÓXICA DEL HÍGADO CON HEPATITIS CRÓNICA LOBULAR,,28,43800,1
K715,ENFERMEDAD TÓXICA DEL HÍGADO CON HEPATITIS CRÓNICA ACTIVA,,28,43800,1
K716,ENFERMEDAD TÓXICA DEL HÍGADO CON HEPATITIS NO CLASIFICADA EN OTRA PARTE,,,,1
K717,ENFERMEDAD TÓXICA DEL HÍGADO CON CIRROSIS Y FIBROSIS DEL HÍGADO,,,,1
K718,ENFERMEDAD TÓXICA DEL HÍGADO CON OTROS TRASTORNOS HEPÁTICOS,,,,1
K719,"ENFERMEDAD TÓXICA DEL HÍGADO, NO ESPECIFICADA",,,,1
K720,INSUFICIENCIA HEPÁTICA AGUDA O SUBAGUDA,,28,43800,1
K721,INSUFICIENCIA HEPÁTICA CRÓNICA,,28,43800,1
K729,"INSUFICIENCIA HEPÁTICA, NO ESPECIFICADA",,28,43800,1
K730,"HEPATITIS CRÓNICA PERSISTENTE, NO CLASIFICADA EN OTRA PARTE",,60,43800,1
K731,"HEPATITIS CRÓNICA LOBULAR, NO CLASIFICADA EN OTRA PARTE",,60,43800,1
K732,"HEPATITIS CRÓNICA ACTIVA, NO CLASIFICADA EN OTRA PARTE",,60,43800,1
K738,"OTRAS HEPATITIS CRÓNICAS, NO CLASIFICADAS EN OTRA PARTE",,60,43800,1
K739,"HEPATITIS CRÓNICA, NO ESPECIFICADA",,60,43800,1
K740,FIBROSIS HEPÁTICA,,28,43800,1
K741,ESCLEROSIS HEPÁTICA,,28,43800,1
K742,FIBROSIS HEPÁTICA CON ESCLEROSIS HEPÁTICA,,28,43800,1
K743,CIRROSIS BILIAR PRIMARIA,,28,43800,1
K744,CIRROSIS BILIAR SECUNDARIA,,28,43800,1
K745,"CIRROSIS BILIAR, NO ESPECIFICADA",,28,43800,1
K746,OTRAS CIRROSIS DEL HÍGADO Y LAS NO ESPECIFICADAS,,28,43800,1
K750,ABSCESO DEL HÍGADO,,,,1
K751,FLEBITIS DE LA VENA PORTA,,,,1
K752,HEPATITIS REACTIVA NO ESPECIFICADA,,,,1
K753,"HEPATITIS GRANULOMATOSA, NO CLASIFICADA EN OTRA PARTE",,,,1
K754,HEPATITIS AUTOINMUNE,,,,1
K758,"OTRAS ENFERMEDADES INFLAMATORIAS DEL HÍGADO, ESPECIFICADAS",,,,1
K759,"ENFERMEDAD INFLAMATORIA DEL HÍGADO, NO ESPECIFICADA",,,,1
K760,"DEGENERACIÓN GRASA DEL HÍGADO, NO CLASIFICADA EN OTRA PARTE",,,,1
K761,CONGESTIÓN PASIVA CRÓNICA DEL HÍGADO,,28,43800,1
K762,NECROSIS HEMORRÁGICA CENTRAL DEL HÍGADO,,,,1
K763,INFARTO DEL HÍGADO,,,,1
K764,PELIOSIS HEPÁTICA,,,,1
K765,ENFERMEDAD VENO-OCLUSIVA DEL HÍGADO,,,,1
K766,HIPERTENSIÓN PORTAL,,,,1
K767,SÍNDROME HEPATORRENAL,,,,1
K768,OTRAS ENFERMEDADES ESPECIFICADAS DEL HÍGADO,,,,1
K769,"ENFERMEDAD DEL HÍGADO, NO ESPECIFICADA",,,,1
K770,TRASTORNOS DEL HÍGADO EN ENFERMEDADES INFECCIOSAS Y PARASITARIAS CLASIFICADAS EN OTRA PARTE,,,,1
K778,TRASTORNOS DEL HÍGADO EN OTRAS ENFERMEDADES CLASIFICADAS EN OTRA PARTE,,,,1
K800,CÁLCULO DE LA VESÍCULA BILIAR CON COLECISTITIS AGUDA,,3650,43800,1
K801,CÁLCULO DE LA VESÍCULA BILIAR CON OTRA COLECISTITIS,,3650,43800,1
K802,CÁLCULO DE LA VESÍCULA BILIAR SIN COLECISTITIS,,3650,43800,1
K803,CÁLCULO DE CONDUCTO BILIAR CON COLANGITIS,,3650,43800,1
K804,CÁLCULO DE CONDUCTO BILIAR CON COLECISTITIS,,3650,43800,1
K805,CÁLCULO DE CONDUCTO BILIAR SIN COLANGITIS NI COLECISTITIS,,3650,43800,1
K808,OTRAS COLELITIASIS,,3650,43800,1
K810,COLECISTITIS AGUDA,,730,43800,1
K811,COLECISTITIS CRÓNICA,,730,43800,1
K818,OTRAS COLECISTITIS,,730,43800,1
K819,"COLECISTITIS, NO ESPECIFICADA",,730,43800,1
K820,OBSTRUCCIÓN DE LA VESÍCULA BILIAR,,1825,43800,1
K821,HIDROPESÍA DE LA VESÍCULA BILIAR,,1825,43800,1
K822,PERFORACIÓN DE LA VESÍCULA BILIAR,,1825,43800,1
K823,FÍSTULA DE LA VESÍCULA BILIAR,,1825,43800,1
K824,COLESTEROLOSIS DE LA VESÍCULA BILIAR,,1825,43800,1
K828,OTRAS ENFERMEDADES ESPECIFICADAS DE LA VESÍCULA BILIAR,,1825,43800,1
K829,"ENFERMEDAD DE LA VESÍCULA BILIAR, NO ESPECIFICADA",,1825,43800,1
K830,COLANGITIS,,,,1
K831,OBSTRUCCIÓN DEL CONDUCTO BILIAR,,,,1
K832,PERFORACIÓN DEL CONDUCTO BILIAR,,,,1
K833,FÍSTULA DEL CONDUCTO BILIAR,,,,1
K834,ESPASMO DEL ESFÍNTER DE ODDI,,,,1
K835,QUISTE BILIAR,,,,1
K838,OTRAS ENFERMEDADES ESPECIFICADAS DE LAS VÍAS BILIARES,,,,1
K839,"ENFERMEDAD DE LAS VÍAS BILIARES, NO ESPECIFICADA",,,,1
K850,PANCREATITIS IDIOPÁTICA AGUDA,,,,1
K851,PANCREATITIS BILIAR AGUDA,,,,1
K852,PANCREATITIS AGUDA INDUCIDA POR ALCOHOL,,,,1
K853,PANCREATITITS AGUDA INDUCIDA POR DROGAS,,,,1
K858,OTRAS PANCREATITIS AGUDAS,,,,1
K859,"PANCREATITIS AGUDA, NO ESPECIFICADA",,,,1
K860,PANCREATITIS CRÓNICA INDUCIDA POR EL ALCOHOL,,,,1
K861,OTRAS PANCREATITIS CRÓNICAS,,,,1
K862,QUISTE DEL PÁNCREAS,,,,1
K863,SEUDOQUISTE DEL PÁNCREAS,,,,1
K868,OTRAS ENFERMEDADES ESPECIFICADAS DEL PÁNCREAS,,,,1
K869,"ENFERMEDAD DEL PÁNCREAS, NO ESPECIFICADA",,,,1
K870,TRASTORNOS DE LA VESÍCULA BILIAR Y DE LAS VÍAS BILIARES EN ENFERMEDADES CLASIFICADAS EN OTRA PARTE,,,,1
K871,TRASTORNOS DEL PÁNCREAS EN ENFERMEDADES CLASIFICADAS EN OTRA PARTE,,,,1
K900,ENFERMEDAD CELÍACA,,,,1
K901,ESPRUE TROPICAL,,,,1
K902,"SÍNDROME DEL ASA CIEGA, NO CLASIFICADO EN OTRA PARTE",,,,1
K903,ESTEATORREA PANCREÁTICA,,,,1
K904,"MALABSORCIÓN DEBIDA A INTOLERANCIA, NO CLASIFICADA EN OTRA PARTE",,,,1
K908,OTROS TIPOS DE MALABSORCIÓN INTESTINAL,,,,1
K909,"MALABSORCIÓN INTESTINAL, NO ESPECIFICADA",,,,1
K910,VÓMITO POSTCIRUGÍA GASTROINTESTINAL,,,,1
K911,SÍNDROMES CONSECUTIVOS A LA CIRUGÍA GÁSTRICA,,,,1
K912,"MALABSORCIÓN POSTQUIRÚRGICA, NO CLASIFICADA EN OTRA PARTE",,,,1
K913,OBSTRUCCIÓN INTESTINAL POSTOPERATORIA,,,,1
K914,DISFUNCIÓN DE COLOSTOMÍA O ENTEROSTOMÍA,,,,1
K915,SÍNDROME DE POSTCOLECISTECTOMÍA,,,,1
K918,"OTROS TRASTORNOS DEL SISTEMA DIGESTIVO CONSECUTIVOS A PROCEDIMIENTOS, NO CLASIFICADOS EN OTRA PARTE",,,,1
K919,TRASTORNO NO ESPECIFICADO DEL SISTEMA DIGESTIVO CONSECUTIVO A PROCEDIMIENTOS,,,,1
K920,HEMATEMESIS,,28,43800,1
K921,MELENA,,28,43800,1
K922,"HEMORRAGIA GASTROINTESTINAL, NO ESPECIFICADA",,28,43800,1
K928,OTRAS ENFERMEDADES ESPECIFICADAS DEL SISTEMA DIGESTIVO,,,,1
K929,"ENFERMEDAD DEL SISTEMA DIGESTIVO, NO ESPECIFICADA",,,,1
K930,"TRASTORNOS TUBERCULOSOS DEL INTESTINO, PERITONEO Y GANGLIOS MESENTÉRICOS",,,,1
K931,MEGACOLON EN LA ENFERMEDAD DE CHAGAS,,,,1
K938,TRASTORNOS DE OTROS ÓRGANOS DIGESTIVOS ESPECIFICADOS EN ENFERMEDADES CLASIFICADAS EN OTRA PARTE,,,,1
L00,SÍNDROME ESTAFILOCÓCICO DE LA PIEL ESCALDADA,,,,1
L010,IMPÉTIGO [CUALQUIER SITIO ANATÓMICO] [CUALQUIER ORGANISMO],,,,1
L011,IMPETIGINIZACIÓN DE OTRAS DERMATOSIS,,,,1
L020,"ABSCESO CUTÁNEO, FURÚNCULO Y ÁNTRAX DE LA CARA",,,,1
L021,"ABSCESO CUTÁNEO, FURÚNCULO Y ÁNTRAX DEL CUELLO",,,,1
L022,"ABSCESO CUTÁNEO, FURÚNCULO Y ÁNTRAX DEL TRONCO",,,,1
L023,"ABSCESO CUTÁNEO, FURÚNCULO Y ÁNTRAX DE GLÚTEOS",,,,1
L024,"ABSCESO CUTÁNEO, FURÚNCULO Y ÁNTRAX DE MIEMBRO",,,,1
L028,"ABSCESO CUTÁNEO, FURÚNCULO Y ÁNTRAX DE OTROS SITIOS",,,,1
L029,"ABSCESO CUTÁNEO, FURÚNCULO Y ÁNTRAX DE SITIO NO ESPECIFICADO",,,,1
L030,CELULITIS DE LOS DEDOS DE LA MANO Y DEL PIE,,,,1
L031,CELULITIS DE OTRAS PARTES DE LOS MIEMBROS,,,,1
L032,CELULITIS DE LA CARA,,,,1
L033,CELULITIS DEL TRONCO,,,,1
L038,CELULITIS DE OTROS SITIOS,,,,1
L039,CELULITIS DE SITIO NO ESPECIFICADO,,,,1
L040,"LINFADENITIS AGUDA DE CARA, CABEZA Y CUELLO",,,,1
L041,LINFADENITIS AGUDA DEL TRONCO,,,,1
L042,LINFADENITIS AGUDA DEL MIEMBRO SUPERIOR,,,,1
L043,LINFADENITIS AGUDA DEL MIEMBRO INFERIOR,,,,1
L048,LINFADENITIS AGUDA DE OTROS SITIOS,,,,1
L049,LINFADENITIS AGUDA DE SITIO NO ESPECIFICADO,,,,1
L050,QUISTE PILONIDAL CON ABSCESO,,,,1
L059,QUISTE PILONIDAL SIN ABSCESO,,,,1
L080,PIODERMA,,,,1
L081,ERITRASMA,,,,1
L088,OTRAS INFECCIONES LOCALES ESPECIFICADAS DE LA PIEL Y DEL TEJIDO SUBCUTÁNEO,,,,1
L089,"INFECCIÓN LOCAL DE LA PIEL Y DEL TEJIDO SUBCUTÁNEO, NO ESPECIFICADA",,,,1
L100,PÉNFIGO VULGAR,,28,43800,1
L101,PÉNFIGO VEGETANTE,,28,43800,1
L102,PÉNFIGO FOLIÁCEO,,28,43800,1
L103,PÉNFIGO BRASILEÑO [FOGO SELVAGEM],,28,43800,1
L104,PÉNFIGO ERITEMATOSO,,28,43800,1
L105,PÉNFIGO INDUCIDO POR DROGAS,,28,43800,1
L108,OTROS PÉNFIGOS,,28,43800,1
L109,"PÉNFIGO, NO ESPECIFICADO",,28,43800,1
L110,QUERATOSIS FOLICULAR ADQUIRIDA,,,,1
L111,DERMATOSIS ACANTOLÍTICA TRANSITORIA [GROVER],,,,1
L118,OTROS TRASTORNOS ACANTOLÍTICOS ESPECIFICADOS,,,,1
L119,"TRASTORNO ACANTOLÍTICO, NO ESPECIFICADO",,,,1
L120,PENFIGOIDE FLICTENULAR,,,,1
L121,PENFIGOIDE CICATRICIAL,,,,1
L122,ENFERMEDAD FLICTENULAR CRÓNICA DE LA INFANCIA,,28,3285,1
L123,EPIDERMÓLISIS BULLOSA ADQUIRIDA,,,,1
L128,OTROS PENFIGOIDES,,,,1
L129,"PENFIGOIDE, NO ESPECIFICADO",,,,1
L130,DERMATITIS HERPETIFORME,,,,1
L131,DERMATITIS PUSTULOSA SUBCORNEAL,,,,1
L138,OTROS TRASTORNOS FLICTENULARES ESPECIFICADOS,,,,1
L139,"TRASTORNO FLICTENULAR, NO ESPECIFICADO",,,,1
L14,TRASTORNOS FLICTENULARES EN ENFERMEDADES CLASIFICADAS EN OTRA PARTE,,,,1
L200,PRURIGO DE BESNIER,,,,1
L208,OTRAS DERMATITIS ATÓPICAS,,,,1
L209,"DERMATITIS ATÓPICA, NO ESPECIFICADA",,,,1
L210,SEBORREA CAPITIS,,,,1
L211,DERMATITIS SEBORREICA INFANTIL,,0,3285,1
L218,OTRAS DERMATITIS SEBORREICAS,,,,1
L219,"DERMATITIS SEBORREICA, NO ESPECIFICADA",,,,1
L22,DERMATITIS DEL PAÑAL,,,,1
L230,DERMATITIS ALÉRGICA DE CONTACTO DEBIDA A METALES,,,,1
L231,DERMATITIS ALÉRGICA DE CONTACTO DEBIDA A ADHESIVOS,,,,1
L232,DERMATITIS ALÉRGICA DE CONTACTO DEBIDA A COSMÉTICOS,,,,1
L233,DERMATITIS ALÉRGICA DE CONTACTO DEBIDA A DROGAS EN CONTACTO CON LA PIEL,,,,1
L234,DERMATITIS ALÉRGICA DE CONTACTO DEBIDA A COLORANTES,,,,1
L235,DERMATITIS ALÉRGICA DE CONTACTO DEBIDA A OTROS PRODUCTOS QUÍMICOS,,,,1
L236,DERMATITIS ALÉRGICA DE CONTACTO DEBIDA A ALIMENTOS EN CONTACTO CON LA PIEL,,,,1
L237,"DERMATITIS ALÉRGICA DE CONTACTO DEBIDA A PLANTAS, EXCEPTO LAS ALIMENTICIAS",,,,1
L238,DERMATITIS ALÉRGICA DE CONTACTO DEBIDA A OTROS AGENTES,,,,1
L239,"DERMATITIS ALÉRGICA DE CONTACTO, DE CAUSA NO ESPECIFICADA",,,,1
L240,"DERMATITIS DE CONTACTO POR IRRITANTES, DEBIDA A DETERGENTES",,,,1
L241,"DERMATITIS DE CONTACTO POR IRRITANTES, DEBIDA A ACEITES Y GRASAS",,,,1
L242,"DERMATITIS DE CONTACTO POR IRRITANTES, DEBIDA A DISOLVENTES",,,,1
L243,"DERMATITIS DE CONTACTO POR IRRITANTES, DEBIDA A COSMÉTICOS",,,,1
L244,"DERMATITIS DE CONTACTO POR IRRITANTES, DEBIDA A DROGAS EN CONTACTO CON LA PIEL",,,,1
L245,"DERMATITIS DE CONTACTO POR IRRITANTES, DEBIDA A OTROS PRODUCTOS QUÍMICOS",,,,1
L246,"DERMATITIS DE CONTACTO POR IRRITANTES, DEBIDA A ALIMENTOS EN CONTACTO CON LA PIEL",,,,1
L247,"DERMATITIS DE CONTACTO POR IRRITANTES, DEBIDA A PLANTAS, EXCEPTO LAS ALIMENTICIAS",,,,1
L248,"DERMATITIS DE CONTACTO POR IRRITANTES, DEBIDA A OTROS AGENTES",,,,1
L249,"DERMATITIS DE CONTACTO POR IRRITANTES, DE CAUSA NO ESPECIFICADA",,,,1
L250,"DERMATITIS DE CONTACTO, FORMA NO ESPECIFICADA, DEBIDA A COSMÉTICOS",,,,1
L251,"DERMATITIS DE CONTACTO, FORMA NO ESPECIFICADA, DEBIDA A DROGAS EN CONTACTO CON LA PIEL",,,,1
L252,"DERMATITIS DE CONTACTO, FORMA NO ESPECIFICADA, DEBIDA A COLORANTES",,,,1
L253,"DERMATITIS DE CONTACTO, FORMA NO ESPECIFICADA, DEBIDA A OTROS PRODUCTOS QUÍMICOS",,,,1
L254,"DERMATITIS DE CONTACTO, FORMA NO ESPECIFICADA, DEBIDA A ALIMENTOS EN CONTACTO CON LA PIEL",,,,1
L255,"DERMATITIS DE CONTACTO, FORMA NO ESPECIFICADA, DEBIDA A PLANTAS, EXCEPTO LAS ALIMENTICIAS",,,,1
L258,"DERMATITIS DE CONTACTO, FORMA NO ESPECIFICADA, DEBIDA A OTROS AGENTES",,,,1
L259,"DERMATITIS DE CONTACTO, FORMA Y CAUSA NO ESPECIFICADAS",,,,1
L26,DERMATITIS EXFOLIATIVA,,,,1
L270,ERUPCIÓN CUTÁNEA GENERALIZADA DEBIDA A DROGAS Y MEDICAMENTOS,,,,1
L271,ERUPCIÓN CUTÁNEA LOCALIZADA DEBIDA A DROGAS Y MEDICAMENTOS,,,,1
L272,DERMATITIS DEBIDA A INGESTIÓN DE ALIMENTOS,,,,1
L278,DERMATITIS DEBIDA A OTRAS SUSTANCIAS INGERIDAS,,,,1
L279,DERMATITIS DEBIDA A SUSTANCIAS INGERIDAS NO ESPECIFICADAS,,,,1
L280,LIQUEN SIMPLE CRÓNICO,,,,1
L281,PRURIGO NODULAR,,,,1
L282,OTROS PRURIGOS,,,,1
L290,PRURITO ANAL,,,,1
L291,PRURITO ESCROTAL,M,,,1
L292,PRURITO VULVAR,F,,,1
L293,"PRURITO ANOGENITAL, NO ESPECIFICADO",,,,1
L298,OTROS PRURITOS,,,,1
L299,"PRURITO, NO ESPECIFICADO",,,,1
L300,DERMATITIS NUMULAR,,,,1
L301,DISHIDROSIS [PONFÓLIX],,,,1
L302,AUTOSENSIBILIZACIÓN CUTÁNEA,,,,1
L303,DERMATITIS INFECCIOSA,,,,1
L304,ERITEMA INTERTRIGO,,,,1
L305,PITIRIASIS ALBA,,,,1
L308,OTRAS DERMATITIS ESPECIFICADAS,,,,1
L309,"DERMATITIS, NO ESPECIFICADA",,,,1
L400,PSORIASIS VULGAR,,,,1
L401,PSORIASIS PUSTULOSA GENERALIZADA,,,,1
L402,ACRODERMATITIS CONTINUA,,,,1
L403,PUSTULOSIS PALMAR Y PLANTAR,,,,1
L404,PSORIASIS GUTTATA,,,,1
L405,ARTROPATÍA PSORIÁSICA,,,,1
L408,OTRAS PSORIASIS,,,,1
L409,"PSORIASIS, NO ESPECIFICADA",,,,1
L410,PITIRIASIS LIQUENOIDE Y VARIOLIFORME AGUDA,,,,1
L411,PITIRIASIS LIQUENOIDE CRÓNICA,,,,1
L413,PARAPSORIASIS EN PLACAS PEQUEÑAS,,,,1
L414,PARAPSORIASIS EN PLACAS GRANDES,,,,1
L415,PARAPSORIASIS RETIFORME,,,,1
L418,OTRAS PARAPSORIASIS,,,,1
L419,"PARAPSORIASIS, NO ESPECIFICADA",,,,1
L42,PITIRIASIS ROSADA,,,,1
L430,LIQUEN PLANO HIPERTRÓFICO,,,,1
L431,LIQUEN PLANO FLICTENULAR,,,,1
L432,REACCIÓN LIQUENOIDE DEBIDA A DROGAS,,,,1
L433,LIQUEN PLANO SUBAGUDO (ACTIVO),,,,1
L438,OTROS LÍQUENES PLANOS,,,,1
L439,"LIQUEN PLANO, NO ESPECIFICADO",,,,1
L440,PITIRIASIS RUBRA PILARIS,,,,1
L441,LIQUEN NÍTIDO,,,,1
L442,LIQUEN ESTRIADO,,,,1
L443,LIQUEN ROJO MONILIFORME,,,,1
L444,ACRODERMATITIS PAPULAR INFANTIL [GIANNOTTI-CROSTI],,28,3285,1
L448,OTROS TRASTORNOS PAPULOESCAMOSOS ESPECIFICADOS,,,,1
L449,"TRASTORNO PAPULOESCAMOSO, NO ESPECIFICADO",,,,1
L45,TRASTORNOS PAPULOESCAMOSOS EN ENFERMEDADES CLASIFICADAS EN OTRA PARTE,,,,1
L500,URTICARIA ALÉRGICA,,28,43800,1
L501,URTICARIA IDIOPÁTICA,,28,43800,1
L502,URTICARIA DEBIDA AL CALOR Y AL FRÍO,,28,43800,1
L503,URTICARIA DERMATOGRÁFICA,,28,43800,1
L504,URTICARIA VIBRATORIA,,28,43800,1
L505,URTICARIA COLINÉRGICA,,28,43800,1
L506,URTICARIA POR CONTACTO,,28,43800,1
L508,OTRAS URTICARIAS,,28,43800,1
L509,"URTICARIA, NO ESPECIFICADA",,28,43800,1
L510,ERITEMA MULTIFORME NO FLICTENULAR,,,,1
L511,ERITEMA MULTIFORME FLICTENULAR,,,,1
L512,NECRÓLISIS EPIDÉRMICA TÓXICA [LYELL],,,,1
L518,OTROS ERITEMAS MULTIFORMES,,,,1
L519,"ERITEMA MULTIFORME, NO ESPECIFICADO",,,,1
L52,ERITEMA NUDOSO,,,,1
L530,ERITEMA TÓXICO,,28,43800,1
L531,ERITEMA ANULAR CENTRÍFUGO,,,,1
L532,ERITEMA MARGINADO,,,,1
L533,OTROS ERITEMAS FIGURADOS CRÓNICOS,,,,1
L538,OTRAS AFECCIONES ERITEMATOSAS ESPECIFICADAS,,,,1
L539,"AFECCIÓN ERITEMATOSA, NO ESPECIFICADA",,28,43800,1
L540,ERITEMA MARGINADO EN LA FIEBRE REUMÁTICA AGUDA,,,,1
L548,ERITEMA EN OTRAS ENFERMEDADES CLASIFICADAS EN OTRA PARTE,,,,1
L550,QUEMADURA SOLAR DE PRIMER GRADO,,,,1
L551,QUEMADURA SOLAR DE SEGUNDO GRADO,,,,1
L552,QUEMADURA SOLAR DE TERCER GRADO,,,,1
L558,OTRAS QUEMADURAS SOLARES,,,,1
L559,"QUEMADURA SOLAR, NO ESPECIFICADA",,,,1
L560,RESPUESTA FOTOTÓXICA A DROGAS,,,,1
L561,RESPUESTA FOTOALÉRGICA A DROGAS,,,,1
L562,DERMATITIS POR FOTOCONTACTO [DERMATITIS DE BERLOQUE],,,,1
L563,URTICARIA SOLAR,,,,1
L564,ERUPCIÓN POLIMORFA A LA LUZ,,,,1
L568,OTROS CAMBIOS AGUDOS ESPECIFICADOS DE LA PIEL DEBIDOS A RADIACIÓN ULTRAVIOLETA,,,,1
L569,"CAMBIO AGUDO DE LA PIEL DEBIDO A RADIACIÓN ULTRAVIOLETA, SIN OTRA ESPECIFICACIÓN",,,,1
L570,QUERATOSIS ACTÍNICA,,,,1
L571,RETICULOIDE ACTÍNICO,,,,1
L572,PIEL ROMBOIDAL DE LA NUCA,,,,1
L573,POIQUILODERMIA DE CIVATTE,,,,1
L574,PIEL LAXA SENIL,,23725,43800,1
L575,GRANULOMA ACTÍNICO,,,,1
L578,OTROS CAMBIOS DE LA PIEL DEBIDOS A EXPOSICIÓN CRÓNICA A RADIACIÓN NO IONIZANTE,,,,1
L579,"CAMBIOS DE LA PIEL DEBIDOS A EXPOSICIÓN CRÓNICA A RADIACIÓN NO IONIZANTE, SIN OTRA ESPECIFICACIÓN",,,,1
L580,RADIODERMATITIS AGUDA,,,,1
L581,RADIODERMATITIS CRÓNICA,,,,1
L589,"RADIODERMATITIS, NO ESPECIFICADA",,,,1
L590,ERITEMA AB IGNE [DERMATITIS AB IGNE],,,,1
L598,OTROS TRASTORNOS ESPECIFICADOS DE LA PIEL Y DEL TEJIDO SUBCUTÁNEO RELACIONADOS CON RADIACIÓN,,,,1
L599,TRASTORNOS NO ESPECIFICADOS DE LA PIEL Y DEL TEJIDO SUBCUTÁNEO RELACIONADOS CON RADIACIÓN,,,,1
L600,UÑA ENCARNADA,,,,1
L601,ONICÓLISIS,,,,1
L602,ONICOGRIPOSIS,,,,1
L603,DISTROFIA UNGUEAL,,,,1
L604,LÍNEAS DE BEAU,,,,1
L605,SÍNDROME DE LA UÑA AMARILLA,,,,1
L608,OTROS TRASTORNOS DE LAS UÑAS,,,,1
L609,"TRASTORNO DE LA UÑA, NO ESPECIFICADO",,,,1
L620,UÑA DEFORME DE LA PAQUIDERMOPERIOSTOSIS,,,,1
L628,TRASTORNOS DE LAS UÑAS EN OTRAS ENFERMEDADES CLASIFICADAS EN OTRA PARTE,,,,1
L630,ALOPECIA (CAPITIS) TOTAL,,,,1
L631,ALOPECIA UNIVERSAL,,,,1
L632,OFIASIS,,,,1
L638,OTRAS ALOPECIAS AREATAS,,,,1
L639,"ALOPECIA AREATA, NO ESPECIFICADA",,,,1
L640,"ALOPECIA ANDRÓGENA, INDUCIDA POR DROGAS",,,,1
L648,OTRAS ALOPECIAS ANDRÓGENAS,,,,1
L649,"ALOPECIA ANDRÓGENA, NO ESPECIFICADA",,,,1
L650,PÉRDIDA CAPILAR TELÓGENA,,,,1
L651,PÉRDIDA CAPILAR ANÁGENA,,,,1
L652,ALOPECIA MUCINOSA,,,,1
L658,OTRAS PÉRDIDAS ESPECIFICADAS NO CICATRICIALES DEL PELO,,,,1
L659,"PERDIDA NO CICATRICIAL DEL PELO, SIN OTRA ESPECIFICACIÓN",,,,1
L660,SEUDOPELADA,,,,1
L661,LIQUEN PLANO PILARIS,,,,1
L662,FOLICULITIS DECALVANTE,,,,1
L663,PERIFOLICULITIS CAPITIS ABSCEDENS,,,,1
L664,FOLICULITIS ULERITEMATOSA RETICULADA,,,,1
L668,OTRAS ALOPECIAS CICATRICIALES,,,,1
L669,"ALOPECIA CICATRICIAL, NO ESPECIFICADA",,,,1
L670,TRICORREXIS NUDOSA,,,,1
L671,VARIACIÓN DEL COLOR DEL PELO,,,,1
L678,OTRAS ANORMALIDADES DEL TALLO Y DEL COLOR DEL PELO,,,,1
L679,ANORMALIDAD NO ESPECIFICADA DEL TALLO Y DEL COLOR DEL PELO,,,,1
L680,HIRSUTISMO,,,,1
L681,HIPERTRICOSIS LANUGINOSA ADQUIRIDA,,,,1
L682,HIPERTRICOSIS LOCALIZADA,,,,1
L683,POLITRIQUIA,,,,1
L688,OTRAS HIPERTRICOSIS,,,,1
L689,"HIPERTRICOSIS, NO ESPECIFICADA",,,,1
L700,ACNÉ VULGAR,,,,1
L701,ACNÉ CONGLOBADO,,,,1
L702,ACNÉ VARIOLIFORME,,,,1
L703,ACNÉ TROPICAL,,,,1
L704,ACNÉ INFANTIL,,1825,3285,1
L705,ACNÉ EXCORIADO DE LA MUJER JOVEN,F,3650,6205,1
L708,OTROS ACNÉS,,,,1
L709,"ACNÉ, NO ESPECIFICADO",,,,1
L710,DERMATITIS PERIBUCAL,,,,1
L711,RINOFIMA,,,,1
L718,OTRAS ROSÁCEAS,,,,1
L719,"ROSÁCEA, NO ESPECIFICADA",,,,1
L720,QUISTE EPIDÉRMICO,,,,1
L721,QUISTE TRICODÉRMICO,,,,1
L722,ESTEATOCISTOMA MÚLTIPLE,,,,1
L728,OTROS QUISTES FOLICULARES DE LA PIEL Y DEL TEJIDO SUBCUTÁNEO,,,,1
L729,"QUISTE FOLICULAR DE LA PIEL Y DEL TEJIDO SUBCUTÁNEO, SIN OTRA ESPECIFICACIÓN",,,,1
L730,ACNÉ QUELOIDE,,,,1
L731,SEUDOFOLICULITIS DE LA BARBA,,,,1
L732,HIDRADENITIS SUPURATIVA,,,,1
L738,OTROS TRASTORNOS FOLICULARES ESPECIFICADOS,,,,1
L739,"TRASTORNO FOLICULAR, NO ESPECIFICADO",,,,1
L740,MILIARIA RUBRA,,,,1
L741,MILIARIA CRISTALINA,,,,1
L742,MILIARIA PROFUNDA,,,,1
L743,"MILIARIA, NO ESPECIFICADA",,,,1
L744,ANHIDROSIS,,,,1
L748,OTROS TRASTORNOS SUDORÍPAROS ECRINOS,,,,1
L749,"TRASTORNO SUDORÍPARO ECRINO, NO ESPECIFICADO",,,,1
L750,BROMHIDROSIS,,,,1
L751,CROMHIDROSIS,,,,1
L752,MILIARIA APOCRINA,,,,1
L758,OTROS TRASTORNOS SUDORÍPAROS APOCRINOS,,,,1
L759,"TRASTORNO SUDORÍPARO APOCRINO, NO ESPECIFICADO",,,,1
L80,VITÍLIGO,,,,1
L810,HIPERPIGMENTACIÓN POSTINFLAMATORIA,,,,1
L811,CLOASMA,,,,1
L812,EFÉLIDE,,,,1
L813,MANCHAS CAFÉ CON LECHE,,,,1
L814,OTROS TIPOS DE HIPERPIGMENTACIÓN MELANODÉRMICA,,,,1
L815,"LEUCODERMÍA, NO CLASIFICADA EN OTRA PARTE",,,,1
L816,OTROS TRASTORNOS DE DISMINUCIÓN DE LA FORMACIÓN DE LA MELANINA,,,,1
L817,DERMATOSIS PURPÚRICA PIGMENTADA,,,,1
L818,OTROS TRASTORNOS ESPECIFICADOS DE LA PIGMENTACIÓN,,,,1
L819,"TRASTORNO DE LA PIGMENTACIÓN, NO ESPECIFICADO",,,,1
L82,QUERATOSIS SEBORREICA,,,,1
L83,ACANTOSIS NIGRICANS,,,,1
L84,CALLOS Y CALLOSIDADES,,,,1
L850,ICTIOSIS ADQUIRIDA,,,,1
L851,QUERATOSIS [QUERATODERMIA] PALMAR Y PLANTAR ADQUIRIDA,,,,1
L852,QUERATOSIS PUNCTATA (PALMAR Y PLANTAR),,,,1
L853,XEROSIS DEL CUTIS,,,,1
L858,OTROS ENGROSAMIENTOS EPIDÉRMICOS ESPECIFICADOS,,,,1
L859,"ENGROSAMIENTO EPIDÉRMICO, NO ESPECIFICADO",,,,1
L86,QUERATODERMA EN ENFERMEDADES CLASIFICADAS EN OTRA PARTE,,,,1
L870,QUERATOSIS FOLICULAR Y PARAFOLICULAR PENETRANTE DEL CUTIS [KYRLE],,,,1
L871,COLAGENOSIS PERFORANTE REACTIVA,,,,1
L872,ELASTOSIS SERPIGINOSA PERFORANTE,,,,1
L878,OTROS TRASTORNOS DE LA ELIMINACIÓN TRANSEPIDÉRMICA,,,,1
L879,"TRASTORNO DE LA ELIMINACIÓN TRANSEPIDÉRMICA, NO ESPECIFICADO",,,,1
L88,PIODERMA GANGRENOSO,,,,1
L890,"ÚLCERA DE DECÚBITO Y POR ÁREA DE PRESIÓN, ETAPA I",,,,1
L891,"ÚLCERA DE DECÚBITO, ETAPA II",,,,1
L892,"ÚLCERA DE DECÚBITO, ETAPA III",,,,1
L893,"ÚLCERA DE DECÚBITO, ETAPA IV",,,,1
L899,"ÚLCERA DE DECÚBITO Y POR ÁREA DE PRESIÓN, NO ESPECIFICADA",,,,1
L900,LIQUEN ESCLEROSO Y ATRÓFICO,,,,1
L901,ANETODERMIA DE SCHWENINGER-BUZZI,,,,1
L902,ANETODERMIA DE JADASSOHN-PELLIZZARI,,,,1
L903,ATROFODERMA DE PASINI Y PRERINI,,,,1
L904,ACRODERMATITIS CRÓNICA ATRÓFICA,,,,1
L905,FIBROSIS Y AFECCIONES CICATRICIALES DE LA PIEL,,,,1
L906,ESTRÍAS ATRÓFICAS,,,,1
L908,OTROS TRASTORNOS ATRÓFICOS DE LA PIEL,,,,1
L909,"TRASTORNO ATRÓFICO DE LA PIEL, NO ESPECIFICADO",,,,1
L910,CICATRIZ HIPERTRÓFICA,,,,1
L918,OTROS TRASTORNOS HIPERTRÓFICOS DE LA PIEL,,,,1
L919,"TRASTORNO HIPERTRÓFICO DE LA PIEL, NO ESPECIFICADO",,,,1
L920,GRANULOMA ANULAR,,,,1
L921,"NECROBIOSIS LIPÍDICA, NO CLASIFICADA EN OTRA PARTE",,,,1
L922,GRANULOMA FACIAL (GRANULOMA EOSINÓFILO DE LA PIEL),,,,1
L923,GRANULOMA POR CUERPO EXTRAÑO EN LA PIEL Y EN EL TEJIDO SUBCUTÁNEO,,,,1
L928,OTROS TRASTORNOS GRANULOMATOSOS DE LA PIEL Y DEL TEJIDO SUBCUTÁNEO,,,,1
L929,"TRASTORNO GRANULOMATOSO DE LA PIEL Y DEL TEJIDO SUBCUTÁNEO, NO ESPECIFICADO",,,,1
L930,LUPUS ERITEMATOSO DISCOIDE,,,,1
L931,LUPUS ERITEMATOSO CUTÁNEO SUBAGUDO,,,,1
L932,OTROS LUPUS ERITEMATOSOS LOCALIZADOS,,,,1
L940,ESCLERODERMA LOCALIZADO [MORFEA],,,,1
L941,ESCLERODERMA LINEAL,,,,1
L942,CALCINOSIS DE LA PIEL,,,,1
L943,ESCLERODACTILIA,,,,1
L944,PÁPULAS DE GOTTRON,,,,1
L945,POIQUILODERMIA VASCULAR ATRÓFICA,,,,1
L946,AINHUM,,,,1
L948,OTROS TRASTORNOS LOCALIZADOS ESPECIFICADOS DEL TEJIDO CONJUNTIVO,,,,1
L949,"TRASTORNO LOCALIZADO DEL TEJIDO CONJUNTIVO, NO ESPECIFICADO",,,,1
L950,VASCULITIS LIVEDOIDE,,,,1
L951,ERITEMA ELEVATUM DIUTINUM,,,,1
L958,OTRAS VASCULITIS LIMITADAS A LA PIEL,,,,1
L959,"VASCULITIS LIMITADA A LA PIEL, SIN OTRA ESPECIFICACIÓN",,,,1
L97,"ÚLCERA DE MIEMBRO INFERIOR, NO CLASIFICADA EN OTRA PARTE",,,,1
L980,GRANULOMA PIÓGENO,,,,1
L981,DERMATITIS FACTICIA,,,,1
L982,DERMATOSIS NEUTRÓFILA FEBRIL [SWEET],,,,1
L983,CELULITIS EOSINÓFILIA [WELLS],,,,1
L984,"ÚLCERA CRÓNICA DE LA PIEL, NO CLASIFICADA EN OTRA PARTE",,,,1
L985,MUCINOSIS DE LA PIEL,,,,1
L986,OTROS TRASTORNOS INFILTRATIVOS DE LA PIEL Y DEL TEJIDO SUBCUTÁNEO,,,,1
L987,PIEL Y TEJIDO SUBCUTÁNEO EXCESIVA Y REDUNDANTE,,,,1
L988,OTROS TRASTORNOS ESPECIFICADOS DE LA PIEL Y DEL TEJIDO SUBCUTÁNEO,,,,1
L989,"TRASTORNO DE LA PIEL Y DEL TEJIDO SUBCUTÁNEO, NO ESPECIFICADO",,,,1
L990,AMILOIDOSIS DE LA PIEL,,,,1
L998,OTROS TRASTORNOS DE LA PIEL Y DEL TEJIDO SUBCUTÁNEO EN ENFERMEDADES CLASIFICADAS EN OTRA PARTE,,,,1
M000,ARTRITIS Y POLIARTRITIS ESTAFILOCÓCICA,,,,1
M001,ARTRITIS Y POLIARTRITIS NEUMOCÓCICA,,,,1
M002,OTRAS ARTRITIS Y POLIARTRITIS ESTREPTOCÓCICAS,,,,1
M008,ARTRITIS Y POLIARTRITIS DEBIDAS A OTROS AGENTES BACTERIANOS ESPECIFICADOS,,,,1
M009,"ARTRITIS PIÓGENA, NO ESPECIFICADA",,,,1
M010,ARTRITIS MENINGOCÓCICA,,,,1
M011,ARTRITIS TUBERCULOSA,,,,1
M012,ARTRITIS EN LA ENFERMEDAD DE LYME,,,,1
M013,ARTRITIS EN OTRAS ENFERMEDADES BACTERIANAS CLASIFICADAS EN OTRA PARTE,,,,1
M014,ARTRITIS EN RUBÉOLA,,,,1
M015,ARTRITIS EN OTRAS ENFERMEDADES VIRALES CLASIFICADAS EN OTRA PARTE,,,,1
M016,ARTRITIS EN MICOSIS,,,,1
M018,ARTRITIS EN OTRAS ENFERMEDADES INFECCIOSAS Y PARASITARIAS CLASIFICADAS EN OTRA PARTE,,,,1
M020,ARTROPATÍA CONSECUTIVA A DERIVACIÓN INTESTINAL,,,,1
M021,ARTROPATÍA POSTDISENTÉRICA,,,,1
M022,ARTROPATÍA POSTINMUNIZACIÓN,,,,1
M023,ENFERMEDAD DE REITER,,,,1
M028,OTRAS ARTROPATÍAS REACTIVAS,,,,1
M029,"ARTROPATÍA REACTIVA, NO ESPECIFICADA",,,,1
M030,ARTRITIS POSTMENINGOCÓCICA,,,,1
M031,ARTROPATÍA POSTINFECCIOSA EN SÍFILIS,,,,1
M032,OTRAS ARTROPATÍAS POSTINFECCIOSAS EN ENFERMEDADES CLASIFICADAS EN OTRA PARTE,,,,1
M036,ARTROPATÍA REACTIVA EN OTRAS ENFERMEDADES CLASIFICADAS EN OTRA PARTE,,,,1
M050,SÍNDROME DE FELTY,,,,1
M051,ENFERMEDAD REUMATOIDE DEL PULMÓN,,,,1
M052,VASCULITIS REUMATOIDE,,,,1
M053,ARTRITIS REUMATOIDE CON COMPROMISO DE OTROS ÓRGANOS O SISTEMAS,,,,1
M058,OTRAS ARTRITIS REUMATOIDEAS SEROPOSITIVAS,,,,1
M059,"ARTRITIS REUMATOIDEA SEROPOSITIVA, SIN OTRA ESPECIFICACIÓN",,,,1
M060,ARTRITIS REUMATOIDE SERONEGATIVA,,,,1
M061,ENFERMEDAD DE STILL DE COMIENZO EN EL ADULTO,,,,1
M062,BURSITIS REUMATOIDE,,,,1
M063,NÓDULO REUMATOIDE,,,,1
M064,POLIARTROPATÍA INFLAMATORIA,,,,1
M068,OTRAS ARTRITIS REUMATOIDES ESPECIFICADAS,,,,1
M069,"ARTRITIS REUMATOIDE, NO ESPECIFICADA",,,,1
M070,ARTROPATÍA PSORIÁSICA INTERFALÁNGICA DISTAL,,,,1
M071,ARTRITIS MUTILANTE,,,,1
M072,ESPONDILITIS PSORIÁSICA,,,,1
M073,OTRAS ARTROPATÍAS PSORIÁSICAS,,,,1
M074,ARTROPATÍA EN LA ENFERMEDAD DE CROHN [ENTERITIS REGIONAL],,,,1
M075,ARTROPATÍA EN LA COLITIS ULCERATIVA,,,,1
M076,OTRAS ARTROPATÍAS ENTEROPÁTICAS,,,,1
M080,ARTRITIS REUMATOIDE JUVENIL,,365,6205,1
M081,ESPONDILITIS ANQUILOSANTE JUVENIL,,365,6205,1
M082,ARTRITIS JUVENIL DE COMIENZO GENERALIZADO,,365,6205,1
M083,POLIARTRITIS JUVENIL (SERONEGATIVA),,365,6205,1
M084,ARTRITIS JUVENIL PAUCIARTICULAR,,365,6205,1
M088,OTRAS ARTRITIS JUVENILES,,365,6205,1
M089,"ARTRITIS JUVENIL, NO ESPECIFICADA",,365,6205,1
M090,ARTRITIS JUVENIL EN LA PSORIASIS,,3650,6205,1
M091,ARTRITIS JUVENIL EN LA ENFERMEDAD DE CROHN [ENTERITIS REGIONAL],,3650,6205,1
M092,ARTRITIS JUVENIL EN LA COLITIS ULCERATIVA,,3650,6205,1
M098,ARTRITIS JUVENIL EN OTRAS ENFERMEDADES CLASIFICADAS EN OTRA PARTE,,3650,6205,1
M100,GOTA IDIOPÁTICA,,,,1
M101,GOTA SATURNINA,,4380,31025,1
M102,GOTA INDUCIDA POR DROGAS,,,,1
M103,GOTA DEBIDA A ALTERACIÓN DE LA FUNCIÓN RENAL,,,,1
M104,OTRAS GOTAS SECUNDARIAS,,,,1
M109,"GOTA, NO ESPECIFICADA",,,,1
M110,ENFERMEDAD POR DEPÓSITO DE HIDROXIAPATITA,,,,1
M111,CONDROCALCINOSIS FAMILIAR,,,,1
M112,OTRAS CONDROCALCINOSIS,,,,1
M118,"OTRAS ARTROPATÍAS POR CRISTALES, ESPECIFICADAS",,,,1
M119,"ARTROPATÍA POR CRISTALES, NO ESPECIFICADA",,,,1
M120,ARTROPATÍA POSTRAUMÁTICA CRÓNICA [DE JACCOUD],,,,1
M121,ENFERMEDAD DE KASCHIN-BECK,,,,1
M122,SINOVITIS VELLONODULAR (PIGMENTADA),,,,1
M123,REUMATISMO PALINDRÓMICO,,,,1
M124,HIDRARTROSIS INTERMITENTE,,,,1
M125,ARTROPATÍA TRAUMÁTICA,,,,1
M128,"OTRAS ARTROPATÍAS ESPECÍFICAS, NO CLASIFICADAS EN OTRA PARTE",,,,1
M130,"POLIARTRITIS, NO ESPECIFICADA",,,,1
M131,"MONOARTRITIS, NO CLASIFICADA EN OTRA PARTE",,,,1
M138,OTRAS ARTRITIS ESPECIFICADAS,,,,1
M139,"ARTRITIS, NO ESPECIFICADA",,,,1
M140,"ARTROPATÍA GOTOSA DEBIDA A DEFECTOS ENZIMÁTICOS Y A OTROS TRASTORNOS HEREDITARIOS, CLASIFICADOS EN OTRA PARTE",,,,1
M141,ARTROPATÍA POR CRISTALES EN OTROS TRASTORNOS METABÓLICOS,,,,1
M142,ARTROPATÍA DIABÉTICA,,,,1
M143,DERMATOARTRITIS LIPOIDE,,,,1
M144,ARTROPATÍA EN LA AMILOIDOSIS,,,,1
M145,"ARTROPATÍA EN OTROS TRASTORNOS ENDOCRINOS, METABÓLICOS Y NUTRICIONALES",,,,1
M146,ARTROPATÍA NEUROPÁTICA,,,,1
M148,"ARTROPATÍA EN OTRAS ENFERMEDADES ESPECIFICADAS, CLASIFICADAS EN OTRA PARTE",,,,1
M150,(OSTEO)ARTROSIS PRIMARIA GENERALIZADA,,,,1
M151,NÓDULOS DE HEBERDEN (CON ARTROPATÍA),,,,1
M152,NÓDULOS DE BOUCHARD (CON ARTROPATÍA),,,,1
M153,ARTROSIS SECUNDARIA MÚLTIPLE,,,,1
M154,(OSTEO)ARTROSIS EROSIVA,,,,1
M158,OTRAS POLIARTROSIS,,,,1
M159,"POLIARTROSIS, NO ESPECIFICADA",,,,1
M160,"COXARTROSIS PRIMARIA, BILATERAL",,,,1
M161,OTRAS COXARTROSIS PRIMARIAS,,,,1
M162,"COXARTROSIS A CONSECUENCIA DE DISPLASIA, BILATERAL",,,,1
M163,OTRAS COXARTROSIS DISPLÁSICAS,,,,1
M164,"COXARTROSIS POSTRAUMÁTICA, BILATERAL",,,,1
M165,OTRA COXARTROSIS POSTRAUMÁTICA,,,,1
M166,"OTRA COXARTROSIS SECUNDARIA, BILATERAL",,,,1
M167,OTRAS COXARTROSIS SECUNDARIAS,,,,1
M169,"COXARTROSIS, NO ESPECIFICADA",,,,1
M170,"GONARTROSIS PRIMARIA, BILATERAL",,,,1
M171,OTRAS GONARTROSIS PRIMARIAS,,,,1
M172,"GONARTROSIS POSTRAUMÁTICA, BILATERAL",,,,1
M173,OTRAS GONARTROSIS POSTRAUMÁTICAS,,,,1
M174,"OTRAS GONARTROSIS SECUNDARIAS, BILATERALES",,,,1
M175,OTRAS GONARTROSIS SECUNDARIAS,,,,1
M179,"GONARTROSIS, NO ESPECIFICADA",,,,1
M180,"ARTROSIS PRIMARIA DE LA PRIMERA ARTICULACIÓN CARPOMETACARPIANA, BILATERAL",,,,1
M181,OTRAS ARTROSIS PRIMARIAS DE LA PRIMERA ARTICULACIÓN CARPOMETACARPIANA,,,,1
M182,"ARTROSIS POSTRAUMÁTICA DE LA PRIMERA ARTICULACIÓN CARPOMETACARPIANA, BILATERAL",,,,1
M183,OTRAS ARTROSIS POSTRAUMÁTICAS DE LA PRIMERA ARTICULACIÓN CARPOMETACARPIANA,,,,1
M184,"OTRAS ARTROSIS SECUNDARIAS DE LA PRIMERA ARTICULACIÓN CARPOMETACARPIANA, BILATERALES",,,,1
M185,OTRAS ARTROSIS SECUNDARIAS DE LA PRIMERA ARTICULACIÓN CARPOMETACARPIANA,,,,1
M189,"ARTROSIS DE LA PRIMERA ARTICULACIÓN CARPOMETACARPIANA, SIN OTRA ESPECIFICACIÓN",,,,1
M190,ARTROSIS PRIMARIA DE OTRAS ARTICULACIONES,,,,1
M191,ARTROSIS POSTRAUMÁTICA DE OTRAS ARTICULACIONES,,,,1
M192,OTRAS ARTROSIS SECUNDARIAS,,,,1
M198,OTRAS ARTROSIS ESPECIFICADAS,,,,1
M199,"ARTROSIS, NO ESPECIFICADA",,,,1
M200,DEFORMIDAD DE DEDO(S) DE LA MANO,,365,43800,1
M201,HALLUX VALGUS (ADQUIRIDO),,365,43800,1
M202,HALLUX RIGIDUS,,365,43800,1
M203,OTRAS DEFORMIDADES DEL HALLUX (ADQUIRIDAS),,365,43800,1
M204,OTRO(S) DEDO(S) DEL PIE EN MARTILLO (ADQUIRIDOS),,365,43800,1
M205,OTRAS DEFORMIDADES (ADQUIRIDAS) DEL (DE LOS) DEDO(S) DEL PIE,,365,43800,1
M206,"DEFORMIDADES ADQUIRIDAS DE LOS DEDOS DEL PIE, NO ESPECIFICADAS",,365,43800,1
M210,"DEFORMIDAD EN VALGO, NO CLASIFICADA EN OTRA PARTE",,365,43800,1
M211,"DEFORMIDAD EN VARO, NO CLASIFICADA EN OTRA PARTE",,365,43800,1
M212,DEFORMIDAD EN FLEXIÓN,,365,43800,1
M213,MUÑECA O PIE EN PÉNDULO (ADQUIRIDO),,365,43800,1
M214,PIE PLANO [PES PLANUS] (ADQUIRIDO),,365,43800,1
M215,"MANO O PIE EN GARRA O EN TALIPES, PIE EQUINOVARO O ZAMBO ADQUIRIDOS",,365,43800,1
M216,OTRAS DEFORMIDADES ADQUIRIDAS DEL TOBILLO Y DEL PIE,,365,43800,1
M217,LONGITUD DESIGUAL DE LOS MIEMBROS (ADQUIRIDA),,365,43800,1
M218,"OTRAS DEFORMIDADES ADQUIRIDAS DE LOS MIEMBROS, ESPECIFICADAS",,365,43800,1
M219,"DEFORMIDAD ADQUIRIDA DEL MIEMBRO, NO ESPECIFICADA",,365,43800,1
M220,LUXACIÓN RECIDIVANTE DE LA RÓTULA,,,,1
M221,SUBLUXACIÓN RECIDIVANTE DE LA RÓTULA,,,,1
M222,TRASTORNOS ROTULOFEMORALES,,,,1
M223,OTROS DESARREGLOS DE LA RÓTULA,,,,1
M224,CONDROMALACIA DE LA RÓTULA,,,,1
M228,OTROS TRASTORNOS DE LA RÓTULA,,,,1
M229,"TRASTORNO DE LA RÓTULA, NO ESPECIFICADO",,,,1
M230,MENISCO QUÍSTICO,,,,1
M231,MENISCO DISCOIDE (CONGÉNITO),,,,1
M232,TRASTORNO DE MENISCO DEBIDO A DESGARRO O LESIÓN ANTIGUA,,,,1
M233,OTROS TRASTORNOS DE LOS MENISCOS,,,,1
M234,CUERPO FLOTANTE EN LA RODILLA,,,,1
M235,INESTABILIDAD CRÓNICA DE LA RODILLA,,,,1
M236,OTRA RUPTURA ESPONTÁNEA DEL (DE LOS) LIGAMENTO(S) DE LA RODILLA,,,,1
M238,OTROS TRASTORNOS INTERNOS DE LA RODILLA,,,,1
M239,"TRASTORNO INTERNO DE LA RODILLA, NO ESPECIFICADO",,,,1
M240,CUERPO FLOTANTE ARTICULAR,,,,1
M241,OTROS TRASTORNOS DEL CARTÍLAGO ARTICULAR,,,,1
M242,TRASTORNO DEL LIGAMENTO,,,,1
M243,"LUXACIÓN Y SUBLUXACIÓN PATOLÓGICA DE LA ARTICULACIÓN, NO CLASIFICADA EN OTRA PARTE",,,,1
M244,LUXACIÓN Y SUBLUXACIÓN RECIDIVANTE DE LA ARTICULACIÓN,,,,1
M245,CONTRACTURA ARTICULAR,,,,1
M246,ANQUILOSIS ARTICULAR,,,,1
M247,PROTRUSIÓN DE ACETÁBULO,,,,1
M248,"OTRAS LESIONES ARTICULARES ESPECÍFICAS, NO CLASIFICADAS EN OTRA PARTE",,,,1
M249,"DESARREGLO ARTICULAR, NO ESPECIFICADO",,,,1
M250,HEMARTROSIS,,,,1
M251,FÍSTULA ARTICULAR,,,,1
M252,ARTICULACIÓN INESTABLE,,,,1
M253,OTRAS INESTABILIDADES ARTICULARES,,,,1
M254,DERRAME ARTICULAR,,,,1
M255,DOLOR EN ARTICULACIÓN,,,,1
M256,"RIGIDEZ ARTICULAR, NO CLASIFICADA EN OTRA PARTE",,,,1
M257,OSTEOFITO,,,,1
M258,OTROS TRASTORNOS ARTICULARES ESPECIFICADOS,,,,1
M259,"TRASTORNO ARTICULAR, NO ESPECIFICADO",,,,1
M300,POLIARTERITIS NUDOSA,,,,1
M301,POLIARTERITIS CON COMPROMISO PULMONAR [CHURG-STRAUSS],,,,1
M302,POLIARTERITIS JUVENIL,,3650,6205,1
M303,SÍNDROME MUCOCUTÁNEO LINFONODULAR [KAWASAKI],,,,1
M308,OTRAS AFECCIONES RELACIONADAS CON LA POLIARTERITIS NUDOSA,,,,1
M310,ANGIÍTIS DEBIDA A HIPERSENSIBILIDAD,,,,1
M311,MICROANGIOPATÍA TROMBÓTICA,,,,1
M313,GRANULOMATOSIS DE WEGENER,,,,1
M314,SÍNDROME DEL CAYADO DE LA AORTA [TAKAYASU],,,,1
M315,ARTERITIS DE CÉLULAS GIGANTES CON POLIMIALGIA REUMÁTICA,,,,1
M316,OTRAS ARTERITIS DE CÉLULAS GIGANTES,,,,1
M317,POLIANGIÍTIS MICROSCÓPICA,,,,1
M318,OTRAS VASCULOPATÍAS NECROTIZANTES ESPECIFICADAS,,,,1
M319,"VASCULOPATÍA NECROTIZANTE, NO ESPECIFICADA",,,,1
M320,"LUPUS ERITEMATOSO SISTÉMICO, INDUCIDO POR DROGAS",,,,1
M321,LUPUS ERITEMATOSO SISTÉMICO CON COMPROMISO DE ÓRGANOS O SISTEMAS,,,,1
M328,OTRAS FORMAS DE LUPUS ERITEMATOSO SISTÉMICO,,,,1
M329,"LUPUS ERITEMATOSO SISTÉMICO, SIN OTRA ESPECIFICACIÓN",,,,1
M330,DERMATOMIOSITIS JUVENIL,,3650,6205,1
M331,OTRAS DERMATOMIOSITIS,,,,1
M332,POLIMIOSITIS,,,,1
M339,"DERMATOPOLIMIOSITIS, NO ESPECIFICADA",,,,1
M340,ESCLEROSIS SISTÉMICA PROGRESIVA,,,,1
M341,SÍNDROME CR(E)ST,,,,1
M342,ESCLEROSIS SISTÉMICA INDUCIDA POR DROGAS O PRODUCTOS QUÍMICOS,,,,1
M348,OTRAS FORMAS DE ESCLEROSIS SISTÉMICA,,,,1
M349,"ESCLEROSIS SISTÉMICA, NO ESPECIFICADA",,,,1
M350,SÍNDROME SECO [SJÖGREN],,,,1
M351,OTROS SÍNDROMES SUPERPUESTOS,,,,1
M352,ENFERMEDAD DE BEHCET,,,,1
M353,POLIMIALGIA REUMÁTICA,,,,1
M354,FASCITIS DIFUSA (EOSINOFÍLICA),,,,1
M355,FIBROSCLEROSIS MULTIFOCAL,,,,1
M356,PANICULITIS RECIDIVANTE [WEBER-CHRISTIAN],,,,1
M357,SÍNDROME DE HIPERMOVILIDAD,,,,1
M358,OTRAS ENFERMEDADES ESPECIFICADAS CON COMPROMISO SISTÉMICO DEL TEJIDO CONJUNTIVO,,,,1
M359,"COMPROMISO SISTÉMICO DEL TEJIDO CONJUNTIVO, NO ESPECIFICADO",,,,1
M360,DERMATO(POLI)MIOSITIS EN ENFERMEDAD NEOPLÁSICA,,,,1
M361,ARTROPATÍA EN ENFERMEDAD NEOPLÁSICA,,,,1
M362,ARTROPATÍA HEMOFÍLICA,,,,1
M363,ARTROPATÍA EN OTROS TRASTORNOS DE LA SANGRE,,,,1
M364,ARTROPATÍA EN REACCIONES DE HIPERSENSIBILIDAD CLASIFICADAS EN OTRA PARTE,,,,1
M368,TRASTORNOS SISTÉMICOS DEL TEJIDO CONJUNTIVO EN OTRAS ENFERMEDADES CLASIFICADAS EN OTRA PARTE,,,,1
M400,CIFOSIS POSTURAL,,,,1
M401,OTRAS CIFOSIS SECUNDARIAS,,,,1
M402,OTRAS CIFOSIS Y LAS NO ESPECIFICADAS,,,,1
M403,SÍNDROME DE ESPALDA PLANA,,,,1
M404,OTRAS LORDOSIS,,,,1
M405,"LORDOSIS, NO ESPECIFICADA",,,,1
M410,ESCOLIOSIS IDIOPÁTICA INFANTIL,,,,1
M411,ESCOLIOSIS IDIOPÁTICA JUVENIL,,,,1
M412,OTRAS ESCOLIOSIS IDIOPÁTICAS,,,,1
M413,ESCOLIOSIS TORACOGÉNICA,,,,1
M414,ESCOLIOSIS NEUROMUSCULAR,,,,1
M415,OTRAS ESCOLIOSIS SECUNDARIAS,,,,1
M418,OTRAS FORMAS DE ESCOLIOSIS,,,,1
M419,"ESCOLIOSIS, NO ESPECIFICADA",,,,1
M420,OSTEOCONDROSIS JUVENIL DE LA COLUMNA VERTEBRAL,,3650,6205,1
M421,OSTEOCONDROSIS DE LA COLUMNA VERTEBRAL DEL ADULTO,,5475,43800,1
M429,"OSTEOCONDROSIS VERTEBRAL, NO ESPECIFICADA",,,,1
M430,ESPONDILÓLISIS,,,,1
M431,ESPONDILOLISTESIS,,,,1
M432,OTRAS FUSIONES DE LA COLUMNA VERTEBRAL,,,,1
M433,"SUBLUXACIÓN ATLANTO-AXOIDEA RECURRENTE, CON MIELOPATÍA",,,,1
M434,OTRAS SUBLUXACIONES ATLANTO-AXOIDEAS RECURRENTES,,,,1
M435,OTRAS SUBLUXACIONES VERTEBRALES RECURRENTES,,,,1
M436,TORTÍCOLIS,,28,43800,1
M438,OTRAS DORSOPATÍAS DEFORMANTES DE LA COLUMNA VERTEBRAL ESPECIFICADAS,,,,1
M439,"DORSOPATÍA DEFORMANTE, NO ESPECIFICADA",,,,1
M450,"ESPONDILITIS ANQUILOSANTE, SITIOS MÚLTIPLES DE LA COLUMNA VERTEBRAL",,5475,43800,1
M451,"ESPONDILITIS ANQUILOSANTE, REGIÓN OCCIPITOCERVICAL",,5475,43800,1
M452,"ESPONDILITIS ANQUILOSANTE, REGIÓN CERVICAL",,5475,43800,1
M453,"ESPONDILITIS ANQUILOSANTE, REGIÓN CERVICOTORÁCICA",,5475,43800,1
M454,"ESPONDILITIS ANQUILOSANTE, REGIÓN TORÁCICA",,5475,43800,1
M455,"ESPONDILITIS ANQUILOSANTE, REGIÓN TORACOLUMBAR",,5475,43800,1
M456,"ESPONDILITIS ANQUILOSANTE, REGIÓN LUMBAR",,5475,43800,1
M457,"ESPONDILITIS ANQUILOSANTE, REGIÓN LUMBOSACRA",,5475,43800,1
M458,"ESPONDILITIS ANQUILOSANTE, REGIÓN SACRA Y SACROCOCCÍGEA",,5475,43800,1
M459,"ESPONDILITIS ANQUILOSANTE, SITIO NO ESPECIFICADO",,5475,43800,1
M460,ENTESOPATÍA VERTEBRAL,,,,1
M461,"SACROILIÍTIS, NO CLASIFICADA EN OTRA PARTE",,,,1
M462,OSTEOMIELITIS DE VÉRTEBRA,,,,1
M463,INFECCIÓN DE DISCO INTERVERTEBRAL (PIÓGENA),,,,1
M464,"DISCITIS, NO ESPECIFICADA",,,,1
M465,OTRAS ESPONDILOPATÍAS INFECCIOSAS,,,,1
M468,OTRAS ESPONDILOPATÍAS INFLAMATORIAS ESPECIFICADAS,,,,1
M469,"ESPONDILOPATÍA INFLAMATORIA, NO ESPECIFICADA",,,,1
M470,SÍNDROMES DE COMPRESIÓN DE LA ARTERIA ESPINAL O VERTEBRAL ANTERIOR,,,,1
M471,OTRAS ESPONDILOSIS CON MIELOPATÍA,,,,1
M472,OTRAS ESPONDILOSIS CON RADICULOPATÍA,,,,1
M478,OTRAS ESPONDILOSIS,,,,1
M479,"ESPONDILOSIS, NO ESPECIFICADA",,,,1
M480,ESTENOSIS ESPINAL,,,,1
M481,HIPEROSTOSIS ANQUILOSANTE [FORESTIER],,,,1
M482,"ESPONDILOPATÍA INTERESPINOSA (VÉRTEBRAS ""EN BESO"")",,,,1
M483,ESPONDILOPATÍA TRAUMÁTICA,,,,1
M484,FRACTURA DE VÉRTEBRA POR FATIGA,,,,1
M485,"VÉRTEBRA COLAPSADA, NO CLASIFICADA EN OTRA PARTE",,,,1
M488,OTRAS ESPONDILOPATÍAS ESPECIFICADAS,,,,1
M489,"ESPONDILOPATÍA, NO ESPECIFICADA",,,,1
M490,TUBERCULOSIS DE LA COLUMNA VERTEBRAL,,,,1
M491,ESPONDILITIS POR BRUCELOSIS,,,,1
M492,ESPONDILITIS POR ENTEROBACTERIAS,,,,1
M493,ESPONDILOPATÍA EN OTRAS ENFERMEDADES INFECCIOSAS Y PARASITARIAS CLASIFICADAS EN OTRA PARTE,,,,1
M494,ESPONDILOPATÍA NEUROPÁTICA,,,,1
M495,VÉRTEBRA COLAPSADA EN ENFERMEDADES CLASIFICADAS EN OTRA PARTE,,,,1
M498,ESPONDILOPATÍA EN OTRAS ENFERMEDADES CLASIFICADAS EN OTRA PARTE,,,,1
M500,TRASTORNO DE DISCO CERVICAL CON MIELOPATÍA,,,,1
M501,TRASTORNO DE DISCO CERVICAL CON RADICULOPATÍA,,,,1
M502,OTROS DESPLAZAMIENTOS DE DISCO CERVICAL,,,,1
M503,OTRAS DEGENERACIONES DE DISCO CERVICAL,,,,1
M508,OTROS TRASTORNOS DE DISCO CERVICAL,,,,1
M509,"TRASTORNO DE DISCO CERVICAL, NO ESPECIFICADO",,,,1
M510,"TRASTORNOS DE DISCOS INTERVERTEBRALES LUMBARES Y OTROS, CON MIELOPATÍA",,,,1
M511,"TRASTORNOS DE DISCO LUMBAR Y OTROS, CON RADICULOPATÍA",,,,1
M512,OTROS DESPLAZAMIENTOS ESPECIFICADOS DE DISCO INTERVERTEBRAL,,,,1
M513,OTRAS DEGENERACIONES ESPECIFICADAS DE DISCO INTERVERTEBRAL,,,,1
M514,NÓDULOS DE SCHMORL,,,,1
M518,OTROS TRASTORNOS ESPECIFICADOS DE LOS DISCOS INTERVERTEBRALES,,,,1
M519,"TRASTORNO DE LOS DISCOS INTERVERTEBRALES, NO ESPECIFICADO",,,,1
M530,SÍNDROME CERVICOCRANEAL,,,,1
M531,SÍNDROME CERVICOBRAQUIAL,,,,1
M532,INESTABILIDAD DE LA COLUMNA VERTEBRAL,,,,1
M533,"TRASTORNOS SACROCOCCÍGEOS, NO CLASIFICADOS EN OTRA PARTE",,,,1
M538,OTRAS DORSOPATÍAS ESPECIFICADAS,,,,1
M539,"DORSOPATÍA, NO ESPECIFICADA",,,,1
M540,PANICULITIS QUE AFECTA REGIONES DEL CUELLO Y DE LA ESPALDA,,,,1
M541,RADICULOPATÍA,,,,1
M542,CERVICALGIA,,,,1
M543,CIÁTICA,,,,1
M544,LUMBAGO CON CIÁTICA,,,,1
M545,LUMBAGO NO ESPECIFICADO,,,,1
M546,DOLOR EN LA COLUMNA DORSAL,,,,1
M548,OTRAS DORSALGIAS,,,,1
M549,"DORSALGIA, NO ESPECIFICADA",,,,1
M600,MIOSITIS INFECCIOSA,,,,1
M601,MIOSITIS INTERSTICIAL,,,,1
M602,"GRANULOMA POR CUERPO EXTRAÑO EN TEJIDO BLANDO, NO CLASIFICADO EN OTRA PARTE",,,,1
M608,OTRAS MIOSITIS,,,,1
M609,"MIOSITIS, NO ESPECIFICADA",,,,1
M610,MIOSITIS OSIFICANTE TRAUMÁTICA,,,,1
M611,MIOSITIS OSIFICANTE PROGRESIVA,,,,1
M612,CALCIFICACIÓN Y OSIFICACIÓN PARALÍTICA DEL MÚSCULO,,,,1
M613,CALCIFICACIÓN Y OSIFICACIÓN DE LOS MÚSCULOS ASOCIADAS CON QUEMADURAS,,,,1
M614,OTRAS CALCIFICACIONES DEL MÚSCULO,,,,1
M615,OTRAS OSIFICACIONES DEL MÚSCULO,,,,1
M619,"CALCIFICACIÓN Y OSIFICACIÓN DEL MÚSCULO, NO ESPECIFICADA",,,,1
M620,DIÁSTASIS DEL MÚSCULO,,,,1
M621,OTROS DESGARROS (NO TRAUMÁTICOS) DEL MÚSCULO,,,,1
M622,INFARTO ISQUÉMICO DEL MÚSCULO,,,,1
M623,SÍNDROME DE INMOVILIDAD (PARAPLÉJICO),,,,1
M624,CONTRACTURA MUSCULAR,,,,1
M625,"ATROFIA Y DESGASTE MUSCULARES, NO CLASIFICADOS EN OTRA PARTE",,,,1
M626,DISTENSIÓN MUSCULAR,,,,1
M628,OTROS TRASTORNOS ESPECIFICADOS DE LOS MÚSCULOS,,,,1
M629,"TRASTORNO MUSCULAR, NO ESPECIFICADO",,,,1
M630,MIOSITIS EN ENFERMEDADES BACTERIANAS CLASIFICADAS EN OTRA PARTE,,,,1
M631,MIOSITIS EN INFECCIONES POR PROTOZOARIOS Y PARÁSITOS CLASIFICADOS EN OTRA PARTE,,,,1
M632,MIOSITIS EN OTRAS ENFERMEDADES INFECCIOSAS CLASIFICADAS EN OTRA PARTE,,,,1
M633,MIOSITIS EN SARCOIDOSIS,,,,1
M638,OTROS TRASTORNOS DE LOS MÚSCULOS EN ENFERMEDADES CLASIFICADAS EN OTRA PARTE,,,,1
M650,ABSCESO DE VAINA TENDINOSA,,,,1
M651,OTRAS (TENO)SINOVITIS INFECCIOSAS,,,,1
M652,TENDINITIS CALCIFICADA,,,,1
M653,DEDO EN GATILLO,,,,1
M654,TENOSINOVITIS DE ESTILOIDES RADIAL [DE QUERVAIN],,,,1
M658,OTRAS SINOVITIS Y TENOSINOVITIS,,,,1
M659,"SINOVITIS Y TENOSINOVITIS, NO ESPECIFICADA",,,,1
M660,RUPTURA DE QUISTE SINOVIAL POPLÍTEO,,,,1
M661,RUPTURA DE LA SINOVIA,,,,1
M662,RUPTURA ESPONTÁNEA DE TENDONES EXTENSORES,,,,1
M663,RUPTURA ESPONTÁNEA DE TENDONES FLEXORES,,,,1
M664,RUPTURA ESPONTÁNEA DE OTROS TENDONES,,,,1
M665,RUPTURA ESPONTÁNEA DE TENDÓN NO ESPECIFICADO,,,,1
M670,ACORTAMIENTO DEL TENDÓN DE AQUILES (ADQUIRIDO),,,,1
M671,OTRAS CONTRACTURAS DE TENDÓN (VAINA),,,,1
M672,"HIPERTROFIA SINOVIAL, NO CLASIFICADA EN OTRA PARTE",,,,1
M673,SINOVITIS TRANSITORIA,,,,1
M674,GANGLIÓN,,,,1
M678,OTROS TRASTORNOS ESPECIFICADOS DE LA SINOVIA Y DEL TENDÓN,,,,1
M679,"TRASTORNO SINOVIAL Y TENDINOSO, NO ESPECIFICADO",,,,1
M680,SINOVITIS Y TENOSINOVITIS EN ENFERMEDADES BACTERIANAS CLASIFICADAS EN OTRA PARTE,,,,1
M688,OTROS TRASTORNOS SINOVIALES Y TENDINOSOS EN ENFERMEDADES CLASIFICADAS EN OTRA PARTE,,,,1
M700,SINOVITIS CREPITANTE CRÓNICA DE LA MANO Y DE LA MUÑECA,,,,1
M701,BURSITIS DE LA MANO,,,,1
M702,BURSITIS DEL OLÉCRANON,,,,1
M703,OTRAS BURSITIS DEL CODO,,,,1
M704,OTRAS BURSITIS PRERROTULIANAS,,,,1
M705,OTRAS BURSITIS DE LA RODILLA,,,,1
M706,BURSITIS DEL TROCÁNTER,,,,1
M707,OTRAS BURSITIS DE LA CADERA,,,,1
M708,"OTROS TRASTORNOS DE LOS TEJIDOS BLANDOS RELACIONADOS CON EL USO, EL USO EXCESIVO Y LA PRESIÓN",,,,1
M709,"TRASTORNO NO ESPECIFICADO DE LOS TEJIDOS BLANDOS RELACIONADO CON EL USO, EL USO EXCESIVO Y LA PRESIÓN",,,,1
M710,ABSCESO DE LA BOLSA SINOVIAL,,,,1
M711,OTRAS BURSITIS INFECCIOSAS,,,,1
M712,QUISTE SINOVIAL DEL HUECO POPLÍTEO [DE BAKER],,,,1
M713,OTROS QUISTES DE LA BOLSA SEROSA,,,,1
M714,DEPÓSITO DE CALCIO EN LA BOLSA SEROSA,,,,1
M715,"OTRAS BURSITIS, NO CLASIFICADAS EN OTRA PARTE",,,,1
M718,OTROS TRASTORNOS ESPECIFICADOS DE LA BOLSA SEROSA,,,,1
M719,"BURSOPATÍA, NO ESPECIFICADA",,,,1
M720,FIBROMATOSIS DE LA APONEUROSIS PALMAR [DUPUYTREN],,,,1
M721,NÓDULOS INTERFALÁNGICOS,,,,1
M722,FIBROMATOSIS DE LA APONEUROSIS PLANTAR,,,,1
M724,FIBROMATOSIS SEUDOSARCOMATOSA,,,,1
M726,FASCITIS NECROTIZANTE,,,,1
M728,OTROS TRASTORNOS FIBROBLÁSTICOS,,,,1
M729,"TRASTORNO FIBROBLÁSTICO, NO ESPECIFICADO",,,,1
M730,BURSITIS GONOCÓCICA,,,,1
M731,BURSITIS SIFILÍTICA,,,,1
M738,OTROS TRASTORNOS DE LOS TEJIDOS BLANDOS EN ENFERMEDADES CLASIFICADAS EN OTRA PARTE,,,,1
M750,CAPSULITIS ADHESIVA DEL HOMBRO,,,,1
M751,SÍNDROME DEL MANGUITO ROTATORIO,,,,1
M752,TENDINITIS DEL BÍCEPS,,,,1
M753,TENDINITIS CALCIFICANTE DEL HOMBRO,,,,1
M754,SÍNDROME DE ABDUCCIÓN DOLOROSA DEL HOMBRO,,,,1
M755,BURSITIS DEL HOMBRO,,,,1
M756,DESGARRO DEL LABRUM DE LA ARTICULACIÓN DEGENERATIVA DEL HOMBRO,,,,1
M758,OTRAS LESIONES DEL HOMBRO,,,,1
M759,"LESIÓN DEL HOMBRO, NO ESPECIFICADA",,,,1
M760,TENDINITIS DEL GLÚTEO,,,,1
M761,TENDINITIS DEL PSOAS,,,,1
M762,ESPOLÓN DE LA CRESTA ILIACA,,,,1
M763,SÍNDROME DEL TENDÓN DEL TENSOR DE LA FASCIA LATA,,,,1
M764,BURSITIS TIBIAL COLATERAL [PELLEGRINI-STIEDA],,,,1
M765,TENDINITIS ROTULIANA,,,,1
M766,TENDINITIS AQUILIANA,,,,1
M767,TENDINITIS PERONEAL,,,,1
M768,"OTRAS ENTESOPATÍAS DEL MIEMBRO INFERIOR, EXCLUIDO EL PIE",,,,1
M769,"ENTESOPATÍA DEL MIEMBRO INFERIOR, NO ESPECIFICADA",,,,1
M770,EPICONDILITIS MEDIA,,,,1
M771,EPICONDILITIS LATERAL,,,,1
M772,PERIARTRITIS DE LA MUÑECA,,,,1
M773,ESPOLÓN CALCÁNEO,,,,1
M774,METATARSALGIA,,,,1
M775,OTRAS ENTESOPATÍAS DEL PIE,,,,1
M778,"OTRAS ENTESOPATÍAS, NO CLASIFICADAS EN OTRA PARTE",,,,1
M779,"ENTESOPATÍA, NO ESPECIFICADA",,,,1
M790,"REUMATISMO, NO ESPECIFICADO",,,,1
M791,MIALGIA,,,,1
M792,"NEURALGIA Y NEURITIS, NO ESPECIFICADAS",,,,1
M793,"PANICULITIS, NO ESPECIFICADA",,,,1
M794,HIPERTROFIA DE PAQUETE ADIPOSO (INFRARROTULIANO),,,,1
M795,CUERPO EXTRAÑO RESIDUAL EN TEJIDO BLANDO,,,,1
M796,DOLOR EN MIEMBRO,,,,1
M797,FIBROMIALGIA,,,,1
M798,OTROS TRASTORNOS ESPECIFICADOS DE LOS TEJIDOS BLANDOS,,,,1
M799,"TRASTORNO DE LOS TEJIDOS BLANDOS, NO ESPECIFICADO",,,,1
M800,"OSTEOPOROSIS POSTMENOPÁUSICA, CON FRACTURA PATOLÓGICA",F,10950,43800,1
M801,"OSTEOPOROSIS POSTOOFORECTOMÍA, CON FRACTURA PATOLÓGICA",F,3650,43800,1
M802,"OSTEOPOROSIS POR DESUSO, CON FRACTURA PATOLÓGICA",,,,1
M803,"OSTEOPOROSIS POR MALABSORCIÓN POSTQUIRÚRGICA, CON FRACTURA PATOLÓGICA",,,,1
M804,"OSTEOPOROSIS INDUCIDA POR DROGAS, CON FRACTURA PATOLÓGICA",,,,1
M805,"OSTEOPOROSIS IDIOPÁTICA, CON FRACTURA PATOLÓGICA",,,,1
M808,"OTRAS OSTEOPOROSIS, CON FRACTURA PATOLÓGICA",,,,1
M809,"OSTEOPOROSIS NO ESPECIFICADA, CON FRACTURA PATOLÓGICA",,,,1
M810,"OSTEOPOROSIS POSTMENOPÁUSICA, SIN FRACTURA PATOLÓGICA",F,20075,43800,1
M811,"OSTEOPOROSIS POSTOOFORECTOMÍA, SIN FRACTURA PATOLÓGICA",F,3650,19710,1
M812,"OSTEOPOROSIS POR DESUSO, SIN FRACTURA PATOLÓGICA",,,,1
M813,"OSTEOPOROSIS POR MALABSORCIÓN POSTQUIRÚRGICA, SIN FRACTURA PATOLÓGICA",,,,1
M814,"OSTEOPOROSIS INDUCIDA POR DROGAS, SIN FRACTURA PATOLÓGICA",,,,1
M815,"OSTEOPOROSIS IDIOPÁTICA, SIN FRACTURA PATOLÓGICA",,,,1
M816,"OSTEOPOROSIS LOCALIZADA [LEQUESNE], SIN FRACTURA PATOLÓGICA",,,,1
M818,"OTRAS OSTEOPOROSIS, SIN FRACTURA PATOLÓGICA",,,,1
M819,"OSTEOPOROSIS NO ESPECIFICADA, SIN FRACTURA PATOLÓGICA",,,,1
M820,OSTEOPOROSIS EN MIELOMATOSIS MÚLTIPLE,,,,1
M821,OSTEOPOROSIS EN TRASTORNOS ENDOCRINOS,,,,1
M828,OSTEOPOROSIS EN OTRAS ENFERMEDADES CLASIFICADAS EN OTRA PARTE,,,,1
M830,OSTEOMALACIA PUERPERAL,F,3650,19710,1
M831,OSTEOMALACIA SENIL,,23725,43800,1
M832,OSTEOMALACIA DEL ADULTO DEBIDA A MALABSORCIÓN,,6570,43800,1
M833,OSTEOMALACIA DEL ADULTO DEBIDA A DESNUTRICIÓN,,6570,43800,1
M834,ENFERMEDAD DE LOS HUESOS POR ALUMINIO,,6570,43800,1
M835,OTRAS OSTEOMALACIAS DEL ADULTO INDUCIDAS POR DROGAS,,6570,43800,1
M838,OTRAS OSTEOMALACIAS DEL ADULTO,,6570,43800,1
M839,"OSTEOMALACIA DEL ADULTO, NO ESPECIFICADA",,6570,43800,1
M840,CONSOLIDACIÓN DEFECTUOSA DE FRACTURA,,,,1
M841,FALTA DE CONSOLIDACIÓN DE FRACTURA [SEUDOARTROSIS],,,,1
M842,CONSOLIDACIÓN RETARDADA DE FRACTURA,,,,1
M843,"FRACTURA POR TENSIÓN, NO CLASIFICADA EN OTRA PARTE",,,,1
M844,"FRACTURA PATOLÓGICA, NO CLASIFICADA EN OTRA PARTE",,,,1
M848,OTROS TRASTORNOS DE LA CONTINUIDAD DEL HUESO,,,,1
M849,"TRASTORNO DE LA CONTINUIDAD DEL HUESO, NO ESPECIFICADO",,,,1
M850,DISPLASIA FIBROSA (MONOSTÓTICA),,,,1
M851,FLUOROSIS DEL ESQUELETO,,,,1
M852,HIPEROSTOSIS DEL CRÁNEO,,,,1
M853,OSTEÍTIS CONDENSANTE,,,,1
M854,QUISTE ÓSEO SOLITARIO,,,,1
M855,QUISTE ÓSEO ANEURISMÁTICO,,,,1
M856,OTROS QUISTES ÓSEOS,,,,1
M858,OTROS TRASTORNOS ESPECIFICADOS DE LA DENSIDAD Y DE LA ESTRUCTURA ÓSEAS,,,,1
M859,"TRASTORNO DE LA DENSIDAD Y DE LA ESTRUCTURA ÓSEAS, NO ESPECIFICADO",,,,1
M860,OSTEOMIELITIS HEMATÓGENA AGUDA,,,,1
M861,OTRAS OSTEOMIELITIS AGUDAS,,,,1
M862,OSTEOMIELITIS SUBAGUDA,,,,1
M863,OSTEOMIELITIS MULTIFOCAL CRÓNICA,,28,43800,1
M864,OSTEOMIELITIS CRÓNICA CON DRENAJE DEL SENO,,28,43800,1
M865,OTRAS OSTEOMIELITIS HEMATÓGENAS CRÓNICAS,,28,43800,1
M866,OTRAS OSTEOMIELITIS CRÓNICAS,,28,43800,1
M868,OTRAS OSTEOMIELITIS,,,,1
M869,"OSTEOMIELITIS, NO ESPECIFICADA",,,,1
M870,NECROSIS ASÉPTICA IDIOPÁTICA ÓSEA,,,,1
M871,OSTEONECROSIS DEBIDA A DROGAS,,,,1
M872,OSTEONECROSIS DEBIDA A TRAUMATISMO PREVIO,,,,1
M873,OTRAS OSTEONECROSIS SECUNDARIAS,,,,1
M878,OTRAS OSTEONECROSIS,,,,1
M879,"OSTEONECROSIS, NO ESPECIFICADA",,,,1
M880,ENFERMEDAD DE PAGET DEL CRÁNEO,,,,1
M888,ENFERMEDAD DE PAGET DE OTROS HUESOS,,,,1
M889,"ENFERMEDAD ÓSEA DE PAGET, HUESOS NO ESPECIFICADOS",,,,1
M890,ALGONEURODISTROFIA,,,,1
M891,DETENCIÓN DEL CRECIMIENTO EPIFISARIO,,,,1
M892,OTROS TRASTORNOS DEL DESARROLLO Y CRECIMIENTO ÓSEO,,,,1
M893,HIPERTROFIA DEL HUESO,,,,1
M894,OTRAS OSTEOARTROPATIAS HIPERTRÓFICAS,,,,1
M895,OSTEÓLISIS,,,,1
M896,OSTEOPATÍA A CONSECUENCIA DE POLIOMIELITIS,,,,1
M898,OTROS TRASTORNOS ESPECIFICADOS DEL HUESO,,,,1
M899,"TRASTORNO DEL HUESO, NO ESPECIFICADO",,,,1
M900,TUBERCULOSIS ÓSEA,,,,1
M901,PERIOSTITIS EN OTRAS ENFERMEDADES INFECCIOSAS CLASIFICADAS EN OTRA PARTE,,,,1
M902,OSTEOPATÍA EN OTRAS ENFERMEDADES INFECCIOSAS CLASIFICADAS EN OTRA PARTE,,,,1
M903,OSTEONECROSIS EN LA ENFERMEDAD CAUSADA POR DESCOMPRESIÓN,,,,1
M904,OSTEONECROSIS DEBIDA A HEMOGLOBINOPATÍA,,,,1
M905,OSTEONECROSIS EN OTRAS ENFERMEDADES CLASIFICADAS EN OTRA PARTE,,,,1
M906,OSTEÍTIS DEFORMANTE EN ENFERMEDAD NEOPLÁSICA,,,,1
M907,FRACTURA ÓSEA EN ENFERMEDAD NEOPLÁSICA,,,,1
M908,OSTEOPATÍA EN OTRAS ENFERMEDADES CLASIFICADAS EN OTRA PARTE,,,,1
M910,OSTEOCONDROSIS JUVENIL DE LA PELVIS,,,,1
M911,OSTEOCONDROSIS JUVENIL DE LA CABEZA DEL FÉMUR [LEGG-CALVÉ-PERTHES],,,,1
M912,COXA PLANA,,,,1
M913,PSEUDOCOXALGIA,,,,1
M918,OTRAS OSTEOCONDROSIS JUVENILES DE LA CADERA Y DE LA PELVIS,,,,1
M919,"OSTEOCONDROSIS JUVENIL DE LA CADERA Y DE LA PELVIS, SIN OTRA ESPECIFICACIÓN",,,,1
M920,OSTEOCONDROSIS JUVENIL DEL HUMERO,,,,1
M921,OSTEOCONDROSIS JUVENIL DEL CÚBITO Y DEL RADIO,,,,1
M922,OSTEOCONDROSIS JUVENIL DE LA MANO,,,,1
M923,OTRAS OSTEOCONDROSIS JUVENILES DEL MIEMBRO SUPERIOR,,,,1
M924,OSTEOCONDROSIS JUVENIL DE LA RÓTULA,,,,1
M925,OSTEOCONDROSIS JUVENIL DE LA TIBIA Y DEL PERONÉ,,,,1
M926,OSTEOCONDROSIS JUVENIL DEL TARSO,,,,1
M927,OSTEOCONDROSIS JUVENIL DEL METATARSO,,,,1
M928,OTRAS OSTEOCONDROSIS JUVENILES ESPECIFICADAS,,,,1
M929,"OSTEOCONDROSIS JUVENIL, NO ESPECIFICADA",,,,1
M930,DESLIZAMIENTO DE LA EPÍFISIS FEMORAL SUPERIOR (NO TRAUMÁTICO),,,,1
M931,ENFERMEDAD DE KIENBÖCK DEL ADULTO,,6570,43800,1
M932,OSTEOCONDRITIS DISECANTE,,,,1
M938,OTRAS OSTEOCONDROPATÍAS ESPECIFICADAS,,,,1
M939,"OSTEOCONDROPATÍA, NO ESPECIFICADA",,,,1
M940,SÍNDROME DE LA ARTICULACIÓN CONDROCOSTAL [TIETZE],,,,1
M941,POLICONDRITIS RECIDIVANTE,,,,1
M942,CONDROMALACIA,,,,1
M943,CONDRÓLISIS,,,,1
M948,OTROS TRASTORNOS ESPECIFICADOS DEL CARTÍLAGO,,,,1
M949,"TRASTORNO DEL CARTÍLAGO, NO ESPECIFICADO",,,,1
M950,DEFORMIDAD ADQUIRIDA DE LA NARIZ,,,,1
M951,OREJA EN COLIFLOR,,,,1
M952,OTRAS DEFORMIDADES ADQUIRIDAS DE LA CABEZA,,,,1
M953,DEFORMIDAD ADQUIRIDA DEL CUELLO,,,,1
M954,DEFORMIDAD ADQUIRIDA DE COSTILLAS Y TÓRAX,,,,1
M955,DEFORMIDAD ADQUIRIDA DE LA PELVIS,,,,1
M958,OTRAS DEFORMIDADES ADQUIRIDAS ESPECIFICADAS DEL SISTEMA OSTEOMUSCULAR,,,,1
M959,"DEFORMIDAD ADQUIRIDA DEL SISTEMA OSTEOMUSCULAR, NO ESPECIFICADA",,,,1
M960,SEUDOARTROSIS CONSECUTIVA A FUSIÓN O ARTRODESIS,,,,1
M961,"SÍNDROME POSTLAMINECTOMÍA, NO CLASIFICADO EN OTRA PARTE",,,,1
M962,CIFOSIS POSTRADIACIÓN,,,,1
M963,CIFOSIS POSTLAMINECTOMÍA,,,,1
M964,LORDOSIS POSTQUIRÚRGICA,,,,1
M965,ESCOLIOSIS POSTRRADIACIÓN,,,,1
M966,"FRACTURA DE HUESO POSTERIOR A INSERCIÓN O IMPLANTE ORTOPÉDICO, PRÓTESIS ARTICULAR O PLACA ÓSEA",,,,1
M968,OTROS TRASTORNOS OSTEOMUSCULARES CONSECUTIVOS A PROCEDIMIENTOS,,,,1
M969,TRASTORNOS OSTEOMUSCULARES NO ESPECIFICADOS CONSECUTIVOS A PROCEDIMIENTOS,,,,1
M990,DISFUNCIÓN SEGMENTAL O SOMÁTICA,,,,1
M991,COMPLEJO DE SUBLUXACIÓN (VERTEBRAL),,,,1
M992,SUBLUXACIÓN CON ESTENOSIS DEL CANAL NEURAL,,,,1
M993,ESTENOSIS ÓSEA DEL CANAL NEURAL,,,,1
M994,ESTENOSIS DEL CANAL NEURAL POR TEJIDO CONJUNTIVO,,,,1
M995,ESTENOSIS DEL CANAL NEURAL POR DISCO INTERVERTEBRAL,,,,1
M996,ESTENOSIS ÓSEA Y SUBLUXACIÓN DE LOS AGUJEROS INTERVERTEBRALES,,,,1
M997,ESTENOSIS DE LOS AGUJEROS INTERVERTEBRALES POR TEJIDO CONJUNTIVO O POR DISCO INTERVERTEBRAL,,,,1
M998,OTRAS LESIONES BIOMECÁNICAS,,,,1
M999,"LESIÓN BIOMECÁNICA, NO ESPECIFICADA",,,,1
N000,"SÍNDROME NEFRÍTICO AGUDO, ANOMALÍA GLOMERULAR MÍNIMA",,,,1
N001,"SÍNDROME NEFRÍTICO AGUDO, LESIONES GLOMERULARES FOCALES Y SEGMENTARIAS",,,,1
N002,"SÍNDROME NEFRÍTICO AGUDO, GLOMERULONEFRITIS MEMBRANOSA DIFUSA",,,,1
N003,"SÍNDROME NEFRÍTICO AGUDO, GLOMERULONEFRITIS PROLIFERATIVA MESANGIAL DIFUSA",,,,1
N004,"SÍNDROME NEFRÍTICO AGUDO, GLOMERULONEFRITIS PROLIFERATIVA ENDOCAPILAR DIFUSA",,,,1
N005,"SÍNDROME NEFRÍTICO AGUDO, GLOMERULONEFRITIS MESANGIOCAPILAR DIFUSA",,,,1
N006,"SÍNDROME NEFRÍTICO AGUDO, ENFERMEDAD POR DEPÓSITOS DENSOS",,,,1
N007,"SÍNDROME NEFRÍTICO AGUDO, GLOMERULONEFRITIS DIFUSA EN MEDIA LUNA",,,,1
N008,"SÍNDROME NEFRÍTICO AGUDO, OTRAS",,,,1
N009,"SÍNDROME NEFRÍTICO AGUDO, NO ESPECIFICADA",,,,1
N010,"SÍNDROME NEFRÍTICO RÁPIDAMENTE PROGRESIVO, ANOMALÍA GLOMERULAR MÍNIMA",,,,1
N011,"SÍNDROME NEFRÍTICO RÁPIDAMENTE PROGRESIVO, LESIONES GLOMERULARES FOCALES Y SEGMENTARIAS",,,,1
N012,"SÍNDROME NEFRÍTICO RÁPIDAMENTE PROGRESIVO, GLOMERULONEFRITIS MEMBRANOSA DIFUSA",,,,1
N013,"SÍNDROME NEFRITICO RÁPIDAMENTE PROGRESIVO, GLOMERULONEFRITIS PROLIFERATIVA MESANGIAL DIFUSA",,,,1
N014,"SÍNDROME NEFRÍTICO RÁPIDAMENTE PROGRESIVO, GLOMERULONEFRITIS PROLIFERATIVA ENDOCAPILAR DIFUSA",,,,1
N015,"SÍNDROME NEFRÍTICO RÁPIDAMENTE PROGRESIVO, GLOMERULONEFRITIS MESANGIOCAPILAR DIFUSA",,,,1
N016,"SÍNDROME NEFRÍTICO RÁPIDAMENTE PROGRESIVO, ENFERMEDAD POR DEPÓSITOS DENSOS",,,,1
N017,"SÍNDROME NEFRÍTICO RÁPIDAMENTE PROGRESIVO, GLOMERULONEFRITIS DIFUSA EN MEDIA LUNA",,,,1
N018,"SÍNDROME NEFRÍTICO RÁPIDAMENTE PROGRESIVO, OTRAS",,,,1
N019,"SÍNDROME NEFRÍTICO RÁPIDAMENTE PROGRESIVO, NO ESPECIFICADA",,,,1
N020,"HEMATURIA RECURRENTE Y PERSISTENTE, ANOMALÍA GLOMERULAR MÍNIMA",,,,1
N021,"HEMATURIA RECURRENTE Y PERSISTENTE, LESIONES GLOMERULARES FOCALES Y SEGMENTARIAS",,,,1
N022,"HEMATURIA RECURRENTE Y PERSISTENTE, GLOMERULONEFRITIS MEMBRANOSA DIFUSA",,,,1
N023,"HEMATURIA RECURRENTE Y PERSISTENTE, GLOMERULONEFRITIS PROLIFERATIVA MESANGIAL DIFUSA",,,,1
N024,"HEMATURIA RECURRENTE Y PERSISTENTE, GLOMERULONEFRITIS PROLIFERATIVA ENDOCAPILAR DIFUSA",,,,1
N025,"HEMATURIA RECURRENTE Y PERSISTENTE, GLOMERULONEFRITIS MESANGIOCAPILAR DIFUSA",,,,1
N026,"HEMATURIA RECURRENTE Y PERSISTENTE, ENFERMEDAD POR DEPÓSITOS DENSOS",,,,1
N027,"HEMATURIA RECURRENTE Y PERSISTENTE, GLOMERULONEFRITIS DIFUSA EN MEDIA LUNA",,,,1
N028,"HEMATURIA RECURRENTE Y PERSISTENTE, OTRAS",,,,1
N029,"HEMATURIA RECURRENTE Y PERSISTENTE, NO ESPECIFICADA",,,,1
N030,"SÍNDROME NEFRÍTICO CRÓNICO, ANOMALÍA GLOMERULAR MÍNIMA",,28,43800,1
N031,"SÍNDROME NEFRÍTICO CRÓNICO, LESIONES GLOMERULARES FOCALES Y SEGMENTARIAS",,28,43800,1
N032,"SÍNDROME NEFRÍTICO CRÓNICO, GLOMERULONEFRITIS MEMBRANOSA DIFUSA",,28,43800,1
N033,"SÍNDROME NEFRÍTICO CRÓNICO, GLOMERULONEFRITIS PROLIFERATIVA MESANGIAL DIFUSA",,28,43800,1
N034,"SÍNDROME NEFRÍTICO CRÓNICO, GLOMERULONEFRITIS PROLIFERATIVA ENDOCAPILAR DIFUSA",,28,43800,1
N035,"SÍNDROME NEFRÍTICO CRÓNICO, GLOMERULONEFRITIS MESANGIOCAPILAR DIFUSA",,28,43800,1
N036,"SÍNDROME NEFRÍTICO CRÓNICO, ENFERMEDAD POR DEPÓSITOS DENSOS",,28,43800,1
N037,"SÍNDROME NEFRÍTICO CRÓNICO, GLOMERULONEFRITIS DIFUSA EN MEDIA LUNA",,28,43800,1
N038,"SÍNDROME NEFRÍTICO CRÓNICO, OTRAS",,28,43800,1
N039,"SÍNDROME NEFRÍTICO CRÓNICO, NO ESPECIFICADA",,28,43800,1
N040,"SÍNDROME NEFRÓTICO, ANOMALÍA GLOMERULAR MÍNIMA",,,,1
N041,"SÍNDROME NEFRÓTICO, LESIONES GLOMERULARES FOCALES Y SEGMENTARIAS",,,,1
N042,"SÍNDROME NEFRÓTICO, GLOMERULONEFRITIS MEMBRANOSA DIFUSA",,,,1
N043,"SÍNDROME NEFRÓTICO, GLOMERULONEFRITIS PROLIFERATIVA MESANGIAL DIFUSA",,,,1
N044,"SÍNDROME NEFRÓTICO, GLOMERULONEFRITIS PROLIFERATIVA ENDOCAPILAR DIFUSA",,,,1
N045,"SÍNDROME NEFRÓTICO, GLOMERULONEFRITIS MESANGIOCAPILAR DIFUSA",,,,1
N046,"SÍNDROME NEFRÓTICO, ENFERMEDAD POR DEPÓSITOS DENSOS",,,,1
N047,"SÍNDROME NEFRÓTICO, GLOMERULONEFRITIS DIFUSA EN MEDIA LUNA",,,,1
N048,"SÍNDROME NEFRÓTICO, OTRAS",,,,1
N049,"SÍNDROME NEFRÓTICO, NO ESPECIFICADA",,,,1
N050,"SÍNDROME NEFRÍTICO NO ESPECIFICADO, ANOMALÍA GLOMERULAR MÍNIMA",,,,1
N051,"SÍNDROME NEFRÍTICO NO ESPECIFICADO, LESIONES GLOMERULARES FOCALES Y SEGMENTARIAS",,,,1
N052,"SÍNDROME NEFRÍTICO NO ESPECIFICADO, GLOMERULONEFRITIS MEMBRANOSA DIFUSA",,,,1
N053,"SÍNDROME NEFRÍTICO NO ESPECIFICADO, GLOMERULONEFRITIS PROLIFERATIVA MESANGIAL DIFUSA",,,,1
N054,"SÍNDROME NEFRÍTICO NO ESPECIFICADO, GLOMERULONEFRITIS PROLIFERATIVA ENDOCAPILAR DIFUSA",,,,1
N055,"SÍNDROME NEFRÍTICO NO ESPECIFICADO, GLOMERULONEFRITIS MESANGIOCAPILAR DIFUSA",,,,1
N056,"SÍNDROME NEFRÍTICO NO ESPECIFICADO, ENFERMEDAD POR DEPÓSITOS DENSOS",,,,1
N057,"SÍNDROME NEFRÍTICO NO ESPECIFICADO, GLOMERULONEFRITIS DIFUSA EN MEDIA LUNA",,,,1
N058,"SÍNDROME NEFRÍTICO NO ESPECIFICADO, OTRAS",,,,1
N059,SÍNDROME NEFRÍTICO NO ESPECIFICADA,,,,1
N060,"PROTEINURIA AISLADA CON LESIÓN MORFOLÓGICA ESPECIFICADA, ANOMALÍA GLOMERULAR MÍNIMA",,,,1
N061,"PROTEINURIA AISLADA CON LESIÓN MORFOLÓGICA ESPECIFICADA, LESIONES GLOMERULARES FOCALES Y SEGMENTARIAS",,,,1
N062,"PROTEINURIA AISLADA CON LESIÓN MORFOLÓGICA ESPECIFICADA, GLOMERULONEFRITIS MEMBRANOSA DIFUSA",,,,1
N063,"PROTEINURIA AISLADA CON LESIÓN MORFOLÓGICA ESPECIFICADA, GLOMERULONEFRITIS PROLIFERATIVA MESANGIAL DIFUSA",,,,1
N064,"PROTEINURIA AISLADA CON LESIÓN MORFOLÓGICA ESPECIFICADA, GLOMERULONEFRITIS PROLIFERATIVA ENDOCAPILAR DIFUSA",,,,1
N065,"PROTEINURIA AISLADA CON LESIÓN MORFOLÓGICA ESPECIFICADA, GLOMERULONEFRITIS MESANGIOCAPILAR DIFUSA",,,,1
N066,"PROTEINURIA AISLADA CON LESIÓN MORFOLÓGICA ESPECIFICADA, ENFERMEDAD POR DEPÓSITOS DENSOS",,,,1
N067,"PROTEINURIA AISLADA CON LESIÓN MORFOLÓGICA ESPECIFICADA, GLOMERULONEFRITIS DIFUSA EN MEDIA LUNA",,,,1
N068,"PROTEINURIA AISLADA CON LESIÓN MORFOLÓGICA ESPECIFICADA, OTRAS",,,,1
N069,"PROTEINURIA AISLADA CON LESIÓN MORFOLÓGICA ESPECIFICADA, NO ESPECIFICADA",,,,1
N070,"NEFROPATÍA HEREDITARIA, NCOP, ANOMALÍA GLOMERULAR MÍNIMA",,,,1
N071,"NEFROPATÍA HEREDITARIA, NCOP, LESIONES GLOMERULARES FOCALES Y SEGMENTARIAS",,,,1
N072,"NEFROPATÍA HEREDITARIA, NCOP, GLOMERULONEFRITIS MEMBRANOSA DIFUSA",,,,1
N073,"NEFROPATÍA HEREDITARIA, NCOP, GLOMERULONEFRITIS PROLIFERATIVA MESANGIAL DIFUSA",,,,1
N074,"NEFROPATÍA HEREDITARIA, NCOP, GLOMERULONEFRITIS PROLIFERATIVA ENDOCAPILAR DIFUSA",,,,1
N075,"NEFROPATÍA HEREDITARIA, NCOP, GLOMERULONEFRITIS MESANGIOCAPILAR DIFUSA",,,,1
N076,"NEFROPATÍA HEREDITARIA, NCOP, ENFERMEDAD POR DEPÓSITOS DENSOS",,,,1
N077,"NEFROPATÍA HEREDITARIA, NCOP, GLOMERULONEFRITIS DIFUSA EN MEDIA LUNA",,,,1
N078,"NEFROPATÍA HEREDITARIA, NCOP, OTRAS",,,,1
N079,"NEFROPATÍA HEREDITARIA, NCOP, NO ESPECIFICADA",,,,1
N080,TRASTORNOS GLOMERULARES EN ENFERMEDADES INFECCIOSAS Y PARASITARIAS CLASIFICADAS EN OTRA PARTE,,,,1
N081,TRASTORNOS GLOMERULARES EN ENFERMEDADES NEOPLÁSICAS,,,,1
N082,TRASTORNOS GLOMERULARES EN ENFERMEDADES DE LA SANGRE Y OTROS TRASTORNOS QUE AFECTAN EL MECANISMO INMUNITARIO,,,,1
N083,TRASTORNOS GLOMERULARES EN DIABETES MELLITUS,,,,1
N084,"TRASTORNOS GLOMERULARES EN OTRAS ENFERMEDADES ENDOCRINAS, NUTRICIONALES Y METABÓLICAS",,,,1
N085,TRASTORNOS GLOMERULARES EN TRASTORNOS SISTÉMICOS DEL TEJIDO CONJUNTIVO,,,,1
N088,TRASTORNOS GLOMERULARES EN OTRAS ENFERMEDADES CLASIFICADAS EN OTRA PARTE,,,,1
N10,NEFRITIS TUBULOINTERSTICIAL AGUDA,,,,1
N110,PIELONEFRITIS CRÓNICA NO OBSTRUCTIVA ASOCIADA CON REFLUJO,,28,43800,1
N111,PIELONEFRITIS CRÓNICA OBSTRUCTIVA,,28,43800,1
N118,OTRAS NEFRITIS TUBULOINTERSTICIALES CRÓNICAS,,28,43800,1
N119,"NEFRITIS TUBULOINTERSTICIAL CRÓNICA, SIN OTRA ESPECIFICACIÓN",,28,43800,1
N12,"NEFRITIS TUBULOINTERSTICIAL, NO ESPECIFICADA COMO AGUDA O CRÓNICA",,,,1
N130,HIDRONEFROSIS CON OBSTRUCCIÓN DE LA UNIÓN URÉTERO-PÉLVICA,,,,1
N131,"HIDRONEFROSIS CON ESTRECHEZ URETERAL, NO CLASIFICADA EN OTRA PARTE",,,,1
N132,HIDRONEFROSIS CON OBSTRUCCIÓN POR CÁLCULOS DEL RIÑÓN Y DEL URÉTER,,,,1
N133,OTRAS HIDRONEFROSIS Y LAS NO ESPECIFICADAS,,,,1
N134,HIDROURÉTER,,,,1
N135,TORSIÓN Y ESTRECHEZ DEL URÉTER SIN HIDRONEFROSIS,,,,1
N136,PIONEFROSIS,,,,1
N137,UROPATÍA ASOCIADA CON REFLUJO VESICOURETERAL,,,,1
N138,OTRAS UROPATÍAS OBSTRUCTIVAS Y POR REFLUJO,,,,1
N139,"UROPATÍA OBSTRUCTIVA Y POR REFLUJO, SIN OTRA ESPECIFICACIÓN",,,,1
N140,NEFROPATÍA INDUCIDA POR ANALGÉSICOS,,,,1
N141,"NEFROPATÍA INDUCIDA POR OTRAS DROGAS, MEDICAMENTOS Y SUSTANCIAS BIOLÓGICAS",,,,1
N142,"NEFROPATÍA INDUCIDA POR DROGAS, MEDICAMENTOS Y SUSTANCIAS BIOLÓGICAS NO ESPECIFICADAS",,,,1
N143,NEFROPATÍA INDUCIDA POR METALES PESADOS,,,,1
N144,"NEFROPATÍA TÓXICA, NO CLASIFICADA EN OTRA PARTE",,,,1
N150,NEFROPATÍA DE LOS BALCANES,,,,1
N151,ABSCESO RENAL Y PERIRRENAL,,,,1
N158,OTRAS ENFERMEDADES RENALES TUBULOINTERSTICIALES ESPECIFICADAS,,,,1
N159,"ENFERMEDAD RENAL TUBULOINTERSTICIAL, NO ESPECIFICADA",,,,1
N160,TRASTORNOS RENALES TUBULOINTERSTICIALES EN ENFERMEDADES INFECCIOSAS Y PARASITARIAS CLASIFICADAS EN OTRA PARTE,,,,1
N161,TRASTORNOS RENALES TUBULOINTERSTICIALES EN ENFERMEDADES NEOPLÁSICAS,,,,1
N162,TRASTORNOS RENALES TUBULOINTERSTICIALES EN ENFERMEDADES DE LA SANGRE Y EN TRASTORNOS QUE AFECTAN EL MECANISMO INMUNITARIO,,,,1
N163,TRASTORNOS RENALES TUBULOINTERSTICIALES EN ENFERMEDADES METABÓLICAS,,,,1
N164,TRASTORNOS RENALES TUBULOINTERSTICIALES EN ENFERMEDADES DEL TEJIDO CONJUNTIVO,,,,1
N165,TRASTORNOS RENALES TUBULOINTERSTICIALES EN RECHAZO DE TRASPLANTE,,,,1
N168,TRASTORNOS RENALES TUBULOINTERSTICIALES EN OTRAS ENFERMEDADES CLASIFICADAS EN OTRA PARTE,,,,1
N170,INSUFICIENCIA RENAL AGUDA CON NECROSIS TUBULAR,,,,1
N171,INSUFICIENCIA RENAL AGUDA CON NECROSIS CORTICAL AGUDA,,,,1
N172,INSUFICIENCIA RENAL AGUDA CON NECROSIS MEDULAR,,,,1
N178,OTRAS INSUFICIENCIAS RENALES AGUDAS,,,,1
N179,"INSUFICIENCIA RENAL AGUDA, NO ESPECIFICADA",,,,1
N181,"ENFERMEDAD RENAL CRÓNICA, ETAPA 1",,,,1
N182,"ENFERMEDAD RENAL CRÓNICA, ETAPA 2",,,,1
N183,"ENFERMEDAD RENAL CRÓNICA, ETAPA 3",,,,1
N184,"ENFERMEDAD RENAL CRÓNICA, ETAPA 4",,,,1
N185,"ENFERMEDAD RENAL CRÓNICA, ETAPA 5",,,,1
N189,"ENFERMEDAD RENAL CRÓNICA, NO ESPECIFICADA",,,,1
N19,INSUFICIENCIA RENAL NO ESPECIFICADA,,28,43800,1
N200,CÁLCULO DEL RIÑÓN,,,,1
N201,CÁLCULO DEL URÉTER,,,,1
N202,CÁLCULO DEL RIÑÓN CON CÁLCULO DEL URÉTER,,,,1
N209,"CÁLCULO URINARIO, NO ESPECIFICADO",,,,1
N210,CÁLCULO EN LA VEJIGA,,,,1
N211,CÁLCULO EN LA URETRA,,,,1
N218,OTROS CÁLCULOS DE LAS VÍAS URINARIAS INFERIORES,,,,1
N219,"CÁLCULO DE LAS VÍAS URINARIAS INFERIORES, NO ESPECIFICADO",,,,1
N220,LITIASIS URINARIA EN ESQUISTOSOMIASIS [BILHARZIASIS],,,,1
N228,CÁLCULO DE LAS VÍAS URINARIAS EN OTRAS ENFERMEDADES CLASIFICADAS EN OTRA PARTE,,,,1
N23,"CÓLICO RENAL, NO ESPECIFICADO",,,,1
N250,OSTEODISTROFIA RENAL,,,,1
N251,DIABETES INSÍPIDA NEFRÓGENA,,,,1
N258,OTROS TRASTORNOS RESULTANTES DE LA FUNCIÓN TUBULAR RENAL ALTERADA,,,,1
N259,"TRASTORNO NO ESPECIFICADO, RESULTANTE DE LA FUNCIÓN TUBULAR RENAL ALTERADA",,,,1
N26,"RIÑÓN CONTRAÍDO, NO ESPECIFICADO",,,,1
N270,"RIÑÓN PEQUEÑO, UNILATERAL",,,,1
N271,"RIÑÓN PEQUEÑO, BILATERAL",,,,1
N279,"RIÑÓN PEQUEÑO, NO ESPECIFICADO",,,,1
N280,ISQUEMIA E INFARTO DEL RIÑÓN,,,,1
N281,"QUISTE DE RIÑÓN, ADQUIRIDO",,,,1
N288,OTROS TRASTORNOS ESPECIFICADOS DEL RIÑÓN Y DEL URÉTER,,,,1
N289,"TRASTORNO DEL RIÑÓN Y DEL URÉTER, NO ESPECIFICADO",,,,1
N290,SÍFILIS RENAL TARDÍA,,,,1
N291,OTROS TRASTORNOS DEL RIÑÓN Y DEL URÉTER EN ENFERMEDADES INFECCIOSAS Y PARASITARIAS CLASIFICADAS EN OTRA PARTE,,,,1
N298,OTROS TRASTORNOS DEL RIÑÓN Y DEL URÉTER EN OTRAS ENFERMEDADES CLASIFICADAS EN OTRA PARTE,,,,1
N300,CISTITIS AGUDA,,,,1
N301,CISTITIS INTERSTICIAL (CRÓNICA),,28,43800,1
N302,OTRAS CISTITIS CRÓNICAS,,28,43800,1
N303,TRIGONITIS,,,,1
N304,CISTITIS POR IRRADIACIÓN,,,,1
N308,OTRAS CISTITIS,,,,1
N309,"CISTITIS, NO ESPECIFICADA",,,,1
N310,"VEJIGA NEUROPÁTICA NO INHIBIDA, NO CLASIFICADA EN OTRA PARTE",,,,1
N311,"VEJIGA NEUROPÁTICA REFLEJA, NO CLASIFICADA EN OTRA PARTE",,,,1
N312,"VEJIGA NEUROPÁTICA FLÁCIDA, NO CLASIFICADA EN OTRA PARTE",,,,1
N318,OTRAS DISFUNCIONES NEUROMUSCULARES DE LA VEJIGA,,,,1
N319,"DISFUNCIÓN NEUROMUSCULAR DE LA VEJIGA, NO ESPECIFICADA",,,,1
N320,OBSTRUCCIÓN DE CUELLO DE LA VEJIGA,,,,1
N321,FÍSTULA VESICOINTESTINAL,,,,1
N322,"FÍSTULA DE LA VEJIGA, NO CLASIFICADA EN OTRA PARTE",,,,1
N323,DIVERTÍCULO DE LA VEJIGA,,,,1
N324,"RUPTURA DE LA VEJIGA, NO TRAUMÁTICA",,,,1
N328,OTROS TRASTORNOS ESPECIFICADOS DE LA VEJIGA,,,,1
N329,"TRASTORNO DE LA VEJIGA, NO ESPECIFICADO",,,,1
N330,CISTITIS TUBERCULOSA,,,,1
N338,TRASTORNOS DE LA VEJIGA EN OTRAS ENFERMEDADES CLASIFICADAS EN OTRA PARTE,,,,1
N340,ABSCESO URETRAL,,,,1
N341,URETRITIS NO ESPECÍFICA,,,,1
N342,OTRAS URETRITIS,,,,1
N343,"SÍNDROME URETRAL, NO ESPECIFICADO",,,,1
N350,ESTRECHEZ URETRAL POSTRAUMÁTICA,,,,1
N351,"ESTRECHEZ URETRAL POSTINFECCIÓN, NO CLASIFICADA EN OTRA PARTE",,,,1
N358,OTRAS ESTRECHECES URETRALES,,,,1
N359,"ESTRECHEZ URETRAL, NO ESPECIFICADA",,,,1
N360,FÍSTULA DE LA URETRA,,,,1
N361,DIVERTÍCULO DE LA URETRA,,,,1
N362,CARÚNCULA URETRAL,,,,1
N363,PROLAPSO DE LA MUCOSA URETRAL,,,,1
N368,OTROS TRASTORNOS ESPECIFICADOS DE LA URETRA,,,,1
N369,"TRASTORNO DE LA URETRA, NO ESPECIFICADO",,,,1
N370,URETRITIS EN ENFERMEDADES CLASIFICADAS EN OTRA PARTE,,,,1
N378,OTROS TRASTORNOS URETRALES EN ENFERMEDADES CLASIFICADAS EN OTRA PARTE,,,,1
N390,"INFECCIÓN DE VÍAS URINARIAS, SITIO NO ESPECIFICADO",,28,43800,1
N391,"PROTEINURIA PERSISTENTE, NO ESPECIFICADA",,,,1
N392,"PROTEINURIA ORTOSTÁTICA, NO ESPECIFICADA",,,,1
N393,INCONTINENCIA URINARIA POR TENSIÓN,,,,1
N394,OTRAS INCONTINENCIAS URINARIAS ESPECIFICADAS,,,,1
N398,OTROS TRASTORNOS ESPECIFICADOS DEL SISTEMA URINARIO,,,,1
N399,"TRASTORNO DEL SISTEMA URINARIO, NO ESPECIFICADO",,,,1
N40,HIPERPLASIA DE LA PRÓSTATA,M,7300,43800,1
N410,PROSTATITIS AGUDA,M,7300,43800,1
N411,PROSTATITIS CRÓNICA,M,7300,43800,1
N412,ABSCESO DE LA PRÓSTATA,M,7300,43800,1
N413,PROSTATOCISTITIS,M,7300,43800,1
N418,OTRAS ENFERMEDADES INFLAMATORIAS DE LA PRÓSTATA,M,7300,43800,1
N419,"ENFERMEDAD INFLAMATORIA DE LA PRÓSTATA, NO ESPECIFICADA",M,7300,43800,1
N420,CÁLCULO DE LA PRÓSTATA,M,7300,43800,1
N421,CONGESTIÓN Y HEMORRAGIA DE LA PRÓSTATA,M,7300,43800,1
N422,ATROFIA DE LA PRÓSTATA,M,7300,43800,1
N423,DISPLASIA DE LA PRÓSTATA,M,7300,43800,1
N428,OTROS TRASTORNOS ESPECIFICADOS DE LA PRÓSTATA,M,7300,43800,1
N429,"TRASTORNO DE LA PRÓSTATA, NO ESPECIFICADO",M,7300,43800,1
N430,HIDROCELE ENQUISTADO,M,,,1
N431,HIDROCELE INFECTADO,M,,,1
N432,OTROS HIDROCELES,M,,,1
N433,"HIDROCELE, NO ESPECIFICADO",M,,,1
N434,ESPERMATOCELE,M,,,1
N44,TORSIÓN DEL TESTÍCULO,M,,,1
N450,"ORQUITIS, EPIDIDIMITIS Y ORQUIEPIDIDIMITIS CON ABSCESO",M,,,1
N459,"ORQUITIS, EPIDIDIMITIS Y ORQUIEPIDIDIMITIS SIN ABSCESO",M,,,1
N46,ESTERILIDAD EN EL VARÓN,M,4380,29200,1
N47,"PREPUCIO REDUNDANTE, FIMOSIS Y PARAFIMOSIS",M,,,1
N480,LEUCOPLASIA DEL PENE,M,,,1
N481,BALANOPOSTITIS,M,,,1
N482,OTROS TRASTORNOS INFLAMATORIOS DEL PENE,M,,,1
N483,PRIAPISMO,M,,,1
N484,IMPOTENCIA DE ORIGEN ORGÁNICO,M,4380,29200,1
N485,ÚLCERA DEL PENE,M,,,1
N486,INDURACIÓN PLÁSTICA DEL PENE,M,,,1
N488,OTROS TRASTORNOS ESPECIFICADOS DEL PENE,M,,,1
N489,"TRASTORNO DEL PENE, NO ESPECIFICADO",M,,,1
N490,TRASTORNOS INFLAMATORIOS DE VESÍCULA SEMINAL,M,,,1
N491,"TRASTORNOS INFLAMATORIOS DEL CORDÓN ESPERMÁTICO, TÚNICA VAGINAL Y CONDUCTO DEFERENTE",M,,,1
N492,TRASTORNOS INFLAMATORIOS DEL ESCROTO,M,,,1
N498,OTROS TRASTORNOS INFLAMATORIOS DE LOS ÓRGANOS GENITALES MASCULINOS,M,,,1
N499,"TRASTORNO INFLAMATORIO DE ÓRGANO GENITAL MASCULINO, NO ESPECIFICADO",M,,,1
N500,ATROFIA DEL TESTÍCULO,M,,,1
N501,TRASTORNOS VASCULARES DE LOS ÓRGANOS GENITALES MASCULINOS,M,,,1
N508,OTROS TRASTORNOS ESPECIFICADOS DE LOS ÓRGANOS GENITALES MASCULINOS,M,,,1
N509,TRASTORNO NO ESPECIFICADO DE LOS ÓRGANOS GENITALES MASCULINOS,M,,,1
N510,TRASTORNOS DE PRÓSTATA EN ENFERMEDADES CLASIFICADAS EN OTRA PARTE,M,,,1
N511,TRASTORNOS DEL TESTÍCULO Y DEL EPIDÍDIMO EN ENFERMEDADES CLASIFICADAS EN OTRA PARTE,M,,,1
N512,BALANITIS EN ENFERMEDADES CLASIFICADAS EN OTRA PARTE,M,,,1
N518,OTROS TRASTORNOS DE LOS ÓRGANOS GENITALES MASCULINOS EN ENFERMEDADES CLASIFICADAS EN OTRA PARTE,M,,,1
N600,QUISTE SOLITARIO DE LA MAMA,,,,1
N601,MASTOPATÍA QUÍSTICA DIFUSA,,,,1
N602,FIBROADENOSIS DE MAMA,,,,1
N603,FIBROESCLEROSIS DE MAMA,,,,1
N604,ECTASIA DE CONDUCTO MAMARIO,,,,1
N608,OTRAS DISPLASIAS MAMARIAS BENIGNAS,,,,1
N609,"DISPLASIA MAMARIA BENIGNA, SIN OTRA ESPECIFICACIÓN",,,,1
N61,TRASTORNOS INFLAMATORIOS DE LA MAMA,,,,1
N62,HIPERTROFIA DE LA MAMA,,,,1
N63,MASA NO ESPECIFICADA EN LA MAMA,,,,1
N640,FISURA Y FÍSTULA DEL PEZÓN,,,,1
N641,NECROSIS GRASA DE LA MAMA,,,,1
N642,ATROFIA DE LA MAMA,,,,1
N643,GALACTORREA NO ASOCIADA CON EL PARTO,,,,1
N644,MASTODINIA,,,,1
N645,OTROS SIGNOS Y SÍNTOMAS RELATIVOS A LA MAMA,,,,1
N648,OTROS TRASTORNOS ESPECIFICADOS DE LA MAMA,,,,1
N649,"TRASTORNO DE LA MAMA, NO ESPECIFICADO",,,,1
N700,SALPINGITIS Y OOFORITIS AGUDA,F,,,1
N701,SALPINGITIS Y OOFORITIS CRÓNICA,F,28,43800,1
N709,"SALPINGITIS Y OOFORITIS, NO ESPECIFICADAS",F,3650,43800,1
N710,ENFERMEDAD INFLAMATORIA AGUDA DEL ÚTERO,F,3650,43800,1
N711,ENFERMEDAD INFLAMATORIA CRÓNICA DEL ÚTERO,F,3650,43800,1
N719,"ENFERMEDAD INFLAMATORIA DEL ÚTERO, NO ESPECIFICADA",F,3650,43800,1
N72,ENFERMEDAD INFLAMATORIA DEL CUELLO UTERINO,F,,,1
N730,PARAMETRITIS Y CELULITIS PÉLVICA AGUDA,F,3650,43800,1
N731,PARAMETRITIS Y CELULITIS PÉLVICA CRÓNICA,F,28,43800,1
N732,PARAMETRITIS Y CELULITIS PÉLVICA NO ESPECIFICADA,F,3650,43800,1
N733,"PERITONITIS PÉLVICA AGUDA, FEMENINA",F,3650,43800,1
N734,"PERITONITIS PÉLVICA CRÓNICA, FEMENINA",F,28,43800,1
N735,"PERITONITIS PÉLVICA FEMENINA, NO ESPECIFICADA",F,3650,43800,1
N736,ADHERENCIAS PERITONEALES PÉLVICAS FEMENINAS,F,3650,43800,1
N738,OTRAS ENFERMEDADES INFLAMATORIAS PÉLVICAS FEMENINAS,F,3650,43800,1
N739,"ENFERMEDAD INFLAMATORIA PÉLVICA FEMENINA, NO ESPECIFICADA",F,3650,43800,1
N740,INFECCIÓN TUBERCULOSA DEL CUELLO DEL ÚTERO,F,,,1
N741,ENFERMEDAD INFLAMATORIA PÉLVICA FEMENINA POR TUBERCULOSIS,F,,,1
N742,ENFERMEDAD INFLAMATORIA PÉLVICA FEMENINA POR SÍFILIS,F,,,1
N743,ENFERMEDAD INFLAMATORIA PÉLVICA FEMENINA POR GONOCOCOS,F,,,1
N744,ENFERMEDAD INFLAMATORIA PÉLVICA FEMENINA POR CLAMIDIAS,F,,,1
N748,TRASTORNOS INFLAMATORIOS PÉLVICOS FEMENINOS EN OTRAS ENFERMEDADES CLASIFICADAS EN OTRA PARTE,F,,,1
N750,QUISTE DE LA GLÁNDULA DE BARTHOLIN,F,,,1
N751,ABSCESO DE LA GLÁNDULA DE BARTHOLIN,F,,,1
N758,OTRAS ENFERMEDADES DE LA GLÁNDULA DE BARTHOLIN,F,,,1
N759,"ENFERMEDAD DE LA GLÁNDULA DE BARTHOLIN, NO ESPECIFICADA",F,,,1
N760,VAGINITIS AGUDA,F,,,1
N761,VAGINITIS SUBAGUDA Y CRÓNICA,F,,,1
N762,VULVITIS AGUDA,F,,,1
N763,VULVITIS SUBAGUDA Y CRÓNICA,F,,,1
N764,ABSCESO VULVAR,F,,,1
N765,ULCERACIÓN DE LA VAGINA,F,,,1
N766,ULCERACIÓN DE LA VULVA,F,,,1
N768,OTRAS INFLAMACIONES ESPECIFICADAS DE LA VAGINA Y DE LA VULVA,F,,,1
N770,ULCERACIÓN DE LA VULVA EN ENFERMEDADES INFECCIOSAS Y PARASITARIAS CLASIFICADAS EN OTRA PARTE,F,,,1
N771,"VAGINITIS, VULVITIS Y VULVOVAGINITIS EN ENFERMEDADES INFECCIOSAS Y PARASITARIAS CLASIFICADAS EN OTRA PARTE",F,,,1
N778,ULCERACIÓN E INFLAMACIÓN VULVOVAGINAL EN OTRAS ENFERMEDADES CLASIFICADAS EN OTRA PARTE,F,,,1
N800,ENDOMETRIOSIS DEL ÚTERO,F,,,1
N801,ENDOMETRIOSIS DEL OVARIO,F,,,1
N802,ENDOMETRIOSIS DE LA TROMPA DE FALOPIO,F,,,1
N803,ENDOMETRIOSIS DEL PERITONEO PÉLVICO,F,,,1
N804,ENDOMETRIOSIS DEL TABIQUE RECTOVAGINAL Y DE LA VAGINA,F,,,1
N805,ENDOMETRIOSIS DEL INTESTINO,F,,,1
N806,ENDOMETRIOSIS EN CICATRIZ CUTÁNEA,F,,,1
N808,OTRAS ENDOMETRIOSIS,F,,,1
N809,"ENDOMETRIOSIS, NO ESPECIFICADA",F,,,1
N810,URETROCELE FEMENINO,F,,,1
N811,CISTOCELE,F,,,1
N812,PROLAPSO UTEROVAGINAL INCOMPLETO,F,,,1
N813,PROLAPSO UTEROVAGINAL COMPLETO,F,,,1
N814,"PROLAPSO UTEROVAGINAL, SIN OTRA ESPECIFICACIÓN",F,,,1
N815,ENTEROCELE VAGINAL,F,,,1
N816,RECTOCELE,F,,,1
N818,OTROS PROLAPSOS GENITALES FEMENINOS,F,,,1
N819,"PROLAPSO GENITAL FEMENINO, NO ESPECIFICADO",F,,,1
N820,FÍSTULA VESICOVAGINAL,F,,,1
N821,OTRAS FÍSTULAS DE LAS VÍAS GENITOURINARIAS FEMENINAS,F,,,1
N822,FÍSTULA DE LA VAGINA AL INTESTINO DELGADO,F,,,1
N823,FÍSTULA DE LA VAGINA AL INTESTINO GRUESO,F,,,1
N824,OTRAS FÍSTULAS DEL TRACTO GENITAL FEMENINO AL TRACTO INTESTINAL,F,,,1
N825,FÍSTULA DEL TRACTO GENITAL FEMENINO A LA PIEL,F,,,1
N828,OTRAS FÍSTULAS DEL TRACTO GENITAL FEMENINO,F,,,1
N829,"FÍSTULA DEL TRACTO GENITAL FEMENINO, SIN OTRA ESPECIFICACIÓN",F,,,1
N830,QUISTE FOLICULAR DEL OVARIO,F,,,1
N831,QUISTE DEL CUERPO AMARILLO,F,,,1
N832,OTROS QUISTES OVÁRICOS Y LOS NO ESPECIFICADOS,F,,,1
N833,ATROFIA ADQUIRIDA DEL OVARIO Y DE LA TROMPA DE FALOPIO,F,,,1
N834,PROLAPSO Y HERNIA DEL OVARIO Y DE LA TROMPA DE FALOPIO,F,,,1
N835,"TORSIÓN DE OVARIO, PEDÍCULO DE OVARIO Y TROMPA DE FALOPIO",F,,,1
N836,HEMATOSALPINX,F,,,1
N837,HEMATOMA DEL LIGAMENTO ANCHO,F,,,1
N838,"OTROS TRASTORNOS NO INFLAMATORIOS DEL OVARIO, DE LA TROMPA DE FALOPIO Y DEL LIGAMENTO ANCHO",F,,,1
N839,"ENFERMEDAD NO INFLAMATORIA DEL OVARIO, DE LA TROMPA DE FALOPIO Y DEL LIGAMENTO ANCHO, NO ESPECIFICADA",F,,,1
N840,PÓLIPO DEL CUERPO DEL ÚTERO,F,,,1
N841,PÓLIPO DEL CUELLO DEL ÚTERO,F,,,1
N842,PÓLIPO DE LA VAGINA,F,,,1
N843,PÓLIPO DE LA VULVA,F,,,1
N848,PÓLIPOS DE OTRAS PARTES DEL TRACTO GENITAL FEMENINO,F,,,1
N849,"PÓLIPO DEL TRACTO GENITAL FEMENINO, NO ESPECIFICADO",F,,,1
N850,HIPERPLASIA DE GLÁNDULA DEL ENDOMETRIO,F,,,1
N851,HIPERPLASIA ADENOMATOSA DEL ENDOMETRIO,F,,,1
N852,HIPERTROFIA DEL ÚTERO,F,,,1
N853,SUBINVOLUCIÓN DEL ÚTERO,F,,,1
N854,MALA POSICION DEL ÚTERO,F,,,1
N855,INVERSIÓN DEL ÚTERO,F,,,1
N856,SINEQUIAS INTRAUTERINAS,F,,,1
N857,HEMATÓMETRA,F,,,1
N858,OTROS TRASTORNOS NO INFLAMATORIOS ESPECIFICADOS DEL ÚTERO,F,,,1
N859,"TRASTORNO NO INFLAMATORIO DEL ÚTERO, NO ESPECIFICADO",F,,,1
N86,EROSIÓN Y ECTROPIÓN DEL CUELLO DEL ÚTERO,F,,,1
N870,DISPLASIA CERVICAL LEVE,F,,,1
N871,DISPLASIA CERVICAL MODERADA,F,,,1
N872,"DISPLASIA CERVICAL SEVERA, NO CLASIFICADA EN OTRA PARTE",F,,,1
N879,"DISPLASIA DEL CUELLO DEL ÚTERO, NO ESPECIFICADA",F,,,1
N880,LEUCOPLASIA DEL CUELLO DEL ÚTERO,F,,,1
N881,LACERACIÓN ANTIGUA DEL CUELLO DEL ÚTERO,F,,,1
N882,ESTRECHEZ Y ESTENOSIS DEL CUELLO DEL ÚTERO,F,,,1
N883,INCOMPETENCIA DEL CUELLO DEL ÚTERO,F,,,1
N884,ELONGACIÓN HIPERTROFICA DEL CUELLO DEL ÚTERO,F,,,1
N888,OTROS TRASTORNOS NO INFLAMATORIOS ESPECIFICADOS DEL CUELLO DEL ÚTERO,F,,,1
N889,"TRASTORNO NO INFLAMATORIO DEL CUELLO DEL ÚTERO, NO ESPECIFICADO",F,,,1
N890,DISPLASIA VAGINAL LEVE,F,,,1
N891,DISPLASIA VAGINAL MODERADA,F,,,1
N892,"DISPLASIA VAGINAL SEVERA, NO CLASIFICADA EN OTRA PARTE",F,,,1
N893,"DISPLASIA DE LA VAGINA, NO ESPECIFICADA",F,,,1
N894,LEUCOPLASIA DE LA VAGINA,F,,,1
N895,ESTRECHEZ Y ATRESIA DE LA VAGINA,F,,,1
N896,ANILLO DE HIMEN ESTRECHO,F,,,1
N897,HEMATOCOLPOS,F,,,1
N898,OTROS TRASTORNOS ESPECIFICADOS NO INFLAMATORIOS DE LA VAGINA,F,,,1
N899,"TRASTORNO NO INFLAMATORIO DE LA VAGINA, NO ESPECIFICADO",F,,,1
N900,DISPLASIA VULVAR LEVE,F,,,1
N901,DISPLASIA VULVAR MODERADA,F,,,1
N902,"DISPLASIA VULVAR SEVERA, NO CLASIFICADA EN OTRA PARTE",F,,,1
N903,"DISPLASIA DE LA VULVA, NO ESPECIFICADA",F,,,1
N904,LEUCOPLASIA DE LA VULVA,F,,,1
N905,ATROFIA DE LA VULVA,F,,,1
N906,HIPERTROFIA DE LA VULVA,F,,,1
N907,QUISTE DE LA VULVA,F,,,1
N908,OTROS TRASTORNOS NO INFLAMATORIOS ESPECIFICADOS DE LA VULVA Y DEL PERINEO,F,,,1
N909,"TRASTORNO NO INFLAMATORIO DE LA VULVA Y DEL PERINEO, NO ESPECIFICADO",F,,,1
N910,AMENORREA PRIMARIA,F,3650,19710,1
N911,AMENORREA SECUNDARIA,F,3650,19710,1
N912,"AMENORREA, SIN OTRA ESPECIFICACIÓN",F,3650,19710,1
N913,OLIGOMENORREA PRIMARIA,F,3650,19710,1
N914,OLIGOMENORREA SECUNDARIA,F,3650,19710,1
N915,"OLIGOMENORREA, NO ESPECIFICADA",F,3650,19710,1
N920,MENSTRUACIÓN EXCESIVA Y FRECUENTE CON CICLO REGULAR,F,3650,19710,1
N921,MENSTRUACIÓN EXCESIVA Y FRECUENTE CON CICLO IRREGULAR,F,3650,19710,1
N922,MENSTRUACIÓN EXCESIVA EN LA PUBERTAD,F,3650,19710,1
N923,HEMORRAGIA POR OVULACIÓN,F,3650,19710,1
N924,HEMORRAGIA EXCESIVA EN PERÍODO PREMENOPÁUSICO,F,3650,19710,1
N925,OTRAS MENSTRUACIONES IRREGULARES ESPECIFICADAS,F,3650,19710,1
N926,"MENSTRUACIÓN IRREGULAR, NO ESPECIFICADA",F,3650,19710,1
N930,HEMORRAGIA POSTCOITO Y POSTCONTACTO,F,3650,43800,1
N938,OTRAS HEMORRAGIAS UTERINAS O VAGINALES ANORMALES ESPECIFICADAS,F,3650,43800,1
N939,"HEMORRAGIA VAGINAL Y UTERINA ANORMAL, NO ESPECIFICADA",F,3650,43800,1
N940,DOLOR INTERMENSTRUAL,F,3650,19710,1
N941,DISPAREUNIA,F,3650,43800,1
N942,VAGINISMO,F,3650,43800,1
N943,SÍNDROME DE TENSIÓN PREMENSTRUAL,F,3650,19710,1
N944,DISMENORREA PRIMARIA,F,3650,19710,1
N945,DISMENORREA SECUNDARIA,F,3650,19710,1
N946,"DISMENORREA, NO ESPECIFICADA",F,3650,19710,1
N948,OTRAS AFECCIONES ESPECIFICADAS ASOCIADAS CON LOS ÓRGANOS GENITALES FEMENINOS Y EL CICLO MENSTRUAL,F,3650,19710,1
N949,AFECCIONES NO ESPECIFICADAS ASOCIADAS CON LOS ÓRGANOS GENITALES FEMENINOS Y EL CICLO MENSTRUAL,F,3650,19710,1
N950,HEMORRAGIA POSTMENOPÁUSICA,F,10950,43800,1
N951,ESTADOS MENOPÁUSICOS Y CLIMATÉRICOS FEMENINOS,F,10950,43800,1
N952,VAGINITIS ATRÓFICA POSTMENOPÁUSICA,F,10950,43800,1
N953,ESTADOS ASOCIADOS CON MENOPAUSIA ARTIFICIAL,F,10950,43800,1
N958,OTROS TRASTORNOS MENOPÁUSICOS Y PERIMENOPÁUSICOS ESPECIFICADOS,F,10950,43800,1
N959,"TRASTORNO MENOPÁUSICO Y PERIMENOPÁUSICO, NO ESPECIFICADO",F,10950,43800,1
N96,ABORTADORA HABITUAL,F,3650,19710,1
N970,INFERTILIDAD FEMENINA ASOCIADA CON FALTA DE OVULACIÓN,F,3650,19710,1
N971,INFERTILIDAD FEMENINA DE ORIGEN TUBÁRICO,F,3650,19710,1
N972,INFERTILIDAD FEMENINA DE ORIGEN UTERINO,F,3650,19710,1
N973,INFERTILIDAD FEMENINA DE ORIGEN CERVICAL,F,3650,19710,1
N974,INFERTILIDAD FEMENINA ASOCIADA CON FACTORES MASCULINOS,F,3650,19710,1
N978,INFERTILIDAD FEMENINA DE OTRO ORIGEN,F,3650,19710,1
N979,"INFERTILIDAD FEMENINA, NO ESPECIFICADA",F,3650,19710,1
N980,INFECCIÓN ASOCIADA CON INSEMINACIÓN ARTIFICIAL,F,7300,12775,1
N981,HIPERESTIMULACIÓN DE OVARIOS,F,7300,12775,1
N982,COMPLICACIONES EN EL INTENTO DE INTRODUCCIÓN DEL HUEVO FECUNDADO EN LA FERTILIZACIÓN IN VITRO,F,7300,12775,1
N983,COMPLICACIONES EN EL INTENTO DE INTRODUCCIÓN DEL EMBRIÓN EN LA TRANSFERENCIA DE EMBRIONES,F,7300,12775,1
N988,OTRAS COMPLICACIONES ASOCIADAS CON LA FECUNDACIÓN ARTIFICIAL,F,7300,12775,1
N989,COMPLICACIÓN NO ESPECIFICADA ASOCIADA CON LA FECUNDACIÓN ARTIFICIAL,F,7300,12775,1
N990,INSUFICIENCIA RENAL CONSECUTIVA A PROCEDIMIENTOS,,,,1
N991,ESTRECHEZ URETRAL CONSECUTIVA A PROCEDIMIENTOS,,,,1
N992,ADHERENCIAS POSTOPERATORIAS DE LA VAGINA,F,3650,31025,1
N993,PROLAPSO DE LA CÚPULA VAGINAL DESPUÉS DE HISTERECTOMÍA,F,7300,31025,1
N994,ADHERENCIAS PERITONEALES PÉLVICAS CONSECUTIVAS A PROCEDIMIENTOS,,,,1
N995,MAL FUNCIONAMIENTO DE ESTOMA EXTERNO DE VÍAS URINARIAS,,,,1
N998,OTROS TRASTORNOS DEL SISTEMA GENITOURINARIO CONSECUTIVOS A PROCEDIMIENTOS,,,,1
N999,TRASTORNO NO ESPECIFICADO DEL SISTEMA GENITOURINARIO CONSECUTIVO A PROCEDIMIENTOS,,,,1
O000,EMBARAZO ABDOMINAL,F,3650,19710,1
O001,EMBARAZO TUBÁRICO,F,3650,19710,1
O002,EMBARAZO OVÁRICO,F,3650,19710,1
O008,OTROS EMBARAZOS ECTÓPICOS,F,3650,19710,1
O009,"EMBARAZO ECTÓPICO, NO ESPECIFICADO",F,3650,19710,1
O010,MOLA HIDATIFORME CLÁSICA,F,3650,19710,1
O011,"MOLA HIDATIFORME, INCOMPLETA O PARCIAL",F,3650,19710,1
O019,"MOLA HIDATIFORME, NO ESPECIFICADA",F,3650,19710,1
O020,DETENCIÓN DEL DESARROLLO DEL HUEVO Y MOLA NO HIDATIFORME,F,3650,19710,1
O021,ABORTO RETENIDO,F,3650,19710,1
O028,OTROS PRODUCTOS ANORMALES ESPECIFICADOS DE LA CONCEPCIÓN,F,3650,19710,1
O029,"PRODUCTO ANORMAL DE LA CONCEPCIÓN, NO ESPECIFICADO",F,3650,19710,1
O030,"ABORTO ESPONTÁNEO INCOMPLETO, COMPLICADO CON INFECCIÓN GENITAL Y PELVIANA",F,3650,19710,1
O031,"ABORTO ESPONTÁNEO INCOMPLETO, COMPLICADO POR HEMORRAGIA EXCESIVA O TARDÍA",F,3650,19710,1
O032,"ABORTO ESPONTÁNEO INCOMPLETO, COMPLICADO POR EMBOLIA",F,3650,19710,1
O033,"ABORTO ESPONTÁNEO INCOMPLETO, CON OTRAS COMPLICACIONES ESPECIFICADAS Y LAS NO ESPECIFICADAS",F,3650,19710,1
O034,"ABORTO ESPONTÁNEO INCOMPLETO, SIN COMPLICACIÓN",F,3650,19710,1
O035,"ABORTO ESPONTÁNEO COMPLETO O NO ESPECIFICADO, COMPLICADO CON INFECCIÓN GENITAL Y PELVIANA",F,3650,19710,1
O036,"ABORTO ESPONTÁNEO COMPLETO O NO ESPECIFICADO, COMPLICADO POR HEMORRAGIA EXCESIVA O TARDÍA",F,3650,19710,1
O037,"ABORTO ESPONTÁNEO COMPLETO O NO ESPECIFICADO, COMPLICADO POR EMBOLIA",F,3650,19710,1
O038,"ABORTO ESPONTÁNEO COMPLETO O NO ESPECIFICADO, CON OTRAS COMPLICACIONES ESPECIFICADAS Y LAS NO ESPECIFICADAS",F,3650,19710,1
O039,"ABORTO ESPONTÁNEO COMPLETO O NO ESPECIFICADO, SIN COMPLICACIÓN",F,3650,19710,1
O040,"ABORTO MÉDICO INCOMPLETO, COMPLICADO CON INFECCIÓN GENITAL Y PELVIANA",F,3650,19710,1
O041,"ABORTO MÉDICO INCOMPLETO, COMPLICADO POR HEMORRAGIA EXCESIVA O TARDÍA",F,3650,19710,1
O042,"ABORTO MÉDICO INCOMPLETO, COMPLICADO POR EMBOLIA",F,3650,19710,1
O043,"ABORTO MÉDICO INCOMPLETO, CON OTRAS COMPLICACIONES ESPECIFICADAS Y LAS NO ESPECIFICADAS",F,3650,19710,1
O044,"ABORTO MÉDICO INCOMPLETO, SIN COMPLICACIÓN",F,3650,19710,1
O045,"ABORTO MÉDICO COMPLETO O NO ESPECIFICADO, COMPLICADO CON INFECCIÓN GENITAL Y PELVIANA",F,3650,19710,1
O046,"ABORTO MÉDICO COMPLETO O NO ESPECIFICADO, COMPLICADO POR HEMORRAGIA EXCESIVA O TARDÍA",F,3650,19710,1
O047,"ABORTO MÉDICO COMPLETO O NO ESPECIFICADO, COMPLICADO POR EMBOLIA",F,3650,19710,1
O048,"ABORTO MÉDICO COMPLETO O NO ESPECIFICADO, CON OTRAS COMPLICACIONES ESPECIFICADAS Y LAS NO ESPECIFICADAS",F,3650,19710,1
O049,"ABORTO MÉDICO COMPLETO O NO ESPECIFICADO, SIN COMPLICACIÓN",F,3650,19710,1
O050,"OTRO ABORTO INCOMPLETO, COMPLICADO CON INFECCIÓN GENITAL Y PELVIANA",F,3650,19710,1
O051,"OTRO ABORTO INCOMPLETO, COMPLICADO POR HEMORRAGIA EXCESIVA O TARDÍA",F,3650,19710,1
O052,"OTRO ABORTO INCOMPLETO, COMPLICADO POR EMBOLIA",F,3650,19710,1
O053,"OTRO ABORTO INCOMPLETO, CON OTRAS COMPLICACIONES ESPECIFICADAS Y LAS NO ESPECIFICADAS",F,3650,19710,1
O054,"OTRO ABORTO INCOMPLETO, SIN COMPLICACIÓN",F,3650,19710,1
O055,"OTRO ABORTO COMPLETO O NO ESPECIFICADO, COMPLICADO CON INFECCIÓN GENITAL Y PELVIANA",F,3650,19710,1
O056,"OTRO ABORTO COMPLETO O NO ESPECIFICADO, COMPLICADO POR HEMORRAGIA EXCESIVA O TARDÍA",F,3650,19710,1
O057,"OTRO ABORTO COMPLETO O NO ESPECIFICADO, COMPLICADO POR EMBOLIA",F,3650,19710,1
O058,"OTRO ABORTO COMPLETO O NO ESPECIFICADO, CON OTRAS COMPLICACIONES ESPECIFICADAS Y LAS NO ESPECIFICADAS",F,3650,19710,1
O059,"OTRO ABORTO COMPLETO O NO ESPECIFICADO, SIN COMPLICACIÓN",F,3650,19710,1
O060,"ABORTO NO ESPECIFICADO INCOMPLETO, COMPLICADO CON INFECCIÓN GENITAL Y PELVIANA",F,3650,19710,1
O061,"ABORTO NO ESPECIFICADO INCOMPLETO, COMPLICADO POR HEMORRAGIA EXCESIVA O TARDÍA",F,3650,19710,1
O062,"ABORTO NO ESPECIFICADO INCOMPLETO, COMPLICADO POR EMBOLIA",F,3650,19710,1
O063,"ABORTO NO ESPECIFICADO INCOMPLETO, CON OTRAS COMPLICACIONES ESPECIFICADAS Y LAS NO ESPECIFICADAS",F,3650,19710,1
O064,"ABORTO NO ESPECIFICADO INCOMPLETO, SIN COMPLICACIÓN",F,3650,19710,1
O065,"ABORTO NO ESPECIFICADO COMPLETO O NO ESPECIFICADO, COMPLICADO CON INFECCIÓN GENITAL Y PELVIANA",F,3650,19710,1
O066,"ABORTO NO ESPECIFICADO COMPLETO O NO ESPECIFICADO, COMPLICADO POR HEMORRAGIA EXCESIVA O TARDÍA",F,3650,19710,1
O067,"ABORTO NO ESPECIFICADO COMPLETO O NO ESPECIFICADO, COMPLICADO POR EMBOLIA",F,3650,19710,1
O068,"ABORTO NO ESPECIFICADO COMPLETO O NO ESPECIFICADO, CON OTRAS COMPLICACIONES ESPECIFICADAS Y LAS NO ESPECIFICADAS",F,3650,19710,1
O069,"ABORTO NO ESPECIFICADO COMPLETO O NO ESPECIFICADO, SIN COMPLICACIÓN",F,3650,19710,1
O070,"FALLA DE LA INDUCCIÓN MÉDICA DEL ABORTO, COMPLICADO POR INFECCIÓN GENITAL Y PELVIANA",F,3650,19710,1
O071,"FALLA DE LA INDUCCIÓN MÉDICA DEL ABORTO, COMPLICADO POR HEMORRAGIA EXCESIVA O TARDÍA",F,3650,19710,1
O072,"FALLA DE LA INDUCCIÓN MÉDICA DEL ABORTO, COMPLICADO POR EMBOLIA",F,3650,19710,1
O073,"FALLA DE LA INDUCCIÓN MÉDICA DEL ABORTO, CON OTRAS COMPLICACIONES Y LAS NO ESPECIFICADAS",F,3650,19710,1
O074,"FALLA DE LA INDUCCIÓN MÉDICA DEL ABORTO, SIN COMPLICACIÓN",F,3650,19710,1
O075,"OTROS INTENTOS FALLIDOS DE ABORTO Y LOS NO ESPECIFICADOS, COMPLICADOS POR INFECCIÓN GENITAL Y PELVIANA",F,3650,19710,1
O076,"OTROS INTENTOS FALLIDOS DE ABORTO Y LOS NO ESPECIFICADOS, COMPLICADOS POR HEMORRAGIA EXCESIVA O TARDÍA",F,3650,19710,1
O077,"OTROS INTENTOS FALLIDOS DE ABORTO Y LOS NO ESPECIFICADOS, COMPLICADOS POR EMBOLIA",F,3650,19710,1
O078,"OTROS INTENTOS FALLIDOS DE ABORTO Y LOS NO ESPECIFICADOS, CON OTRAS COMPLICACIONES Y LAS NO ESPECIFICADAS",F,3650,19710,1
O079,"OTROS INTENTOS FALLIDOS DE ABORTO Y LOS NO ESPECIFICADOS, SIN COMPLICACIÓN",F,3650,19710,1
O080,"INFECCIÓN GENITAL Y PELVIANA CONSECUTIVA AL ABORTO, AL EMBARAZO ECTÓPICO Y AL EMBARAZO MOLAR",F,3650,19710,1
O081,"HEMORRAGIA EXCESIVA O TARDÍA CONSECUTIVA AL ABORTO, AL EMBARAZO ECTÓPICO Y AL EMBARAZO MOLAR",F,3650,19710,1
O082,"EMBOLIA CONSECUTIVA AL ABORTO, AL EMBARAZO ECTÓPICO Y AL EMBARAZO MOLAR",F,3650,19710,1
O083,"CHOQUE CONSECUTIVO AL ABORTO, AL EMBARAZO ECTÓPICO Y AL EMBARAZO MOLAR",F,3650,19710,1
O084,"INSUFICIENCIA RENAL CONSECUTIVA AL ABORTO, AL EMBARAZO ECTÓPICO Y AL EMBARAZO MOLAR",F,3650,19710,1
O085,"TRASTORNO METABÓLICO CONSECUTIVO AL ABORTO, AL EMBARAZO ECTÓPICO Y AL EMBARAZO MOLAR",F,3650,19710,1
O086,"LESIÓN DE ÓRGANOS O TEJIDOS DE LA PELVIS CONSECUTIVO AL ABORTO, AL EMBARAZO ECTÓPICO Y AL EMBARAZO MOLAR",F,3650,19710,1
O087,"OTRAS COMPLICACIONES VENOSAS CONSECUTIVAS AL ABORTO, AL EMBARAZO ECTÓPICO Y AL EMBARAZO MOLAR",F,3650,19710,1
O088,"OTRAS COMPLICACIONES CONSECUTIVAS AL ABORTO, AL EMBARAZO ECTÓPICO Y AL EMBARAZO MOLAR",F,3650,19710,1
O089,"COMPLICACIÓN NO ESPECIFICADA CONSECUTIVA AL ABORTO, AL EMBARAZO ECTÓPICO Y AL EMBARAZO MOLAR",F,3650,19710,1
O100,"HIPERTENSIÓN ESENCIAL PREEXISTENTE QUE COMPLICA EL EMBARAZO, EL PARTO Y EL PUERPERIO",F,3650,19710,1
O101,"ENFERMEDAD CARDÍACA HIPERTENSIVA PREEXISTENTE QUE COMPLICA EL EMBARAZO, EL PARTO Y EL PUERPERIO",F,3650,19710,1
O102,"ENFERMEDAD RENAL HIPERTENSIVA PREEXISTENTE QUE COMPLICA EL EMBARAZO, EL PARTO Y EL PUERPERIO",F,3650,19710,1
O103,"ENFERMEDAD CARDIORRENAL HIPERTENSIVA PREEXISTENTE QUE COMPLICA EL EMBARAZO, EL PARTO Y EL PUERPERIO",F,3650,19710,1
O104,"HIPERTENSIÓN SECUNDARIA PREEXISTENTE QUE COMPLICA EL EMBARAZO, EL PARTO Y EL PUERPERIO",F,3650,19710,1
O109,"HIPERTENSIÓN PREEXISTENTE NO ESPECIFICADA, QUE COMPLICA EL EMBARAZO, EL PARTO Y EL PUERPERIO",F,3650,19710,1
O11,PREECLAMPSIA SUPERPUESTA EN HIPERTENSIÓN CRÓNICA,F,3650,19710,1
O120,EDEMA GESTACIONAL,F,3650,19710,1
O121,PROTEINURIA GESTACIONAL,F,3650,19710,1
O122,EDEMA GESTACIONAL CON PROTEINURIA,F,3650,19710,1
O13,HIPERTENSIÓN GESTACIONAL [INDUCIDA POR EL EMBARAZO],F,3650,19710,1
O140,PREECLAMPSIA LEVE A MODERADA,F,3650,19710,1
O141,PREECLAMPSIA SEVERA,F,3650,19710,1
O142,SÍNDROME HELLP,F,3650,19710,1
O149,"PREECLAMPSIA, NO ESPECIFICADA",F,3650,19710,1
O150,ECLAMPSIA EN EL EMBARAZO,F,3650,19710,1
O151,ECLAMPSIA DURANTE EL TRABAJO DE PARTO,F,3650,19710,1
O152,ECLAMPSIA EN EL PUERPERIO,F,3650,19710,1
O159,"ECLAMPSIA, EN PERÍODO NO ESPECIFICADO",F,3650,19710,1
O16,"HIPERTENSIÓN MATERNA, NO ESPECIFICADA",F,3650,19710,1
O200,AMENAZA DE ABORTO,F,3650,19710,1
O208,OTRAS HEMORRAGIAS PRECOCES DEL EMBARAZO,F,3650,19710,1
O209,"HEMORRAGIA PRECOZ DEL EMBARAZO, SIN OTRA ESPECIFICACIÓN",F,3650,19710,1
O210,HIPEREMESIS GRAVÍDICA LEVE,F,3650,19710,1
O211,HIPEREMESIS GRAVÍDICA CON TRASTORNOS METABÓLICOS,F,3650,19710,1
O212,HIPEREMESIS GRAVÍDICA TARDÍA,F,3650,19710,1
O218,OTROS VÓMITOS QUE COMPLICAN EL EMBARAZO,F,3650,19710,1
O219,"VÓMITOS DEL EMBARAZO, NO ESPECIFICADOS",F,3650,19710,1
O220,VENAS VARICOSAS DE LOS MIEMBROS INFERIORES EN EL EMBARAZO,F,3650,19710,1
O221,VÁRICES GENITALES EN EL EMBARAZO,F,3650,19710,1
O222,TROMBOFLEBITIS SUPERFICIAL EN EL EMBARAZO,F,3650,19710,1
O223,FLEBOTROMBOSIS PROFUNDA EN EL EMBARAZO,F,3650,19710,1
O224,HEMORROIDES EN EL EMBARAZO,F,3650,19710,1
O225,TROMBOSIS VENOSA CEREBRAL EN EL EMBARAZO,F,3650,19710,1
O228,OTRAS COMPLICACIONES VENOSAS EN EL EMBARAZO,F,3650,19710,1
O229,COMPLICACIÓN VENOSA NO ESPECIFICADA EN EL EMBARAZO,F,3650,19710,1
O230,INFECCIÓN DEL RIÑÓN EN EL EMBARAZO,F,3650,19710,1
O231,INFECCIÓN DE LA VEJIGA URINARIA EN EL EMBARAZO,F,3650,19710,1
O232,INFECCIÓN DE LA URETRA EN EL EMBARAZO,F,3650,19710,1
O233,INFECCIÓN DE OTRAS PARTES DE LAS VÍAS URINARIAS EN EL EMBARAZO,F,3650,19710,1
O234,INFECCIÓN NO ESPECIFICADA DE LAS VÍAS URINARIAS EN EL EMBARAZO,F,3650,19710,1
O235,INFECCIÓN GENITAL EN EL EMBARAZO,F,3650,19710,1
O239,OTRAS INFECCIONES Y LAS NO ESPECIFICADAS DE LAS VÍAS GENITOURINARIAS EN EL EMBARAZO,F,3650,19710,1
O240,"DIABETES MELLITUS PREEXISTENTE TIPO 1, EN EL EMBARAZO",F,3650,19710,1
O241,"DIABETES MELLITUS PREEXISTENTE TIPO 2, EN EL EMBARAZO",F,3650,19710,1
O242,"DIABETES MELLITUS PREEXISTENTE RELACIONADA CON DESNUTRICIÓN, EN EL EMBARAZO",F,3650,19710,1
O243,"DIABETES MELLITUS PREEXISTENTE, SIN OTRA ESPECIFICACIÓN, EN EL EMBARAZO",F,3650,19710,1
O244,DIABETES MELLITUS QUE SE ORIGINA CON EL EMBARAZO,F,3650,19710,1
O249,"DIABETES MELLITUS NO ESPECIFICADA, EN EL EMBARAZO",F,3650,19710,1
O25,DESNUTRICIÓN EN EL EMBARAZO,F,3650,19710,1
O260,AUMENTO EXCESIVO DE PESO EN EL EMBARAZO,F,3650,19710,1
O261,AUMENTO PEQUEÑO DE PESO EN EL EMBARAZO,F,3650,19710,1
O262,ATENCIÓN DEL EMBARAZO EN UNA ABORTADORA HABITUAL,F,3650,19710,1
O263,RETENCIÓN DE DISPOSITIVO ANTICONCEPTIVO INTRAUTERINO EN EL EMBARAZO,F,3650,19710,1
O264,HERPES GESTACIONAL,F,3650,19710,1
O265,SÍNDROME DE HIPOTENSIÓN MATERNA,F,3650,19710,1
O266,"TRASTORNOS DEL HÍGADO EN EL EMBARAZO, EL PARTO Y EL PUERPERIO",F,3650,19710,1
O267,"SUBLUXACIÓN DE LA SÍNFISIS (DEL PUBIS) EN EL EMBARAZO, EL PARTO Y EL PUERPERIO",F,3650,19710,1
O268,OTRAS COMPLICACIONES ESPECIFICADAS RELACIONADAS CON EL EMBARAZO,F,3650,19710,1
O269,"COMPLICACIÓN RELACIONADA CON EL EMBARAZO, NO ESPECIFICADA",F,3650,19710,1
O280,HALLAZGO HEMATOLÓGICO ANORMAL EN EL EXAMEN PRENATAL DE LA MADRE,F,3650,19710,1
O281,HALLAZGO BIOQUÍMICO ANORMAL EN EL EXAMEN PRENATAL DE LA MADRE,F,3650,19710,1
O282,HALLAZGO CITOLÓGICO ANORMAL EN EL EXAMEN PRENATAL DE LA MADRE,F,3650,19710,1
O283,HALLAZGO ULTRASÓNICO ANORMAL EN EL EXAMEN PRENATAL DE LA MADRE,F,3650,19710,1
O284,HALLAZGO RADIOLÓGICO ANORMAL EN EL EXAMEN PRENATAL DE LA MADRE,F,3650,19710,1
O285,HALLAZGO CROMOSÓMICO O GENÉTICO ANORMAL EN EL EXAMEN PRENATAL DE LA MADRE,F,3650,19710,1
O288,OTROS HALLAZGOS ANORMALES EN EL EXAMEN PRENATAL DE LA MADRE,F,3650,19710,1
O289,HALLAZGO ANORMAL NO ESPECIFICADO EN EL EXAMEN PRENATAL DE LA MADRE,F,3650,19710,1
O290,COMPLICACIONES PULMONARES DE LA ANESTESIA ADMINISTRADA DURANTE EL EMBARAZO,F,3650,19710,1
O291,COMPLICACIONES CARDÍACAS DE LA ANESTESIA ADMINISTRADA DURANTE EL EMBARAZO,F,3650,19710,1
O292,COMPLICACIONES DEL SISTEMA NERVIOSO CENTRAL DEBIDAS A LA ANESTESIA ADMINISTRADA DURANTE EL EMBARAZO,F,3650,19710,1
O293,REACCIÓN TÓXICA A LA ANESTESIA LOCAL ADMINISTRADA DURANTE EL EMBARAZO,F,3650,19710,1
O294,CEFALALGIA INDUCIDA POR LA ANESTESIA ESPINAL O EPIDURAL ADMINISTRADAS DURANTE EL EMBARAZO,F,3650,19710,1
O295,OTRAS COMPLICACIONES DE LA ANESTESIA ESPINAL O EPIDURAL ADMINISTRADAS DURANTE EL EMBARAZO,F,3650,19710,1
O296,FALLA O DIFICULTAD EN LA INTUBACIÓN DURANTE EL EMBARAZO,F,3650,19710,1
O298,OTRAS COMPLICACIONES DE LA ANESTESIA ADMINISTRADA DURANTE EL EMBARAZO,F,3650,19710,1
O299,COMPLICACIÓN NO ESPECIFICADA DE LA ANESTESIA ADMINISTRADA DURANTE EL EMBARAZO,F,3650,19710,1
O300,EMBARAZO DOBLE,F,3650,19710,1
O301,EMBARAZO TRIPLE,F,3650,19710,1
O302,EMBARAZO CUÁDRUPLE,F,3650,19710,1
O308,OTROS EMBARAZOS MÚLTIPLES,F,3650,19710,1
O309,"EMBARAZO MÚLTIPLE, NO ESPECIFICADO",F,3650,19710,1
O310,FETO PAPIRÁCEO,F,3650,19710,1
O311,EMBARAZO QUE CONTINÚA DESPUÉS DEL ABORTO DE UN FETO O MÁS,F,3650,19710,1
O312,EMBARAZO QUE CONTINÚA DESPUÉS DE LA MUERTE INTRAUTERINA DE UN FETO O MÁS,F,3650,19710,1
O318,OTRAS COMPLICACIONES ESPECÍFICAS DEL EMBARAZO MÚLTIPLE,F,3650,19710,1
O320,ATENCIÓN MATERNA POR POSICIÓN FETAL INESTABLE,F,3650,19710,1
O321,ATENCIÓN MATERNA POR PRESENTACIÓN DE NALGAS,F,3650,19710,1
O322,ATENCIÓN MATERNA POR POSICIÓN FETAL OBLICUA O TRANSVERSA,F,3650,19710,1
O323,"ATENCIÓN MATERNA POR PRESENTACIÓN DE CARA, DE FRENTE O DE MENTÓN",F,3650,19710,1
O324,ATENCIÓN MATERNA POR CABEZA ALTA EN GESTACIÓN A TÉRMINO,F,3650,19710,1
O325,ATENCIÓN MATERNA POR EMBARAZO MÚLTIPLE CON PRESENTACIÓN ANORMAL DE UN FETO O MÁS,F,3650,19710,1
O326,ATENCIÓN MATERNA POR PRESENTACIÓN COMPUESTA,F,3650,19710,1
O328,ATENCIÓN MATERNA POR OTRAS PRESENTACIONES ANORMALES DEL FETO,F,3650,19710,1
O329,ATENCIÓN MATERNA POR PRESENTACIÓN ANORMAL NO ESPECIFICADA DEL FETO,F,3650,19710,1
O330,ATENCIÓN MATERNA POR DESPROPORCIÓN DEBIDA A DEFORMIDAD DE LA PELVIS ÓSEA EN LA MADRE,F,3650,19710,1
O331,ATENCIÓN MATERNA POR DESPROPORCIÓN DEBIDA A ESTRECHEZ GENERAL DE LA PELVIS,F,3650,19710,1
O332,ATENCIÓN MATERNA POR DESPROPORCIÓN DEBIDA A DISMINUCIÓN DEL ESTRECHO SUPERIOR DE LA PELVIS,F,3650,19710,1
O333,ATENCIÓN MATERNA POR DESPROPORCIÓN DEBIDA A DISMINUCIÓN DEL ESTRECHO INFERIOR DE LA PELVIS,F,3650,19710,1
O334,"ATENCIÓN MATERNA POR DESPROPORCIÓN FETOPELVIANA DE ORIGEN MIXTO, MATERNO Y FETAL",F,3650,19710,1
O335,ATENCIÓN MATERNA POR DESPROPORCIÓN DEBIDA A FETO DEMASIADO GRANDE,F,3650,19710,1
O336,ATENCIÓN MATERNA POR DESPROPORCIÓN DEBIDA A FETO HIDROCEFÁLICO,F,3650,19710,1
O337,ATENCIÓN MATERNA POR DESPROPORCIÓN DEBIDA A OTRA DEFORMIDAD FETAL,F,3650,19710,1
O338,ATENCIÓN MATERNA POR DESPROPORCIÓN DE OTRO ORIGEN,F,3650,19710,1
O339,ATENCIÓN MATERNA POR DESPROPORCIÓN DE ORIGEN NO ESPECIFICADO,F,3650,19710,1
O340,ATENCIÓN MATERNA POR ANOMALÍA CONGÉNITA DEL ÚTERO,F,3650,19710,1
O341,ATENCIÓN MATERNA POR TUMOR DEL CUERPO DEL ÚTERO,F,3650,19710,1
O342,ATENCIÓN MATERNA POR CICATRIZ UTERINA DEBIDA A CIRUGÍA PREVIA,F,3650,19710,1
O343,ATENCIÓN MATERNA POR INCOMPETENCIA DEL CUELLO UTERINO,F,3650,19710,1
O344,ATENCIÓN MATERNA POR OTRA ANORMALIDAD DEL CUELLO UTERINO,F,3650,19710,1
O345,ATENCIÓN MATERNA POR OTRAS ANORMALIDADES DEL ÚTERO GRÁVIDO,F,3650,19710,1
O346,ATENCIÓN MATERNA POR ANORMALIDAD DE LA VAGINA,F,3650,19710,1
O347,ATENCIÓN MATERNA POR ANORMALIDAD DE LA VULVA Y DEL PERINEO,F,3650,19710,1
O348,ATENCIÓN MATERNA POR OTRAS ANORMALIDADES DE LOS ÓRGANOS PELVIANOS,F,3650,19710,1
O349,ATENCIÓN MATERNA POR ANORMALIDAD NO ESPECIFICADA DE ÓRGANO PELVIANO,F,3650,19710,1
O350,ATENCIÓN MATERNA POR (PRESUNTA) MALFORMACIÓN DEL SISTEMA NERVIOSO CENTRAL EN EL FETO,F,3650,19710,1
O351,ATENCIÓN MATERNA POR (PRESUNTA) ANORMALIDAD CROMOSÓMICA EN EL FETO,F,3650,19710,1
O352,ATENCIÓN MATERNA POR (PRESUNTA) ENFERMEDAD HEREDITARIA EN EL FETO,F,3650,19710,1
O353,ATENCIÓN MATERNA POR (PRESUNTA) LESIÓN FETAL DEBIDA A ENFERMEDAD VÍRICA EN LA MADRE,F,3650,19710,1
O354,ATENCIÓN MATERNA POR (PRESUNTA) LESIÓN AL FETO DEBIDA AL ALCOHOL,F,3650,19710,1
O355,ATENCIÓN MATERNA POR (PRESUNTA) LESIÓN FETAL DEBIDA A DROGAS,F,3650,19710,1
O356,ATENCIÓN MATERNA POR (PRESUNTA) LESIÓN AL FETO DEBIDA A RADIACIÓN,F,3650,19710,1
O357,ATENCIÓN MATERNA POR (PRESUNTA) LESIÓN FETAL DEBIDA A OTROS PROCEDIMIENTOS MÉDICOS,F,3650,19710,1
O358,ATENCIÓN MATERNA POR OTRAS (PRESUNTAS) ANORMALIDADES Y LESIONES FETALES,F,3650,19710,1
O359,ATENCIÓN MATERNA POR (PRESUNTA) ANORMALIDAD Y LESIÓN FETAL NO ESPECIFICADA,F,3650,19710,1
O360,ATENCIÓN MATERNA POR ISOINMUNIZACIÓN RHESUS,F,3650,19710,1
O361,ATENCIÓN MATERNA POR OTRA ISOINMUNIZACIÓN,F,3650,19710,1
O362,ATENCIÓN MATERNA POR HIDROPESÍA FETAL,F,3650,19710,1
O363,ATENCIÓN MATERNA POR SIGNOS DE HIPOXIA FETAL,F,3650,19710,1
O364,ATENCIÓN MATERNA POR MUERTE INTRAUTERINA,F,3650,19710,1
O365,ATENCIÓN MATERNA POR DÉFICIT DEL CRECIMIENTO FETAL,F,3650,19710,1
O366,ATENCIÓN MATERNA POR CRECIMIENTO FETAL EXCESIVO,F,3650,19710,1
O367,ATENCIÓN MATERNA POR FETO VIABLE EN EMBARAZO ABDOMINAL,F,3650,19710,1
O368,ATENCIÓN MATERNA POR OTROS PROBLEMAS FETALES ESPECIFICADOS,F,3650,19710,1
O369,ATENCIÓN MATERNA POR PROBLEMAS FETALES NO ESPECIFICADOS,F,3650,19710,1
O40,POLIHIDRAMNIOS,F,3650,19710,1
O410,OLIGOHIDRAMNIOS,F,3650,19710,1
O411,INFECCIÓN DE LA BOLSA AMNIÓTICA O DE LAS MEMBRANAS,F,3650,19710,1
O418,OTROS TRASTORNOS ESPECIFICADOS DEL LÍQUIDO AMNIÓTICO Y DE LAS MEMBRANAS,F,3650,19710,1
O419,"TRASTORNO DEL LÍQUIDO AMNIÓTICO Y DE LAS MEMBRANAS, NO ESPECIFICADO",F,3650,19710,1
O420,"RUPTURA PREMATURA DE LAS MEMBRANAS, E INICIO DEL TRABAJO DE PARTO DENTRO DE LAS 24 HORAS",F,3650,19710,1
O421,"RUPTURA PREMATURA DE LAS MEMBRANAS, E INICIO DEL TRABAJO DE PARTO DESPUÉS DE LAS 24 HORAS",F,3650,19710,1
O422,"RUPTURA PREMATURA DE LAS MEMBRANAS, TRABAJO DE PARTO RETRASADO POR LA TERAPÉUTICA",F,3650,19710,1
O429,"RUPTURA PREMATURA DE LAS MEMBRANAS, SIN OTRA ESPECIFICACIÓN",F,3650,19710,1
O430,SÍNDROME DE TRANSFUSIÓN PLACENTARIA,F,3650,19710,1
O431,MALFORMACIÓN DE LA PLACENTA,F,3650,19710,1
O432,PLACENTA ANORMALMENTE ADHERIDA,F,3650,19710,1
O438,OTROS TRASTORNOS PLACENTARIOS,F,3650,19710,1
O439,"TRASTORNO DE LA PLACENTA, NO ESPECIFICADO",F,3650,19710,1
O440,PLACENTA PREVIA CON ESPECIFICACIÓN DE QUE NO HUBO HEMORRAGIA,F,3650,19710,1
O441,PLACENTA PREVIA CON HEMORRAGIA,F,3650,19710,1
O450,DESPRENDIMIENTO PREMATURO DE LA PLACENTA CON DEFECTO DE LA COAGULACIÓN,F,3650,19710,1
O458,OTROS DESPRENDIMIENTOS PREMATUROS DE LA PLACENTA,F,3650,19710,1
O459,"DESPRENDIMIENTO PREMATURO DE LA PLACENTA, SIN OTRA ESPECIFICACIÓN",F,3650,19710,1
O460,HEMORRAGIA ANTEPARTO CON DEFECTO DE LA COAGULACIÓN,F,3650,19710,1
O468,OTRAS HEMORRAGIAS ANTEPARTO,F,3650,19710,1
O469,"HEMORRAGIA ANTEPARTO, NO ESPECIFICADA",F,3650,19710,1
O470,FALSO TRABAJO DE PARTO ANTES DE LAS 37 SEMANAS COMPLETAS DE GESTACIÓN,F,3650,19710,1
O471,FALSO TRABAJO DE PARTO A LAS 37 Y MÁS SEMANAS COMPLETAS DE GESTACIÓN,F,3650,19710,1
O479,"FALSO TRABAJO DE PARTO, SIN OTRA ESPECIFICACIÓN",F,3650,19710,1
O48,EMBARAZO PROLONGADO,F,3650,19710,1
O600,TRABAJO DE PARTO PREMATURO SIN PARTO,F,3650,19710,1
O601,TRABAJO DE PARTO PREMATURO ESPONTÁNEO CON PARTO PREMATURO,F,3650,19710,1
O602,TRABAJO DE PARTO PREMATURO ESPONTÁNEO CON PARTO A TÉRMINO,F,3650,19710,1
O603,PARTO PREMATURO SIN TRABAJO DE PARTO ESPONTÁNEO,F,3650,19710,1
O610,FRACASO DE LA INDUCCIÓN MÉDICA DEL TRABAJO DE PARTO,F,3650,19710,1
O611,FRACASO DE LA INDUCCIÓN INSTRUMENTAL DEL TRABAJO DE PARTO,F,3650,19710,1
O618,OTROS FRACASOS DE LA INDUCCIÓN DEL TRABAJO DE PARTO,F,3650,19710,1
O619,FRACASO NO ESPECIFICADO DE LA INDUCCIÓN DEL TRABAJO DE PARTO,F,3650,19710,1
O620,CONTRACCIONES PRIMARIAS INADECUADAS,F,3650,19710,1
O621,INERCIA UTERINA SECUNDARIA,F,3650,19710,1
O622,OTRAS INERCIAS UTERINAS,F,3650,19710,1
O623,TRABAJO DE PARTO PRECIPITADO,F,3650,19710,1
O624,"CONTRACCIONES UTERINAS HIPERTÓNICAS, INCOORDINADAS Y PROLONGADAS",F,3650,19710,1
O628,OTRAS ANOMALÍAS DINÁMICAS DEL TRABAJO DE PARTO,F,3650,19710,1
O629,"ANOMALÍA DINÁMICA DEL TRABAJO DE PARTO, NO ESPECIFICADA",F,3650,19710,1
O630,PROLONGACIÓN DEL PRIMER PERÍODO (DEL TRABAJO DE PARTO),F,3650,19710,1
O631,PROLONGACIÓN DEL SEGUNDO PERÍODO (DEL TRABAJO DE PARTO),F,3650,19710,1
O632,"RETRASO DE LA EXPULSIÓN DEL SEGUNDO GEMELO, DEL TERCERO, ETC.",F,3650,19710,1
O639,"TRABAJO DE PARTO PROLONGADO, NO ESPECIFICADO",F,3650,19710,1
O640,TRABAJO DE PARTO OBSTRUIDO DEBIDO A ROTACIÓN INCOMPLETA DE LA CABEZA FETAL,F,3650,19710,1
O641,TRABAJO DE PARTO OBSTRUIDO DEBIDO A PRESENTACIÓN DE NALGAS,F,3650,19710,1
O642,TRABAJO DE PARTO OBSTRUIDO DEBIDO A PRESENTACIÓN DE CARA,F,3650,19710,1
O643,TRABAJO DE PARTO OBSTRUIDO DEBIDO A PRESENTACIÓN DE FRENTE,F,3650,19710,1
O644,TRABAJO DE PARTO OBSTRUIDO DEBIDO A PRESENTACIÓN DE HOMBRO,F,3650,19710,1
O645,TRABAJO DE PARTO OBSTRUIDO DEBIDO A PRESENTACIÓN COMPUESTA,F,3650,19710,1
O648,TRABAJO DE PARTO OBSTRUIDO DEBIDO A OTRAS PRESENTACIONES ANORMALES DEL FETO,F,3650,19710,1
O649,TRABAJO DE PARTO OBSTRUIDO DEBIDO A PRESENTACIÓN ANORMAL DEL FETO NO ESPECIFICADA,F,3650,19710,1
O650,TRABAJO DE PARTO OBSTRUIDO DEBIDO A DEFORMIDAD DE LA PELVIS,F,3650,19710,1
O651,TRABAJO DE PARTO OBSTRUIDO DEBIDO A ESTRECHEZ GENERAL DE LA PELVIS,F,3650,19710,1
O652,TRABAJO DE PARTO OBSTRUIDO DEBIDO A DISMINUCIÓN DEL ESTRECHO SUPERIOR DE LA PELVIS,F,3650,19710,1
O653,TRABAJO DE PARTO OBSTRUIDO DEBIDO A DISMINUCIÓN DEL ESTRECHO INFERIOR DE LA PELVIS,F,3650,19710,1
O654,"TRABAJO DE PARTO OBSTRUIDO DEBIDO A DESPROPORCIÓN FETOPELVIANA, SIN OTRA ESPECIFICACIÓN",F,3650,19710,1
O655,TRABAJO DE PARTO OBSTRUIDO DEBIDO A ANOMALÍAS DE LOS ÓRGANOS PELVIANOS MATERNOS,F,3650,19710,1
O658,TRABAJO DE PARTO OBSTRUIDO DEBIDO A OTRAS ANOMALÍAS PELVIANAS MATERNAS,F,3650,19710,1
O659,TRABAJO DE PARTO OBSTRUIDO DEBIDO A ANOMALÍA PELVIANA NO ESPECIFICADA,F,3650,19710,1
O660,TRABAJO DE PARTO OBSTRUIDO DEBIDO A DISTOCIA DE HOMBROS,F,3650,19710,1
O661,TRABAJO DE PARTO OBSTRUIDO DEBIDO A DISTOCIA GEMELAR,F,3650,19710,1
O662,TRABAJO DE PARTO OBSTRUIDO DEBIDO A DISTOCIA POR FETO INUSUALMENTE GRANDE,F,3650,19710,1
O663,TRABAJO DE PARTO OBSTRUIDO DEBIDO A OTRAS ANORMALIDADES DEL FETO,F,3650,19710,1
O664,"FRACASO DE LA PRUEBA DEL TRABAJO DE PARTO, NO ESPECIFICADA",F,3650,19710,1
O665,FRACASO NO ESPECIFICADO DE LA APLICACIÓN DE FÓRCEPS O DE VENTOSA EXTRACTORA,F,3650,19710,1
O668,OTRAS OBSTRUCCIONES ESPECIFICADAS DEL TRABAJO DE PARTO,F,3650,19710,1
O669,"TRABAJO DE PARTO OBSTRUIDO, SIN OTRA ESPECIFICACIÓN",F,3650,19710,1
O670,HEMORRAGIA INTRAPARTO CON DEFECTOS DE LA COAGULACIÓN,F,3650,19710,1
O678,OTRAS HEMORRAGIAS INTRAPARTO,F,3650,19710,1
O679,"HEMORRAGIA INTRAPARTO, NO ESPECIFICADA",F,3650,19710,1
O680,TRABAJO DE PARTO Y PARTO COMPLICADOS POR ANOMALÍA DE LA FRECUENCIA CARDÍACA FETAL,F,3650,19710,1
O681,TRABAJO DE PARTO Y PARTO COMPLICADOS POR LA PRESENCIA DE MECONIO EN EL LÍQUIDO AMNIÓTICO,F,3650,19710,1
O682,TRABAJO DE PARTO Y PARTO COMPLICADOS POR ANOMALÍA DE LA FRECUENCIA CARDÍACA FETAL ASOCIADA CON PRESENCIA DE MECONIO EN EL LÍQUIDO AMNIÓTICO,F,3650,19710,1
O683,TRABAJO DE PARTO Y PARTO COMPLICADOS POR EVIDENCIA BIOQUÍMICA DE SUFRIMIENTO FETAL,F,3650,19710,1
O688,TRABAJO DE PARTO Y PARTO COMPLICADOS POR OTRAS EVIDENCIAS DE SUFRIMIENTO FETAL,F,3650,19710,1
O689,"TRABAJO DE PARTO Y PARTO COMPLICADOS POR SUFRIMIENTO FETAL, SIN OTRA ESPECIFICACIÓN",F,3650,19710,1
O690,TRABAJO DE PARTO Y PARTO COMPLICADOS POR PROLAPSO DEL CORDÓN UMBILICAL,F,3650,19710,1
O691,"TRABAJO DE PARTO Y PARTO COMPLICADOS POR CIRCULAR PERICERVICAL DEL CORDÓN, CON COMPRESIÓN",F,3650,19710,1
O692,TRABAJO DE PARTO Y PARTO COMPLICADOS POR OTROS ENREDOS DEL CORDÓN UMBLICAL CON COMPRESIÓN,F,3650,19710,1
O693,TRABAJO DE PARTO Y PARTO COMPLICADOS POR CORDÓN UMBILICAL CORTO,F,3650,19710,1
O694,TRABAJO DE PARTO Y PARTO COMPLICADOS POR VASA PREVIA,F,3650,19710,1
O695,TRABAJO DE PARTO Y PARTO COMPLICADOS POR LESIÓN VASCULAR DEL CORDÓN,F,3650,19710,1
O698,TRABAJO DE PARTO Y PARTO COMPLICADOS POR OTROS PROBLEMAS DEL CORDÓN UMBILICAL,F,3650,19710,1
O699,TRABAJO DE PARTO Y PARTO COMPLICADOS POR PROBLEMAS NO ESPECIFICADOS DEL CORDÓN UMBILICAL,F,3650,19710,1
O700,DESGARRO PERINEAL DE PRIMER GRADO DURANTE EL PARTO,F,3650,19710,1
O701,DESGARRO PERINEAL DE SEGUNDO GRADO DURANTE EL PARTO,F,3650,19710,1
O702,DESGARRO PERINEAL DE TERCER GRADO DURANTE EL PARTO,F,3650,19710,1
O703,DESGARRO PERINEAL DE CUARTO GRADO DURANTE EL PARTO,F,3650,19710,1
O709,"DESGARRO PERINEAL DURANTE EL PARTO, DE GRADO NO EPECIFICADO",F,3650,19710,1
O710,RUPTURA DEL ÚTERO ANTES DEL INICIO DEL TRABAJO DE PARTO,F,3650,19710,1
O711,RUPTURA DEL ÚTERO DURANTE EL TRABAJO DE PARTO,F,3650,19710,1
O712,"INVERSIÓN DEL ÚTERO, POSTPARTO",F,3650,19710,1
O713,DESGARRO OBSTÉTRICO DEL CUELLO UTERINO,F,3650,19710,1
O714,DESGARRO VAGINAL OBSTÉTRICO ALTO,F,3650,19710,1
O715,OTROS TRAUMATISMOS OBSTÉTRICOS DE LOS ÓRGANOS PELVIANOS,F,3650,19710,1
O716,TRAUMATISMO OBSTÉTRICO DE LOS LIGAMENTOS Y ARTICULACIONES DE LA PELVIS,F,3650,19710,1
O717,HEMATOMA OBSTÉTRICO DE LA PELVIS,F,3650,19710,1
O718,OTROS TRAUMAS OBSTÉTRICOS ESPECIFICADOS,F,3650,19710,1
O719,"TRAUMA OBSTÉTRICO, NO ESPECIFICADO",F,3650,19710,1
O720,HEMORRAGIA DEL TERCER PERÍODO DEL PARTO,F,3650,19710,1
O721,OTRAS HEMORRAGIAS POSTPARTO INMEDIATAS,F,3650,19710,1
O722,HEMORRAGIA POSTPARTO SECUNDARIA O TARDÍA,F,3650,19710,1
O723,DEFECTO DE LA COAGULACIÓN POSTPARTO,F,3650,19710,1
O730,RETENCIÓN DE LA PLACENTA SIN HEMORRAGIA,F,3650,19710,1
O731,"RETENCIÓN DE FRAGMENTOS DE LA PLACENTA O DE LAS MEMBRANAS, SIN HEMORRAGIA",F,3650,19710,1
O740,NEUMONITIS POR ASPIRACIÓN DEBIDA A LA ANESTESIA ADMINISTRADA DURANTE EL TRABAJO DE PARTO Y EL PARTO,F,3650,19710,1
O741,OTRAS COMPLICACIONES PULMONARES DEBIDAS A LA ANESTESIA ADMINISTRADA DURANTE EL TRABAJO DE PARTO Y EL PARTO,F,3650,19710,1
O742,COMPLICACIONES CARDÍACAS DE LA ANESTESIA ADMINISTRADA DURANTE EL TRABAJO DE PARTO Y EL PARTO,F,3650,19710,1
O743,COMPLICACIONES DEL SISTEMA NERVIOSO CENTRAL POR LA ANESTESIA ADMINISTRADA DURANTE EL TRABAJO DE PARTO Y EL PARTO,F,3650,19710,1
O744,REACCIÓN TÓXICA A LA ANESTESIA LOCAL ADMINISTRADA DURANTE EL TRABAJO DE PARTO Y EL PARTO,F,3650,19710,1
O745,CEFALALGIA INDUCIDA POR LA ANESTESIA ESPINAL O EPIDURAL ADMINISTRADAS DURANTE EL TRABAJO DE PARTO Y EL PARTO,F,3650,19710,1
O746,OTRAS COMPLICACIONES DE LA ANESTESIA ESPINAL O EPIDURAL ADMINISTRADAS DURANTE EL TRABAJO DE PARTO Y EL PARTO,F,3650,19710,1
O747,FALLA O DIFICULTAD EN LA INTUBACIÓN DURANTE EL TRABAJO DE PARTO Y EL PARTO,F,3650,19710,1
O748,OTRAS COMPLICACIONES DE LA ANESTESIA ADMINISTRADA DURANTE EL TRABAJO DE PARTO Y EL PARTO,F,3650,19710,1
O749,COMPLICACIÓN NO ESPECIFICADA DE LA ANESTESIA ADMINISTRADA DURANTE EL TRABAJO DE PARTO Y EL PARTO,F,3650,19710,1
O750,SUFRIMIENTO MATERNO DURANTE EL TRABAJO DE PARTO Y EL PARTO,F,3650,19710,1
O751,CHOQUE DURANTE O DESPUÉS DEL TRABAJO DE PARTO Y EL PARTO,F,3650,19710,1
O752,"PIREXIA DURANTE EL TRABAJO DE PARTO, NO CLASIFICADA EN OTRA PARTE",F,3650,19710,1
O753,OTRAS INFECCIONES DURANTE EL TRABAJO DE PARTO,F,3650,19710,1
O754,OTRAS COMPLICACIONES DE PROCEDIMIENTOS Y DE CIRUGÍA OBSTÉTRICA,F,3650,19710,1
O755,RETRASO DEL PARTO DESPUÉS DE LA RUPTURA ARTIFICIAL DE LAS MEMBRANAS,F,3650,19710,1
O756,RETRASO DEL PARTO DESPUÉS DE LA RUPTURA ESPONTÁNEA O NO ESPECIFICADA DE LAS MEMBRANAS,F,3650,19710,1
O757,PARTO VAGINAL POSTERIOR A UNA CESÁREA PREVIA,F,3650,19710,1
O758,OTRAS COMPLICACIONES ESPECIFICADAS DEL TRABAJO DE PARTO Y DEL PARTO,F,3650,19710,1
O759,COMPLICACIÓN NO ESPECIFICADA DEL TRABAJO DE PARTO Y DEL PARTO,F,3650,19710,1
O800,"PARTO ÚNICO ESPONTÁNEO, PRESENTACIÓN CEFÁLICA DE VÉRTICE",F,3650,19710,1
O801,"PARTO ÚNICO ESPONTÁNEO, PRESENTACIÓN DE NALGAS O PODÁLICA",F,3650,19710,1
O808,"PARTO ÚNICO ESPONTÁNEO, OTRAS PRESENTACIONES",F,3650,19710,1
O809,"PARTO ÚNICO ESPONTÁNEO, SIN OTRA ESPECIFICACIÓN",F,3650,19710,1
O810,PARTO CON FÓRCEPS BAJO,F,3650,19710,1
O811,PARTO CON FÓRCEPS MEDIO,F,3650,19710,1
O812,PARTO CON FÓRCEPS MEDIO CON ROTACIÓN,F,3650,19710,1
O813,PARTO CON FÓRCEPS DE OTROS TIPOS Y LOS NO ESPECIFICADOS,F,3650,19710,1
O814,PARTO CON VENTOSA EXTRACTORA,F,3650,19710,1
O815,PARTO CON COMBINACIÓN DE FÓRCEPS Y VENTOSA EXTRACTORA,F,3650,19710,1
O820,PARTO POR CESÁREA ELECTIVA,F,3650,19710,1
O821,PARTO POR CESÁREA DE EMERGENCIA,F,3650,19710,1
O822,PARTO POR CESÁREA CON HISTERECTOMÍA,F,3650,19710,1
O828,OTROS PARTOS ÚNICOS POR CESÁREA,F,3650,19710,1
O829,"PARTO POR CESÁREA, SIN OTRA ESPECIFICACIÓN",F,3650,19710,1
O830,EXTRACCIÓN DE NALGAS,F,3650,19710,1
O831,"OTROS PARTOS ÚNICOS ASISTIDOS, DE NALGAS",F,3650,19710,1
O832,OTROS PARTOS ÚNICOS CON AYUDA DE MANIPULACIÓN OBSTÉTRICA,F,3650,19710,1
O833,PARTO DE FETO VIABLE EN EMBARAZO ABDOMINAL,F,3650,19710,1
O834,OPERACIÓN DESTRUCTIVA PARA FACILITAR EL PARTO,F,3650,19710,1
O838,OTROS PARTOS ÚNICOS ASISTIDOS ESPECIFICADOS,F,3650,19710,1
O839,"PARTO ÚNICO ASISTIDO, SIN OTRA ESPECIFICACIÓN",F,3650,19710,1
O840,"PARTO MÚLTIPLE, TODOS ESPONTÁNEOS",F,3650,19710,1
O841,"PARTO MÚLTIPLE, TODOS POR FÓRCEPS Y VENTOSA EXTRACTORA",F,3650,19710,1
O842,"PARTO MÚLTIPLE, TODOS POR CESÁREA",F,3650,19710,1
O848,OTROS PARTOS MÚLTIPLES,F,3650,19710,1
O849,"PARTO MÚLTIPLE, NO ESPECIFICADO",F,3650,19710,1
O85,SEPSIS PUERPERAL,F,3650,19710,1
O860,INFECCIÓN DE HERIDA QUIRÚRGICA OBSTÉTRICA,F,3650,19710,1
O861,OTRAS INFECCIONES GENITALES CONSECUTIVAS AL PARTO,F,3650,19710,1
O862,INFECCIÓN DE LAS VÍAS URINARIAS CONSECUTIVA AL PARTO,F,3650,19710,1
O863,OTRAS INFECCIONES DE LAS VÍAS GENITOURINARIAS CONSECUTIVAS AL PARTO,F,3650,19710,1
O864,PIREXIA DE ORIGEN DESCONOCIDO CONSECUTIVA AL PARTO,F,3650,19710,1
O868,OTRAS INFECCIONES PUERPERALES ESPECIFICADAS,F,3650,19710,1
O870,TROMBOFLEBITIS SUPERFICIAL EN EL PUERPERIO,F,3650,19710,1
O871,FLEBOTROMBOSIS PROFUNDA EN EL PUERPERIO,F,3650,19710,1
O872,HEMORROIDES EN EL PUERPERIO,F,3650,19710,1
O873,TROMBOSIS VENOSA CEREBRAL EN EL PUERPERIO,F,3650,19710,1
O878,OTRAS COMPLICACIONES VENOSAS EN EL PUERPERIO,F,3650,19710,1
O879,"COMPLICACIÓN VENOSA EN EL PUERPERIO, NO ESPECIFICADA",F,3650,19710,1
O880,"EMBOLIA GASEOSA, OBSTÉTRICA",F,3650,19710,1
O881,EMBOLIA DE LÍQUIDO AMNIÓTICO,F,3650,19710,1
O882,"EMBOLIA DE COÁGULO SANGUÍNEO, OBSTÉTRICA",F,3650,19710,1
O883,"EMBOLIA SÉPTICA Y PIÉMICA, OBSTÉTRICA",F,3650,19710,1
O888,OTRAS EMBOLIAS OBSTÉTRICAS,F,3650,19710,1
O890,COMPLICACIONES PULMONARES DE LA ANESTESIA ADMINISTRADA DURANTE EL PUERPERIO,F,3650,19710,1
O891,COMPLICACIONES CARDÍACAS DE LA ANESTESIA ADMINISTRADA DURANTE EL PUERPERIO,F,3650,19710,1
O892,COMPLICACIONES DEL SISTEMA NERVIOSO CENTRAL DEBIDAS A LA ANESTESIA ADMINISTRADA DURANTE EL PUERPERIO,F,3650,19710,1
O893,REACCIÓN TÓXICA A LA ANESTESIA LOCAL ADMINISTRADA DURANTE EL PUERPERIO,F,3650,19710,1
O894,CEFALALGIA INDUCIDA POR LA ANESTESIA ESPINAL O EPIDURAL ADMINISTRADAS DURANTE EL PUERPERIO,F,3650,19710,1
O895,OTRAS COMPLICACIONES DE LA ANESTESIA ESPINAL O EPIDURAL ADMINISTRADAS DURANTE EL PUERPERIO,F,3650,19710,1
O896,FALLA O DIFICULTAD DE INTUBACIÓN DURANTE EL PUERPERIO,F,3650,19710,1
O898,OTRAS COMPLICACIONES DE LA ANESTESIA ADMINISTRADA DURANTE EL PUERPERIO,F,3650,19710,1
O899,COMPLICACIÓN NO ESPECIFICADA DE LA ANESTESIA ADMINISTRADA DURANTE EL PUERPERIO,F,3650,19710,1
O900,DEHISCENCIA DE SUTURA DE CESÁREA,F,3650,19710,1
O901,DEHISCENCIA DE SUTURA OBSTÉTRICA PERINEAL,F,3650,19710,1
O902,HEMATOMA DE HERIDA QUIRÚRGICA OBSTÉTRICA,F,3650,19710,1
O903,CARDIOMIOPATÍA EN EL PUERPERIO,F,3650,19710,1
O904,INSUFICIENCIA RENAL AGUDA POSTPARTO,F,3650,19710,1
O905,TIROIDITIS POSTPARTO,F,3650,19710,1
O908,"OTRAS COMPLICACIONES PUERPERALES, NO CLASIFICADAS EN OTRA PARTE",F,3650,19710,1
O909,"COMPLICACIÓN PUERPERAL, NO ESPECIFICADA",F,3650,19710,1
O910,INFECCIONES DEL PEZÓN ASOCIADOS CON EL PARTO,F,3650,19710,1
O911,ABSCESO DE LA MAMA ASOCIADO CON EL PARTO,F,3650,19710,1
O912,MASTITIS NO PURULENTA ASOCIADA CON EL PARTO,F,3650,19710,1
O920,RETRACCIÓN DEL PEZÓN ASOCIADA CON EL PARTO,F,3650,19710,1
O921,FISURAS DEL PEZÓN ASOCIADAS CON EL PARTO,F,3650,19710,1
O922,OTROS TRASTORNOS DE LA MAMA Y LOS NO ESPECIFICADOS ASOCIADOS CON EL PARTO,F,3650,19710,1
O923,AGALACTIA,F,3650,19710,1
O924,HIPOGALACTIA,F,3650,19710,1
O925,SUPRESIÓN DE LA LACTANCIA,F,3650,19710,1
O926,GALACTORREA,F,3650,19710,1
O927,OTROS TRASTORNOS Y LOS NO ESPECIFICADOS DE LA LACTANCIA,F,3650,19710,1
O94,"SECUELAS DE COMPLICACIONES DEL EMBARAZO, DEL PARTO Y DEL PUERPERIO",F,3650,19710,1
O95,MUERTE OBSTÉTRICA DE CAUSA NO ESPECIFICADA,F,3650,19710,0
O960,MUERTE POR CAUSA OBSTÉTRICA DIRECTA QUE OCURRE DESPUÉS DE 42 DÍAS PERO ANTES DE UN AÑO DEL PARTO,F,3650,19710,0
O961,MUERTE POR CAUSA OBSTÉTRICA INDIRECTA QUE OCURRE DESPUÉS DE 42 DÍAS PERO ANTES DE UN AÑO DEL PARTO,F,3650,19710,0
O969,"MUERTE POR CAUSA OBSTÉTRICA NO ESPECIFICADA, QUE OCURRE DESPUÉS DE 42 DÍAS PERO ANTES DE UN AÑO DEL PARTO",F,3650,19710,0
O970,MUERTE POR SECUELAS DE CAUSA OBSTÉTRICA DIRECTA,F,3650,19710,0
O971,MUERTE POR SECUELAS DE CAUSA OBSTÉTRICA INDIRECTA,F,3650,19710,0
O979,MUERTE POR SECUELAS DE CAUSA OBSTÉTRICA NO ESPECIFICADA,F,3650,19710,0
O980,"TUBERCULOSIS QUE COMPLICA EL EMBARAZO, EL PARTO Y EL PUERPERIO",F,3650,19710,1
O981,"SÍFILIS QUE COMPLICA EL EMBARAZO, EL PARTO Y EL PUERPERIO",F,3650,19710,1
O982,"GONORREA QUE COMPLICA EL EMBARAZO, EL PARTO Y EL PUERPERIO",F,3650,19710,1
O983,"OTRAS INFECCIONES CON UN MODO DE TRANSMISIÓN PREDOMINANTEMENTE SEXUAL QUE COMPLICAN EL EMBARAZO, PARTO Y PUERPERIO",F,3650,19710,1
O984,"HEPATITIS VIRAL QUE COMPLICA EL EMBARAZO, EL PARTO Y EL PUERPERIO",F,3650,19710,1
O985,"OTRAS ENFERMEDADES VIRALES QUE COMPLICAN EL EMBARAZO, EL PARTO Y EL PUERPERIO",F,3650,19710,1
O986,"ENFERMEDADES CAUSADAS POR PROTOZOARIOS QUE COMPLICAN EL EMBARAZO, EL PARTO Y EL PUERPERIO",F,3650,19710,1
O987,"ENFERMEDAD POR VIRUS DE LA INMUNODEFICIENCIA HUMANA [VIH] QUE COMPLICA EL EMBARAZO, EL PARTO Y EL PUERPERIO",F,3650,19710,1
O988,"OTRAS ENFERMEDADES INFECCIOSAS Y PARASITARIAS MATERNAS QUE COMPLICAN EL EMBARAZO, EL PARTO Y EL PUERPERIO",F,3650,19710,1
O989,"ENFERMEDAD INFECCIOSA Y PARASITARIA MATERNA NO ESPECIFICADA QUE COMPLICA EL EMBARAZO, EL PARTO Y EL PUERPERIO",F,3650,19710,1
O990,"ANEMIA QUE COMPLICA EL EMBARAZO, EL PARTO Y EL PUERPERIO",F,3650,19710,1
O991,"OTRAS ENFERMEDADES DE LA SANGRE Y ÓRGANOS HEMATOPOYÉTICOS Y CIERTOS TRASTORNOS QUE AFECTAN EL SISTEMA INMUNITARIO CUANDO COMPLICAN EL EMBARAZO, EL PARTO Y PUERPERIO",F,3650,19710,1
O992,"ENFERMEDADES ENDOCRINAS, DE LA NUTRICIÓN Y DEL METABOLISMO QUE COMPLICAN EL EMBARAZO, EL PARTO Y EL PUERPERIO",F,3650,19710,1
O993,"TRASTORNOS MENTALES Y ENFERMEDADES DEL SISTEMA NERVIOSO QUE COMPLICAN EL EMBARAZO, EL PARTO Y EL PUERPERIO",F,3650,19710,1
O994,"ENFERMEDADES DEL SISTEMA CIRCULATORIO QUE COMPLICAN EL EMBARAZO, EL PARTO Y EL PURPERIO",F,3650,19710,1
O995,"ENFERMEDADES DEL SISTEMA RESPIRATORIO QUE COMPLICAN EL EMBARAZO, EL PARTO Y EL PUERPERIO",F,3650,19710,1
O996,"ENFERMEDADES DEL SISTEMA DIGESTIVO QUE COMPLICAN EL EMBARAZO, EL PARTO Y EL PUERPERIO",F,3650,19710,1
O997,"ENFERMEDADES DE LA PIEL Y DEL TEJIDO SUBCUTÁNEO QUE COMPLICAN EL EMBARAZO, EL PARTO Y EL PUERPERIO",F,3650,19710,1
O998,"OTRAS ENFERMEDADES ESPECIFICADAS Y AFECCIONES QUE COMPLICAN EL EMBARAZO, EL PARTO Y EL PUERPERIO",F,3650,19710,1
P000,FETO Y RECIÉN NACIDO AFECTADOS POR TRASTORNOS HIPERTENSIVOS DE LA MADRE,,0,330,1
P001,FETO Y RECIÉN NACIDO AFECTADOS POR ENFERMEDADES RENALES Y DE LAS VÍAS URINARIAS DE LA MADRE,,0,330,1
P002,FETO Y RECIÉN NACIDO AFECTADOS POR ENFERMEDADES INFECCIOSAS Y PARASITARIAS DE LA MADRE,,0,330,1
P003,FETO Y RECIÉN NACIDO AFECTADOS POR OTRAS ENFERMEDADES CIRCULATORIAS Y RESPIRATORIAS DE LA MADRE,,0,330,1
P004,FETO Y RECIÉN NACIDO AFECTADOS POR TRASTORNOS NUTRICIONALES DE LA MADRE,,0,330,1
P005,FETO Y RECIÉN NACIDO AFECTADOS POR TRAUMATISMO DE LA MADRE,,0,330,1
P006,FETO Y RECIÉN NACIDO AFECTADOS POR PROCEDIMIENTO QUIRÚRGICO EN LA MADRE,,0,330,1
P007,"FETO Y RECIÉN NACIDO AFECTADOS POR OTRO PROCEDIMIENTO MÉDICO EN LA MADRE, NO CLASIFICADO EN OTRA PARTE",,0,330,1
P008,FETO Y RECIÉN NACIDO AFECTADOS POR OTRAS AFECCIONES MATERNAS,,0,330,1
P009,FETO Y RECIÉN NACIDO AFECTADOS POR AFECCIÓN MATERNA NO ESPECIFICADA,,0,330,1
P010,FETO Y RECIÉN NACIDO AFECTADOS POR INCOMPETENCIA DEL CUELLO UTERINO,,0,330,1
P011,FETO Y RECIÉN NACIDO AFECTADOS POR RUPTURA PREMATURA DE LAS MEMBRANAS,,0,330,1
P012,FETO Y RECIÉN NACIDO AFECTADOS POR OLIGOHIDRAMNIOS,,0,330,1
P013,FETO Y RECIÉN NACIDO AFECTADOS POR POLIHIDRAMNIOS,,0,330,1
P014,FETO Y RECIÉN NACIDO AFECTADOS POR EMBARAZO ECTÓPICO,,0,330,1
P015,FETO Y RECIÉN NACIDO AFECTADOS POR EMBARAZO MÚLTIPLE,,0,330,1
P016,FETO Y RECIÉN NACIDO AFECTADOS POR MUERTE MATERNA,,0,330,1
P017,FETO Y RECIÉN NACIDO AFECTADOS POR PRESENTACIÓN ANÓMALA ANTES DEL TRABAJO DE PARTO,,0,330,1
P018,FETO Y RECIÉN NACIDO AFECTADOS POR OTRAS COMPLICACIONES MATERNAS DEL EMBARAZO,,0,330,1
P019,FETO Y RECIÉN NACIDO AFECTADOS POR COMPLICACIONES MATERNAS NO ESPECIFICADAS DEL EMBARAZO,,0,330,1
P020,FETO Y RECIÉN NACIDO AFECTADOS POR PLACENTA PREVIA,,0,330,1
P021,FETO Y RECIÉN NACIDO AFECTADOS POR OTRAS FORMAS DE DESPRENDIMIENTO Y DE HEMORRAGIA PLACENTARIOS,,0,330,1
P022,FETO Y RECIÉN NACIDO AFECTADOS POR OTRAS ANORMALIDADES MORFOLÓGICAS Y FUNCIONALES DE LA PLACENTA Y LAS NO ESPECIFICADAS,,0,330,1
P023,FETO Y RECIÉN NACIDO AFECTADOS POR SÍNDROMES DE TRANSFUSIÓN PLACENTARIA,,0,330,1
P024,FETO Y RECIÉN NACIDO AFECTADOS POR PROLAPSO DEL CORDÓN UMBILICAL,,0,330,1
P025,FETO Y RECIÉN NACIDO AFECTADOS POR OTRA COMPRESIÓN DEL CORDÓN UMBILICAL,,0,330,1
P026,FETO Y RECIÉN NACIDO AFECTADOS POR OTRAS COMPLICACIONES DEL CORDÓN UMBILICAL Y LAS NO ESPECIFICADAS,,0,330,1
P027,FETO Y RECIÉN NACIDO AFECTADOS POR CORIOAMNIONITIS,,0,330,1
P028,FETO Y RECIÉN NACIDO AFECTADOS POR OTRAS ANORMALIDADES DE LAS MEMBRANAS,,0,330,1
P029,FETO Y RECIÉN NACIDO AFECTADOS POR ANORMALIDAD NO ESPECIFICADA DE LAS MEMBRANAS,,0,330,1
P030,FETO Y RECIÉN NACIDO AFECTADOS POR PARTO Y EXTRACCIÓN DE NALGAS,,0,330,1
P031,"FETO Y RECIÉN NACIDO AFECTADOS POR OTRA PRESENTACIÓN ANÓMALA, POSICIÓN ANÓMALA Y DESPROPORCIÓN DURANTE EL TRABAJO DE PARTO Y EL PARTO",,0,330,1
P032,FETO Y RECIÉN NACIDO AFECTADOS POR PARTO CON FÓRCEPS,,0,330,1
P033,FETO Y RECIÉN NACIDO AFECTADOS POR PARTO CON VENTOSA EXTRACTORA,,0,330,1
P034,FETO Y RECIÉN NACIDO AFECTADOS POR PARTO POR CESÁREA,,0,330,1
P035,FETO Y RECIÉN NACIDO AFECTADOS POR PARTO PRECIPITADO,,0,330,1
P036,FETO Y RECIÉN NACIDO AFECTADOS POR CONTRACCIONES UTERINAS ANORMALES,,0,330,1
P038,FETO Y RECIÉN NACIDO AFECTADOS POR OTRAS COMPLICACIONES ESPECIFICADAS DEL TRABAJO DE PARTO Y DEL PARTO,,0,330,1
P039,FETO Y RECIÉN NACIDO AFECTADOS POR COMPLICACIONES NO ESPECIFICADAS DEL TRABAJO DE PARTO Y DEL PARTO,,0,330,1
P040,"FETO Y RECIÉN NACIDO AFECTADOS POR ANESTESIA Y ANALGESIA MATERNA EN EL EMBARAZO, TRABAJO DE PARTO Y EN EL PARTO",,0,330,1
P041,FETO Y RECIÉN NACIDO AFECTADOS POR OTRAS MEDICACIONES MATERNAS,,0,330,1
P042,FETO Y RECIÉN NACIDO AFECTADOS POR TABAQUISMO DE LA MADRE,,0,330,1
P043,FETO Y RECIÉN NACIDO AFECTADOS POR ALCOHOLISMO DE LA MADRE,,0,330,1
P044,FETO Y RECIÉN NACIDO AFECTADOS POR DROGADICCIÓN MATERNA,,0,330,1
P045,FETO Y RECIÉN NACIDO AFECTADOS POR EL USO MATERNO DE SUSTANCIAS QUÍMICAS NUTRICIONALES,,0,330,1
P046,FETO Y RECIÉN NACIDO AFECTADOS POR EXPOSICIÓN MATERNA A SUSTANCIAS QUÍMICAS AMBIENTALES,,0,330,1
P048,FETO Y RECIÉN NACIDO AFECTADOS POR OTRAS INFLUENCIAS NOCIVAS DE LA MADRE,,0,330,1
P049,"FETO Y RECIÉN NACIDO AFECTADOS POR INFLUENCIAS NOCIVAS DE LA MADRE, NO ESPECIFICADAS",,0,330,1
P050,BAJO PESO PARA LA EDAD GESTACIONAL,,0,330,1
P051,PEQUEÑO PARA LA EDAD GESTACIONAL,,0,330,1
P052,"DESNUTRICIÓN FETAL, SIN MENCIÓN DE PESO O TALLA BAJOS PARA LA EDAD GESTACIONAL",,0,330,1
P059,"RETARDO DEL CRECIMIENTO FETAL, NO ESPECIFICADO",,0,330,1
P070,PESO EXTREMADAMENTE BAJO AL NACER,,0,330,1
P071,OTRO PESO BAJO AL NACER,,0,330,1
P072,INMATURIDAD EXTREMA,,0,330,1
P073,OTROS RECIÉN NACIDOS PRETÉRMINO,,0,330,1
P080,RECIÉN NACIDO EXCEPCIONALMENTE GRANDE,,0,330,1
P081,OTROS RECIÉN NACIDOS CON SOBREPESO PARA LA EDAD GESTACIONAL,,0,330,1
P082,RECIÉN NACIDO POSTÉRMINO SIN SOBREPESO PARA SU EDAD GESTACIONAL,,0,330,1
P100,HEMORRAGIA SUBDURAL DEBIDA A TRAUMATISMO DEL NACIMIENTO,,0,27,1
P101,HEMORRAGIA CEREBRAL DEBIDA A TRAUMATISMO DEL NACIMIENTO,,0,27,1
P102,HEMORRAGIA INTRAVENTRICULAR DEBIDA A TRAUMATISMO DEL NACIMIENTO,,0,27,1
P103,HEMORRAGIA SUBARACNOIDEA DEBIDA A TRAUMATISMO DEL NACIMIENTO,,0,27,1
P104,DESGARRO TENTORIAL DEBIDO A TRAUMATISMO DEL NACIMIENTO,,0,27,1
P108,OTRAS HEMORRAGIAS Y LACERACIONES INTRACRANEALES DEBIDAS A TRAUMATISMO DEL NACIMIENTO,,0,27,1
P109,"HEMORRAGIA Y LACERACIÓN INTRACRANEALES NO ESPECIFICADAS, DEBIDAS A TRAUMATISMO DEL NACIMIENTO",,0,27,1
P110,EDEMA CEREBRAL DEBIDO A TRAUMATISMO DEL NACIMIENTO,,0,330,1
P111,"OTRAS LESIONES ESPECIFICADAS DEL ENCÉFALO, DEBIDAS A TRAUMATISMO DEL NACIMIENTO",,0,330,1
P112,"LESIÓN NO ESPECIFICADA DEL ENCÉFALO, DEBIDA A TRAUMATISMO DEL NACIMIENTO",,0,330,1
P113,TRAUMATISMO DEL NACIMIENTO EN EL NERVIO FACIAL,,0,330,1
P114,TRAUMATISMO DEL NACIMIENTO EN OTROS NERVIOS CRANEALES,,0,330,1
P115,TRAUMATISMO DEL NACIMIENTO EN LA COLUMNA VERTEBRAL Y EN LA MÉDULA ESPINAL,,0,330,1
P119,"TRAUMATISMO DEL NACIMIENTO EN EL SISTEMA NERVIOSO CENTRAL, NO ESPECIFICADO",,0,330,1
P120,CEFALOHEMATOMA DEBIDO A TRAUMATISMO DEL NACIMIENTO,,0,27,1
P121,CAPUT SUCCEDANEUM DEBIDO A TRAUMATISMO DEL NACIMIENTO,,0,27,1
P122,HEMORRAGIA EPICRANEAL SUBAPONEURÓTICA DEBIDA A TRAUMATISMO DEL NACIMIENTO,,0,27,1
P123,EQUIMOSIS DEL CUERO CABELLUDO DEBIDA A TRAUMATISMO DEL NACIMIENTO,,0,27,1
P124,TRAUMATISMO EN EL CUERO CABELLUDO DEL RECIÉN NACIDO POR MONITOREO FETAL,,0,27,1
P128,OTROS TRAUMATISMOS DEL NACIMIENTO EN EL CUERO CABELLUDO,,0,27,1
P129,"TRAUMATISMO DEL NACIMIENTO EN EL CUERO CABELLUDO, NO ESPECIFICADO",,0,27,1
P130,FRACTURA DEL CRÁNEO DEBIDA A TRAUMATISMO DEL NACIMIENTO,,0,330,1
P131,OTROS TRAUMATISMOS DEL CRÁNEO DURANTE EL NACIMIENTO,,0,330,1
P132,TRAUMATISMO DEL FÉMUR DURANTE EL NACIMIENTO,,0,330,1
P133,TRAUMATISMO DE OTROS HUESOS LARGOS DURANTE EL NACIMIENTO,,0,330,1
P134,FRACTURA DE LA CLAVÍCULA DEBIDA A TRAUMATISMO DEL NACIMIENTO,,0,330,1
P138,TRAUMATISMO DEL NACIMIENTO EN OTRAS PARTES DEL ESQUELETO,,0,330,1
P139,TRAUMATISMO NO ESPECIFICADO DEL ESQUELETO DURANTE EL NACIMIENTO,,0,330,1
P140,PARÁLISIS DE ERB DEBIDA A TRAUMATISMO DEL NACIMIENTO,,0,330,1
P141,PARÁLISIS DE KLUMPKE DEBIDA A TRAUMATISMO DEL NACIMIENTO,,0,330,1
P142,PARÁLISIS DEL NERVIO FRÉNICO DEBIDA A TRAUMATISMO DEL NACIMIENTO,,0,330,1
P143,OTRO TRAUMATISMO DEL PLEXO BRAQUIAL DURANTE EL NACIMIENTO,,0,330,1
P148,TRAUMATISMO DURANTE EL NACIMIENTO EN OTRAS PARTES DEL SISTEMA NERVIOSO PERIFÉRICO,,0,330,1
P149,TRAUMATISMO NO ESPECIFICADO DEL SISTEMA NERVIOSO PERIFÉRICO DURANTE EL NACIMIENTO,,0,330,1
P150,LESIÓN DEL HÍGADO DURANTE EL NACIMIENTO,,0,330,1
P151,LESIÓN DEL BAZO DURANTE EL NACIMIENTO,,0,330,1
P152,TRAUMATISMO DEL MÚSCULO ESTERNOCLEIDOMASTOIDEO DURANTE EL NACIMIENTO,,0,330,1
P153,TRAUMATISMO OCULAR DURANTE EL NACIMIENTO,,0,330,1
P154,TRAUMATISMO FACIAL DURANTE EL NACIMIENTO,,0,330,1
P155,TRAUMATISMO DE LOS GENITALES EXTERNOS DURANTE EL NACIMIENTO,,0,330,1
P156,NECROSIS GRASA SUBCUTÁNEA DEBIDA A TRAUMATISMO DEL NACIMIENTO,,0,330,1
P158,"OTROS TRAUMATISMOS ESPECIFICADOS, DURANTE EL NACIMIENTO",,0,330,1
P159,"TRAUMATISMO NO ESPECIFICADO, DURANTE EL NACIMIENTO",,0,330,1
P200,HIPOXIA INTRAUTERINA NOTADA POR PRIMERA VEZ ANTES DEL INICIO DEL TRABAJO DE PARTO,,0,330,1
P201,HIPOXIA INTRAUTERINA NOTADA POR PRIMERA VEZ DURANTE EL TRABAJO DE PARTO Y EL PARTO,,0,330,1
P209,"HIPOXIA INTRAUTERINA, NO ESPECIFICADA",,0,330,1
P210,"ASFIXIA DEL NACIMIENTO, SEVERA",,0,330,1
P211,"ASFIXIA DEL NACIMIENTO, LEVE Y MODERADA",,0,330,1
P219,"ASFIXIA DEL NACIMIENTO, NO ESPECIFICADA",,0,330,1
P220,SÍNDROME DE DIFICULTAD RESPIRATORIA DEL RECIÉN NACIDO,,0,330,1
P221,TAQUIPNEA TRANSITORIA DEL RECIÉN NACIDO,,0,330,1
P228,OTRAS DIFICULTADES RESPIRATORIAS DEL RECIÉN NACIDO,,0,330,1
P229,"DIFICULTAD RESPIRATORIA DEL RECIÉN NACIDO, NO ESPECIFICADA",,0,330,1
P230,NEUMONÍA CONGÉNITA DEBIDA A AGENTE VIRAL,,0,330,1
P231,NEUMONÍA CONGÉNITA DEBIDA A CHLAMYDIA,,0,330,1
P232,NEUMONÍA CONGÉNITA DEBIDA A ESTAFILOCOCOS,,0,330,1
P233,NEUMONÍA CONGÉNITA DEBIDA A ESTREPTOCOCOS DEL GRUPO B,,0,330,1
P234,NEUMONÍA CONGÉNITA DEBIDA A ESCHERICHIA COLI,,0,330,1
P235,NEUMONÍA CONGÉNITA DEBIDA A PSEUDOMONAS,,0,330,1
P236,NEUMONÍA CONGÉNITA DEBIDA A OTROS AGENTES BACTERIANOS,,0,330,1
P238,NEUMONÍA CONGÉNITA DEBIDA A OTROS ORGANISMOS,,0,330,1
P239,"NEUMONÍA CONGÉNITA, ORGANISMO NO ESPECIFICADO",,0,330,1
P240,ASPIRACIÓN NEONATAL DE MECONIO,,0,330,1
P241,ASPIRACIÓN NEONATAL DE LÍQUIDO AMNIÓTICO Y DE MOCO,,0,330,1
P242,ASPIRACIÓN NEONATAL DE SANGRE,,0,330,1
P243,ASPIRACIÓN NEONATAL DE LECHE Y ALIMENTO REGURGITADO,,0,330,1
P248,OTROS SÍNDROMES DE ASPIRACIÓN NEONATAL,,0,330,1
P249,"SÍNDROME DE ASPIRACIÓN NEONATAL, SIN OTRA ESPECIFICACIÓN",,0,330,1
P250,ENFISEMA INTERSTICIAL ORIGINADO EN EL PERÍODO PERINATAL,,0,330,1
P251,NEUMOTÓRAX ORIGINADO EN EL PERÍODO PERINATAL,,0,330,1
P252,NEUMOMEDIASTINO ORIGINADO EN EL PERÍODO PERINATAL,,0,330,1
P253,NEUMOPERICARDIO ORIGINADO EN EL PERÍODO PERINATAL,,0,330,1
P258,"OTRAS AFECCIONES RELACIONADAS CON EL ENFISEMA INTERSTICIAL, ORIGINADAS EN EL PERÍODO PERINATAL",,0,330,1
P260,HEMORRAGIA TRAQUEOBRONQUIAL ORIGINADA EN EL PERÍODO PERINATAL,,0,330,1
P261,HEMORRAGIA PULMONAR MASIVA ORIGINADA EN EL PERÍODO PERINATAL,,0,330,1
P268,OTRAS HEMORRAGIAS PULMONARES ORIGINADAS EN EL PERÍODO PERINATAL,,0,330,1
P269,"HEMORRAGIA PULMONAR NO ESPECIFICADA, ORIGINADA EN EL PERÍODO PERINATAL",,0,330,1
P270,SÍNDROME DE WILSON-MIKITY,,0,330,1
P271,DISPLASIA BRONCOPULMONAR ORIGINADA EN EL PERÍODO PERINATAL,,0,330,1
P278,OTRAS ENFERMEDADES RESPIRATORIAS CRÓNICAS ORIGINADAS EN EL PERÍODO PERINATAL,,0,330,1
P279,ENFERMEDAD RESPIRATORIA CRÓNICA NO ESPECIFICADA ORIGINADA EN EL PERÍODO PERINATAL,,0,330,1
P280,ATELECTASIA PRIMARIA DEL RECIÉN NACIDO,,0,330,1
P281,OTRAS ATELECTASIAS DEL RECIÉN NACIDO Y LAS NO ESPECIFICADAS,,0,330,1
P282,ATAQUE CIÁNOTICO DEL RECIÉN NACIDO,,0,330,1
P283,APNEA PRIMARIA DEL SUEÑO DEL RECIÉN NACIDO,,0,330,1
P284,OTRAS APNEAS DEL RECIÉN NACIDO,,0,330,1
P285,INSUFICIENCIA RESPIRATORIA DEL RECIÉN NACIDO,,0,330,1
P288,OTROS PROBLEMAS RESPIRATORIOS ESPECIFICADOS DEL RECIÉN NACIDO,,0,330,1
P289,AFECCIÓN RESPIRATORIA NO ESPECIFICADA DEL RECIÉN NACIDO,,0,330,1
P290,INSUFICIENCIA CARDÍACA NEONATAL,,0,330,1
P291,DISRITMIA CARDÍACA NEONATAL,,0,330,1
P292,HIPERTENSIÓN NEONATAL,,0,330,1
P293,PERSISTENCIA DE LA CIRCULACIÓN FETAL,,0,330,1
P294,ISQUEMIA MIOCÁRDICA TRANSITORIA DEL RECIÉN NACIDO,,0,330,1
P298,OTROS TRASTORNOS CARDIOVASCULARES ORIGINADOS EN EL PERÍODO PERINATAL,,0,330,1
P299,"TRASTORNO CARDIOVASCULAR NO ESPECIFICADO, ORIGINADO EN EL PERÍODO PERINATAL",,0,330,1
P350,SÍNDROME DE RUBÉOLA CONGÉNITA,,0,330,1
P351,INFECCIÓN CITOMEGALOVÍRICA CONGÉNITA,,0,330,1
P352,INFECCIONES CONGÉNITAS POR VIRUS DEL HERPES SIMPLE,,0,330,1
P353,HEPATITIS VIRAL CONGÉNITA,,0,330,1
P354,"ENFERMEDAD POR EL VIRUS DEL ZIKA, CONGÉNITA",,0,330,1
P358,OTRAS ENFERMEDADES VIRALES CONGÉNITAS,,0,330,1
P359,"ENFERMEDAD VIRAL CONGÉNITA, SIN OTRA ESPECIFICACIÓN",,0,330,1
P360,SEPSIS DEL RECIÉN NACIDO DEBIDA A ESTREPTOCOCO DEL GRUPO B,,0,330,1
P361,SEPSIS DEL RECIÉN NACIDO DEBIDA A OTROS ESTREPTOCOCOS Y A LOS NO ESPECIFICADOS,,0,330,1
P362,SEPSIS DEL RECIÉN NACIDO DEBIDA A STAPHYLOCOCCUS AUREUS,,0,330,1
P363,SEPSIS DEL RECIÉN NACIDO DEBIDA A OTROS ESTAFILOCOCOS Y A LOS NO ESPECIFICADOS,,0,330,1
P364,SEPSIS DEL RECIÉN NACIDO DEBIDA A ESCHERICHIA COLI,,0,330,1
P365,SEPSIS DEL RECIÉN NACIDO DEBIDA A ANAEROBIOS,,0,330,1
P368,SEPSIS DEL RECIÉN NACIDO DEBIDA A OTRAS BACTERIAS,,0,330,1
P369,"SEPSIS BACTERIANA DEL RECIÉN NACIDO, NO ESPECIFICADA",,0,330,1
P370,TUBERCULOSIS CONGÉNITA,,0,330,1
P371,TOXOPLASMOSIS CONGÉNITA,,0,330,1
P372,LISTERIOSIS CONGÉNITA (DISEMINADA),,0,330,1
P373,PALUDISMO CONGÉNITO POR PLASMODIUM FALCIPARUM,,0,330,1
P374,OTROS PALUDISMOS CONGÉNITOS,,0,330,1
P375,CANDIDIASIS NEONATAL,,0,330,1
P378,OTRAS ENFERMEDADES NEONATALES INFECCIOSAS O PARASITARIAS ESPECIFICADAS,,0,330,1
P379,"ENFERMEDAD INFECCIOSA Y PARASITARIA CONGÉNITA, NO ESPECIFICADA",,0,330,1
P38,ONFALITIS DEL RECIÉN NACIDO CON O SIN HEMORRAGIA LEVE,,0,330,1
P390,MASTITIS INFECCIOSA NEONATAL,,0,330,1
P391,CONJUNTIVITIS Y DACRIOCISTITIS NEONATALES,,0,330,1
P392,"INFECCIÓN INTRAAMNIÓTICA DEL FETO, NO CLASIFICADA EN OTRA PARTE",,0,330,1
P393,INFECCIÓN NEONATAL DE LAS VÍAS URINARIAS,,0,330,1
P394,INFECCIÓN CUTÁNEA NEONATAL,,0,330,1
P398,OTRAS INFECCIONES ESPECIFICADAS PROPIAS DEL PERÍODO PERINATAL,,0,330,1
P399,"INFECCIÓN PROPIA DEL PERÍODO PERINATAL, NO ESPECIFICADA",,0,330,1
P500,PÉRDIDA DE SANGRE FETAL POR VASA PREVIA,,0,27,1
P501,PÉRDIDA DE SANGRE FETAL POR RUPTURA DEL CORDÓN UMBILICAL,,0,27,1
P502,PÉRDIDA DE SANGRE FETAL POR LA PLACENTA,,0,27,1
P503,HEMORRAGIA FETAL HACIA EL OTRO GEMELO,,0,27,1
P504,HEMORRAGIA FETAL HACIA LA CIRCULACIÓN MATERNA,,0,27,1
P505,PÉRDIDA DE SANGRE FETAL POR EL CORTE DEL CORDÓN UMBILICAL EN EL OTRO GEMELO,,0,27,1
P508,OTRAS PÉRDIDAS DE SANGRE FETAL,,0,27,1
P509,"PÉRDIDA DE SANGRE FETAL, NO ESPECIFICADA",,0,27,1
P510,HEMORRAGIA UMBILICAL MASIVA DEL RECIÉN NACIDO,,0,27,1
P518,OTRAS HEMORRAGIAS UMBILICALES DEL RECIÉN NACIDO,,0,27,1
P519,"HEMORRAGIA UMBILICAL DEL RECIÉN NACIDO, SIN OTRA ESPECIFICACIÓN",,0,27,1
P520,"HEMORRAGIA INTRAVENTRICULAR (NO TRAUMÁTICA) GRADO 1, DEL FETO Y DEL RECIÉN NACIDO",,0,27,1
P521,"HEMORRAGIA INTRAVENTRICULAR (NO TRAUMÁTICA) GRADO 2, DEL FETO Y DEL RECIÉN NACIDO",,0,27,1
P522,"HEMORRAGIA INTRAVENTRICULAR (NO TRAUMÁTICA) GRADO 3, DEL FETO Y DEL RECIÉN NACIDO",,0,27,1
P523,"HEMORRAGIA INTRAVENTRICULAR (NO TRAUMÁTICA) DEL FETO Y DEL RECIÉN NACIDO, SIN OTRA ESPECIFICACIÓN",,0,27,1
P524,HEMORRAGIA INTRACEREBRAL (NO TRAUMÁTICA) DEL FETO Y DEL RECIÉN NACIDO,,0,27,1
P525,HEMORRAGIA SUBARACNOIDEA (NO TRAUMÁTICA) DEL FETO Y DEL RECIÉN NACIDO,,0,27,1
P526,HEMORRAGIA CEREBELOSA Y DE LA FOSA POSTERIOR (NO TRAUMÁTICA) DEL FETO Y DEL RECIÉN NACIDO,,0,27,1
P528,OTRAS HEMORRAGIAS INTRACRANEALES (NO TRAUMÁTICAS) DEL FETO Y DEL RECIÉN NACIDO,,0,27,1
P529,"HEMORRAGIA INTRACRANEAL (NO TRAUMÁTICA) DEL FETO Y DEL RECIÉN NACIDO, SIN OTRA ESPECIFICACIÓN",,0,27,1
P53,ENFERMEDAD HEMORRÁGICA DEL FETO Y DEL RECIÉN NACIDO,,0,27,1
P540,HEMATEMESIS NEONATAL,,0,330,1
P541,MELENA NEONATAL,,0,330,1
P542,HEMORRAGIA RECTAL NEONATAL,,0,330,1
P543,OTRAS HEMORRAGIAS GASTROINTESTINALES NEONATALES,,0,330,1
P544,HEMORRAGIA SUPRARRENAL NEONATAL,,0,330,1
P545,HEMORRAGIA CUTÁNEA NEONATAL,,0,330,1
P546,HEMORRAGIA VAGINAL NEONATAL,F,0,330,1
P548,OTRAS HEMORRAGIAS FETALES Y NEONATALES ESPECIFICADAS,,0,330,1
P549,"HEMORRAGIA NEONATAL, NO ESPECIFICADA",,0,330,1
P550,INCOMPATIBILIDAD RH DEL FETO Y DEL RECIÉN NACIDO,,0,330,1
P551,INCOMPATIBILIDAD ABO DEL FETO Y DEL RECIÉN NACIDO,,0,330,1
P558,OTRAS ENFERMEDADES HEMOLÍTICAS DEL FETO Y DEL RECIÉN NACIDO,,0,330,1
P559,"ENFERMEDAD HEMOLÍTICA DEL FETO Y DEL RECIÉN NACIDO, NO ESPECIFICADA",,0,330,1
P560,HIDROPESÍA FETAL DEBIDA A INCOMPATIBILIDAD,,0,330,1
P569,HIDROPESÍA FETAL DEBIDA A OTRAS ENFERMEDADES HEMOLÍTICAS ESPECIFICADAS Y A LAS NO ESPECIFICADAS,,0,330,1
P570,KERNICTERUS DEBIDO A INCOMPATIBILIDAD,,0,330,1
P578,KERNICTERUS DEBIDO A OTRAS CAUSAS ESPECIFICADAS,,0,330,1
P579,"KERNICTERUS, NO ESPECIFICADO",,0,330,1
P580,ICTERICIA NEONATAL DEBIDA A CONTUSIÓN,,0,330,1
P581,ICTERICIA NEONATAL DEBIDA A HEMORRAGIA,,0,330,1
P582,ICTERICIA NEONATAL DEBIDA A INFECCIÓN,,0,330,1
P583,ICTERICIA NEONATAL DEBIDA A POLICITEMIA,,0,330,1
P584,ICTERICIA NEONATAL DEBIDA A DROGAS O TOXINAS TRANSMITIDAS POR LA MADRE O ADMINISTRADAS AL RECIÉN NACIDO,,0,330,1
P585,ICTERICIA NEONATAL DEBIDA A DEGLUCIÓN DE SANGRE MATERNA,,0,330,1
P588,ICTERICIA NEONATAL DEBIDA A OTRAS HEMÓLISIS EXCESIVAS ESPECIFICADAS,,0,330,1
P589,"ICTERICIA NEONATAL DEBIDA A HEMÓLISIS EXCESIVA, SIN OTRA ESPECIFICACIÓN",,0,330,1
P590,ICTERICIA NEONATAL ASOCIADA CON EL PARTO ANTES DE TÉRMINO,,0,330,1
P591,SÍNDROME DE LA BILIS ESPESA,,0,330,1
P592,ICTERICIA NEONATAL DEBIDA A OTRA LESIÓN HEPÁTICA ESPECIFICADA O NO,,0,330,1
P593,ICTERICIA NEONATAL POR INHIBIDOR DE LA LECHE MATERNA,,0,330,1
P598,ICTERICIA NEONATAL POR OTRAS CAUSAS ESPECIFICADAS,,0,330,1
P599,"ICTERICIA NEONATAL, NO ESPECIFICADA",,0,330,1
P60,COAGULACIÓN INTRAVASCULAR DISEMINADA EN EL FETO Y EL RECIÉN NACIDO,,0,330,1
P610,TROMBOCITOPENIA NEONATAL TRANSITORIA,,0,330,1
P611,POLICITEMIA NEONATAL,,0,330,1
P612,ANEMIA DE LA PREMATURIDAD,,0,330,1
P613,ANEMIA CONGÉNITA DEBIDA A PÉRDIDA DE SANGRE FETAL,,0,330,1
P614,"OTRAS ANEMIAS CONGÉNITAS, NO CLASIFICADAS EN OTRA PARTE",,0,330,1
P615,NEUTROPENIA NEONATAL TRANSITORIA,,0,330,1
P616,OTROS TRASTORNOS NEONATALES TRANSITORIOS DE LA COAGULACIÓN,,0,330,1
P618,OTROS TRASTORNOS HEMATOLÓGICOS PERINATALES ESPECIFICADOS,,0,330,1
P619,"TRASTORNO HEMATÓLOGICO PERINATAL, NO ESPECIFICADO",,0,330,1
P700,SÍNDROME DEL RECIÉN NACIDO DE MADRE CON DIABETES GESTACIONAL,,0,330,1
P701,SÍNDROME DEL RECIÉN NACIDO DE MADRE DIABÉTICA,,0,330,1
P702,DIABETES MELLITUS NEONATAL,,0,330,1
P703,HIPOGLICEMIA NEONATAL YATROGÉNICA,,0,330,1
P704,OTRAS HIPOGLICEMIAS NEONATALES,,0,330,1
P708,OTROS TRASTORNOS TRANSITORIOS DEL METABOLISMO DE LOS CARBOHIDRATOS EN EL FETO Y EL RECIÉN NACIDO,,0,330,1
P709,TRASTORNO TRANSITORIO NO ESPECIFICADO DEL METABOLISMO DE LOS CARBOHIDRATOS EN EL FETO Y EL RECIÉN NACIDO,,0,330,1
P710,HIPOCALCEMIA DEL RECIÉN NACIDO DEBIDA A LA LECHE DE VACA,,0,330,1
P711,OTRA HIPOCALCEMIA NEONATAL,,0,330,1
P712,HIPOMAGNESEMIA NEONATAL,,0,330,1
P713,TETANIA NEONATAL SIN MENCIÓN DE DEFICIENCIA DE CALCIO O DE MAGNESIO,,0,330,1
P714,HIPOPARATIROIDISMO NEONATAL TRANSITORIO,,0,330,1
P718,OTROS TRASTORNOS NEONATALES TRANSITORIOS DEL METABOLISMO DEL CALCIO Y DEL MAGNESIO,,0,330,1
P719,TRASTORNO NEONATAL TRANSITORIO NO ESPECIFICADO DEL METABOLISMO DEL CALCIO Y DEL MAGNESIO,,0,330,1
P720,"BOCIO NEONATAL, NO CLASIFICADO EN OTRA PARTE",,0,330,1
P721,HIPERTIROIDISMO NEONATAL TRANSITORIO,,0,330,1
P722,"OTROS TRASTORNOS NEONATALES TRANSITORIOS DE LA FUNCIÓN TIROIDEA, NO CLASIFICADOS EN OTRA PARTE",,0,330,1
P728,OTROS TRASTORNOS ENDOCRINOS NEONATALES TRANSITORIOS ESPECIFICADOS,,0,330,1
P729,"TRASTORNO ENDOCRINO NEONATAL TRANSITORIO, NO ESPECIFICADO",,0,330,1
P740,ACIDOSIS METABÓLICA TARDÍA DEL RECIÉN NACIDO,,0,330,1
P741,DESHIDRATACIÓN DEL RECIÉN NACIDO,,0,330,1
P742,ALTERACIONES DEL EQUILIBRIO DEL SODIO EN EL RECIÉN NACIDO,,0,330,1
P743,ALTERACIONES DEL EQUILIBRIO DEL POTASIO EN EL RECIÉN NACIDO,,0,330,1
P744,OTRAS ALTERACIONES ELECTROLITICAS TRANSITORIAS DEL RECIÉN NACIDO,,0,330,1
P745,TIROSINEMIA TRANSITORIA DEL RECIÉN NACIDO,,0,330,1
P748,OTRAS ALTERACIONES METABÓLICAS TRANSITORIAS DEL RECIÉN NACIDO,,0,330,1
P749,"TRASTORNO METABÓLICO TRANSITORIO DEL RECIÉN NACIDO, NO ESPECIFICADO",,0,330,1
P75,ÍLEO MECONIAL EN LA FIBROSIS QUÍSTICA (E84.1†),,0,330,1
P760,SÍNDROME DEL TAPÓN DE MECONIO,,0,330,1
P761,ÍLEO TRANSITORIO DEL RECIÉN NACIDO,,0,330,1
P762,OBSTRUCCIÓN INTESTINAL DEBIDA A LA LECHE ESPESA,,0,330,1
P768,OTRAS OBSTRUCCIONES INTESTINALES ESPECIFICADAS DEL RECIÉN NACIDO,,0,330,1
P769,"OBSTRUCCIÓN INTESTINAL DEL RECIÉN NACIDO, NO ESPECIFICADA",,0,330,1
P77,ENTEROCOLITIS NECROTIZANTE DEL FETO Y DEL RECIÉN NACIDO,,0,330,1
P780,PERFORACIÓN INTESTINAL PERINATAL,,0,330,1
P781,OTRAS PERITONITIS NEONATALES,,0,330,1
P782,HEMATEMESIS Y MELENA NEONATALES DEBIDAS A LA DEGLUCIÓN DE SANGRE MATERNA,,0,330,1
P783,DIARREA NEONATAL NO INFECCIOSA,,0,330,1
P788,OTROS TRASTORNOS PERINATALES ESPECÍFICOS DEL SISTEMA DIGESTIVO,,0,330,1
P789,"TRASTORNO PERINATAL DEL SISTEMA DIGESTIVO, NO ESPECIFICADO",,0,330,1
P800,SÍNDROME DEL ENFRIAMIENTO,,0,330,1
P808,OTRAS HIPOTERMIAS DEL RECIÉN NACIDO,,0,330,1
P809,"HIPOTERMIA DEL RECIÉN NACIDO, NO ESPECIFICADA",,0,330,1
P810,HIPERTERMIA DEL RECIÉN NACIDO INDUCIDA POR LAS CONDICIONES AMBIENTALES,,0,330,1
P818,OTRAS ALTERACIONES ESPECIFICADAS DE LA REGULACIÓN DE LA TEMPERATURA DEL RECIÉN NACIDO,,0,330,1
P819,ALTERACIÓN NO ESPECIFICADA DE LA REGULACIÓN DE LA TEMPERATURA EN EL RECIÉN NACIDO,,0,330,1
P830,ESCLEREMA NEONATAL,,0,330,1
P831,ERITEMA TÓXICO NEONATAL,,0,330,1
P832,HIDROPESÍA FETAL NO DEBIDA A ENFERMEDAD HEMOLÍTICA,,0,330,1
P833,"OTROS EDEMAS Y LOS NO ESPECIFICADOS, PROPIOS DEL FETO Y DEL RECIÉN NACIDO",,0,330,1
P834,INGURGITACIÓN MAMARIA DEL RECIÉN NACIDO,,0,330,1
P835,HIDROCELE CONGÉNITO,,0,330,1
P836,PÓLIPO UMBILICAL DEL RECIÉN NACIDO,,0,330,1
P838,"OTRAS AFECCIONES ESPECIFICADAS DE LA PIEL, PROPIAS DEL FETO Y DEL RECIÉN NACIDO",,0,330,1
P839,"AFECCIÓN NO ESPECIFICADA DE LA PIEL, PROPIA DEL FETO Y DEL RECIÉN NACIDO",,0,330,1
P90,CONVULSIONES DEL RECIÉN NACIDO,,0,330,1
P910,ISQUEMIA CEREBRAL NEONATAL,,0,330,1
P911,QUISTES PERIVENTRICULARES ADQUIRIDOS DEL RECIÉN NACIDO,,0,330,1
P912,LEUCOMALACIA CEREBRAL NEONATAL,,0,330,1
P913,IRRITABILIDAD CEREBRAL NEONATAL,,0,330,1
P914,DEPRESIÓN CEREBRAL NEONATAL,,0,330,1
P915,COMA NEONATAL,,0,330,1
P916,ENCEFALOPATÍA HIPOXICO ISQUÉMICA DEL RECIÉN NACIDO,,0,330,1
P917,HIDROCEFALIA ADQUIRIDA DEL RECIÉN NACIDO,,0,330,1
P918,OTRAS ALTERACIONES CEREBRALES ESPECIFICADAS DEL RECIÉN NACIDO,,0,330,1
P919,ALTERACIÓN CEREBRAL NO ESPECIFICADA DEL RECIÉN NACIDO,,0,330,1
P920,VÓMITOS DEL RECIÉN NACIDO,,0,330,1
P921,REGURGITACIÓN Y RUMIACIÓN DEL RECIÉN NACIDO,,0,330,1
P922,LENTITUD EN LA INGESTIÓN DE ALIMENTOS DEL RECIÉN NACIDO,,0,330,1
P923,HIPOALIMENTACIÓN DEL RECIÉN NACIDO,,0,330,1
P924,HIPERALIMENTACIÓN DEL RECIÉN NACIDO,,0,330,1
P925,DIFICULTAD NEONATAL EN LA LACTANCIA MATERNA,,0,330,1
P928,OTROS PROBLEMAS DE ALIMENTACIÓN DEL RECIÉN NACIDO,,0,330,1
P929,PROBLEMA NO ESPECIFICADO DE LA ALIMENTACIÓN DEL RECIÉN NACIDO,,0,330,1
P93,REACCIONES E INTOXICACIONES DEBIDAS A DROGAS ADMINISTRADAS AL FETO Y AL RECIÉN NACIDO,,0,330,1
P940,MIASTENIA GRAVE NEONATAL TRANSITORIA,,0,330,1
P941,HIPERTONÍA CONGÉNITA,,0,330,1
P942,HIPOTONÍA CONGÉNITA,,0,330,1
P948,OTROS TRASTORNOS DEL TONO MUSCULAR EN EL RECIÉN NACIDO,,0,330,1
P949,TRASTORNO NO ESPECIFICADO DEL TONO MUSCULAR EN EL RECIÉN NACIDO,,0,330,1
P95,MUERTE FETAL DE CAUSA NO ESPECIFICADA,,,,0
P960,INSUFICIENCIA RENAL CONGÉNITA,,0,330,1
P961,SÍNTOMAS NEONATALES DE ABSTINENCIA POR DROGADICCIÓN MATERNA,,0,330,1
P962,SÍNTOMAS DE ABSTINENCIA POR EL USO TERAPÉUTICO DE DROGAS EN EL RECIÉN NACIDO,,0,330,1
P963,AMPLITUD DE LAS SUTURAS CRANEALES DEL RECIÉN NACIDO,,0,330,1
P964,"TERMINACIÓN DEL EMBARAZO, FETO Y RECIÉN NACIDO",,0,330,1
P965,"COMPLICACIONES DE PROCEDIMIENTOS INTRAUTERINOS, NO CLASIFICADOS EN OTRA PARTE",,0,330,1
P968,OTRAS AFECCIONES ESPECIFICADAS ORIGINADAS EN EL PERÍODO PERINATAL,,0,330,1
P969,AFECCIÓN NO ESPECIFICADA ORIGINADA EN EL PERÍODO PERINATAL,,0,330,1
Q000,ANENCEFALIA,,0,27,1
Q001,CRANEORRAQUISQUISIS,,0,27,1
Q002,INIENCEFALIA,,0,27,1
Q010,ENCEFALOCELE FRONTAL,,,,1
Q011,ENCEFALOCELE NASOFRONTAL,,,,1
Q012,ENCEFALOCELE OCCIPITAL,,,,1
Q018,ENCEFALOCELE DE OTROS SITIOS,,,,1
Q019,"ENCEFALOCELE, NO ESPECIFICADO",,,,1
Q02,MICROCEFALIA,,,,1
Q030,MALFORMACIONES DEL ACUEDUCTO DE SILVIO,,,,1
Q031,ATRESIA DE LOS AGUJEROS DE MAGENDIE Y DE LUSCHKA,,,,1
Q038,OTROS HIDROCÉFALOS CONGÉNITOS,,,,1
Q039,"HIDROCÉFALO CONGÉNITO, NO ESPECIFICADO",,,,1
Q040,MALFORMACIONES CONGÉNITAS DEL CUERPO CALLOSO,,,,1
Q041,ARRINENCEFALIA,,,,1
Q042,HOLOPROSENCEFALIA,,,,1
Q043,OTRAS ANOMALÍAS HIPOPLÁSICAS DEL ENCÉFALO,,,,1
Q044,DISPLASIA OPTICOSEPTAL,,,,1
Q045,MEGALENCEFALIA,,,,1
Q046,QUISTES CEREBRALES CONGÉNITOS,,,,1
Q048,"OTRAS MALFORMACIONES CONGÉNITAS DEL ENCÉFALO, ESPECIFICADAS",,,,1
Q049,"MALFORMACIÓN CONGÉNITA DEL ENCÉFALO, NO ESPECIFICADA",,,,1
Q050,ESPINA BÍFIDA CERVICAL CON HIDROCÉFALO,,,,1
Q051,ESPINA BÍFIDA TORÁCICA CON HIDROCÉFALO,,,,1
Q052,ESPINA BÍFIDA LUMBAR CON HIDROCÉFALO,,,,1
Q053,ESPINA BÍFIDA SACRA CON HIDROCÉFALO,,,,1
Q054,"ESPINA BÍFIDA CON HIDROCÉFALO, SIN OTRA ESPECIFICACIÓN",,,,1
Q055,ESPINA BÍFIDA CERVICAL SIN HIDROCÉFALO,,,,1
Q056,ESPINA BÍFIDA TORÁCICA SIN HIDROCÉFALO,,,,1
Q057,ESPINA BÍFIDA LUMBAR SIN HIDROCÉFALO,,,,1
Q058,ESPINA BÍFIDA SACRA SIN HIDROCÉFALO,,,,1
Q059,"ESPINA BÍFIDA, NO ESPECIFICADA",,,,1
Q060,AMIELIA,,,,1
Q061,HIPOPLASIA Y DISPLASIA DE LA MÉDULA ESPINAL,,,,1
Q062,DIASTEMATOMIELIA,,,,1
Q063,OTRAS ANOMALÍAS CONGÉNITAS DE LA COLA DE CABALLO,,,,1
Q064,HIDROMIELIA,,,,1
Q068,OTRAS MALFORMACIONES CONGÉNITAS ESPECIFICADAS DE LA MÉDULA ESPINAL,,,,1
Q069,"MALFORMACIÓN CONGÉNITA DE LA MÉDULA ESPINAL, NO ESPECIFICADA",,,,1
Q070,SÍNDROME DE ARNOLD-CHIARI,,,,1
Q078,"OTRAS MALFORMACIONES CONGÉNITAS DEL SISTEMA NERVIOSO, ESPECIFICADAS",,,,1
Q079,"OTRAS MALFORMACIONES CONGÉNITAS DEL SISTEMA NERVIOSO, NO ESPECIFICADA",,,,1
Q100,BLEFAROPTOSIS CONGÉNITA,,,,1
Q101,ECTROPIÓN CONGÉNITO,,,,1
Q102,ENTROPIÓN CONGÉNITO,,,,1
Q103,OTRAS MALFORMACIONES CONGÉNITAS DE LOS PÁRPADOS,,,,1
Q104,AUSENCIA Y AGENESIA DEL APARATO LAGRIMAL,,,,1
Q105,ESTENOSIS Y ESTRECHEZ CONGÉNITAS DEL CONDUCTO LAGRIMAL,,,,1
Q106,OTRAS MALFORMACIONES CONGÉNITAS DEL APARATO LAGRIMAL,,,,1
Q107,MALFORMACIÓN CONGÉNITA DE LA ÓRBITA,,,,1
Q110,GLOBO OCULAR QUÍSTICO,,,,1
Q111,OTRAS ANOFTALMÍAS,,,,1
Q112,MICROFTALMÍA,,,,1
Q113,MACROFTALMÍA,,,,1
Q120,CATARATA CONGÉNITA,,,,1
Q121,DESPLAZAMIENTO CONGÉNITO DEL CRISTALINO,,,,1
Q122,COLOBOMA DEL CRISTALINO,,,,1
Q123,AFAQUIA CONGÉNITA,,,,1
Q124,ESFEROFAQUIA,,,,1
Q128,OTRAS MALFORMACIONES CONGÉNITAS DEL CRISTALINO,,,,1
Q129,"MALFORMACIÓN CONGÉNITA DEL CRISTALINO, NO ESPECIFICADA",,,,1
Q130,COLOBOMA DEL IRIS,,,,1
Q131,AUSENCIA DEL IRIS,,,,1
Q132,OTRAS MALFORMACIONES CONGÉNITAS DEL IRIS,,,,1
Q133,OPACIDAD CORNEAL CONGÉNITA,,,,1
Q134,OTRAS MALFORMACIONES CONGÉNITAS DE LA CÓRNEA,,,,1
Q135,ESCLERÓTICA AZUL,,,,1
Q138,OTRAS MALFORMACIONES CONGÉNITAS DEL SEGMENTO ANTERIOR DEL OJO,,,,1
Q139,"MALFORMACIÓN CONGÉNITA DEL SEGMENTO ANTERIOR DEL OJO, NO ESPECIFICADA",,,,1
Q140,MALFORMACIÓN CONGÉNITA DEL HUMOR VÍTREO,,,,1
Q141,MALFORMACIÓN CONGÉNITA DE LA RETINA,,,,1
Q142,MALFORMACIÓN CONGÉNITA DEL DISCO ÓPTICO,,,,1
Q143,MALFORMACIÓN CONGÉNITA DE LA COROIDES,,,,1
Q148,OTRAS MALFORMACIONES CONGÉNITAS DEL SEGMENTO POSTERIOR DEL OJO,,,,1
Q149,"MALFORMACIÓN CONGÉNITA DEL SEGMENTO POSTERIOR DEL OJO, NO ESPECIFICADA",,,,1
Q150,GLAUCOMA CONGÉNITO,,,,1
Q158,"OTRAS MALFORMACIONES CONGÉNITAS DEL OJO, ESPECIFICADAS",,,,1
Q159,"MALFORMACIONES CONGÉNITAS DEL OJO, NO ESPECIFICADAS",,,,1
Q160,AUSENCIA CONGÉNITA DEL PABELLÓN (DE LA OREJA),,,,1
Q161,"AUSENCIA CONGÉNITA, ATRESIA O ESTRECHEZ DEL CONDUCTO AUDITIVO (EXTERNO)",,,,1
Q162,AUSENCIA DE LA TROMPA DE EUSTAQUIO,,,,1
Q163,MALFORMACIÓN CONGÉNITA DE LOS HUESECILLOS DEL OÍDO,,,,1
Q164,OTRAS MALFORMACIONES CONGÉNITAS DEL OÍDO MEDIO,,,,1
Q165,MALFORMACIÓN CONGÉNITA DEL OÍDO INTERNO,,,,1
Q169,"MALFORMACIÓN CONGÉNITA DEL OÍDO QUE CAUSA ALTERACIÓN DE LA AUDICIÓN, SIN OTRA ESPECIFICACIÓN",,,,1
Q170,OREJA SUPERNUMERARIA,,,,1
Q171,MACROTIA,,,,1
Q172,MICROTIA,,,,1
Q173,OTRAS DEFORMIDADES DEL PABELLÓN AURICULAR,,,,1
Q174,ANOMALÍA DE LA POSICIÓN DE LA OREJA,,,,1
Q175,OREJA PROMINENTE,,,,1
Q178,"OTRAS MALFORMACIONES CONGÉNITAS DEL OÍDO, ESPECIFICADAS",,,,1
Q179,"MALFORMACIÓN CONGÉNITA DEL OÍDO, NO ESPECIFICADA",,,,1
Q180,"SENO, FÍSTULA O QUISTE DE LA HENDIDURA BRANQUIAL",,,,1
Q181,SENO Y QUISTE PREAURICULAR,,,,1
Q182,OTRAS MALFORMACIONES DE LAS HENDIDURAS BRANQUIALES,,,,1
Q183,PTERIGIÓN DEL CUELLO,,,,1
Q184,MACROSTOMÍA,,,,1
Q185,MICROSTOMÍA,,,,1
Q186,MACROQUEILIA,,,,1
Q187,MICROQUEILIA,,,,1
Q188,OTRAS MALFORMACIONES CONGÉNITAS ESPECIFICADAS DE CARA Y CUELLO,,,,1
Q189,"MALFORMACIÓN CONGÉNITA DE LA CARA Y DEL CUELLO, NO ESPECIFICADA",,,,1
Q200,TRONCO ARTERIOSO COMÚN,,,,1
Q201,TRANSPOSICIÓN DE LOS GRANDES VASOS EN VENTRÍCULO DERECHO,,,,1
Q202,TRANSPOSICIÓN DE LOS GRANDES VASOS EN VENTRÍCULO IZQUIERDO,,,,1
Q203,DISCORDANCIA DE LA CONEXIÓN VENTRICULOARTERIAL,,,,1
Q204,VENTRÍCULO CON DOBLE ENTRADA,,,,1
Q205,DISCORDANCIA DE LA CONEXIÓN AURICULOVENTRICULAR,,,,1
Q206,ISOMERISMO DE LOS APÉNDICES AURICULARES,,,,1
Q208,OTRAS MALFORMACIONES CONGÉNITAS DE LAS CÁMARAS CARDÍACAS Y SUS CONEXIONES,,,,1
Q209,"MALFORMACIÓN CONGÉNITA DE LAS CÁMARAS CARDÍACAS Y SUS CONEXIONES, NO ESPECIFICADA",,,,1
Q210,DEFECTO DEL TABIQUE VENTRICULAR,,,,1
Q211,DEFECTO DEL TABIQUE AURICULAR,,,,1
Q212,DEFECTO DEL TABIQUE AURICULOVENTRICULAR,,,,1
Q213,TETRALOGÍA DE FALLOT,,,,1
Q214,DEFECTO DEL TABIQUE AORTOPULMONAR,,,,1
Q218,OTRAS MALFORMACIONES CONGÉNITAS DE LOS TABIQUES CARDÍACOS,,,,1
Q219,"MALFORMACIÓN CONGÉNITA DEL TABIQUE CARDÍACO, NO ESPECIFICADA",,,,1
Q220,ATRESIA DE LA VÁLVULA PULMONAR,,,,1
Q221,ESTENOSIS CONGÉNITA DE LA VÁLVULA PULMONAR,,,,1
Q222,INSUFICIENCIA CONGÉNITA DE LA VÁLVULA PULMONAR,,,,1
Q223,OTRAS MALFORMACIONES CONGÉNITAS DE LA VÁLVULA PULMONAR,,,,1
Q224,ESTENOSIS CONGÉNITA DE LA VÁLVULA TRICÚSPIDE,,,,1
Q225,ANOMALÍA DE EBSTEIN,,,,1
Q226,SÍNDROME DE HIPOPLASIA DEL CORAZÓN DERECHO,,,,1
Q228,OTRAS MALFORMACIONES CONGÉNITAS DE LA VÁLVULA TRICÚSPIDE,,,,1
Q229,"MALFORMACIÓN CONGÉNITA DE LA VÁLVULA TRICÚSPIDE, NO ESPECIFICADA",,,,1
Q230,ESTENOSIS CONGÉNITA DE LA VÁLVULA AÓRTICA,,,,1
Q231,INSUFICIENCIA CONGÉNITA DE LA VÁLVULA AÓRTICA,,,,1
Q232,ESTENOSIS MITRAL CONGÉNITA,,,,1
Q233,INSUFICIENCIA MITRAL CONGÉNITA,,,,1
Q234,SÍNDROME DE HIPOPLASIA DEL CORAZÓN IZQUIERDO,,,,1
Q238,OTRAS MALFORMACIONES CONGÉNITAS DE LAS VÁLVULAS AÓRTICA Y MITRAL,,,,1
Q239,"MALFORMACIÓN CONGÉNITA DE LAS VÁLVULAS AÓRTICA Y MITRAL, NO ESPECIFICADA",,,,1
Q240,DEXTROCARDIA,,,,1
Q241,LEVOCARDIA,,,,1
Q242,CORAZÓN TRIAURICULAR,,,,1
Q243,ESTENOSIS DEL INFUNDÍBULO PULMONAR,,,,1
Q244,ESTENOSIS SUBAÓRTICA CONGÉNITA,,,,1
Q245,MALFORMACIÓN DE LOS VASOS CORONARIOS,,,,1
Q246,BLOQUEO CARDÍACO CONGÉNITO,,,,1
Q248,"OTRAS MALFORMACIONES CONGÉNITAS DEL CORAZÓN, ESPECIFICADAS",,,,1
Q249,"MALFORMACIÓN CONGÉNITA DEL CORAZÓN, NO ESPECIFICADA",,,,1
Q250,CONDUCTO ARTERIOSO PERSISTENTE,,,,1
Q251,COARTACIÓN DE LA AORTA,,,,1
Q252,ATRESIA DE LA AORTA,,,,1
Q253,ESTENOSIS DE LA AORTA,,,,1
Q254,OTRAS MALFORMACIONES CONGÉNITAS DE LA AORTA,,,,1
Q255,ATRESIA DE LA ARTERIA PULMONAR,,,,1
Q256,ESTENOSIS DE LA ARTERIA PULMONAR,,,,1
Q257,OTRAS MALFORMACIONES CONGÉNITAS DE LA ARTERIA PULMONAR,,,,1
Q258,OTRAS MALFORMACIONES CONGÉNITAS DE LAS GRANDES ARTERIAS,,,,1
Q259,"MALFORMACIÓN CONGÉNITA DE LAS GRANDES ARTERIAS, NO ESPECIFICADA",,,,1
Q260,ESTENOSIS CONGÉNITA DE LA VENA CAVA,,,,1
Q261,PERSISTENCIA DE LA VENA CAVA SUPERIOR IZQUIERDA,,,,1
Q262,CONEXIÓN ANÓMALA TOTAL DE LAS VENAS PULMONARES,,,,1
Q263,CONEXIÓN ANÓMALA PARCIAL DE LAS VENAS PULMONARES,,,,1
Q264,"CONEXIÓN ANÓMALA DE LAS VENAS PULMONARES, SIN OTRA ESPECIFICACIÓN",,,,1
Q265,CONEXIÓN ANÓMALA DE LA VENA PORTA,,,,1
Q266,FÍSTULA ARTERIA HEPÁTICA-VENA PORTA,,,,1
Q268,OTRAS MALFORMACIONES CONGÉNITAS DE LAS GRANDES VENAS,,,,1
Q269,"MALFORMACIÓN CONGÉNITA DE LAS GRANDES VENAS, NO ESPECIFICADA",,,,1
Q270,AUSENCIA E HIPOPLASIA CONGÉNITA DE LA ARTERIA UMBILICAL,,,,1
Q271,ESTENOSIS CONGÉNITA DE LA ARTERIA RENAL,,,,1
Q272,OTRAS MALFORMACIONES CONGÉNITAS DE LA ARTERIA RENAL,,,,1
Q273,MALFORMACIÓN ARTERIOVENOSA PERIFÉRICA,,,,1
Q274,FLEBECTASIA CONGÉNITA,,,,1
Q278,"OTRAS MALFORMACIONES CONGÉNITAS DEL SISTEMA VASCULAR PERIFÉRICO, ESPECIFICADAS",,,,1
Q279,"MALFORMACIÓN CONGÉNITA DEL SISTEMA VASCULAR PERIFÉRICO, NO ESPECIFICADA",,,,1
Q280,MALFORMACIÓN ARTERIOVENOSA DE LOS VASOS PRECEREBRALES,,,,1
Q281,OTRAS MALFORMACIONES DE LOS VASOS PRECEREBRALES,,,,1
Q282,MALFORMACIÓN ARTERIOVENOSA DE LOS VASOS CEREBRALES,,,,1
Q283,OTRAS MALFORMACIONES DE LOS VASOS CEREBRALES,,,,1
Q288,"OTRAS MALFORMACIONES CONGÉNITAS DEL SISTEMA CIRCULATORIO, ESPECIFICADAS",,,,1
Q289,"MALFORMACIÓN CONGÉNITA DEL SISTEMA CIRCULATORIO, NO ESPECIFICADA",,,,1
Q300,ATRESIA DE LAS COANAS,,,,1
Q301,AGENESIA O HIPOPLASIA DE LA NARIZ,,,,1
Q302,"HENDIDURA, FISURA O MUESCA DE LA NARIZ",,,,1
Q303,PERFORACIÓN CONGÉNITA DEL TABIQUE NASAL,,,,1
Q308,OTRAS MALFORMACIONES CONGÉNITAS DE LA NARIZ,,,,1
Q309,"MALFORMACIÓN CONGÉNITA DE LA NARIZ, NO ESPECIFICADA",,,,1
Q310,PTERIGIÓN DE LA LARINGE,,,,1
Q311,ESTENOSIS SUBGLÓTICA CONGÉNITA,,,,1
Q312,HIPOPLASIA LARÍNGEA,,,,1
Q313,LARINGOCELE,,,,1
Q315,LARINGOMALASIA CONGÉNITA,,,,1
Q318,OTRAS MALFORMACIONES CONGÉNITAS DE LA LARINGE,,,,1
Q319,"MALFORMACIÓN CONGÉNITA DE LA LARINGE, NO ESPECIFICADA",,,,1
Q320,TRAQUEOMALACIA CONGÉNITA,,,,1
Q321,OTRAS MALFORMACIONES CONGÉNITAS DE LA TRÁQUEA,,,,1
Q322,BRONCOMALACIA CONGÉNITA,,,,1
Q323,ESTENOSIS CONGÉNITA DE LOS BRONQUIOS,,,,1
Q324,OTRAS MALFORMACIONES CONGÉNITAS DE LOS BRONQUIOS,,,,1
Q330,QUISTE PULMONAR CONGÉNITO,,,,1
Q331,LÓBULO PULMONAR SUPERNUMERARIO,,,,1
Q332,SECUESTRO DEL PULMÓN,,,,1
Q333,AGENESIA DEL PULMÓN,,,,1
Q334,BRONQUIECTASIA CONGÉNITA,,,,1
Q335,TEJIDO ECTÓPICO EN EL PULMÓN,,,,1
Q336,HIPOPLASIA Y DISPLASIA PULMONAR,,,,1
Q338,OTRAS MALFORMACIONES CONGÉNITAS DEL PULMÓN,,,,1
Q339,"MALFORMACIÓN CONGÉNITA DEL PULMÓN, NO ESPECIFICADA",,,,1
Q340,ANOMALÍA DE LA PLEURA,,,,1
Q341,QUISTE CONGÉNITO DEL MEDIASTINO,,,,1
Q348,OTRAS MALFORMACIONES CONGÉNITAS ESPECIFICADAS DEL SISTEMA RESPIRATORIO,,,,1
Q349,"MALFORMACIÓN CONGÉNITA DEL SISTEMA RESPIRATORIO, NO ESPECIFICADA",,,,1
Q351,FISURA DEL PALADAR DURO,,,,1
Q353,FISURA DEL PALADAR BLANDO,,,,1
Q355,FISURA DEL PALADAR DURO Y DEL PALADAR BLANDO,,,,1
Q357,FISURA DE LA ÚVULA,,,,1
Q359,"FISURA DEL PALADAR, SIN OTRA ESPECIFICACIÓN",,,,1
Q360,"LABIO LEPORINO, BILATERAL",,,,1
Q361,"LABIO LEPORINO, LÍNEA MEDIA",,,,1
Q369,"LABIO LEPORINO, UNILATERAL",,,,1
Q370,FISURA DEL PALADAR DURO CON LABIO LEPORINO BILATERAL,,,,1
Q371,FISURA DEL PALADAR DURO CON LABIO LEPORINO UNILATERAL,,,,1
Q372,FISURA DEL PALADAR BLANDO CON LABIO LEPORINO BILATERAL,,,,1
Q373,FISURA DEL PALADAR BLANDO CON LABIO LEPORINO UNILATERAL,,,,1
Q374,FISURA DEL PALADAR DURO Y DEL PALADAR BLANDO CON LABIO LEPORINO BILATERAL,,,,1
Q375,FISURA DEL PALADAR DURO Y DEL PALADAR BLANDO CON LABIO LEPORINO UNILATERAL,,,,1
Q378,"FISURA DEL PALADAR CON LABIO LEPORINO BILATERAL, SIN OTRA ESPECIFICACIÓN",,,,1
Q379,"FISURA DEL PALADAR CON LABIO LEPORINO UNILATERAL, SIN OTRA ESPECIFICACIÓN",,,,1
Q380,"MALFORMACIONES CONGÉNITAS DE LOS LABIOS, NO CLASIFICADAS EN OTRA PARTE",,,,1
Q381,ANQUILOGLOSIA,,,,1
Q382,MACROGLOSIA,,,,1
Q383,OTRAS MALFORMACIONES CONGÉNITAS DE LA LENGUA,,,,1
Q384,MALFORMACIONES CONGÉNITAS DE LAS GLÁNDULAS Y DE LOS CONDUCTOS SALIVALES,,,,1
Q385,"MALFORMACIONES CONGÉNITAS DEL PALADAR, NO CLASIFICADAS EN OTRA PARTE",,,,1
Q386,OTRAS MALFORMACIONES CONGÉNITAS DE LA BOCA,,,,1
Q387,DIVERTÍCULO FARÍNGEO,,,,1
Q388,OTRAS MALFORMACIONES CONGÉNITAS DE LA FARINGE,,,,1
Q390,ATRESIA DEL ESÓFAGO SIN MENCIÓN DE FÍSTULA,,,,1
Q391,ATRESIA DEL ESÓFAGO CON FÍSTULA TRAQUEOESOFÁGICA,,,,1
Q392,FÍSTULA TRAQUEOESOFÁGICA CONGÉNITA SIN MENCIÓN DE ATRESIA,,,,1
Q393,ESTRECHEZ O ESTENOSIS CONGÉNITA DEL ESÓFAGO,,,,1
Q394,PTERIGIÓN DEL ESÓFAGO,,,,1
Q395,DILATACIÓN CONGÉNITA DEL ESÓFAGO,,,,1
Q396,DIVERTÍCULO DEL ESÓFAGO,,,,1
Q398,OTRAS MALFORMACIONES CONGÉNITAS DEL ESÓFAGO,,,,1
Q399,"MALFORMACIÓN CONGÉNITA DEL ESÓFAGO, NO ESPECIFICADA",,,,1
Q400,ESTENOSIS HIPERTRÓFICA CONGÉNITA DEL PÍLORO,,,,1
Q401,HERNIA HIATAL CONGÉNITA,,,,1
Q402,"OTRAS MALFORMACIONES CONGÉNITAS DEL ESTÓMAGO, ESPECIFICADAS",,,,1
Q403,"MALFORMACIÓN CONGÉNITA DEL ESTÓMAGO, NO ESPECIFICADA",,,,1
Q408,OTRAS MALFORMACIONES CONGÉNITAS DE LA PARTE SUPERIOR DEL TUBO DIGESTIVO,,,,1
Q409,"MALFORMACIÓN CONGÉNITA DE LA PARTE SUPERIOR DEL TUBO DIGESTIVO, NO ESPECIFICADA",,,,1
Q410,"AUSENCIA, ATRESIA Y ESTENOSIS CONGÉNITA DEL DUODENO",,,,1
Q411,"AUSENCIA, ATRESIA Y ESTENOSIS CONGÉNITA DEL YEYUNO",,,,1
Q412,"AUSENCIA, ATRESIA Y ESTENOSIS CONGÉNITA DEL ÍLEON",,,,1
Q418,"AUSENCIA, ATRESIA Y ESTENOSIS CONGÉNITA DE OTRAS PARTES ESPECIFICADAS DEL INTESTINO DELGADO",,,,1
Q419,"AUSENCIA, ATRESIA Y ESTENOSIS CONGÉNITA DEL INTESTINO DELGADO, PARTE NO ESPECIFICADA",,,,1
Q420,"AUSENCIA, ATRESIA Y ESTENOSIS CONGÉNITA DEL RECTO, CON FÍSTULA",,,,1
Q421,"AUSENCIA, ATRESIA Y ESTENOSIS CONGÉNITA DEL RECTO, SIN FÍSTULA",,,,1
Q422,"AUSENCIA, ATRESIA Y ESTENOSIS CONGÉNITA DEL ANO, CON FÍSTULA",,,,1
Q423,"AUSENCIA, ATRESIA Y ESTENOSIS CONGÉNITA DEL ANO, SIN FÍSTULA",,,,1
Q428,"AUSENCIA, ATRESIA Y ESTENOSIS CONGÉNITA DE OTRAS PARTES DEL INTESTINO GRUESO",,,,1
Q429,"AUSENCIA, ATRESIA Y ESTENOSIS CONGÉNITA DEL INTESTINO GRUESO, PARTE NO ESPECIFICADA",,,,1
Q430,DIVERTÍCULO DE MECKEL,,,,1
Q431,ENFERMEDAD DE HIRSCHSPRUNG,,,,1
Q432,OTROS TRASTORNOS FUNCIONALES CONGÉNITOS DEL COLON,,,,1
Q433,MALFORMACIONES CONGÉNITAS DE LA FIJACIÓN DEL INTESTINO,,,,1
Q434,DUPLICACIÓN DEL INTESTINO,,,,1
Q435,ANO ECTÓPICO,,,,1
Q436,FÍSTULA CONGÉNITA DEL RECTO Y DEL ANO,,,,1
Q437,PERSISTENCIA DE LA CLOACA,,,,1
Q438,"OTRAS MALFORMACIONES CONGÉNITAS DEL INTESTINO, ESPECIFICADAS",,,,1
Q439,"MALFORMACIÓN CONGÉNITA DEL INTESTINO, NO ESPECIFICADA",,,,1
Q440,"AGENESIA, APLASIA E HIPOPLASIA DE LA VESÍCULA BILIAR",,,,1
Q441,OTRAS MALFORMACIONES CONGÉNITAS DE LA VESÍCULA BILIAR,,,,1
Q442,ATRESIA DE LOS CONDUCTOS BILIARES,,,,1
Q443,ESTRECHEZ Y ESTENOSIS CONGÉNITA DE LOS CONDUCTOS BILIARES,,,,1
Q444,QUISTE DEL COLÉDOCO,,,,1
Q445,OTRAS MALFORMACIONES CONGÉNITAS DE LOS CONDUCTOS BILIARES,,,,1
Q446,ENFERMEDAD QUÍSTICA DEL HÍGADO,,,,1
Q447,OTRAS MALFORMACIONES CONGÉNITAS DEL HÍGADO,,,,1
Q450,"AGENESIA, APLASIA E HIPOPLASIA DEL PÁNCREAS",,,,1
Q451,PÁNCREAS ANULAR,,,,1
Q452,QUISTE CONGÉNITO DEL PÁNCREAS,,,,1
Q453,OTRAS MALFORMACIONES CONGÉNITAS DEL PÁNCREAS Y DEL CONDUCTO PANCREÁTICO,,,,1
Q458,"OTRAS MALFORMACIONES CONGÉNITAS DEL SISTEMA DIGESTIVO, ESPECIFICADAS",,,,1
Q459,"MALFORMACIÓN CONGÉNITA DEL SISTEMA DIGESTIVO, NO ESPECIFICADA",,,,1
Q500,AUSENCIA CONGÉNITA DE OVARIO,F,,,1
Q501,QUISTE EN DESARROLLO DEL OVARIO,F,,,1
Q502,TORSIÓN CONGÉNITA DEL OVARIO,F,,,1
Q503,OTRAS MALFORMACIONES CONGÉNITAS DE LOS OVARIOS,F,,,1
Q504,QUISTE EMBRIONARIO DE LA TROMPA DE FALOPIO,F,,,1
Q505,QUISTE EMBRIONARIO DEL LIGAMENTO ANCHO,F,,,1
Q506,OTRAS MALFORMACIONES CONGÉNITAS DE LA TROMPA DE FALOPIO Y DEL LIGAMENTO ANCHO,F,,,1
Q510,AGENESIA Y APLASIA DEL ÚTERO,F,,,1
Q511,DUPLICACIÓN DEL ÚTERO CON DUPLICACIÓN DEL CUELLO UTERINO Y DE LA VAGINA,F,,,1
Q512,OTRA DUPLICACIÓN DEL ÚTERO,F,,,1
Q513,ÚTERO BICORNE,F,,,1
Q514,ÚTERO UNICORNE,F,,,1
Q515,AGENESIA Y APLASIA DEL CUELLO UTERINO,F,,,1
Q516,QUISTE EMBRIONARIO DEL CUELLO UTERINO,F,,,1
Q517,FÍSTULA CONGÉNITA ENTRE EL ÚTERO Y EL TRACTO DIGESTIVO Y URINARIO,F,,,1
Q518,OTRAS MALFORMACIONES CONGÉNITAS DEL ÚTERO Y DEL CUELLO UTERINO,F,,,1
Q519,"MALFORMACIÓN CONGÉNITA DEL ÚTERO Y DEL CUELLO UTERINO, NO ESPECIFICADA",F,,,1
Q520,AUSENCIA CONGÉNITA DE LA VAGINA,F,,,1
Q521,DUPLICACIÓN DE LA VAGINA,F,,,1
Q522,FÍSTULA RECTOVAGINAL CONGÉNITA,F,,,1
Q523,HIMEN IMPERFORADO,F,,,1
Q524,OTRAS MALFORMACIONES CONGÉNITAS DE LA VAGINA,F,,,1
Q525,FUSIÓN DE LABIOS DE LA VULVA,F,,,1
Q526,MALFORMACIÓN CONGÉNITA DEL CLÍTORIS,F,,,1
Q527,OTRAS MALFORMACIONES CONGÉNITAS DE LA VULVA,F,,,1
Q528,"OTRAS MALFORMACIONES CONGÉNITAS DE LOS ÓRGANOS GENITALES FEMENINOS, ESPECIFICADAS",F,,,1
Q529,"MALFORMACIÓN CONGÉNITA DE LOS GENITALES FEMENINOS, NO ESPECIFICADA",F,,,1
Q530,ECTOPIA TESTICULAR,M,,,1
Q531,"TESTÍCULO NO DESCENDIDO, UNILATERAL",M,,,1
Q532,"TESTÍCULO NO DESCENDIDO, BILATERAL",M,,,1
Q539,"TESTÍCULO NO DESCENDIDO, SIN OTRA ESPECIFICACIÓN",M,,,1
Q540,HIPOSPADIAS DEL GLANDE,M,,,1
Q541,HIPOSPADIAS PENEANA,M,,,1
Q542,HIPOSPADIAS PENOSCROTAL,M,,,1
Q543,HIPOSPADIAS PERINEAL,M,,,1
Q544,ENCORDAMIENTO CONGÉNITO DEL PENE,M,,,1
Q548,OTRAS HIPOSPADIAS,M,,,1
Q549,"HIPOSPADIAS, NO ESPECIFICADA",M,,,1
Q550,AUSENCIA Y APLASIA DEL TESTÍCULO,M,,,1
Q551,HIPOPLASIA DEL TESTÍCULO Y DEL ESCROTO,M,,,1
Q552,OTRAS MALFORMACIONES CONGÉNITAS DE LOS TESTÍCULOS Y DEL ESCROTO,M,,,1
Q553,ATRESIA DEL CONDUCTO DEFERENTE,M,,,1
Q554,"OTRAS MALFORMACIONES CONGÉNITAS DE LOS CONDUCTOS DEFERENTES, DEL EPIDÍDIMO, DE LAS VESÍCULAS SEMINALES Y DE LA PRÓSTATA",M,,,1
Q555,APLASIA Y AUSENCIA CONGÉNITA DEL PENE,M,,,1
Q556,OTRAS MALFORMACIONES CONGÉNITAS DEL PENE,M,,,1
Q558,"OTRAS MALFORMACIONES CONGÉNITAS DE LOS ÓRGANOS GENITALES MASCULINOS, ESPECIFICADAS",M,,,1
Q559,"MALFORMACIÓN CONGÉNITA DE LOS ÓRGANOS GENITALES MASCULINOS, NO ESPECIFICADA",M,,,1
Q560,"HERMAFRODITISMO, NO CLASIFICADO EN OTRA PARTE",,,,1
Q561,"SEUDOHERMAFRODITISMO MASCULINO, NO CLASIFICADO EN OTRA PARTE",F,,,1
Q562,"SEUDOHERMAFRODITISMO FEMENINO, NO CLASIFICADO EN OTRA PARTE",M,,,1
Q563,"SEUDOHERMAFRODITISMO, NO ESPECIFICADO",,,,1
Q564,"SEXO INDETERMINADO, SIN OTRA ESPECIFICACIÓN",,,,1
Q600,"AGENESIA RENAL, UNILATERAL",,,,1
Q601,"AGENESIA RENAL, BILATERAL",,,,1
Q602,"AGENESIA RENAL, SIN OTRA ESPECIFICACIÓN",,,,1
Q603,"HIPOPLASIA RENAL, UNILATERAL",,,,1
Q604,"HIPOPLASIA RENAL, BILATERAL",,,,1
Q605,"HIPOPLASIA RENAL, NO ESPECIFICADA",,,,1
Q606,SÍNDROME DE POTTER,,,,1
Q610,QUISTE RENAL SOLITARIO CONGÉNITO,,,,1
Q611,"RIÑÓN POLIQUÍSTICO, AUTOSÓMICO RECESIVO",,,,1
Q612,"RIÑÓN POLIQUÍSTICO, AUTOSÓMICO DOMINANTE",,,,1
Q613,"RIÑÓN POLIQUÍSTICO, TIPO NO ESPECIFICADO",,,,1
Q614,DISPLASIA RENAL,,,,1
Q615,RIÑÓN QUÍSTICO MEDULAR,,,,1
Q618,OTRAS ENFERMEDADES RENALES QUÍSTICAS,,,,1
Q619,"ENFERMEDAD QUÍSTICA DEL RIÑÓN, NO ESPECIFICADA",,,,1
Q620,HIDRONEFROSIS CONGÉNITA,,,,1
Q621,ATRESIA Y ESTENOSIS DEL URÉTER,,,,1
Q622,MEGALOURÉTER CONGÉNITO,,,,1
Q623,OTROS DEFECTOS OBSTRUCTIVOS DE LA PELVIS RENAL Y DEL URÉTER,,,,1
Q624,AGENESIA DEL URÉTER,,,,1
Q625,DUPLICACIÓN DEL URÉTER,,,,1
Q626,MALA POSICIÓN DEL URÉTER,,,,1
Q627,REFLUJO VÉSICO-URÉTERO-RENAL CONGÉNITO,,,,1
Q628,OTRAS MALFORMACIONES CONGÉNITAS DEL URÉTER,,,,1
Q630,RIÑÓN SUPERNUMERARIO,,,,1
Q631,"RIÑÓN LOBULADO, FUSIONADO Y EN HERRADURA",,,,1
Q632,RIÑÓN ECTÓPICO,,,,1
Q633,HIPERPLASIA RENAL Y RIÑÓN GIGANTE,,,,1
Q638,"OTRAS MALFORMACIONES CONGÉNITAS DEL RIÑÓN, ESPECIFICADAS",,,,1
Q639,"MALFORMACIÓN CONGÉNITA DEL RIÑÓN, NO ESPECIFICADA",,,,1
Q640,EPISPADIAS,,,,1
Q641,EXTROFIA DE LA VEJIGA URINARIA,,,,1
Q642,VÁLVULAS URETRALES POSTERIORES CONGÉNITAS,,,,1
Q643,OTRAS ATRESIAS Y ESTENOSIS DE LA URETRA Y DEL CUELLO DE LA VEJIGA,,,,1
Q644,MALFORMACIÓN DEL URACO,,,,1
Q645,AUSENCIA CONGÉNITA DE LA VEJIGA Y DE LA URETRA,,,,1
Q646,DIVERTÍCULO CONGÉNITO DE LA VEJIGA,,,,1
Q647,OTRAS MALFORMACIONES CONGÉNITAS DE LA VEJIGA Y DE LA URETRA,,,,1
Q648,"OTRAS MALFORMACIONES CONGÉNITAS DEL APARATO URINARIO, ESPECIFICADAS",,,,1
Q649,"MALFORMACIÓN CONGÉNITA DEL APARATO URINARIO, NO ESPECIFICADA",,,,1
Q650,"LUXACIÓN CONGÉNITA DE LA CADERA, UNILATERAL",,,,1
Q651,"LUXACIÓN CONGÉNITA DE LA CADERA, BILATERAL",,,,1
Q652,"LUXACIÓN CONGÉNITA DE LA CADERA, NO ESPECIFICADA",,,,1
Q653,"SUBLUXACIÓN CONGÉNITA DE LA CADERA, UNILATERAL",,,,1
Q654,"SUBLUXACIÓN CONGÉNITA DE LA CADERA, BILATERAL",,,,1
Q655,"SUBLUXACIÓN CONGÉNITA DE LA CADERA, NO ESPECIFICADA",,,,1
Q656,CADERA INESTABLE,,,,1
Q658,OTRAS DEFORMIDADES CONGÉNITAS DE LA CADERA,,,,1
Q659,"DEFORMIDAD CONGÉNITA DE LA CADERA, NO ESPECIFICADA",,,,1
Q660,TALIPES EQUINOVARUS,,,,1
Q661,TALIPES CALCANEOVARUS,,,,1
Q662,METATARSUS VARUS,,,,1
Q663,OTRAS DEFORMIDADES VARUS CONGÉNITAS DE LOS PIES,,,,1
Q664,TALIPES CALCANEOVALGUS,,,,1
Q665,PIE PLANO CONGÉNITO,,,,1
Q666,OTRAS DEFORMIDADES VALGUS CONGÉNITAS DE LOS PIES,,,,1
Q667,PIE CAVUS,,,,1
Q668,OTRAS DEFORMIDADES CONGÉNITAS DE LOS PIES,,,,1
Q669,"DEFORMIDAD CONGÉNITA DE LOS PIES, NO ESPECIFICADA",,,,1
Q670,ASIMETRÍA FACIAL,,,,1
Q671,FACIES COMPRIMIDA,,,,1
Q672,DOLICOCEFALIA,,,,1
Q673,PLAGIOCEFALIA,,,,1
Q674,"OTRAS DEFORMIDADES CONGÉNITAS DEL CRÁNEO, DE LA CARA Y DE LA MANDÍBULA",,,,1
Q675,DEFORMIDAD CONGÉNITA DE LA COLUMNA VERTEBRAL,,,,1
Q676,TÓRAX EXCAVADO,,,,1
Q677,TÓRAX EN QUILLA,,,,1
Q678,OTRAS DEFORMIDADES CONGÉNITAS DEL TÓRAX,,,,1
Q680,DEFORMIDAD CONGÉNITA DEL MÚSCULO ESTERNOCLEIDOMASTOIDEO,,,,1
Q681,DEFORMIDAD CONGÉNITA DE LA MANO,,,,1
Q682,DEFORMIDAD CONGÉNITA DE LA RODILLA,,,,1
Q683,CURVATURA CONGÉNITA DEL FÉMUR,,,,1
Q684,CURVATURA CONGÉNITA DE LA TIBIA Y DEL PERONÉ,,,,1
Q685,"CURVATURA CONGÉNITA DE HUESO(S) LARGO(S) DEL MIEMBRO INFERIOR, SIN OTRA ESPECIFICACIÓN",,,,1
Q688,"OTRAS DEFORMIDADES CONGÉNITAS OSTEOMUSCULARES, ESPECIFICADAS",,,,1
Q690,DEDO(S) SUPERNUMERARIO(S) DE LA MANO,,,,1
Q691,PULGAR(ES) SUPERNUMERARIO(S),,,,1
Q692,DEDO(S) SUPERNUMERARIO(S) DEL PIE,,,,1
Q699,"POLIDACTILIA, NO ESPECIFICADA",,,,1
Q700,FUSIÓN DE LOS DEDOS DE LA MANO,,,,1
Q701,MEMBRANA INTERDIGITAL DE LA MANO,,,,1
Q702,FUSIÓN DE LOS DEDOS DEL PIE,,,,1
Q703,MEMBRANA INTERDIGITAL DEL PIE,,,,1
Q704,POLISINDACTILIA,,,,1
Q709,"SINDACTILIA, NO ESPECIFICADA",,,,1
Q710,AUSENCIA CONGÉNITA COMPLETA DEL (DE LOS) MIEMBRO(S) SUPERIOR(ES),,,,1
Q711,AUSENCIA CONGÉNITA DEL BRAZO Y DEL ANTEBRAZO CON PRESENCIA DE LA MANO,,,,1
Q712,AUSENCIA CONGÉNITA DEL ANTEBRAZO Y DE LA MANO,,,,1
Q713,AUSENCIA CONGÉNITA DE LA MANO Y EL (LOS) DEDO(S),,,,1
Q714,DEFECTO POR REDUCCIÓN LONGITUDINAL DEL RADIO,,,,1
Q715,DEFECTO POR REDUCCIÓN LONGITUDINAL DEL CÚBITO,,,,1
Q716,MANO EN PINZA DE LANGOSTA,,,,1
Q718,OTROS DEFECTOS POR REDUCCIÓN DEL (DE LOS) MIEMBRO(S) SUPERIOR(ES),,,,1
Q719,"DEFECTO POR REDUCCIÓN DEL MIEMBRO SUPERIOR, NO ESPECIFICADO",,,,1
Q720,AUSENCIA CONGÉNITA COMPLETA DEL (DE LOS) MIEMBRO(S) INFERIOR(ES),,,,1
Q721,AUSENCIA CONGÉNITA DEL MUSLO Y DE LA PIERNA CON PRESENCIA DEL PIE,,,,1
Q722,AUSENCIA CONGÉNITA DE LA PIERNA Y DEL PIE,,,,1
Q723,AUSENCIA CONGÉNITA DEL PIE Y DEDO(S) DEL PIE,,,,1
Q724,DEFECTO POR REDUCCIÓN LONGITUDINAL DEL FÉMUR,,,,1
Q725,DEFECTO POR REDUCCIÓN LONGITUDINAL DE LA TIBIA,,,,1
Q726,DEFECTO POR REDUCCIÓN LONGITUDINAL DEL PERONÉ,,,,1
Q727,PIE HENDIDO,,,,1
Q728,OTROS DEFECTOS POR REDUCCIÓN DEL (DE LOS) MIEMBRO(S) INFERIOR(ES),,,,1
Q729,"DEFECTO POR REDUCCIÓN DEL MIEMBRO INFERIOR, NO ESPECIFICADO",,,,1
Q730,AUSENCIA COMPLETA DE MIEMBRO(S) NO ESPECIFICADO(S),,,,1
Q731,"FOCOMELIA, MIEMBRO(S) NO ESPECIFICADO(S)",,,,1
Q738,OTROS DEFECTOS POR REDUCCIÓN DE MIEMBRO(S) NO ESPECIFICADO(S),,,,1
Q740,"OTRAS MALFORMACIONES CONGÉNITAS DEL (DE LOS) MIEMBRO(S) SUPERIOR(ES), INCLUIDA LA CINTURA ESCAPULAR",,,,1
Q741,MALFORMACIÓN CONGÉNITA DE LA RODILLA,,,,1
Q742,"OTRAS MALFORMACIONES CONGÉNITAS DEL (DE LOS) MIEMBRO(S) INFERIOR(ES), INCLUIDA LA CINTURA PELVIANA",,,,1
Q743,ARTROGRIPOSIS MÚLTIPLE CONGÉNITA,,,,1
Q748,OTRAS MALFORMACIONES CONGÉNITAS ESPECIFICADAS DEL (DE LOS) MIEMBRO(S),,,,1
Q749,"MALFORMACIÓN CONGÉNITA DE MIEMBRO(S), NO ESPECIFICADA",,,,1
Q750,CRANEOSINOSTOSIS,,,,1
Q751,DISOSTOSIS CRANEOFACIAL,,,,1
Q752,HIPERTELORISMO,,,,1
Q753,MACROCEFALIA,,,,1
Q754,DISOSTOSIS MAXILOFACIAL,,,,1
Q755,DISOSTOSIS OCULOMAXILAR,,,,1
Q758,OTRAS MALFORMACIONES CONGÉNITAS ESPECIFICADAS DE LOS HUESOS DEL CRÁNEO Y DE LA CARA,,,,1
Q759,MALFORMACIÓN CONGÉNITA NO ESPECIFICADA DE LOS HUESOS DEL CRÁNEO Y DE LA CARA,,,,1
Q760,ESPINA BÍFIDA OCULTA,,,,1
Q761,SÍNDROME DE KLIPPEL-FEIL,,,,1
Q762,ESPONDILOLISTESIS CONGÉNITA,,,,1
Q763,ESCOLIOSIS CONGÉNITA DEBIDA A MALFORMACIÓN CONGÉNITA ÓSEA,,,,1
Q764,"OTRA MALFORMACIÓN CONGÉNITA DE LA COLUMNA VERTEBRAL, NO ASOCIADA CON ESCOLIOSIS",,,,1
Q765,COSTILLA CERVICAL,,,,1
Q766,OTRAS MALFORMACIONES CONGÉNITAS DE LAS COSTILLAS,,,,1
Q767,MALFORMACIÓN CONGÉNITA DEL ESTERNÓN,,,,1
Q768,OTRAS MALFORMACIONES CONGÉNITAS DEL TÓRAX ÓSEO,,,,1
Q769,"MALFORMACIÓN CONGÉNITA DEL TÓRAX ÓSEO, NO ESPECIFICADA",,,,1
Q770,ACONDROGÉNESIS,,,,1
Q771,ENANISMO TANATOFÓRICO,,,,1
Q772,SÍNDROME DE COSTILLA CORTA,,,,1
Q773,CONDRODISPLASIA PUNCTATA,,,,1
Q774,ACONDROPLASIA,,,,1
Q775,DISPLASIA DISTRÓFICA,,,,1
Q776,DISPLASIA CONDROECTODÉRMICA,,,,1
Q777,DISPLASIA ESPONDILOEPIFISARIA,,,,1
Q778,OTRAS OSTEOCONDRODISPLASIAS CON DEFECTOS DEL CRECIMIENTO DE LOS HUESOS LARGOS Y DE LA COLUMNA VERTEBRAL,,,,1
Q779,"OSTEOCONDRODISPLASIA CON DEFECTOS DEL CRECIMIENTO DE LOS HUESOS LARGOS Y DE LA COLUMNA VERTEBRAL, SIN OTRA ESPECIFICACIÓN",,,,1
Q780,OSTEOGÉNESIS IMPERFECTA,,,,1
Q781,DISPLASIA POLIOSTÓTICA FIBROSA,,,,1
Q782,OSTEOPETROSIS,,,,1
Q783,DISPLASIA DIAFISARIA PROGRESIVA,,,,1
Q784,ENCONDROMATOSIS,,,,1
Q785,DISPLASIA METAFISARIA,,,,1
Q786,EXOSTOSIS CONGÉNITA MÚLTIPLE,,,,1
Q788,OTRAS OSTEOCONDRODISPLASIAS ESPECIFICADAS,,,,1
Q789,"OSTEOCONDRODISPLASIA, NO ESPECIFICADA",,,,1
Q790,HERNIA DIAFRAGMÁTICA CONGÉNITA,,,,1
Q791,OTRAS MALFORMACIONES CONGÉNITAS DEL DIAFRAGMA,,,,1
Q792,EXÓNFALOS,,,,1
Q793,GASTROSQUISIS,,,,1
Q794,SÍNDROME DEL ABDOMEN EN CIRUELA PASA,,,,1
Q795,OTRAS MALFORMACIONES CONGÉNITAS DE LA PARED ABDOMINAL,,,,1
Q796,SÍNDROME DE EHLERS-DANLOS,,,,1
Q798,OTRAS MALFORMACIONES CONGÉNITAS DEL SISTEMA OSTEOMUSCULAR,,,,1
Q799,"MALFORMACIÓN CONGÉNITA DEL SISTEMA OSTEOMUSCULAR, NO ESPECIFICADA",,,,1
Q800,ICTIOSIS VULGAR,,,,1
Q801,ICTIOSIS LIGADA AL CROMOSOMA X,,,,1
Q802,ICTIOSIS LAMELAR,,,,1
Q803,ERITRODERMIA ICTIOSIFORME VESICULAR CONGÉNITA,,,,1
Q804,FETO ARLEQUÍN,,,,1
Q808,OTRAS ICTIOSIS CONGÉNITAS,,,,1
Q809,"ICTIOSIS CONGÉNITA, NO ESPECIFICADA",,,,1
Q810,EPIDERMÓLISIS BULLOSA SIMPLE,,,,1
Q811,EPIDERMÓLISIS BULLOSA LETAL,,,,1
Q812,EPIDERMÓLISIS BULLOSA DISTRÓFICA,,,,1
Q818,OTRAS EPIDERMÓLISIS BULLOSAS,,,,1
Q819,"EPIDERMÓLISIS BULLOSA, NO ESPECIFICADA",,,,1
Q820,LINFEDEMA HEREDITARIO,,,,1
Q821,XERODERMA PIGMENTOSO,,,,1
Q822,MASTOCITOSIS,,,,1
Q823,INCONTINENCIA PIGMENTARIA,,,,1
Q824,DISPLASIA ECTODÉRMICA (ANHIDRÓTICA),,,,1
Q825,"NEVO NO NEOPLÁSICO, CONGÉNITO",,,,1
Q828,"OTRAS MALFORMACIONES CONGÉNITAS DE LA PIEL, ESPECIFICADAS",,,,1
Q829,"MALFORMACIÓN CONGÉNITA DE LA PIEL, NO ESPECIFICADA",,,,1
Q830,AUSENCIA CONGÉNITA DE LA MAMA CON AUSENCIA DEL PEZÓN,,,,1
Q831,MAMA SUPERNUMERARIA,,,,1
Q832,AUSENCIA DEL PEZÓN,,,,1
Q833,PEZÓN SUPERNUMERARIO,,,,1
Q838,OTRAS MALFORMACIONES CONGÉNITAS DE LA MAMA,,,,1
Q839,"MALFORMACIÓN CONGÉNITA DE LA MAMA, NO ESPECIFICADA",,,,1
Q840,ALOPECIA CONGÉNITA,,,,1
Q841,"ALTERACIONES MORFOLÓGICAS CONGÉNITAS DEL PELO, NO CLASIFICADAS EN OTRA PARTE",,,,1
Q842,OTRAS MALFORMACIONES CONGÉNITAS DEL PELO,,,,1
Q843,ANONIQUIA,,,,1
Q844,LEUCONIQUIA CONGÉNITA,,,,1
Q845,AGRANDAMIENTO E HIPERTROFIA DE LAS UÑAS,,,,1
Q846,OTRAS MALFORMACIONES CONGÉNITAS DE LAS UÑAS,,,,1
Q848,"OTRAS MALFORMACIONES CONGÉNITAS DE LAS FANERAS, ESPECIFICADAS",,,,1
Q849,"MALFORMACIÓN CONGÉNITA DE LAS FANERAS, NO ESPECIFICADA",,,,1
Q850,NEUROFIBROMATOSIS (NO MALIGNA),,,,1
Q851,ESCLEROSIS TUBEROSA,,,,1
Q858,"OTRAS FACOMATOSIS, NO CLASIFICADAS EN OTRA PARTE",,,,1
Q859,"FACOMATOSIS, NO ESPECIFICADA",,,,1
Q860,SÍNDROME FETAL (DISMÓRFICO) DEBIDO AL ALCOHOL,,,,1
Q861,SÍNDROME DE HIDANTOÍNA FETAL,,,,1
Q862,DISMORFISMO DEBIDO A WARFARINA,,,,1
Q868,OTROS SÍNDROMES DE MALFORMACIONES CONGÉNITAS DEBIDOS A CAUSAS EXÓGENAS CONOCIDAS,,,,1
Q870,SÍNDROMES DE MALFORMACIONES CONGÉNITAS QUE AFECTAN PRINCIPALMENTE LA APARIENCIA FACIAL,,,,1
Q871,SÍNDROMES DE MALFORMACIONES CONGÉNITAS ASOCIADAS PRINCIPALMENTE CON ESTATURA BAJA,,,,1
Q872,SÍNDROMES DE MALFORMACIONES CONGÉNITAS QUE AFECTAN PRINCIPALMENTE LOS MIEMBROS,,,,1
Q873,SÍNDROMES DE MALFORMACIONES CONGÉNITAS CON EXCESO DE CRECIMIENTO PRECOZ,,,,1
Q874,SÍNDROME DE MARFAN,,,,1
Q875,OTROS SÍNDROMES DE MALFORMACIONES CONGÉNITAS CON OTROS CAMBIOS ESQUELÉTICOS,,,,1
Q878,"OTROS SÍNDROMES DE MALFORMACIONES CONGÉNITAS ESPECIFICADOS, NO CLASIFICADOS EN OTRA PARTE",,,,1
Q890,MALFORMACIONES CONGÉNITAS DEL BAZO,,,,1
Q891,MALFORMACIONES CONGÉNITAS DE LA GLÁNDULA SUPRARRENAL,,,,1
Q892,MALFORMACIONES CONGÉNITAS DE OTRAS GLÁNDULAS ENDOCRINAS,,,,1
Q893,SITUS INVERSUS,,,,1
Q894,GEMELOS SIAMESES,,,,1
Q897,"MALFORMACIONES CONGÉNITAS MÚLTIPLES, NO CLASIFICADAS EN OTRA PARTE",,,,1
Q898,"OTRAS MALFORMACIONES CONGÉNITAS, ESPECIFICADAS",,,,1
Q899,"MALFORMACIÓN CONGÉNITA, NO ESPECIFICADA",,,,1
Q900,"TRISOMÍA 21, POR FALTA DE DISYUNCIÓN MEIÓTICA",,,,1
Q901,"TRISOMÍA 21, MOSAICO (POR FALTA DE DISYUNCIÓN MITÓTICA)",,,,1
Q902,"TRISOMIA 21, POR TRANSLOCACIÓN",,,,1
Q909,"SÍNDROME DE DOWN, NO ESPECIFICADO",,,,1
Q910,"TRISOMIA 18, POR FALTA DE DISYUNCIÓN MEIÓTICA",,,,1
Q911,"TRISOMÍA 18, MOSAICO (POR FALTA DE DISYUNCIÓN MITÓTICA)",,,,1
Q912,"TRISOMÍA 18, POR TRANSLOCACIÓN",,,,1
Q913,"SÍNDROME DE EDWARDS, NO ESPECIFICADO",,,,1
Q914,"TRISOMÍA 13, POR FALTA DE DISYUNCIÓN MEIÓTICA",,,,1
Q915,"TRISOMÍA 13, MOSAICO (POR FALTA DE DISYUNCIÓN MITÓTICA)",,,,1
Q916,"TRISOMÍA 13, POR TRANSLOCACIÓN",,,,1
Q917,"SÍNDROME DE PATAU, NO ESPECIFICADO",,,,1
Q920,"TRISOMÍA DE UN CROMOSOMA COMPLETO, POR FALTA DE DISYUNCIÓN MEIÓTICA",,,,1
Q921,"TRISOMÍA DE UN CROMOSOMA COMPLETO, MOSAICO (POR FALTA DE DISYUNCIÓN MITÓTICA)",,,,1
Q922,TRISOMÍA PARCIAL MAYOR,,,,1
Q923,TRISOMÍA PARCIAL MENOR,,,,1
Q924,DUPLICACIONES VISIBLES SOLO EN LA PROMETAFASE,,,,1
Q925,DUPLICACIONES CON OTROS REORDENAMIENTOS COMPLEJOS,,,,1
Q926,CROMOSOMAS MARCADORES SUPLEMENTARIOS,,,,1
Q927,TRIPLOIDÍA Y POLIPLOIDÍA,,,,1
Q928,"OTRAS TRISOMÍAS Y TRISOMÍAS PARCIALES DE LOS AUTOSOMAS, ESPECIFICADAS",,,,1
Q929,"TRISOMÍA Y TRISOMÍA PARCIAL DE LOS AUTOSOMAS, SIN OTRA ESPECIFICACIÓN",,,,1
Q930,"MONOSOMÍA COMPLETA DE UN CROMOSOMA, POR FALTA DE DISYUNCIÓN MEIÓTICA",,,,1
Q931,"MONOSOMÍA COMPLETA DE UN CROMOSOMA, MOSAICO (POR FALTA DE DISYUNCIÓN MITÓTICA)",,,,1
Q932,CROMOSOMA REEMPLAZADO POR ANILLO O DICÉNTRICO,,,,1
Q933,SUPRESIÓN DEL BRAZO CORTO DEL CROMOSOMA 4,,,,1
Q934,SUPRESIÓN DEL BRAZO CORTO DEL CROMOSOMA 5,,,,1
Q935,OTRAS SUPRESIONES DE PARTE DE UN CROMOSOMA,,,,1
Q936,SUPRESIONES VISIBLES SÓLO EN LA PROMETAFASE,,,,1
Q937,SUPRESIONES CON OTROS REORDENAMIENTOS COMPLEJOS,,,,1
Q938,OTRAS SUPRESIONES DE LOS AUTOSOMAS,,,,1
Q939,"SUPRESIÓN DE LOS AUTOSOMAS, NO ESPECIFICADA",,,,1
Q950,TRANSLOCACIÓN EQUILIBRADA E INSERCIÓN EN INDIVIDUO NORMAL,,,,1
Q951,INVERSIÓN CROMOSÓMICA EN INDIVIDUO NORMAL,,,,1
Q952,REORDENAMIENTO AUTOSÓMICO EQUILIBRADO EN INDIVIDUO ANORMAL,,,,1
Q953,REORDENAMIENTO AUTOSÓMICO/SEXUAL EQUILIBRADO EN INDIVIDUO ANORMAL,,,,1
Q954,INDIVIDUOS CON HETEROCROMATINA MARCADORA,,,,1
Q955,INDIVIDUOS CON SITIO FRÁGIL AUTOSÓMICO,,,,1
Q958,OTROS REORDENAMIENTOS EQUILIBRADOS Y MARCADORES ESTRUCTURALES,,,,1
Q959,"REORDENAMIENTO EQUILIBRADO Y MARCADOR ESTRUCTURAL, SIN OTRA ESPECIFICACIÓN",,,,1
Q960,"CARIOTIPO 45,X",F,,,1
Q961,"CARIOTIPO 46,X ISO (XQ)",F,,,1
Q962,"CARIOTIPO 46,X CON CROMOSOMA SEXUAL ANORMAL EXCEPTO ISO (XQ)",F,,,1
Q963,"MOSAICO 45, X/46,XX O XY",F,,,1
Q964,"MOSAICO 45,X/OTRA(S) LÍNEA(S) CELULAR(ES) CON CROMOSOMA SEXUAL ANORMAL",F,,,1
Q968,OTRAS VARIANTES DEL SÍNDROME DE TURNER,F,,,1
Q969,"SÍNDROME DE TURNER, NO ESPECIFICADO",F,,,1
Q970,"CARIOTIPO 47, XXX",F,,,1
Q971,MUJER CON MÁS DE TRES CROMOSOMAS X,F,,,1
Q972,"MOSAICO, LÍNEAS CON NÚMERO VARIABLE DE CROMOSOMAS X",F,,,1
Q973,"MUJER CON CARIOTIPO 46, XY",F,,,1
Q978,"OTRAS ANOMALÍAS DE LOS CROMOSOMAS SEXUALES, CON FENOTIPO FEMENINO, ESPECIFICADAS",F,,,1
Q979,"ANOMALÍA DE LOS CROMOSOMAS SEXUALES, CON FENOTIPO FEMENINO, SIN OTRA ESPECIFICACIÓN",F,,,1
Q980,"SÍNDROME DE KLINEFELTER, CARIOTIPO 47, XXY",M,,,1
Q981,"SÍNDROME DE KLINEFELTER, HOMBRE CON MÁS DE DOS CROMOSOMAS X",M,,,1
Q982,"SÍNDROME DE KLINEFELTER, HOMBRE CON CARIOTIPO 46, XX",M,,,1
Q983,"OTRO HOMBRE CON CARIOTIPO 46, XX",M,,,1
Q984,"SÍNDROME DE KLINEFELTER, NO ESPECIFICADO",M,,,1
Q985,"CARIOTIPO 47, XYY",M,,,1
Q986,HOMBRE CON CROMOSOMA SEXUAL ESTRUCTURALMENTE ANORMAL,M,,,1
Q987,HOMBRE CON MOSAICO DE CROMOSOMAS SEXUALES,M,,,1
Q988,"OTRAS ANOMALÍAS DE LOS CROMOSOMAS SEXUALES, CON FENOTIPO MASCULINO, ESPECIFICADAS",M,,,1
Q989,"ANOMALÍA DE LOS CROMOSOMAS SEXUALES, FENOTIPO MASCULINO, SIN OTRA ESPECIFICACIÓN",M,,,1
Q990,"QUIMERA 46, XX/46, XY",,,,1
Q991,"HERMAFRODITA VERDADERO 46, XX",,,,1
Q992,CROMOSOMA X FRÁGIL,,,,1
Q998,"OTRAS ANOMALÍAS DE LOS CROMOSOMAS, ESPECIFICADAS",,,,1
Q999,"ANOMALÍA CROMOSÓMICA, NO ESPECIFICADA",,,,1
R000,"TAQUICARDIA, NO ESPECIFICADA",,,,1
R001,"BRADICARDIA, NO ESPECIFICADA",,,,1
R002,PALPITACIONES,,,,1
R008,OTRAS ANORMALIDADES DEL LATIDO CARDÍACO Y LAS NO ESPECIFICADAS,,,,1
R010,SOPLOS CARDÍACOS BENIGNOS O INOCENTES,,,,1
R011,"SOPLO CARDÍACO, NO ESPECIFICADO",,,,1
R012,OTROS SONIDOS CARDÍACOS,,,,1
R02,"GANGRENA, NO CLASIFICADA EN OTRA PARTE",,,,1
R030,"LECTURA ELEVADA DE LA PRESIÓN SANGUÍNEA, SIN DIAGNÓSTICO DE HIPERTENSIÓN",,,,1
R031,LECTURA DE PRESIÓN BAJA NO ESPECÍFICA,,,,1
R040,EPISTAXIS,,28,43800,1
R041,HEMORRAGIA DE LA GARGANTA,,,,1
R042,HEMOPTISIS,,28,43800,1
R048,HEMORRAGIA DE OTROS SITIOS DE LAS VÍAS RESPIRATORIAS,,28,43800,1
R049,"HEMORRAGIA DE LAS VÍAS RESPIRATORIAS, NO ESPECIFICADA",,,,1
R05,TOS,,,,1
R060,DISNEA,,28,43800,1
R061,ESTRIDOR,,28,43800,1
R062,SILBIDO,,,,1
R063,RESPIRACIÓN PERIÓDICA,,,,1
R064,HIPERVENTILACIÓN,,,,1
R065,RESPIRACIÓN CON LA BOCA,,,,1
R066,HIPO,,,,1
R067,ESTORNUDO,,,,1
R068,OTRAS ANORMALIDADES DE LA RESPIRACIÓN Y LAS NO ESPECIFICADAS,,28,43800,1
R070,DOLOR DE GARGANTA,,,,1
R071,DOLOR EN EL PECHO AL RESPIRAR,,,,1
R072,DOLOR PRECORDIAL,,,,1
R073,OTROS DOLORES EN EL PECHO,,,,1
R074,"DOLOR EN EL PECHO, NO ESPECIFICADO",,,,1
R090,ASFIXIA,,28,43800,1
R091,PLEURESÍA,,,,1
R092,PARO RESPIRATORIO,,28,43800,1
R093,ESPUTO ANORMAL,,,,1
R098,OTROS SÍNTOMAS Y SIGNOS ESPECIFICADOS QUE INVOLUCRAN LOS SISTEMAS CIRCULATORIO Y RESPIRATORIO,,,,1
R100,ABDOMEN AGUDO,,,,1
R101,DOLOR ABDOMINAL LOCALIZADO EN PARTE SUPERIOR,,,,1
R102,DOLOR PÉLVICO Y PERINEAL,,,,1
R103,DOLOR LOCALIZADO EN OTRAS PARTES INFERIORES DEL ABDOMEN,,,,1
R104,OTROS DOLORES ABDOMINALES Y LOS NO ESPECIFICADOS,,,,1
R11,NÁUSEA Y VÓMITO,,28,43800,1
R12,ACIDEZ,,,,1
R13,DISFAGIA,,,,1
R14,FLATULENCIA Y AFECCIONES AFINES,,,,1
R15,INCONTINENCIA FECAL,,,,1
R160,"HEPATOMEGALIA, NO CLASIFICADA EN OTRA PARTE",,,,1
R161,"ESPLENOMEGALIA, NO CLASIFICADA EN OTRA PARTE",,,,1
R162,"HEPATOMEGALIA CON ESPLENOMEGALIA, NO CLASIFICADAS EN OTRA PARTE",,,,1
R170,"HIPERBILIRUBINAEMIA CON MENCIÓN DE ICTERICIA, NO CLASIFICADO EN OTRA PARTE",,28,43800,1
R179,"HIPERBILIRUBINAEMIA SIN MENCIÓN DE ICTERICIA, NO CLASIFICADO EN OTRA PARTE",,28,43800,1
R18,ASCITIS,,,,1
R190,"TUMEFACCIÓN, MASA O PROMINENCIA INTRAABDOMINAL Y PÉLVICA",,,,1
R191,SONIDOS INTESTINALES ANORMALES,,,,1
R192,PERISTALSIS VISIBLE,,,,1
R193,RIGIDEZ ABDOMINAL,,,,1
R194,CAMBIOS EN LOS HÁBITOS INTESTINALES,,,,1
R195,OTRAS ANORMALIDADES FECALES,,,,1
R196,HALITOSIS,,,,1
R198,OTROS SÍNTOMAS Y SIGNOS ESPECIFICADOS QUE INVOLUCRAN EL SISTEMA DIGESTIVO Y EL ABDOMEN,,,,1
R200,ANESTESIA DE LA PIEL,,,,1
R201,HIPOESTESIA DE LA PIEL,,,,1
R202,PARESTESIA DE LA PIEL,,,,1
R203,HIPERESTESIA,,,,1
R208,OTRAS ALTERACIONES DE LA SENSIBILIDAD CUTÁNEA Y LAS NO ESPECIFICADAS,,,,1
R21,SALPULLIDO Y OTRAS ERUPCIONES CUTÁNEAS NO ESPECIFICADAS,,,,1
R220,"TUMEFACCIÓN, MASA O PROMINENCIA LOCALIZADA EN LA CABEZA",,,,1
R221,"TUMEFACCIÓN, MASA O PROMINENCIA LOCALIZADA EN EL CUELLO",,,,1
R222,"TUMEFACCIÓN, MASA O PROMINENCIA LOCALIZADA EN EL TRONCO",,,,1
R223,"TUMEFACCIÓN, MASA O PROMINENCIA LOCALIZADA EN EL MIEMBRO SUPERIOR",,,,1
R224,"TUMEFACCIÓN, MASA O PROMINENCIA LOCALIZADA EN EL MIEMBRO INFERIOR",,,,1
R227,"TUMEFACCIÓN, MASA O PROMINENCIA LOCALIZADA EN SITIOS MÚLTIPLES",,,,1
R229,"TUMEFACCIÓN, MASA O PROMINENCIA LOCALIZADA EN PARTE NO ESPECIFICADA",,,,1
R230,CIANOSIS,,28,43800,1
R231,PALIDEZ,,,,1
R232,RUBOR,,,,1
R233,EQUIMOSIS ESPONTÁNEA,,28,43800,1
R234,CAMBIOS EN LA TEXTURA DE LA PIEL,,,,1
R238,OTROS CAMBIOS DE LA PIEL Y LOS NO ESPECIFICADOS,,,,1
R250,MOVIMIENTOS ANORMALES DE LA CABEZA,,,,1
R251,TEMBLOR NO ESPECIFICADO,,,,1
R252,CALAMBRES Y ESPASMOS,,,,1
R253,FASCICULACIÓN,,,,1
R258,OTROS MOVIMIENTOS ANORMALES INVOLUNTARIOS Y LOS NO ESPECIFICADOS,,,,1
R260,MARCHA ATÁXICA,,,,1
R261,MARCHA PARALÍTICA,,,,1
R262,"DIFICULTAD PARA CAMINAR, NO CLASIFICADA EN OTRA PARTE",,,,1
R263,INMOVILIDAD,,,,1
R268,OTRAS ANORMALIDADES DE LA MARCHA Y DE LA MOVILIDAD Y LAS NO ESPECIFICADAS,,,,1
R270,"ATAXIA, NO ESPECIFICADA",,,,1
R278,OTRAS FALLAS DE LA COORDINACIÓN Y LAS NO ESPECIFICADAS,,,,1
R290,TETANIA,,28,43800,1
R291,MENINGISMO,,,,1
R292,REFLEJOS ANORMALES,,,,1
R293,POSTURA ANORMAL,,,,1
R294,CHASQUIDO DE LA CADERA,,,,1
R296,"TENDENCIA A CAER, NO CLASIFICADA EN OTRA PARTE",,,,1
R298,OTROS SÍNTOMAS Y SIGNOS QUE INVOLUCRAN LOS SISTEMAS NERVIOSO Y OSTEOMUSCULAR Y LOS NO ESPECIFICADOS,,,,1
R300,DISURIA,,,,1
R301,TENESMO VESICAL,,,,1
R309,"MICCIÓN DOLOROSA, NO ESPECIFICADA",,,,1
R31,"HEMATURIA, NO ESPECIFICADA",,,,1
R32,"INCONTINENCIA URINARIA, NO ESPECIFICADA",,,,1
R33,RETENCIÓN DE ORINA,,,,1
R34,ANURIA Y OLIGURIA,,,,1
R35,POLIURIA,,,,1
R36,DESCARGA URETRAL,,,,1
R390,EXTRAVASACIÓN DE LA ORINA,,,,1
R391,OTRAS DIFICULTADES DE LA MICCIÓN,,,,1
R392,UREMIA EXTRARRENAL,,,,1
R398,OTROS SÍNTOMAS Y SIGNOS QUE INVOLUCRAN EL SISTEMA URINARIO Y LOS NO ESPECIFICADOS,,,,1
R400,SOMNOLENCIA,,28,43800,1
R401,ESTUPOR,,28,43800,1
R402,"COMA, NO ESPECIFICADO",,28,43800,1
R410,DESORIENTACIÓN NO ESPECIFICADA,,,,1
R411,AMNESIA ANTERÓGRADA,,,,1
R412,AMNESIA RETRÓGRADA,,,,1
R413,OTRA AMNESIA,,,,1
R418,OTROS SÍNTOMAS Y SIGNOS QUE INVOLUCRAN LA FUNCIÓN COGNOSCITIVA Y LA CONCIENCIA Y LOS NO ESPECIFICADOS,,,,1
R42,MAREO Y DESVANECIMIENTO,,,,1
R430,ANOSMIA,,,,1
R431,PAROSMIA,,,,1
R432,PARAGEUSIA,,,,1
R438,OTRAS ALTERACIONES DEL GUSTO Y DEL OLFATO Y LAS NO ESPECIFICADAS,,,,1
R440,ALUCINACIONES AUDITIVAS,,,,1
R441,ALUCINACIONES VISUALES,,,,1
R442,OTRAS ALUCINACIONES,,,,1
R443,"ALUCINACIONES, NO ESPECIFICADAS",,,,1
R448,OTROS SÍNTOMAS Y SIGNOS QUE INVOLUCRAN LAS SENSACIONES Y PERCEPCIONES GENERALES Y LOS NO ESPECIFICADOS,,,,1
R450,NERVIOSISMO,,,,1
R451,INQUIETUD Y AGITACIÓN,,,,1
R452,INFELICIDAD,,,,1
R453,DESMORALIZACIÓN Y APATÍA,,,,1
R454,IRRITABILIDAD Y ENOJO,,,,1
R455,HOSTILIDAD,,,,1
R456,VIOLENCIA FÍSICA,,,,1
R457,"TENSIÓN Y ESTADO DE CHOQUE EMOCIONAL, NO ESPECIFICADO",,,,1
R458,OTROS SÍNTOMAS Y SIGNOS QUE INVOLUCRAN EL ESTADO EMOCIONAL,,,,1
R460,MUY BAJO NIVEL DE HIGIENE PERSONAL,,,,1
R461,APARIENCIA PERSONAL EXTRAÑA,,,,1
R462,CONDUCTA EXTRAÑA E INEXPLICABLE,,,,1
R463,HIPERACTIVIDAD,,,,1
R464,LENTITUD Y POBRE RESPUESTA,,,,1
R465,SUSPICACIA Y EVASIVIDAD MARCADAS,,,,1
R466,PREOCUPACIÓN INDEBIDA POR SUCESOS QUE CAUSAN TENSIÓN,,,,1
R467,VERBOSIDAD Y DETALLES CIRCUNSTANCIALES QUE OSCURECEN LA RAZÓN DE LA CONSULTA O EL CONTACTO,,,,1
R468,OTROS SÍNTOMAS Y SIGNOS QUE INVOLUCRAN LA APARIENCIA Y EL COMPORTAMIENTO,,,,1
R470,DISFASIA Y AFASIA,,,,1
R471,DISARTRIA Y ANARTRIA,,,,1
R478,OTRAS ALTERACIONES DEL HABLA Y LAS NO ESPECIFICADAS,,,,1
R480,DISLEXIA Y ALEXIA,,,,1
R481,AGNOSIA,,,,1
R482,APRAXIA,,,,1
R488,OTRAS DISFUNCIONES SIMBÓLICAS Y LAS NO ESPECIFICADAS,,,,1
R490,DISFONÍA,,,,1
R491,AFONÍA,,,,1
R492,HIPERNASALIDAD E HIPONASALIDAD,,,,1
R498,OTRAS ALTERACIONES DE LA VOZ Y LAS NO ESPECIFICADAS,,,,1
R502,FIEBRE INDUCIDA POR DROGAS,,28,43800,1
R508,OTRAS FIEBRES ESPECIFICADAS,,28,43800,1
R509,"FIEBRE, NO ESPECIFICADA",,28,43800,1
R51,CEFALEA,,,,1
R520,DOLOR AGUDO,,,,1
R521,DOLOR CRÓNICO INTRATABLE,,,,1
R522,OTRO DOLOR CRÓNICO,,,,1
R529,"DOLOR, NO ESPECIFICADO",,,,1
R53,MALESTAR Y FATIGA,,,,1
R54,SENILIDAD,,23725,43800,1
R55,SÍNCOPE Y COLAPSO,,,,1
R560,CONVULSIONES FEBRILES,,28,43800,1
R568,OTRAS CONVULSIONES Y LAS NO ESPECIFICADAS,,28,43800,1
R570,CHOQUE CARDIOGÉNICO,,,,1
R571,CHOQUE HIPOVOLÉMICO,,,,1
R572,CHOQUE SÉPTICO,,,,1
R578,OTRAS FORMAS DE CHOQUE,,,,1
R579,"CHOQUE, NO ESPECIFICADO",,,,1
R58,"HEMORRAGIA, NO CLASIFICADA EN OTRA PARTE",,28,43800,1
R590,ADENOMEGALIA LOCALIZADA,,,,1
R591,ADENOMEGALIA GENERALIZADA,,,,1
R599,"ADENOMEGALIA, NO ESPECIFICADA",,,,1
R600,EDEMA LOCALIZADO,,28,43800,1
R601,EDEMA GENERALIZADO,,28,43800,1
R609,"EDEMA, NO ESPECIFICADO",,28,43800,1
R610,HIPERHIDROSIS LOCALIZADA,,,,1
R611,HIPERHIDROSIS GENERALIZADA,,,,1
R619,"HIPERHIDROSIS, NO ESPECIFICADA",,,,1
R620,RETARDO DEL DESARROLLO,,0,7665,1
R628,OTRAS FALTAS DEL DESARROLLO FISIOLÓGICO NORMAL ESPERADO,,0,7665,1
R629,"FALTA DEL DESARROLLO FISIOLÓGICO NORMAL ESPERADO, SIN OTRA ESPECIFICACIÓN",,0,7665,1
R630,ANOREXIA,,,,1
R631,POLIDIPSIA,,,,1
R632,POLIFAGIA,,,,1
R633,DIFICULTADES Y MALA ADMINISTRACIÓN DE LA ALIMENTACIÓN,,28,43800,1
R634,PÉRDIDA ANORMAL DE PESO,,,,1
R635,AUMENTO ANORMAL DE PESO,,,,1
R636,INGESTA INSUFICIENTE DE ALIMENTOS Y AGUA DEBIDA A DESCUIDO PERSONAL,,,,1
R638,OTROS SÍNTOMAS Y SIGNOS CONCERNIENTES A LA ALIMENTACIÓN Y A LA INGESTIÓN DE LÍQUIDOS,,,,1
R64,CAQUEXIA,,,,1
R650,"SÍNDROME DE RESPUESTA INFLAMATORIA SISTÉMICA DE ORIGEN INFECCIOSO, SIN FALLA ORGÁNICA",,,,1
R651,"SÍNDROME DE RESPUESTA INFLAMATORIA SISTÉMICA DE ORIGEN INFECCIOSO, CON FALLA ORGÁNICA",,,,1
R652,"SÍNDROME DE RESPUESTA INFLAMATORIA SISTÉMICA DE ORIGEN NO INFECCIOSO, SIN FALLA ORGÁNICA",,,,1
R653,"SÍNDROME DE RESPUESTA INFLAMATORIA SISTÉMICA DE ORIGEN NO INFECCIOSO, CON FALLA ORGÁNICA",,,,1
R659,"SÍNDROME DE RESPUESTA INFLAMATORIA SISTÉMICA, NO ESPECIFICADO",,,,1
R680,HIPOTERMIA NO ASOCIADA CON BAJA TEMPERATURA DEL AMBIENTE,,28,43800,1
R681,SÍNTOMAS NO ESPECÍFICOS PROPIOS DE LA INFANCIA,,,,1
R682,"BOCA SECA, NO ESPECIFICADA",,,,1
R683,DEDOS DE LA MANO DEFORMES,,,,1
R688,OTROS SÍNTOMAS Y SIGNOS GENERALES ESPECIFICADOS,,,,1
R69,CAUSAS DE MORBILIDAD DESCONOCIDAS Y NO ESPECIFICADAS,,,,1
R700,VELOCIDAD DE ERITROSEDIMENTACIÓN ELEVADA,,,,1
R701,VISCOSIDAD PLASMÁTICA ANORMAL,,,,1
R71,ANORMALIDAD DE LOS ERITROCITOS,,28,43800,1
R72,"ANORMALIDADES DE LOS LEUCOCITOS, NO CLASIFICADAS EN OTRA PARTE",,,,1
R730,ANORMALIDADES EN LA PRUEBA DE TOLERANCIA A LA GLUCOSA,,28,43800,1
R739,"HIPERGLICEMIA, NO ESPECIFICADA",,28,43800,1
R740,ELEVACIÓN DE LOS NIVELES DE TRANSAMINASAS O DESHIDROGENASA LÁCTICA [DHL],,,,1
R748,NIVELES ANORMALES DE OTRAS ENZIMAS EN SUERO,,,,1
R749,"NIVEL ANORMAL DE ENZIMAS EN SUERO, NO ESPECIFICADO",,,,1
R75,EVIDENCIAS DE LABORATORIO DEL VIRUS DE LA INMUNODEFICIENCIA HUMANA [VIH],,,,1
R760,TITULACIÓN ELEVADA DE ANTICUERPOS,,28,43800,1
R761,REACCIÓN ANORMAL A LA PRUEBA CON TUBERCULINA,,,,1
R762,FALSO POSITIVO EN LA PRUEBA SEROLÓGICA PARA SÍFILIS,,,,1
R768,OTROS HALLAZGOS INMUNOLÓGICOS ANORMALES ESPECIFICADOS EN SUERO,,,,1
R769,HALLAZGOS INMUNOLÓGICOS ANORMALES NO ESPECIFICADOS EN SUERO,,,,1
R770,ANORMALIDAD DE LA ALBÚMINA,,,,1
R771,ANORMALIDAD DE LA GLOBULINA,,,,1
R772,ANORMALIDAD DE LA ALFAFETOPROTEÍNA,,,,1
R778,OTRAS ANORMALIDADES ESPECIFICADAS DE LAS PROTEÍNAS PLASMÁTICAS,,,,1
R779,ANORMALIDADES NO ESPECIFICADAS DE LAS PROTEÍNAS PLASMÁTICAS,,,,1
R780,HALLAZGO DE ALCOHOL EN LA SANGRE,,,,1
R781,HALLAZGO DE DROGAS OPIÁCEAS EN LA SANGRE,,,,1
R782,HALLAZGO DE COCAÍNA EN LA SANGRE,,,,1
R783,HALLAZGO DE ALUCINÓGENOS EN LA SANGRE,,,,1
R784,HALLAZGO DE OTRAS DROGAS POTENCIALMENTE ADICTIVAS EN LA SANGRE,,,,1
R785,HALLAZGO DE DROGAS PSICOTRÓPICAS EN LA SANGRE,,,,1
R786,HALLAZGO DE AGENTES ESTEROIDES EN LA SANGRE,,,,1
R787,HALLAZGO DE NIVELES ANORMALES DE METALES PESADOS EN LA SANGRE,,,,1
R788,HALLAZGO DE OTRAS SUSTANCIAS ESPECIFICADAS QUE NORMALMENTE NO SE ENCUENTRAN EN LA SANGRE,,,,1
R789,HALLAZGO DE SUSTANCIA NO ESPECIFICADA QUE NORMALMENTE NO SE ENCUENTRA EN LA SANGRE,,,,1
R790,NIVEL ANORMAL DE MINERAL EN LA SANGRE,,,,1
R798,OTROS HALLAZGOS ANORMALES ESPECIFICADOS EN LA QUÍMICA SANGUÍNEA,,,,1
R799,"HALLAZGO ANORMAL EN LA QUÍMICA SANGUÍNEA, SIN OTRA ESPECIFICACIÓN",,,,1
R80,PROTEINURIA AISLADA,,,,1
R81,GLUCOSURIA,,,,1
R820,QUILURIA,,,,1
R821,MIOGLOBINURIA,,,,1
R822,BILIURIA,,,,1
R823,HEMOGLOBINURIA,,,,1
R824,ACETONURIA,,,,1
R825,"ELEVACIÓN DE LOS NIVELES DE DROGAS, MEDICAMENTOS Y SUSTANCIAS BIOLÓGICAS EN LA ORINA",,,,1
R826,NIVELES ANORMALES EN LA ORINA DE SUSTANCIAS DE ORIGEN PRINCIPALMENTE NO MEDICINAL,,,,1
R827,HALLAZGOS ANORMALES EN EL EXAMEN MICROBIOLÓGICO DE LA ORINA,,,,1
R828,HALLAZGOS ANORMALES EN EL EXAMEN CITOLÓGICO E HISTOLÓGICO DE LA ORINA,,,,1
R829,OTROS HALLAZGOS ANORMALES EN LA ORINA Y LOS NO ESPECIFICADOS,,,,1
R830,"HALLAZGOS ANORMALES EN EL LÍQUIDO CEFALORRAQUÍDEO, NIVEL ANORMAL DE ENZIMAS",,,,1
R831,"HALLAZGOS ANORMALES EN EL LÍQUIDO CEFALORRAQUÍDEO, NIVEL ANORMAL DE HORMONAS",,,,1
R832,"HALLAZGOS ANORMALES EN EL LÍQUIDO CEFALORRAQUÍDEO, NIVEL ANORMAL DE OTRAS DROGAS, MEDICAMENTOS Y SUSTANCIAS BIOLÓGICAS",,,,1
R833,"HALLAZGOS ANORMALES EN EL LÍQUIDO CEFALORRAQUÍDEO, NIVEL ANORMAL DE SUSTANCIAS DE ORIGEN FUNDAMENTALMENTE NO MEDICINAL",,,,1
R834,"HALLAZGOS ANORMALES EN EL LÍQUIDO CEFALORRAQUÍDEO, HALLAZGOS INMUNOLÓGICOS ANORMALES",,,,1
R835,"HALLAZGOS ANORMALES EN EL LÍQUIDO CEFALORRAQUÍDEO, HALLAZGOS MICROBIOLÓGICOS ANORMALES, HALLAZGOS POSITIVOS EN EL CULTIVO",,,,1
R836,"HALLAZGOS ANORMALES EN EL LÍQUIDO CEFALORRAQUÍDEO, HALLAZGOS CITOLÓGICOS ANORMALES, FROTIS ANORMAL DE PAPANICOLAOU",,,,1
R837,"HALLAZGOS ANORMALES EN EL LÍQUIDO CEFALORRAQUÍDEO, HALLAZGOS HISTOLÓGICOS ANORMALES",,,,1
R838,"HALLAZGOS ANORMALES EN EL LÍQUIDO CEFALORRAQUÍDEO, OTROS HALLAZGOS ANORMALES, HALLAZGOS CROMOSÓMICOS ANORMALES",,,,1
R839,"HALLAZGOS ANORMALES EN EL LÍQUIDO CEFALORRAQUÍDEO, HALLAZGOS ANORMALES NO ESPECIFICADOS",,,,1
R840,"HALLAZGOS ANORMALES EN MUESTRAS TOMADAS DE ÓRGANOS RESPIRATORIOS Y TORÁCICOS, NIVEL ANORMAL DE ENZIMAS",,,,1
R841,"HALLAZGOS ANORMALES EN MUESTRAS TOMADAS DE ÓRGANOS RESPIRATORIOS Y TORÁCICOS, NIVEL ANORMAL DE HORMONAS",,,,1
R842,"HALLAZGOS ANORMALES EN MUESTRAS TOMADAS DE ÓRGANOS RESPIRATORIOS Y TORÁCICOS,NIVEL ANORMAL DE OTRAS DROGAS, MEDICAMENTOS Y SUSTANCIAS BIOLÓGICAS",,,,1
R843,"HALLAZGOS ANORMALES EN MUESTRAS TOMADAS DE ÓRGANOS RESPIRATORIOS Y TORÁCICOS, NIVEL ANORMAL DE SUSTANCIAS DE ORIGEN FUNDAMENTALMENTE NO MEDICINAL",,,,1
R844,"HALLAZGOS ANORMALES EN MUESTRAS TOMADAS DE ÓRGANOS RESPIRATORIOS Y TORÁCICOS, HALLAZGOS INMUNOLÓGICOS ANORMALES",,,,1
R845,"HALLAZGOS ANORMALES EN MUESTRAS TOMADAS DE ÓRGANOS RESPIRATORIOS Y TORÁCICOS, HALLAZGOS MICROBIOLÓGICOS ANORMALES, HALLAZGOS POSITIVOS EN EL CULTIVO",,,,1
R846,"HALLAZGOS ANORMALES EN MUESTRAS TOMADAS DE ÓRGANOS RESPIRATORIOS Y TORÁCICOS, HALLAZGOS CITOLÓGICOS ANORMALES, FROTIS ANORMAL DE PAPANICOLAOU",,,,1
R847,"HALLAZGOS ANORMALES EN MUESTRAS TOMADAS DE ÓRGANOS RESPIRATORIOS Y TORÁCICOS, HALLAZGOS HISTOLÓGICOS ANORMALES",,,,1
R848,"HALLAZGOS ANORMALES EN MUESTRAS TOMADAS DE ÓRGANOS RESPIRATORIAS Y TORÁCICOS OTROS HALLAZGOS ANORMALES, HALLAZGOS CROMOSÓMICOS ANORMALES",,,,1
R849,"HALLAZGOS ANORMALES EN MUESTRAS TOMADAS DE ÓRGANOS RESPIRATORIOS Y TORÁCICOS, HALLAZGOS ANORMALES NO ESPECIFICADOS",,,,1
R850,"HALLAZGOS ANORMALES EN MUESTRAS TOMADAS DE ÓRGANOS DIGESTIVOS Y DE LA CAVIDAD ABDOMINAL, NIVEL ANORMAL DE ENZIMAS",,,,1
R851,"HALLAZGOS ANORMALES EN MUESTRAS TOMADAS DE ÓRGANOS DIGESTIVOS Y DE LA CAVIDAD ABDOMINAL, NIVEL ANORMAL DE HORMONAS",,,,1
R852,"HALLAZGOS ANORMALES EN MUESTRAS TOMADAS DE ÓRGANOS DIGESIVOS Y DE LA CAVIDAD ABDOMINAL, NIVEL ANORMAL DE OTRAS DROGAS, MEDICAMENTOS Y SUSTANCIAS BIOLÓGICAS",,,,1
R853,"HALLAZGOS ANORMALES EN MUESTRAS TOMADAS DE ÓRGANOS DIGESTIVOS Y DE LA CAVIDAD ABDOMINAL, NIVEL ANORMAL DE SUSTANCIAS DE ORIGEN FUNDAMENTALMENTE NO MEDICINAL",,,,1
R854,"HALLAZGOS ANORMALES EN MUESTRAS TOMADAS DE ÓRGANOS DIGESTIVOS Y DE LA CAVIDAD ABDOMINAL, HALLAZGOS INMUNOLÓGICOS ANORMALES",,,,1
R855,"HALLAZGOS ANORMALES EN MUESTRAS TOMADAS DE ÓRGANOS DIGESTIVOS Y DE LA CAVIDAD ABDOMINAL, HALLAZGOS MICROBIOLÓGICOS ANORMALES, HALLAZGOS POSITIVOS EN EL CULTIVO",,,,1
R856,"HALLAZGOS ANORMALES EN MUESTRAS TOMADAS DE ÓRGANOS DIGESTIVOS Y DE LA CAVIDAD ABDOMINAL, HALLAZGOS CITOLÓGICOS ANORMALES, FROTIS ANORMAL DE PAPANICOLAOU",,,,1
R857,"HALLAZGOS ANORMALES EN MUESTRAS TOMADAS DE ÓRGANOS DIGESTIVOS Y DE LA CAVIDAD ABDOMINAL, HALLAZGOS HISTOLÓGICOS ANORMALES",,,,1
R858,"HALLAZGOS ANORMALES EN MUESTRAS TOMADAS DE ÓRGANOS DIGESTIVOS Y DE LA CAVIDAD ABDOMINAL, OTROS HALLAZGOS ANORMALES, HALLAZGOS CROMOSÓMICOS ANORMALES",,,,1
R859,"HALLAZGOS ANORMALES EN MUESTRA TOMADAS DE ÓRGANOS DIGESTIVOS Y DE LA CAVIDAD ABDOMINAL, HALLAZGOS ANORMALES NO ESPECIFICADOS",,,,1
R860,"HALLAZGOS ANORMALES EN MUESTRAS TOMADAS DE ÓRGANOS GENITALES MASCULINOS, NIVEL ANORMAL DE ENZIMAS",M,3650,43800,1
R861,"HALLAZGOS ANORMALES EN MUESTRAS TOMADAS DE ÓRGANOS GENITALES MASCULINOS, NIVEL ANORMAL DE HORMONAS",M,3650,43800,1
R862,"HALLAZGOS ANORMALES EN MUESTRAS TOMADAS DE ÓRGANOS GENITALES MASCULINOS, NIVEL ANORMAL DE OTRAS DROGAS, MEDICAMENTOS Y SUSTANCIAS BIOLÓGICAS",M,3650,43800,1
R863,"HALLAZGOS ANORMALES EN MUESTRAS TOMADAS DE ÓRGANOS GENITALES MASCULINOS, NIVEL ANORMAL DE SUSTANCIAS DE ORIGEN FUNDAMENTALMENTE NO MEDICINAL",M,3650,43800,1
R864,"HALLAZGOS ANORMALES EN MUESTRAS TOMADAS DE ÓRGANOS GENITALES MASCULINOS, HALLAZGOS INMUNOLÓGICOS ANORMALES",M,3650,43800,1
R865,"HALLAZGOS ANORMALES EN MUESTRAS TOMADAS DE ÓRGANOS GENITALES MASCULINOS, HALLAZGOS MICROBIOLÓGICOS ANORMALES, HALLAZGOS POSITIVOS EN EL CULTIVO",M,3650,43800,1
R866,"HALLAZGOS ANORMALES EN MUESTRAS TOMADAS DE ÓRGANOS GENITALES MASCULINOS, HALLAZGOS CITOLÓGICOS ANORMALES, FROTIS ANORMAL DE PAPANICOLAOU",M,3650,43800,1
R867,"HALLAZGOS ANORMALES EN MUESTRAS TOMADAS DE ÓRGANOS GENITALES MASCULINOS, HALLAZGOS HISTOLÓGICOS ANORMALES",M,3650,43800,1
R868,"HALLAZGOS ANORMALES EN MUESTRAS TOMADAS DE ÓRGANOS GENITALES MASCULINOS, OTROS HALLAZGOS ANORMALES, HALLAZGOS CROMOSÓMICOS ANORMALES",M,3650,43800,1
R869,"HALLAZGOS ANORMALES EN MUESTRAS TOMADAS DE ÓRGANOS GENITALES MASCULINOS, HALLAZGOS ANORMALES NO ESPECIFICADOS",M,3650,43800,1
R870,"HALLAZGOS ANORMALES EN MUESTRAS TOMADAS DE ÓRGANOS GENITALES FEMENINOS, NIVEL ANORMAL DE ENZIMAS",F,3650,43800,1
R871,"HALLAZGOS ANORMALES EN MUESTRAS TOMADAS DE ÓRGANOS GENITALES FEMENINOS, NIVEL ANORMAL DE HORMONAS",F,3650,43800,1
R872,"HALLAZGOS ANORMALES EN MUESTRAS TOMADAS DE ÓRGANOS GENITALES FEMENINOS, NIVEL ANORMAL DE OTRAS DROGAS, MEDICAMENTOS Y SUSTANCIAS BIOLÓGICAS.",F,3650,43800,1
R873,"HALLAZGOS ANORMALES EN MUESTRAS TOMADAS DE ÓRGANOS GENITALES FEMENINOS, NIVEL ANORMAL DE SUSTANCIAS DE ORIGEN FUNDAMENTALMENTE NO MEDICINAL",F,3650,43800,1
R874,"HALLAZGOS ANORMALES EN MUESTRAS TOMADAS DE ÓRGANOS GENITALES FEMENINOS, HALLAZGOS INMUNOLÓGICOS ANORMALES",F,3650,43800,1
R875,"HALLAZGOS ANORMALES EN MUESTRAS TOMADAS DE ÓRGANOS GENITALES FEMENINOS, HALLAZGOS MICROBIOLÓGICOS ANORMALES, HALLAZGOS POSITIVOS EN EL CULTIVO",F,3650,43800,1
R876,"HALLAZGOS ANORMALES.EN MUESTRAS TOMADAS DE ÓRGANOS GENITALES FEMENINOS, HALLAZGOS CITOLÓGICOS ANORMALES, FROTIS ANORMAL DE PAPANICOLAOU",F,3650,43800,1
R877,"HALLAZGOS ANORMALES EN MUESTRAS TOMADAS DE ÓRGANOS GENITALES FEMENINOS, HALLAZGOS HISTOLÓGICOS ANORMALES",F,3650,43800,1
R878,"HALLAZGOS ANORMALES EN MUESTRAS TOMADAS DE ÓRGANOS GENITALES FEMENINOS, OTROS HALLAZGOS ANORMALES, HALLAZGOS CROMOSÓMICOS ANORMALES",F,3650,43800,1
R879,"HALLAZGOS ANORMALES EN MUESTRAS TOMADAS DE ÓRGANOS GENITALES FEMENINOS, HALLAZGOS ANORMALES, NO ESPECIFICADOS",F,3650,43800,1
R890,"HALLAZGOS ANORMALES EN MUESTRAS TOMADAS DE OTROS ÓRGANOS, SISTEMAS Y TEJIDOS, NIVEL ANORMAL DE ENZIMAS",,,,1
R891,"HALLAZGOS ANORMALES EN MUESTRAS TOMADAS DE OTROS ORGANOS, SISTEMAS Y TEJIDOS, NIVEL ANORMAL DE HORMONAS",,,,1
R892,"HALLAZGOS ANORMALES EN MUESTRAS TOMADAS DE OTROS ÓRGANOS, SISTEMAS Y TEJIDOS, NIVEL ANORMAL DE OTRAS DROGAS, MEDICAMENTOS Y SUSTANCIAS BIOLÓGICAS",,,,1
R893,"HALLAZGOS ANORMALES EN MUESTRAS TOMADAS DE OTROS ÓRGANOS, SISTEMAS Y TEJIDOS, NIVEL ANORMAL DE SUSTANCIAS DE ORIGEN FUNDAMENTALMENTE NO MEDICINAL",,,,1
R894,"HALLAZGOS ANORMALES EN MUESTRAS TOMADAS DE OTROS ÓRGANOS, SISTEMAS Y TEJIDOS, HALLAZGOS INMUNOLÓGICOS ANORMALES",,,,1
R895,"HALLAZGOS ANORMALES EN MUESTRA TOMADAS DE OTROS ÓRGANOS , SISTEMAS Y TEJIDOS, HALLAZGOS MICROBIOLÓGICOS ANORMALES, HALLAZGOS POSITIVOS EN EL CULTIVO",,,,1
R896,"HALLAZGOS ANORMALES EN MUESTRA TOMADAS DE OTROS ÓRGANOS, SISTEMAS Y TEJIDOS, HALLAZGOS CITOLÓGICOS ANORMALES, FROTIS ANORMAL DE PAPANICOLAOU",,,,1
R897,"HALLAZGOS ANORMALES EN MUESTRAS TOMADAS DE OTROS ÓRGANOS, SISTEMAS Y TEJIDOS, HALLAZGOS HISTOLÓGICOS ANORMALES",,,,1
R898,"HALLAZGOS ANORMALES EN MUESTRAS TOMADAS DE OTROS ÓRGANOS, SISTEMAS Y TEJIDOS, OTROS HALLAZGOS ANORMALES, HALLAZGOS CROMOSÓMICOS ANORMALES",,,,1
R899,"HALLAZGOS ANORMALES EN MUESTRAS TOMADAS DE OTROS ÓRGANOS, SISTEMAS Y TEJIDOS, HALLAZGOS ANORMALES NO ESPECIFICADOS.",,,,1
R900,LESIÓN QUE OCUPA EL ESPACIO INTRACRANEAL,,,,1
R908,OTROS HALLAZGOS ANORMALES EN DIAGNÓSTICO POR IMAGEN DEL SISTEMA NERVIOSO CENTRAL,,,,1
R91,HALLAZGOS ANORMALES EN DIAGNÓSTICO POR IMAGEN DEL PULMÓN,,,,1
R92,HALLAZGOS ANORMALES EN DIAGNÓSTICO POR IMAGEN DE LA MAMA,,,,1
R930,"HALLAZGOS ANORMALES EN DIAGNÓSTICO POR IMAGEN DEL CRÁNEO Y DE LA CABEZA, NO CLASIFICADOS EN OTRA PARTE",,,,1
R931,HALLAZGOS ANORMALES EN DIAGNÓSTICO POR IMAGEN DEL CORAZÓN Y DE LA CIRCULACIÓN CORONARIA,,,,1
R932,HALLAZGOS ANORMALES EN DIAGNÓSTICO POR IMAGEN DEL HÍGADO Y DE LAS VÍAS BILIARES,,,,1
R933,HALLAZGOS ANORMALES EN DIAGNÓSTICO POR IMAGEN DE OTRAS PARTES DE LAS VÍAS DIGESTIVAS,,,,1
R934,HALLAZGOS ANORMALES EN DIAGNÓSTICO POR IMAGEN DE LOS ÓRGANOS URINARIOS,,,,1
R935,"HALLAZGOS ANORMALES EN DIAGNÓSTICO POR IMAGEN DE OTRAS REGIONES ABDOMINALES, INCLUIDO EL RETROPERITONEO",,,,1
R936,HALLAZGOS ANORMALES EN DIAGNÓSTICO POR IMAGEN DE LOS MIEMBROS,,,,1
R937,HALLAZGOS ANORMALES EN DIAGNÓSTICO POR IMAGEN DE OTRAS PARTES DEL SISTEMA OSTEOMUSCULAR,,,,1
R938,HALLAZGOS ANORMALES EN DIAGNÓSTICO POR IMAGEN DE OTRAS ESTRUCTURAS ESPECIFICADAS DEL CUERPO,,,,1
R940,RESULTADOS ANORMALES EN ESTUDIOS FUNCIONALES DEL SISTEMA NERVIOSO CENTRAL,,,,1
R941,RESULTADOS ANORMALES EN ESTUDIOS FUNCIONALES DEL SISTEMA NERVIOSO PERIFÉRICO Y SENTIDOS ESPECIALES,,,,1
R942,RESULTADOS ANORMALES EN ESTUDIOS FUNCIONALES DEL PULMÓN,,,,1
R943,RESULTADOS ANORMALES EN ESTUDIOS FUNCIONALES CARDIOVASCULARES,,,,1
R944,RESULTADOS ANORMALES EN ESTUDIOS FUNCIONALES DEL RIÑÓN,,,,1
R945,RESULTADOS ANORMALES EN ESTUDIOS FUNCIONALES DEL HÍGADO,,,,1
R946,RESULTADOS ANORMALES EN ESTUDIOS FUNCIONALES DE LA TIROIDES,,,,1
R947,RESULTADOS ANORMALES EN OTROS ESTUDIOS FUNCIONALES ENDOCRINOS,,,,1
R948,RESULTADOS ANORMALES EN LOS ESTUDIOS FUNCIONALES DE OTROS ÓRGANOS Y SISTEMAS,,,,1
R950,"SÍNDROME DE LA MUERTE SÚBITA INFANTIL, CON MENCIÓN DE AUTOPSIA",,0,330,0
R959,"SÍNDROME DE LA MUERTE SÚBITA INFANTIL, SIN MENCIÓN DE AUTOPSIA",,0,330,0
R960,MUERTE INSTANTÁNEA,,365,43800,0
R961,"MUERTE QUE OCURRE EN MENOS DE 24 HORAS DEL INICIO DE LOS SÍNTOMAS, NO EXPLICADA DE OTRA FORMA",,365,43800,0
R98,MUERTE SIN ASISTENCIA,,,,0
R99,OTRAS CAUSAS MAL DEFINIDAS Y LAS NO ESPECIFICADAS DE MORTALIDAD,,,,0
S000,TRAUMATISMO SUPERFICIAL DEL CUERO CABELLUDO,,,,1
S001,CONTUSIÓN DE LOS PÁRPADOS Y DE LA REGIÓN PERIOCULAR,,,,1
S002,OTROS TRAUMATISMOS SUPERFICIALES DEL PÁRPADO Y DE LA REGIÓN PERIOCULAR,,,,1
S003,TRAUMATISMO SUPERFICIAL DE LA NARIZ,,,,1
S004,TRAUMATISMO SUPERFICIAL DEL OÍDO,,,,1
S005,TRAUMATISMO SUPERFICIAL DEL LABIO Y DE LA CAVIDAD BUCAL,,,,1
S007,TRAUMATISMOS SUPERFICIALES MÚLTIPLES DE LA CABEZA,,,,1
S008,TRAUMATISMO SUPERFICIAL DE OTRAS PARTES DE LA CABEZA,,,,1
S009,"TRAUMATISMO SUPERFICIAL DE LA CABEZA, PARTE NO ESPECIFICADA",,,,1
S010,HERIDA DEL CUERO CABELLUDO,,,,1
S011,HERIDA DEL PÁRPADO Y DE LA REGIÓN PERIOCULAR,,,,1
S012,HERIDA DE LA NARIZ,,,,1
S013,HERIDA DEL OÍDO,,,,1
S014,HERIDA DE LA MEJILLA Y DE LA REGIÓN TEMPOROMANDIBULAR,,,,1
S015,HERIDA DEL LABIO Y DE LA CAVIDAD BUCAL,,,,1
S017,HERIDAS MÚLTIPLES DE LA CABEZA,,,,1
S018,HERIDA DE OTRAS PARTES DE LA CABEZA,,,,1
S019,"HERIDA DE LA CABEZA, PARTE NO ESPECIFICADA",,,,1
S020,FRACTURA DE LA BÓVEDA DEL CRÁNEO,,,,1
S021,FRACTURA DE LA BASE DEL CRÁNEO,,,,1
S022,FRACTURA DE LOS HUESOS DE LA NARIZ,,,,1
S023,FRACTURA DEL SUELO DE LA ÓRBITA,,,,1
S024,FRACTURA DEL MALAR Y DEL HUESO MAXILAR SUPERIOR,,,,1
S025,FRACTURA DE LOS DIENTES,,,,1
S026,FRACTURA DEL MAXILAR INFERIOR,,,,1
S027,FRACTURAS MÚLTIPLES QUE COMPROMETEN EL CRÁNEO Y LOS HUESOS DE LA CARA,,,,1
S028,FRACTURA DE OTROS HUESOS DEL CRÁNEO Y DE LA CARA,,,,1
S029,"FRACTURA DEL CRÁNEO Y DE LOS HUESOS DE LA CARA, PARTE NO ESPECIFICADA",,,,1
S030,LUXACIÓN DEL MAXILAR,,,,1
S031,LUXACIÓN DEL CARTÍLAGO SEPTAL DE LA NARIZ,,,,1
S032,LUXACIÓN DE DIENTE,,,,1
S033,LUXACIÓN DE OTRAS PARTES Y DE LAS NO ESPECIFICADAS DE LA CABEZA,,,,1
S034,ESGUINCES Y TORCEDURAS DEL MAXILAR,,,,1
S035,ESGUINCES Y TORCEDURAS DE ARTICULACIONES Y LIGAMENTOS DE OTRAS PARTES Y LAS NO ESPECIFICADAS DE LA CABEZA,,,,1
S040,TRAUMATISMO DEL NERVIO ÓPTICO [II PAR] Y DE LAS VÍAS ÓPTICAS,,,,1
S041,TRAUMATISMO DEL NERVIO MOTOR OCULAR COMÚN [III PAR],,,,1
S042,TRAUMATISMO DEL NERVIO PATÉTICO [IV PAR],,,,1
S043,TRAUMATISMO DEL NERVIO TRIGÉMINO [V PAR],,,,1
S044,TRAUMATISMO DEL NERVIO MOTOR OCULAR EXTERNO [VI PAR],,,,1
S045,TRAUMATISMO DEL NERVIO FACIAL [VII PAR],,,,1
S046,TRAUMATISMO DEL NERVIO ACÚSTICO [VIII PAR],,,,1
S047,TRAUMATISMO DEL NERVIO ESPINAL [XI PAR],,,,1
S048,TRAUMATISMO DE OTROS NERVIOS CRANEALES,,,,1
S049,"TRAUMATISMO DE NERVIOS CRANEALES, NO ESPECIFICADO",,,,1
S050,TRAUMATISMO DE LA CONJUNTIVA Y ABRASIÓN CORNEAL SIN MENCIÓN DE CUERPO EXTRAÑO,,,,1
S051,CONTUSIÓN DEL GLOBO OCULAR Y DEL TEJIDO ORBITARIO,,,,1
S052,LACERACIÓN Y RUPTURA OCULAR CON PROLAPSO O PÉRDIDA DEL TEJIDO INTRAOCULAR,,,,1
S053,LACERACIÓN OCULAR SIN PROLAPSO O PÉRDIDA DEL TEJIDO INTRAOCULAR,,,,1
S054,HERIDA PENETRANTE DE LA ÓRBITA CON O SIN CUERPO EXTRAÑO,,,,1
S055,HERIDA PENETRANTE DEL GLOBO OCULAR CON CUERPO EXTRAÑO,,,,1
S056,HERIDA PENETRANTE DEL GLOBO OCULAR SIN CUERPO EXTRAÑO,,,,1
S057,AVULSIÓN DE OJO,,,,1
S058,OTROS TRAUMATISMOS DEL OJO Y DE LA ÓRBITA,,,,1
S059,"TRAUMATISMO DEL OJO Y DE LA ÓRBITA, NO ESPECIFICADO",,,,1
S060,CONCUSIÓN,,,,1
S061,EDEMA CEREBRAL TRAUMÁTICO,,,,1
S062,TRAUMATISMO CEREBRAL DIFUSO,,,,1
S063,TRAUMATISMO CEREBRAL FOCAL,,,,1
S064,HEMORRAGIA EPIDURAL,,,,1
S065,HEMORRAGIA SUBDURAL TRAUMÁTICA,,,,1
S066,HEMORRAGIA SUBARACNOIDEA TRAUMÁTICA,,,,1
S067,TRAUMATISMO INTRACRANEAL CON COMA PROLONGADO,,,,1
S068,OTROS TRAUMATISMOS INTRACRANEALES,,,,1
S069,"TRAUMATISMO INTRACRANEAL, NO ESPECIFICADO",,,,1
S070,TRAUMATISMO POR APLASTAMIENTO DE LA CARA,,,,1
S071,TRAUMATISMO POR APLASTAMIENTO DEL CRÁNEO,,,,1
S078,TRAUMATISMO POR APLASTAMIENTO DE OTRAS PARTES DE LA CABEZA,,,,1
S079,"TRAUMATISMO POR APLASTAMIENTO DE LA CABEZA, PARTE NO ESPECIFICADA",,,,1
S080,AVULSIÓN DEL CUERO CABELLUDO,,,,1
S081,AMPUTACIÓN TRAUMÁTICA DE LA OREJA,,,,1
S088,AMPUTACIÓN TRAUMÁTICA DE OTRAS PARTES DE LA CABEZA,,,,1
S089,AMPUTACIÓN TRAUMÁTICA DE PARTE NO ESPECIFICADA DE LA CABEZA,,,,1
S090,TRAUMATISMO DE LOS VASOS SANGUÍNEOS DE LA CABEZA NO CLASIFICADOS EN OTRA PARTE,,,,1
S091,TRAUMATISMO DE TENDÓN Y MÚSCULOS DE LA CABEZA,,,,1
S092,RUPTURA TRAUMÁTICA DEL TÍMPANO DEL OÍDO,,,,1
S097,TRAUMATISMOS MÚLTIPLES DE LA CABEZA,,,,1
S098,"OTROS TRAUMATISMOS DE LA CABEZA, ESPECIFICADOS",,,,1
S099,"TRAUMATISMO DE LA CABEZA, NO ESPECIFICADO",,,,1
S100,CONTUSIÓN DE LA GARGANTA,,,,1
S101,OTROS TRAUMATISMOS SUPERFICIALES Y LOS NO ESPECIFICADOS DE LA GARGANTA,,,,1
S107,TRAUMATISMO SUPERFICIAL MÚLTIPLE DEL CUELLO,,,,1
S108,TRAUMATISMO SUPERFICIAL DE OTRAS PARTES DEL CUELLO,,,,1
S109,"TRAUMATISMO SUPERFICIAL DEL CUELLO, PARTE NO ESPECIFICADA",,,,1
S110,HERIDA QUE COMPROMETE LA LARINGE Y LA TRÁQUEA,,,,1
S111,HERIDA QUE COMPROMETE LA GLÁNDULA TIROIDES,,,,1
S112,HERIDA QUE COMPROMETE LA FARINGE Y EL ESÓFAGO CERVICAL,,,,1
S117,HERIDAS MÚLTIPLES DEL CUELLO,,,,1
S118,HERIDAS DE OTRAS PARTES DEL CUELLO,,,,1
S119,"HERIDA DE CUELLO, PARTE NO ESPECIFICADA",,,,1
S120,FRACTURA DE LA PRIMERA VÉRTEBRA CERVICAL,,,,1
S121,FRACTURA DE LA SEGUNDA VÉRTEBRA CERVICAL,,,,1
S122,FRACTURA DE OTRAS VÉRTEBRAS CERVICALES ESPECIFICADAS,,,,1
S127,FRACTURAS MÚLTIPLES DE COLUMNA CERVICAL,,,,1
S128,FRACTURA DE OTRAS PARTES DEL CUELLO,,,,1
S129,"FRACTURA DEL CUELLO, PARTE NO ESPECIFICADA",,,,1
S130,RUPTURA TRAUMÁTICA DE DISCO CERVICAL INTERVERTEBRAL,,,,1
S131,LUXACIÓN DE VÉRTEBRA CERVICAL,,,,1
S132,LUXACIONES DE OTRAS PARTES Y DE LAS NO ESPECIFICADAS DEL CUELLO,,,,1
S133,LUXACIONES MÚLTIPLES DEL CUELLO,,,,1
S134,ESGUINCES Y TORCEDURAS DE LA COLUMNA CERVICAL,,,,1
S135,ESGUINCES Y TORCEDURAS DE LA REGIÓN TIROIDEA,,,,1
S136,ESGUINCES Y TORCEDURAS DE ARTICULACIONES Y LIGAMENTOS DE OTROS SITIOS ESPECIFICADOS Y DE LOS NO ESPECIFICADOS DEL CUELLO,,,,1
S140,CONCUSIÓN Y EDEMA DE LA MÉDULA ESPINAL CERVICAL,,,,1
S141,OTROS TRAUMATISMOS DE LA MÉDULA ESPINAL CERVICAL Y LOS NO ESPECIFICADOS,,,,1
S142,TRAUMATISMO DE RAÍZ NERVIOSA DE COLUMNA CERVICAL,,,,1
S143,TRAUMATISMO DEL PLEXO BRAQUIAL,,,,1
S144,TRAUMATISMO DE NERVIOS PERIFÉRICOS DEL CUELLO,,,,1
S145,TRAUMATISMO DE NERVIOS CERVICALES SIMPÁTICOS,,,,1
S146,TRAUMATISMO DE OTROS NERVIOS Y DE LOS NO ESPECIFICADOS DEL CUELLO,,,,1
S150,TRAUMATISMO DE LA ARTERIA CARÓTIDA,,,,1
S151,TRAUMATISMO DE LA ARTERIA VERTEBRAL,,,,1
S152,TRAUMATISMO DE LA VENA YUGULAR EXTERNA,,,,1
S153,TRAUMATISMO DE LA VENA YUGULAR INTERNA,,,,1
S157,TRAUMATISMO DE MÚLTIPLES VASOS SANGUÍNEOS A NIVEL DEL CUELLO,,,,1
S158,TRAUMATISMO DE OTROS VASOS SANGUÍNEOS A NIVEL DEL CUELLO,,,,1
S159,TRAUMATISMO DE VASOS SANGUÍNEOS NO ESPECIFICADOS A NIVEL DEL CUELLO,,,,1
S16,TRAUMATISMO DE TENDÓN Y MÚSCULOS A NIVEL DEL CUELLO,,,,1
S170,TRAUMATISMO POR APLASTAMIENTO DE LA LARINGE Y DE LA TRÁQUEA,,,,1
S178,TRAUMATISMO POR APLASTAMIENTO DE OTRAS PARTES DEL CUELLO,,,,1
S179,"TRAUMATISMO POR APLASTAMIENTO DEL CUELLO, PARTE NO ESPECIFICADA",,,,1
S18,AMPUTACIÓN TRAUMÁTICA A NIVEL DEL CUELLO,,,,1
S197,TRAUMATISMOS MÚLTIPLES DEL CUELLO,,,,1
S198,"OTROS TRAUMATISMOS DEL CUELLO, ESPECIFICADOS",,,,1
S199,"TRAUMATISMO DEL CUELLO, NO ESPECIFICADO",,,,1
S200,CONTUSIÓN DE LA MAMA,,,,1
S201,OTROS TRAUMATISMOS SUPERFICIALES Y LOS NO ESPECIFICADOS DE LA MAMA,,,,1
S202,CONTUSIÓN DEL TÓRAX,,,,1
S203,OTROS TRAUMATISMOS SUPERFICIALES DE LA PARED ANTERIOR DEL TÓRAX,,,,1
S204,OTROS TRAUMATISMOS SUPERFICIALES DE LA PARED POSTERIOR DEL TÓRAX,,,,1
S207,TRAUMATISMOS SUPERFICIALES MÚLTIPLES DEL TÓRAX,,,,1
S208,TRAUMATISMO SUPERFICIAL DE OTRAS PARTES Y DE LAS NO ESPECIFICADAS DEL TÓRAX,,,,1
S210,HERIDA DE LA MAMA,,,,1
S211,HERIDA DE LA PARED ANTERIOR DEL TÓRAX,,,,1
S212,HERIDA DE LA PARED POSTERIOR DEL TÓRAX,,,,1
S217,HERIDA MÚLTIPLE DE LA PARED TORÁCICA,,,,1
S218,HERIDA DE OTRAS PARTES DEL TÓRAX,,,,1
S219,"HERIDA DEL TÓRAX, PARTE NO ESPECIFICADA",,,,1
S220,FRACTURA DE VÉRTEBRA TORÁCICA,,,,1
S221,FRACTURAS MÚLTIPLES DE COLUMNA TORÁCICA,,,,1
S222,FRACTURA DEL ESTERNÓN,,,,1
S223,FRACTURA DE COSTILLA,,,,1
S224,FRACTURAS MÚLTIPLES DE COSTILLAS,,,,1
S225,TÓRAX AZOTADO,,,,1
S228,FRACTURA DE OTRAS PARTES DEL TÓRAX ÓSEO,,,,1
S229,"FRACTURA DEL TÓRAX ÓSEO, PARTE NO ESPECIFICADA",,,,1
S230,RUPTURA TRAUMÁTICA DE DISCO INTERVERTEBRAL TORÁCICO,,,,1
S231,LUXACIÓN DE VÉRTEBRA TORÁCICA,,,,1
S232,LUXACIÓN DE OTRAS PARTES Y DE LAS NO ESPECIFICADAS DEL TÓRAX,,,,1
S233,ESGUINCES Y TORCEDURAS DE COLUMNA TORÁCICA,,,,1
S234,ESGUINCES Y TORCEDURAS DE COSTILLAS Y ESTERNÓN,,,,1
S235,ESGUINCES Y TORCEDURAS DE OTRAS PARTES Y DE LAS NO ESPECIFICADAS DEL TÓRAX,,,,1
S240,CONCUSIÓN Y EDEMA DE LA MÉDULA ESPINAL TORÁCICA,,,,1
S241,OTROS TRAUMATISMOS Y LOS NO ESPECIFICADOS DE LA MÉDULA ESPINAL TORÁCICA,,,,1
S242,TRAUMATISMO DE RAÍCES NERVIOSAS DE LA COLUMNA TORÁCICA,,,,1
S243,TRAUMATISMO DE NERVIOS PERIFÉRICOS DEL TÓRAX,,,,1
S244,TRAUMATISMO DE NERVIOS SIMPÁTICOS TORÁCICOS,,,,1
S245,TRAUMATISMO DE OTROS NERVIOS DEL TÓRAX,,,,1
S246,TRAUMATISMO DE NERVIO NO ESPECIFICADO DEL TÓRAX,,,,1
S250,TRAUMATISMO DE LA AORTA TORÁCICA,,,,1
S251,TRAUMATISMO DE LA ARTERIA INNOMINADA O SUBCLAVIA,,,,1
S252,TRAUMATISMO DE VENA CAVA SUPERIOR,,,,1
S253,TRAUMATISMO DE LA VENA INNOMINADA O SUBCLAVIA,,,,1
S254,TRAUMATISMO DE VASOS SANGUÍNEOS PULMONARES,,,,1
S255,TRAUMATISMO DE VASOS SANGUÍNEOS INTERCOSTALES,,,,1
S257,TRAUMATISMO DE MÚLTIPLES VASOS SANGUÍNEOS DEL TÓRAX,,,,1
S258,TRAUMATISMO DE OTROS VASOS SANGUÍNEOS DEL TÓRAX,,,,1
S259,TRAUMATISMO DE VASOS SANGUÍNEOS NO ESPECIFICADOS DEL TÓRAX,,,,1
S260,TRAUMATISMO DEL CORAZÓN CON HEMOPERICARDIO,,,,1
S268,OTROS TRAUMATISMOS DEL CORAZÓN,,,,1
S269,"TRAUMATISMO DEL CORAZÓN, NO ESPECIFICADO",,,,1
S270,NEUMOTÓRAX TRAUMÁTICO,,,,1
S271,HEMOTÓRAX TRAUMÁTICO,,,,1
S272,HEMONEUMOTÓRAX TRAUMÁTICO,,,,1
S273,OTROS TRAUMATISMOS DEL PULMÓN,,,,1
S274,TRAUMATISMO DE LOS BRONQUIOS,,,,1
S275,TRAUMATISMO DE LA TRÁQUEA TORÁCICA,,,,1
S276,TRAUMATISMO DE LA PLEURA,,,,1
S277,TRAUMATISMOS MÚLTIPLES DE ÓRGANOS INTRATORÁCICOS,,,,1
S278,"TRAUMATISMO DE OTROS ÓRGANOS INTRATORÁCICOS, ESPECIFICADOS",,,,1
S279,"TRAUMATISMO DE ÓRGANO INTRATORÁCICO, NO ESPECIFICADO",,,,1
S280,APLASTAMIENTO DEL TÓRAX,,,,1
S281,AMPUTACIÓN TRAUMÁTICA DE PARTE DEL TÓRAX,,,,1
S290,TRAUMATISMO DE TENDÓN Y MÚSCULOS A NIVEL DEL TÓRAX,,,,1
S297,TRAUMATISMOS MÚLTIPLES DEL TÓRAX,,,,1
S298,"OTROS TRAUMATISMOS DEL TÓRAX, ESPECIFICADOS",,,,1
S299,"TRAUMATISMO DEL TÓRAX, NO ESPECIFICADO",,,,1
S300,CONTUSIÓN DE LA REGIÓN LUMBOSACRA Y DE LA PELVIS,,,,1
S301,CONTUSIÓN DE LA PARED ABDOMINAL,,,,1
S302,CONTUSIÓN DE ÓRGANOS GENITALES EXTERNOS,,,,1
S307,"TRAUMATISMOS SUPERFICIALES MÚLTIPLES DEL ABDOMEN, DE LA REGIÓN LUMBOSACRA Y DE LA PELVIS",,,,1
S308,"OTROS TRAUMATISMOS SUPERFICIALES DEL ABDOMEN, DE LA REGIÓN LUMBOSACRA Y DE LA PELVIS",,,,1
S309,"TRAUMATISMO SUPERFICIAL DEL ABDOMEN, DE LA REGIÓN LUMBOSACRA Y DE LA PELVIS, PARTE NO ESPECIFICADA",,,,1
S310,HERIDA DE LA REGIÓN LUMBOSACRA Y DE LA PELVIS,,,,1
S311,HERIDA DE LA PARED ABDOMINAL,,,,1
S312,HERIDA DEL PENE,M,,,1
S313,HERIDA DEL ESCROTO Y DE LOS TESTÍCULOS,M,,,1
S314,HERIDA DE LA VAGINA Y DE LA VULVA,F,,,1
S315,HERIDA DE OTROS ÓRGANOS GENITALES EXTERNOS Y DE LOS NO ESPECIFICADOS,,,,1
S317,"HERIDAS MÚLTIPLES DEL ABDOMEN, DE LA REGIÓN LUMBOSACRA Y DE LA PELVIS",,,,1
S318,HERIDAS DE OTRAS PARTES Y DE LAS NO ESPECIFICADAS DEL ABDOMEN,,,,1
S320,FRACTURA DE VÉRTEBRA LUMBAR,,,,1
S321,FRACTURA DEL SACRO,,,,1
S322,FRACTURA DEL CÓCCIX,,,,1
S323,FRACTURA DEL HUESO ILIACO,,,,1
S324,FRACTURA DEL ACETÁBULO,,,,1
S325,FRACTURA DEL PUBIS,,,,1
S327,FRACTURAS MÚLTIPLES DE LA COLUMNA LUMBAR Y DE LA PELVIS,,,,1
S328,FRACTURA DE OTRAS PARTES Y DE LAS NO ESPECIFICADAS DE LA COLUMNA LUMBAR Y DE LA PELVIS,,,,1
S330,RUPTURA TRAUMÁTICA DE DISCO INTERVERTEBRAL LUMBAR,,,,1
S331,LUXACIÓN DE VÉRTEBRA LUMBAR,,,,1
S332,LUXACIÓN DE ARTICULACIÓN SACROCOCCÍGEA Y SACROILIACA,,,,1
S333,LUXACIÓN DE OTRAS PARTES Y DE LAS NO ESPECIFICADAS DE LA COLUMNA LUMBAR Y DE LA PELVIS,,,,1
S334,RUPTURA TRAUMÁTICA DE LA SÍNFISIS DEL PUBIS,,,,1
S335,ESGUINCES Y TORCEDURAS DE LA COLUMNA LUMBAR,,,,1
S336,ESGUINCES Y TORCEDURAS DE LA ARTICULACIÓN SACROILIACA,,,,1
S337,ESGUINCES Y TORCEDURAS DE OTRAS PARTES Y DE LA NO ESPECIFICADAS DE LA COLUMNA LUMBAR Y DE LA PELVIS,,,,1
S340,CONCUSIÓN Y EDEMA DE LA MÉDULA ESPINAL LUMBAR,,,,1
S341,OTRO TRAUMATISMO DE LA MÉDULA ESPINAL LUMBAR,,,,1
S342,TRAUMATISMO DE RAÍZ NERVIOSA DE LA COLUMNA LUMBAR Y SACRA,,,,1
S343,TRAUMATISMO DE LA COLA DE CABALLO,,,,1
S344,TRAUMATISMO DEL PLEXO LUMBOSACRO,,,,1
S345,"TRAUMATISMO DE NERVIOS(S) SIMPÁTICO(S) LUMBAR(ES),SACRO(S) Y PÉLVICO(S)",,,,1
S346,"TRAUMATISMO DE NERVIO(S) PERIFÉRICO(S) DEL ABDOMEN, DE LA REGIÓN LUMBOSACRA Y DE LA PELVIS",,,,1
S348,"TRAUMATISMO DE OTROS NERVIOS A NIVEL DEL ABDOMEN, DE LA REGIÓN LUMBOSACRA Y DE LA PELVIS Y DE LOS NO ESPECIFICADOS",,,,1
S350,TRAUMATISMO DE LA AORTA ABDOMINAL,,,,1
S351,TRAUMATISMO DE LA VENA CAVA INFERIOR,,,,1
S352,TRAUMATISMO DE ARTERIAS CELÍACAS Y MESENTÉRICAS,,,,1
S353,TRAUMATISMO DE VENAS PORTA Y ESPLÉNICA,,,,1
S354,TRAUMATISMO DE VASOS SANGUÍNEOS RENALES,,,,1
S355,TRAUMATISMO DE VASOS SANGUÍNEOS ILIACOS,,,,1
S357,"TRAUMATISMO DE MÚLTIPLES VASOS SANGUÍNEOS A NIVEL DEL ABDOMEN, DE LA REGIÓN LUMBOSACRA Y DE LA PELVIS",,,,1
S358,"TRAUMATISMO DE OTROS VASOS SANGUÍNEOS A NIVEL DEL ABDOMEN, DE LA REGIÓN LUMBOSACRA Y DE LA PELVIS",,,,1
S359,"TRAUMATISMO DE VASOS SANGUÍNEOS NO ESPECIFICADOS A NIVEL DEL ABDOMEN, DE LA REGIÓN LUMBOSACRA Y DE LA PELVIS",,,,1
S360,TRAUMATISMO DEL BAZO,,,,1
S361,TRAUMATISMO DEL HÍGADO Y DE LA VESÍCULA BILIAR,,,,1
S362,TRAUMATISMO DEL PÁNCREAS,,,,1
S363,TRAUMATISMO DEL ESTÓMAGO,,,,1
S364,TRAUMATISMO DEL INTESTINO DELGADO,,,,1
S365,TRAUMATISMO DEL COLON,,,,1
S366,TRAUMATISMO DEL RECTO,,,,1
S367,TRAUMATISMO DE MÚLTIPLES ÓRGANOS INTRAABDOMINALES,,,,1
S368,TRAUMATISMO DE OTROS ÓRGANOS INTRAABDOMINALES,,,,1
S369,TRAUMATISMO DE ÓRGANO INTRAABDOMINAL NO ESPECIFICADO,,,,1
S370,TRAUMATISMO DEL RIÑÓN,,,,1
S371,TRAUMATISMO DEL URÉTER,,,,1
S372,TRAUMATISMO DE LA VEJIGA,,,,1
S373,TRAUMATISMO DE LA URETRA,,,,1
S374,TRAUMATISMO DEL OVARIO,F,,,1
S375,TRAUMATISMO DE LA TROMPA DE FALOPIO,F,,,1
S376,TRAUMATISMO DEL ÚTERO,F,,,1
S377,TRAUMATISMO DE MÚLTIPLES ÓRGANOS PÉLVICOS,,,,1
S378,TRAUMATISMO DE OTROS ÓRGANOS PÉLVICOS,,,,1
S379,TRAUMATISMO DE ÓRGANO PÉLVICO NO ESPECIFICADO,,,,1
S380,TRAUMATISMO POR APLASTAMIENTO DE ÓRGANOS GENITALES EXTERNOS,,,,1
S381,"TRAUMATISMO POR APLASTAMIENTO DE OTRAS PARTES Y DE LAS NO ESPECIFICADAS DEL ABDOMEN, DE LA REGIÓN LUMBOSACRA Y DE LA PELVIS",,,,1
S382,AMPUTACIÓN TRAUMÁTICA DE ÓRGANOS GENITALES EXTERNOS,,,,1
S383,"AMPUTACIÓN TRAUMÁTICA DE OTRAS PARTES Y DE LAS NO ESPECIFICADAS DEL ABDOMEN, REGIÓN LUMBOSACRA Y PELVIS",,,,1
S390,"TRAUMATISMO DE TENDÓN Y DE MÚSCULOS DEL ABDOMEN, DE LA REGIÓN LUMBOSACRA Y DE LA PELVIS",,,,1
S396,TRAUMATISMO DE ÓRGANO(S) INTRAABDOMINAL(ES) CON ÓRGANO(S) PÉLVICO(S),,,,1
S397,"OTROS TRAUMATISMOS MÚLTIPLES DEL ABDOMEN, DE LA REGIÓN LUMBOSACRA Y DE LA PELVIS",,,,1
S398,"OTROS TRAUMATISMOS ESPECIFICADOS DEL ABDOMEN, DE LA REGIÓN LUMBOSACRA Y DE LA PELVIS",,,,1
S399,"TRAUMATISMO NO ESPECIFICADO DEL ABDOMEN, DE LA REGIÓN LUMBOSACRA Y DE LA PELVIS",,,,1
S400,CONTUSIÓN DEL HOMBRO Y DEL BRAZO,,,,1
S407,TRAUMATISMOS SUPERFICIALES MÚLTIPLES DEL HOMBRO Y DEL BRAZO,,,,1
S408,OTROS TRAUMATISMOS SUPERFICIALES DEL HOMBRO Y DEL BRAZO,,,,1
S409,TRAUMATISMO SUPERFICIAL NO ESPECIFICADO DEL HOMBRO Y DEL BRAZO,,,,1
S410,HERIDA DEL HOMBRO,,,,1
S411,HERIDA DEL BRAZO,,,,1
S417,HERIDAS MÚLTIPLES DEL HOMBRO Y DEL BRAZO,,,,1
S418,HERIDA DE OTRAS PARTES Y DE LAS NO ESPECIFICADAS DEL HOMBRO Y DEL BRAZO,,,,1
S420,FRACTURA DE LA CLAVÍCULA,,,,1
S421,FRACTURA DEL OMÓPLATO,,,,1
S422,FRACTURA DE LA EPÍFISIS SUPERIOR DEL HÚMERO,,,,1
S423,FRACTURA DE LA DIÁFISIS DEL HÚMERO,,,,1
S424,FRACTURA DE LA EPÍFISIS INFERIOR DEL HÚMERO,,,,1
S427,"FRACTURAS MÚLTIPLES DE LA CLAVÍCULA, DEL OMÓPLATO Y DEL HÚMERO",,,,1
S428,FRACTURA DE OTRAS PARTES DEL HOMBRO Y DEL BRAZO,,,,1
S429,"FRACTURA DEL HOMBRO Y DEL BRAZO, PARTE NO ESPECIFICADA",,,,1
S430,LUXACIÓN DE LA ARTICULACIÓN DEL HOMBRO,,,,1
S431,LUXACIÓN DE LA ARTICULACIÓN ACROMIOCLAVICULAR,,,,1
S432,LUXACIÓN DE LA ARTICULACIÓN ESTERNOCLAVICULAR,,,,1
S433,LUXACIÓN DE OTRAS PARTES DE LA CINTURA ESCAPULAR Y DE LAS NO ESPECIFICADAS,,,,1
S434,ESGUINCES Y TORCEDURAS DE LA ARTICULACIÓN DEL HOMBRO,,,,1
S435,ESGUINCES Y TORCEDURAS DE LA ARTICULACIÓN ACROMIOCLAVICULAR,,,,1
S436,ESGUINCES Y TORCEDURAS DE LA ARTICULACIÓN ESTERNOCLAVICULAR,,,,1
S437,ESGUINCES Y TORCEDURAS DE OTRAS PARTES Y DE LAS NO ESPECIFICADAS DE LA CINTURA ESCAPULAR,,,,1
S440,TRAUMATISMO DEL NERVIO CUBITAL A NIVEL DEL BRAZO,,,,1
S441,TRAUMATISMO DEL NERVIO MEDIANO A NIVEL DEL BRAZO,,,,1
S442,TRAUMATISMO DEL NERVIO RADIAL A NIVEL DEL BRAZO,,,,1
S443,TRAUMATISMO DEL NERVIO AXILAR,,,,1
S444,TRAUMATISMO DEL NERVIO MUSCULOCUTÁNEO,,,,1
S445,TRAUMATISMO DEL NERVIO SENSITIVO CUTÁNEO A NIVEL DEL HOMBRO Y DEL BRAZO,,,,1
S447,TRAUMATISMO DE MÚLTIPLES NERVIOS A NIVEL DEL HOMBRO Y DEL BRAZO,,,,1
S448,TRAUMATISMO DE OTROS NERVIOS A NIVEL DEL HOMBRO Y DEL BRAZO,,,,1
S449,TRAUMATISMO DE NERVIO NO ESPECIFICADO A NIVEL DEL HOMBRO Y DEL BRAZO,,,,1
S450,TRAUMATISMO DE LA ARTERIA AXILAR,,,,1
S451,TRAUMATISMO DE LA ARTERIA BRAQUIAL,,,,1
S452,TRAUMATISMO DE LA VENA AXILAR O BRAQUIAL,,,,1
S453,TRAUMATISMO DE VENA SUPERFICIAL A NIVEL DEL HOMBRO Y DEL BRAZO,,,,1
S457,TRAUMATISMO DE MÚLTIPLES VASOS SANGUÍNEOS A NIVEL DEL HOMBRO Y DEL BRAZO,,,,1
S458,TRAUMATISMO DE OTROS VASOS SANGUÍNEOS A NIVEL DEL HOMBRO Y DEL BRAZO,,,,1
S459,TRAUMATISMO DE VASO SANGUÍNEO NO ESPECIFICADO A NIVEL DEL HOMBRO Y DEL BRAZO,,,,1
S460,TRAUMATISMO DEL MÚSCULO(S) Y TENDÓN(ES) DEL MANGUITO ROTATORIO DEL HOMBRO,,,,1
S461,TRAUMATISMO DEL TENDÓN Y MÚSCULO DE LA CABEZA LARGA DEL BÍCEPS,,,,1
S462,TRAUMATISMO DEL TENDÓN Y MÚSCULO DE OTRAS PARTES DEL BÍCEPS,,,,1
S463,TRAUMATISMO DEL TENDÓN Y MÚSCULO DEL TRÍCEPS,,,,1
S467,TRAUMATISMO DE MÚLTIPLES TENDONES Y MÚSCULOS A NIVEL DEL HOMBRO Y DEL BRAZO,,,,1
S468,TRAUMATISMO DE OTROS TENDONES Y MÚSCULOS A NIVEL DEL HOMBRO Y DEL BRAZO,,,,1
S469,"TRAUMATISMO DE TENDÓN Y MÚSCULO NO ESPECIFICADO, A NIVEL DEL HOMBRO Y DEL BRAZO",,,,1
S47,TRAUMATISMO POR APLASTAMIENTO DEL HOMBRO Y DEL BRAZO,,,,1
S480,AMPUTACIÓN TRAUMÁTICA EN LA ARTICULACIÓN DEL HOMBRO,,,,1
S481,AMPUTACIÓN TRAUMÁTICA A NIVEL ENTRE EL HOMBRO Y EL CODO,,,,1
S489,"AMPUTACIÓN TRAUMÁTICA DEL HOMBRO Y DEL BRAZO, NIVEL NO ESPECIFICADO",,,,1
S497,TRAUMATISMOS MÚLTIPLES DEL HOMBRO Y DEL BRAZO,,,,1
S498,OTROS TRAUMATISMOS ESPECIFICADOS DEL HOMBRO Y DEL BRAZO,,,,1
S499,TRAUMATISMOS NO ESPECIFICADOS DEL HOMBRO Y DEL BRAZO,,,,1
S500,CONTUSIÓN DEL CODO,,,,1
S501,CONTUSIÓN DE OTRAS PARTES DEL ANTEBRAZO Y DE LAS NO ESPECIFICADAS,,,,1
S507,TRAUMATISMOS SUPERFICIALES MÚLTIPLES DEL ANTEBRAZO,,,,1
S508,OTROS TRAUMATISMOS SUPERFICIALES DEL ANTEBRAZO,,,,1
S509,"TRAUMATISMO SUPERFICIAL DEL ANTEBRAZO, NO ESPECIFICADO",,,,1
S510,HERIDA DEL CODO,,,,1
S517,HERIDAS MÚLTIPLES DEL ANTEBRAZO,,,,1
S518,HERIDA DE OTRAS PARTES DEL ANTEBRAZO,,,,1
S519,"HERIDA DEL ANTEBRAZO, PARTE NO ESPECIFICADA",,,,1
S520,FRACTURA DE LA EPÍFISIS SUPERIOR DEL CÚBITO,,,,1
S521,FRACTURA DE LA EPÍFISIS SUPERIOR DEL RADIO,,,,1
S522,FRACTURA DE LA DIÁFISIS DEL CÚBITO,,,,1
S523,FRACTURA DE LA DIÁFISIS DEL RADIO,,,,1
S524,FRACTURA DE LA DIÁFISIS DEL CÚBITO Y DEL RADIO,,,,1
S525,FRACTURA DE LA EPÍFISIS INFERIOR DEL RADIO,,,,1
S526,FRACTURA DE LA EPÍFISIS INFERIOR DEL CÚBITO Y DEL RADIO,,,,1
S527,FRACTURAS MÚLTIPLES DEL ANTEBRAZO,,,,1
S528,FRACTURA DE OTRAS PARTES DEL ANTEBRAZO,,,,1
S529,"FRACTURA DEL ANTEBRAZO, PARTE NO ESPECIFICADA",,,,1
S530,LUXACIÓN DE LA CABEZA DEL RADIO,,,,1
S531,"LUXACIÓN DEL CODO, NO ESPECIFICADA",,,,1
S532,RUPTURA TRAUMÁTICA DEL LIGAMENTO LATERAL DEL RADIO,,,,1
S533,RUPTURA TRAUMÁTICA DEL LIGAMENTO LATERAL DEL CÚBITO,,,,1
S534,ESGUINCES Y TORCEDURAS DEL CODO,,,,1
S540,TRAUMATISMO DEL NERVIO CUBITAL A NIVEL DEL ANTEBRAZO,,,,1
S541,TRAUMATISMO DEL NERVIO MEDIANO A NIVEL DEL ANTEBRAZO,,,,1
S542,TRAUMATISMO DEL NERVIO RADIAL A NIVEL DEL ANTEBRAZO,,,,1
S543,TRAUMATISMO DEL NERVIO SENSORIAL CUTÁNEO A NIVEL DEL ANTEBRAZO,,,,1
S547,TRAUMATISMO DE MÚLTIPLES NERVIOS A NIVEL DEL ANTEBRAZO,,,,1
S548,TRAUMATISMO DE OTROS NERVIOS A NIVEL DEL ANTEBRAZO,,,,1
S549,TRAUMATISMO DE NERVIO NO ESPECIFICADO A NIVEL DEL ANTEBRAZO,,,,1
S550,TRAUMATISMO DE LA ARTERIA CUBITAL A NIVEL DEL ANTEBRAZO,,,,1
S551,TRAUMATISMO DE LA ARTERIA RADIAL A NIVEL DEL ANTEBRAZO,,,,1
S552,TRAUMATISMO DE VENA A NIVEL DEL ANTEBRAZO,,,,1
S557,TRAUMATISMO DE MÚLTIPLES VASOS SANGUÍNEOS A NIVEL DEL ANTEBRAZO,,,,1
S558,TRAUMATISMO DE OTROS VASOS SANGUÍNEOS A NIVEL DEL ANTEBRAZO,,,,1
S559,TRAUMATISMO DE VASO SANGUÍNEO NO ESPECIFICADO A NIVEL DEL ANTEBRAZO,,,,1
S560,TRAUMATISMO DEL TENDÓN Y MÚSCULO FLEXOR DEL PULGAR A NIVEL DEL ANTEBRAZO,,,,1
S561,TRAUMATISMO DEL TENDÓN Y MÚSCULO FLEXOR DE OTRO(S) DEDO(S) A NIVEL DEL ANTEBRAZO,,,,1
S562,TRAUMATISMO DE OTRO TENDÓN Y MÚSCULO FLEXOR A NIVEL DEL ANTEBRAZO,,,,1
S563,TRAUMATISMO DE TENDONES Y MÚSCULOS ABDUCTORES Y EXTENSORES DEL PULGAR A NIVEL DEL ANTEBRAZO,,,,1
S564,TRAUMATISMO DEL TENDÓN Y MÚSCULO EXTENSOR DE OTRO(S) DEDO(S) A NIVEL DEL ANTEBRAZO,,,,1
S565,TRAUMATISMO DE OTRO TENDÓN Y MÚSCULO EXTENSOR A NIVEL DEL ANTEBRAZO,,,,1
S567,TRAUMATISMO DE MÚLTIPLES TENDONES Y MÚSCULOS A NIVEL DEL ANTEBRAZO,,,,1
S568,"TRAUMATISMO DE OTROS TENDONES Y MÚSCULOS Y DE LOS NO ESPECIFICADOS, A NIVEL DEL ANTEBRAZO",,,,1
S570,TRAUMATISMO POR APLASTAMIENTO DEL CODO,,,,1
S578,TRAUMATISMO POR APLASTAMIENTO DE OTRAS PARTES DEL ANTEBRAZO,,,,1
S579,"TRAUMATISMO POR APLASTAMIENTO DEL ANTEBRAZO, PARTE NO ESPECIFICADA",,,,1
S580,AMPUTACIÓN TRAUMÁTICA A NIVEL DEL CODO,,,,1
S581,AMPUTACIÓN TRAUMÁTICA NIVEL ENTRE EL CODO Y LA MUÑECA,,,,1
S589,"AMPUTACIÓN TRAUMÁTICA DEL ANTEBRAZO, NIVEL NO ESPECIFICADO",,,,1
S597,OTROS TRAUMATISMOS MÚLTIPLES DEL ANTEBRAZO,,,,1
S598,OTROS TRAUMATISMOS ESPECIFICADOS DEL ANTEBRAZO,,,,1
S599,TRAUMATISMO NO ESPECIFICADO DEL ANTEBRAZO,,,,1
S600,"CONTUSIÓN DE DEDO(S) DE LA MANO, SIN DAÑO DE LA(S) UÑA(S)",,,,1
S601,CONTUSIÓN DE DEDO(S) DE LA MANO CON DAÑO DE LA(S) UÑA(S),,,,1
S602,CONTUSIÓN DE OTRAS PARTES DE LA MUÑECA Y DE LA MANO,,,,1
S607,TRAUMATISMOS SUPERFICIALES MÚLTIPLES DE LA MUÑECA Y DE LA MANO,,,,1
S608,OTROS TRAUMATISMOS SUPERFICIALES DE LA MUÑECA Y DE LA MANO,,,,1
S609,"TRAUMATISMO SUPERFICIAL DE LA MUÑECA Y DE LA MANO, NO ESPECIFICADO",,,,1
S610,"HERIDA DE DEDO(S) DE LA MANO, SIN DAÑO DE LA(S) UÑA(S)",,,,1
S611,"HERIDA DE DEDO(S) DE LA MANO, CON DAÑO DE LA(S) UÑA(S)",,,,1
S617,HERIDAS MÚLTIPLES DE LA MUÑECA Y DE LA MANO,,,,1
S618,HERIDA DE OTRAS PARTES DE LA MUÑECA Y DE LA MANO,,,,1
S619,"HERIDA DE LA MUÑECA Y DE LA MANO, PARTE NO ESPECIFICADA",,,,1
S620,FRACTURA DEL HUESO ESCAFOIDES [NAVICULAR] DE LA MANO,,,,1
S621,FRACTURA DE OTRO(S) HUESO(S) DEL CARPO,,,,1
S622,FRACTURA DEL PRIMER METACARPIANO,,,,1
S623,FRACTURA DE OTROS HUESOS METACARPIANOS,,,,1
S624,FRACTURAS MÚLTIPLES DE HUESOS METACARPIANOS,,,,1
S625,FRACTURA DEL PULGAR,,,,1
S626,FRACTURA DE OTRO DEDO DE LA MANO,,,,1
S627,FRACTURAS MÚLTIPLES DE LOS DEDOS DE LA MANO,,,,1
S628,FRACTURA DE OTRAS PARTES Y DE LAS NO ESPECIFICADAS DE LA MUÑECA Y DE LA MANO,,,,1
S630,LUXACIÓN DE LA MUÑECA,,,,1
S631,LUXACIÓN DE DEDOS DE LA MANO,,,,1
S632,LUXACIONES MÚLTIPLES DE DEDOS DE LA MANO,,,,1
S633,RUPTURA TRAUMÁTICA DE LIGAMENTOS DE LA MUÑECA Y DEL CARPO,,,,1
S634,RUPTURA TRAUMÁTICA DE LIGAMENTOS DEL DEDO DE LA MANO EN LA(S) ARTICULACIÓN(ES) METACARPOFALÁNGICA E INTERFALÁNGICA,,,,1
S635,ESGUINCE Y TORCEDURA DE LA MUÑECA,,,,1
S636,ESGUINCES Y TORCEDURAS DE DEDO(S) DE LA MANO,,,,1
S637,ESGUINCES Y TORCEDURAS DE OTRAS PARTES Y DE LAS NO ESPECIFICADAS DE LA MUÑECA Y DE LA MANO,,,,1
S640,TRAUMATISMO DEL NERVIO CUBITAL A NIVEL DE LA MUÑECA Y DE LA MANO,,,,1
S641,TRAUMATISMO DEL NERVIO MEDIANO A NIVEL DE LA MUÑECA Y DE LA MANO,,,,1
S642,TRAUMATISMO DEL NERVIO RADIAL A NIVEL DE LA MUÑECA Y DE LA MANO,,,,1
S643,TRAUMATISMO DEL NERVIO DIGITAL DEL PULGAR,,,,1
S644,TRAUMATISMO DEL NERVIO DIGITAL DE OTRO DEDO,,,,1
S647,TRAUMATISMO DE MÚLTIPLES NERVIOS A NIVEL DE LA MUÑECA Y DE LA MANO,,,,1
S648,TRAUMATISMO DE OTROS NERVIOS A NIVEL DE LA MUÑECA Y DE LA MANO,,,,1
S649,TRAUMATISMO DE NERVIO NO ESPECIFICADO A NIVEL DE LA MUÑECA Y DE LA MANO,,,,1
S650,TRAUMATISMO DE LA ARTERIA CUBITAL A NIVEL DE LA MUÑECA Y DE LA MANO,,,,1
S651,TRAUMATISMO DE LA ARTERIA RADIAL A NIVEL DE LA MUÑECA Y DE LA MANO,,,,1
S652,TRAUMATISMO DEL ARCO PALMAR SUPERFICIAL,,,,1
S653,TRAUMATISMO DEL ARCO PALMAR PROFUNDO,,,,1
S654,TRAUMATISMO DE VASO(S) SANGUÍNEO(S) DEL PULGAR,,,,1
S655,TRAUMATISMO DE VASO(S) SANGUÍNEO(S) DE OTRO DEDO,,,,1
S657,TRAUMATISMO DE MÚLTIPLES VASOS SANGUÍNEOS A NIVEL DE LA MUÑECA Y DE LA MANO,,,,1
S658,TRAUMATISMO DE OTROS VASOS SANGUÍNEOS A NIVEL DE LA MUÑECA Y DE LA MANO,,,,1
S659,"TRAUMATISMO DE VASO SANGUÍNEO NO ESPECIFICADO, A NIVEL DE LA MUÑECA Y DE LA MANO",,,,1
S660,TRAUMATISMO DEL TENDÓN Y MÚSCULO FLEXOR LARGO DEL PULGAR A NIVEL DE LA MUÑECA Y DE LA MANO,,,,1
S661,TRAUMATISMO DEL TENDÓN Y MÚSCULO FLEXOR DE OTRO DEDO A NIVEL DE LA MUÑECA Y DE LA MANO,,,,1
S662,TRAUMATISMO DEL TENDÓN Y MÚSCULO EXTENSOR DEL PULGAR A NIVEL DE LA MUÑECA Y DE LA MANO,,,,1
S663,TRAUMATISMO DEL TENDÓN Y MÚSCULO EXTENSOR DE OTRO(S) DEDO(S) A NIVEL DE LA MUÑECA Y DE LA MANO,,,,1
S664,TRAUMATISMO DEL MÚSCULO Y TENDÓN INTRÍNSECO DEL PULGAR A NIVEL DE LA MUÑECA Y DE LA MANO,,,,1
S665,TRAUMATISMO DEL MÚSCULO Y TENDÓN INTRÍNSECO DE OTRO(S) DEDO(S) A NIVEL DE LA MUÑECA Y DE LA MANO,,,,1
S666,TRAUMATISMO DE MÚLTIPLES TENDONES Y MÚSCULOS FLEXORES A NIVEL DE LA MUÑECA Y DE LA MANO,,,,1
S667,TRAUMATISMO DE MÚLTIPLES TENDONES Y MÚSCULOS EXTENSORES A NIVEL DE LA MUÑECA Y DE LA MANO,,,,1
S668,TRAUMATISMO DE OTROS TENDONES Y MÚSCULOS A NIVEL DE LA MUÑECA Y DE LA MANO,,,,1
S669,"TRAUMATISMO DE TENDÓN Y MÚSCULO NO ESPECIFICADO, A NIVEL DE LA MUÑECA Y DE LA MANO",,,,1
S670,TRAUMATISMO POR APLASTAMIENTO DEL PULGAR Y OTRO(S) DEDO(S),,,,1
S678,TRAUMATISMO POR APLASTAMIENTO DE OTRAS PARTES Y DE LAS NO ESPECIFICADAS DE LA MUÑECA Y DE LA MANO,,,,1
S680,AMPUTACIÓN TRAUMÁTICA DEL PULGAR (COMPLETA) (PARCIAL),,,,1
S681,AMPUTACIÓN TRAUMÁTICA DE OTRO DEDO ÚNICO (COMPLETA) (PARCIAL),,,,1
S682,AMPUTACIÓN TRAUMÁTICA DE DOS O MÁS DEDOS SOLAMENTE (COMPLETA) (PARCIAL),,,,1
S683,AMPUTACIÓN TRAUMÁTICA COMBINADA (DE PARTE) DE DEDO(S) CON OTRAS PARTES DE LA MUÑECA Y DE LA MANO,,,,1
S684,AMPUTACIÓN TRAUMÁTICA DE LA MANO A NIVEL DE LA MUÑECA,,,,1
S688,AMPUTACIÓN TRAUMÁTICA DE OTRAS PARTES DE LA MUÑECA Y DE LA MANO,,,,1
S689,"AMPUTACIÓN TRAUMÁTICA DE LA MUÑECA Y DE LA MANO, NIVEL NO ESPECIFICADO",,,,1
S697,OTROS TRAUMATISMOS MÚLTIPLES DE LA MUÑECA Y DE LA MANO,,,,1
S698,OTROS TRAUMATISMOS ESPECIFICADOS DE LA MUÑECA Y DE LA MANO,,,,1
S699,TRAUMATISMO NO ESPECIFICADO DE LA MUÑECA Y DE LA MANO,,,,1
S700,CONTUSIÓN DE LA CADERA,,,,1
S701,CONTUSIÓN DEL MUSLO,,,,1
S707,TRAUMATISMOS SUPERFICIALES MÚLTIPLES DE LA CADERA Y DEL MUSLO,,,,1
S708,OTROS TRAUMATISMOS SUPERFICIALES DE LA CADERA Y DEL MUSLO,,,,1
S709,"TRAUMATISMO SUPERFICIAL DE LA CADERA Y DEL MUSLO, NO ESPECIFICADO",,,,1
S710,HERIDA DE LA CADERA,,,,1
S711,HERIDA DEL MUSLO,,,,1
S717,HERIDAS MÚLTIPLES DE LA CADERA Y DEL MUSLO,,,,1
S718,HERIDA DE OTRAS PARTES Y DE LAS NO ESPECIFICADAS DE LA CINTURA PÉLVICA,,,,1
S720,FRACTURA DEL CUELLO DE FÉMUR,,,,1
S721,FRACTURA PERTROCANTERIANA,,,,1
S722,FRACTURA SUBTROCANTERIANA,,,,1
S723,FRACTURA DE LA DIÁFISIS DEL FÉMUR,,,,1
S724,FRACTURA DE LA EPÍFISIS INFERIOR DEL FÉMUR,,,,1
S727,FRACTURAS MÚLTIPLES DEL FÉMUR,,,,1
S728,FRACTURAS DE OTRAS PARTES DEL FÉMUR,,,,1
S729,"FRACTURA DEL FÉMUR, PARTE NO ESPECIFICADA",,,,1
S730,LUXACIÓN DE LA CADERA,,,,1
S731,ESGUINCES Y TORCEDURAS DE LA CADERA,,,,1
S740,TRAUMATISMO DEL NERVIO CIÁTICO A NIVEL DE LA CADERA Y DEL MUSLO,,,,1
S741,TRAUMATISMO DEL NERVIO FEMOROCUTÁNEO A NIVEL DE LA CADERA Y DEL MUSLO,,,,1
S742,TRAUMATISMO DEL NERVIO SENSORIAL CUTÁNEO A NIVEL DE LA CADERA Y DEL MUSLO,,,,1
S747,TRAUMATISMO DE NERVIOS MÚLTIPLES A NIVEL DE LA CADERA Y DEL MUSLO,,,,1
S748,TRAUMATISMO DE OTROS NERVIOS A NIVEL DE LA CADERA Y DEL MUSLO,,,,1
S749,TRAUMATISMO DE NERVIO NO ESPECIFICADO A NIVEL DE LA CADERA Y DEL MUSLO,,,,1
S750,TRAUMATISMO DE LA ARTERIA FEMORAL,,,,1
S751,TRAUMATISMO DE LA VENA FEMORAL A NIVEL DE LA CADERA Y DEL MUSLO,,,,1
S752,TRAUMATISMO DE LA GRAN VENA SAFENA A NIVEL DE LA CADERA Y DEL MUSLO,,,,1
S757,TRAUMATISMO DE MÚLTIPLES VASOS SANGUÍNEOS A NIVEL DE LA CADERA Y DEL MUSLO,,,,1
S758,TRAUMATISMO DE OTROS VASOS SANGUÍNEOS A NIVEL DE LA CADERA Y DEL MUSLO,,,,1
S759,TRAUMATISMO DE VASO SANGUÍNEO NO ESPECIFICADO A NIVEL DE LA CADERA Y DEL MUSLO,,,,1
S760,TRAUMATISMO DEL TENDÓN Y MÚSCULO DE LA CADERA,,,,1
S761,TRAUMATISMO DEL TENDÓN Y MÚSCULO CUÁDRICEPS,,,,1
S762,TRAUMATISMO DEL TENDÓN Y MÚSCULO ADUCTOR MAYOR DEL MUSLO,,,,1
S763,TRAUMATISMO DE TENDÓN Y MÚSCULO DEL GRUPO MUSCULAR POSTERIOR A NIVEL DEL MUSLO,,,,1
S764,TRAUMATISMO DE OTROS TENDONES Y MÚSCULOS Y LOS NO ESPECIFICADOS A NIVEL DEL MUSLO,,,,1
S767,TRAUMATISMO DE MÚLTIPLES TENDONES Y MÚSCULOS A NIVEL DE LA CADERA Y DEL MUSLO,,,,1
S770,TRAUMATISMO POR APLASTAMIENTO DE LA CADERA,,,,1
S771,TRAUMATISMO POR APLASTAMIENTO DEL MUSLO,,,,1
S772,TRAUMATISMO POR APLASTAMIENTO DE LA CADERA CON EL MUSLO,,,,1
S780,AMPUTACIÓN TRAUMÁTICA DE LA ARTICULACIÓN DE LA CADERA,,,,1
S781,AMPUTACIÓN TRAUMÁTICA EN ALGÚN NIVEL ENTRE LA CADERA Y LA RODILLA,,,,1
S789,"AMPUTACIÓN TRAUMÁTICA DE CADERA Y MUSLO, NIVEL NO ESPECIFICADO",,,,1
S797,TRAUMATISMOS MÚLTIPLES DE LA CADERA Y DEL MUSLO,,,,1
S798,OTROS TRAUMATISMOS ESPECIFICADOS DE LA CADERA Y DEL MUSLO,,,,1
S799,TRAUMATISMO NO ESPECIFICADO DE LA CADERA Y DEL MUSLO,,,,1
S800,CONTUSIÓN DE LA RODILLA,,,,1
S801,CONTUSIÓN DE OTRAS PARTES Y LAS NO ESPECIFICADAS DE LA PIERNA,,,,1
S807,TRAUMATISMOS SUPERFICIALES MÚLTIPLES DE LA PIERNA,,,,1
S808,OTROS TRAUMATISMOS SUPERFICIALES DE LA PIERNA,,,,1
S809,"TRAUMATISMO SUPERFICIAL DE LA PIERNA, NO ESPECIFICADO",,,,1
S810,HERIDA DE LA RODILLA,,,,1
S817,HERIDAS MÚLTIPLES DE LA PIERNA,,,,1
S818,HERIDA DE OTRAS PARTES DE LA PIERNA,,,,1
S819,"HERIDA DE LA PIERNA, PARTE NO ESPECIFICADA",,,,1
S820,FRACTURA DE LA RÓTULA,,,,1
S821,FRACTURA DE LA EPÍFISIS SUPERIOR DE LA TIBIA,,,,1
S822,FRACTURA DE LA DIÁFISIS DE LA TIBIA,,,,1
S823,FRACTURA DE LA EPÍFISIS INFERIOR DE LA TIBIA,,,,1
S824,FRACTURA DEL PERONÉ SOLAMENTE,,,,1
S825,FRACTURA DEL MALÉOLO INTERNO,,,,1
S826,FRACTURA DEL MALÉOLO EXTERNO,,,,1
S827,FRACTURAS MÚLTIPLES DE LA PIERNA,,,,1
S828,FRACTURA DE OTRAS PARTES DE LA PIERNA,,,,1
S829,"FRACTURA DE LA PIERNA, PARTE NO ESPECIFICADA",,,,1
S830,LUXACIÓN DE LA RÓTULA,,,,1
S831,LUXACIÓN DE LA RODILLA,,,,1
S832,"DESGARRO DE MENISCOS, PRESENTE",,,,1
S833,"DESGARRO DEL CARTÍLAGO ARTICULAR DE LA RODILLA, PRESENTE",,,,1
S834,ESGUINCES Y TORCEDURAS QUE COMPROMETEN LOS LIGAMENTOS LATERALES (EXTERNO) (INTERNO) DE LA RODILLA,,,,1
S835,ESGUINCES Y TORCEDURAS QUE COMPROMETEN EL LIGAMENTO CRUZADO (ANTERIOR) (POSTERIOR) DE LA RODILLA,,,,1
S836,ESGUINCES Y TORCEDURAS DE OTRAS PARTES Y LAS NO ESPECIFICADAS DE LA RODILLA,,,,1
S837,TRAUMATISMO DE ESTRUCTURAS MÚLTIPLES DE LA RODILLA,,,,1
S840,TRAUMATISMO DEL NERVIO TIBIAL A NIVEL DE LA PIERNA,,,,1
S841,TRAUMATISMO DEL NERVIO PERONEO A NIVEL DE LA PIERNA,,,,1
S842,TRAUMATISMO DEL NERVIO SENSORIAL CUTÁNEO A NIVEL DE LA PIERNA,,,,1
S847,TRAUMATISMO DE NERVIOS MÚLTIPLES A NIVEL DE LA PIERNA,,,,1
S848,TRAUMATISMO DE OTROS NERVIOS A NIVEL DE LA PIERNA,,,,1
S849,TRAUMATISMO DE NERVIO NO ESPECIFICADO A NIVEL DE LA PIERNA,,,,1
S850,TRAUMATISMO DE LA ARTERIA POPLÍTEA,,,,1
S851,TRAUMATISMO DE LA ARTERIA TIBIAL (ANTERIOR) (POSTERIOR),,,,1
S852,TRAUMATISMO DE LA ARTERIA PERONEA,,,,1
S853,TRAUMATISMO DE LA GRAN VENA SAFENA A NIVEL DE LA PIERNA,,,,1
S854,TRAUMATISMO DE LA VENA SAFENA EXTERNA A NIVEL DE LA PIERNA,,,,1
S855,TRAUMATISMO DE LA VENA POPLÍTEA,,,,1
S857,TRAUMATISMO DE VASOS SANGUÍNEOS MÚLTIPLES A NIVEL DE LA PIERNA,,,,1
S858,TRAUMATISMO DE OTROS VASOS SANGUÍNEOS A NIVEL DE LA PIERNA,,,,1
S859,TRAUMATISMO DE VASO SANGUÍNEO NO ESPECIFICADO A NIVEL DE LA PIERNA,,,,1
S860,TRAUMATISMO DEL TENDÓN DE AQUILES,,,,1
S861,TRAUMATISMO DE OTRO(S) TENDÓN(ES) Y MÚSCULO(S) DEL GRUPO MUSCULAR POSTERIOR A NIVEL DE LA PIERNA,,,,1
S862,TRAUMATISMO DE TENDÓN(ES) Y MÚSCULO(S) DEL GRUPO MUSCULAR ANTERIOR A NIVEL DE LA PIERNA,,,,1
S863,TRAUMATISMO DE TENDÓN(ES) Y MÚSCULO(S) DEL GRUPO MUSCULAR PERONEO A NIVEL DE LA PIERNA,,,,1
S867,TRAUMATISMO DE MÚLTIPLES TENDONES Y MÚSCULOS A NIVEL DE LA PIERNA,,,,1
S868,TRAUMATISMO DE OTROS TENDONES Y MÚSCULOS A NIVEL DE LA PIERNA,,,,1
S869,TRAUMATISMO DE TENDÓN Y MÚSCULO NO ESPECIFICADO A NIVEL DE LA PIERNA,,,,1
S870,TRAUMATISMO POR APLASTAMIENTO DE LA RODILLA,,,,1
S878,TRAUMATISMO POR APLASTAMIENTO DE OTRAS PARTES Y DE LAS NO ESPECIFICADAS DE LA PIERNA,,,,1
S880,AMPUTACIÓN TRAUMÁTICA A NIVEL DE LA RODILLA,,,,1
S881,AMPUTACIÓN TRAUMÁTICA EN ALGÚN NIVEL ENTRE LA RODILLA Y EL TOBILLO,,,,1
S889,"AMPUTACIÓN TRAUMÁTICA DE LA PIERNA, NIVEL NO ESPECIFICADO",,,,1
S897,TRAUMATISMOS MÚLTIPLES DE LA PIERNA,,,,1
S898,"OTROS TRAUMATISMOS DE LA PIERNA, ESPECIFICADOS",,,,1
S899,"TRAUMATISMO DE LA PIERNA, NO ESPECIFICADO",,,,1
S900,CONTUSIÓN DEL TOBILLO,,,,1
S901,CONTUSIÓN DE DEDO(S) DEL PIE SIN DAÑO DE LA(S) UÑA(S),,,,1
S902,CONTUSIÓN DE DEDO(S) DEL PIE CON DAÑO DE LA(S) UÑA(S),,,,1
S903,CONTUSIÓN DE OTRAS PARTES Y DE LAS NO ESPECIFICADAS DEL PIE,,,,1
S907,TRAUMATISMOS SUPERFICIALES MÚLTIPLES DEL PIE Y DEL TOBILLO,,,,1
S908,OTROS TRAUMATISMOS SUPERFICIALES DEL PIE Y DEL TOBILLO,,,,1
S909,"TRAUMATISMO SUPERFICIAL DEL PIE Y DEL TOBILLO, NO ESPECIFICADO",,,,1
S910,HERIDA DEL TOBILLO,,,,1
S911,HERIDA DE DEDO(S) DEL PIE SIN DAÑO(S) DE LA(S) UÑA(S),,,,1
S912,HERIDA DE DEDO(S) DEL PIE CON DAÑO(S) DE LA(S) UÑA(S),,,,1
S913,HERIDA DE OTRAS PARTES DEL PIE,,,,1
S917,HERIDAS MÚLTIPLES DEL TOBILLO Y DEL PIE,,,,1
S920,FRACTURA DEL CALCÁNEO,,,,1
S921,FRACTURA DEL ASTRÁGALO,,,,1
S922,FRACTURA DE OTRO(S) HUESO(S) DEL TARSO,,,,1
S923,FRACTURA DE HUESO DEL METATARSO,,,,1
S924,FRACTURA DE LOS HUESOS DEL DEDO GORDO DEL PIE,,,,1
S925,FRACTURA DE LOS HUESOS DE OTRO(S) DEDO(S) DEL PIE,,,,1
S927,FRACTURAS MÚLTIPLES DEL PIE,,,,1
S929,"FRACTURA DEL PIE, NO ESPECIFICADA",,,,1
S930,LUXACIÓN DE LA ARTICULACIÓN DEL TOBILLO,,,,1
S931,LUXACIÓN DE DEDO(S) DEL PIE,,,,1
S932,RUPTURA DE LIGAMENTOS A NIVEL DEL TOBILLO Y DEL PIE,,,,1
S933,LUXACIÓN DE OTROS SITIOS Y LOS NO ESPECIFICADOS DEL PIE,,,,1
S934,ESGUINCES Y TORCEDURAS DEL TOBILLO,,,,1
S935,ESGUINCES Y TORCEDURAS DE DEDO(S) DEL PIE,,,,1
S936,ESGUINCES Y TORCEDURAS DE OTROS SITIOS Y LOS NO ESPECIFICADOS DEL PIE,,,,1
S940,TRAUMATISMO DEL NERVIO PLANTAR EXTERNO,,,,1
S941,TRAUMATISMO DEL NERVIO PLANTAR INTERNO,,,,1
S942,TRAUMATISMO DEL NERVIO PERONEAL PROFUNDO A NIVEL DEL PIE Y DEL TOBILLO,,,,1
S943,TRAUMATISMO DE NERVIO SENSORIAL CUTÁNEO A NIVEL DEL PIE Y DEL TOBILLO,,,,1
S947,TRAUMATISMO DE MÚLTIPLES NERVIOS A NIVEL DEL PIE Y DEL TOBILLO,,,,1
S948,TRAUMATISMO DE OTROS NERVIOS A NIVEL DEL PIE Y DEL TOBILLO,,,,1
S949,TRAUMATISMO DE NERVIO NO ESPECIFICADO A NIVEL DEL PIE Y DEL TOBILLO,,,,1
S950,TRAUMATISMO DE LA ARTERIA DORSAL DEL PIE,,,,1
S951,TRAUMATISMO DE LA ARTERIA PLANTAR DEL PIE,,,,1
S952,TRAUMATISMO DE LA VENA DORSAL DEL PIE,,,,1
S957,TRAUMATISMO DE MÚLTIPLES VASOS SANGUÍNEOS A NIVEL DEL PIE Y DEL TOBILLO,,,,1
S958,TRAUMATISMO DE OTROS VASOS SANGUÍNEOS A NIVEL DEL PIE Y DEL TOBILLO,,,,1
S959,TRAUMATISMO DE VASO SANGUÍNEO NO ESPECIFICADO A NIVEL DE PIE Y DEL TOBILLO,,,,1
S960,TRAUMATISMO DEL TENDÓN Y MÚSCULO DEL FLEXOR LARGO DEL DEDO A NIVEL DEL PIE Y DEL TOBILLO,,,,1
S961,TRAUMATISMO DEL TENDÓN Y MÚSCULO DEL EXTENSOR LARGO DEL (DE LOS) DEDO(S) A NIVEL DEL PIE Y DEL TOBILLO,,,,1
S962,TRAUMATISMO DE TENDONES Y MÚSCULOS INTRÍNSECOS A NIVEL DEL PIE Y DEL TOBILLO,,,,1
S967,TRAUMATISMO DE MÚLTIPLES TENDONES Y MÚSCULOS A NIVEL DEL PIE Y DEL TOBILLO,,,,1
S968,TRAUMATISMO DE OTROS TENDONES Y MÚSCULOS A NIVEL DEL PIE Y DEL TOBILLO,,,,1
S969,TRAUMATISMO DE TENDONES Y MÚSCULOS NO ESPECIFICADOS A NIVEL DEL PIE Y DEL TOBILLO,,,,1
S970,TRAUMATISMO POR APLASTAMIENTO DEL TOBILLO,,,,1
S971,TRAUMATISMO POR APLASTAMIENTO DE DEDO(S) DEL PIE,,,,1
S978,TRAUMATISMO POR APLASTAMIENTO DE OTRAS PARTES DEL PIE Y DEL TOBILLO,,,,1
S980,AMPUTACIÓN TRAUMÁTICA DEL PIE A NIVEL DEL TOBILLO,,,,1
S981,AMPUTACIÓN TRAUMÁTICA DE UN DEDO DEL PIE,,,,1
S982,AMPUTACIÓN TRAUMÁTICA DE DOS A MÁS DEDOS DEL PIE,,,,1
S983,AMPUTACIÓN TRAUMÁTICA DE OTRAS PARTES DEL PIE,,,,1
S984,"AMPUTACIÓN DEL PIE, NIVEL NO ESPECIFICADO",,,,1
S997,OTROS TRAUMATISMOS MÚLTIPLES DEL PIE Y DEL TOBILLO,,,,1
S998,"OTROS TRAUMATISMOS DEL PIE Y DEL TOBILLO, ESPECIFICADOS",,,,1
S999,"TRAUMATISMO DEL PIE Y DEL TOBILLO, NO ESPECIFICADO",,,,1
T000,TRAUMATISMOS SUPERFICIALES QUE AFECTAN LA CABEZA CON EL CUELLO,,,,1
T001,"TRAUMATISMOS SUPERFICIALES QUE AFECTAN EL TÓRAX CON EL ABDOMEN, LA REGIÓN LUMBOSACRA Y LA PELVIS",,,,1
T002,TRAUMATISMOS SUPERFICIALES QUE AFECTAN MÚLTIPLES REGIONES DEL(OS) MIEMBRO(S) SUPERIOR(ES),,,,1
T003,TRAUMATISMOS SUPERFICIALES QUE AFECTAN MÚLTIPLES REGIONES DEL(DE LOS) MIEMBRO(S) INFERIOR(ES),,,,1
T006,TRAUMATISMOS SUPERFICIALES QUE AFECTAN MÚLTIPLES REGIONES DEL (DE LOS) MIEMBRO(S) SUPERIOR(ES) CON MIEMBRO(S) INFERIOR(ES),,,,1
T008,TRAUMATISMOS SUPERFICIALES QUE AFECTAN OTRAS COMBINACIONES DE REGIONES DEL CUERPO,,,,1
T009,"TRAUMATISMOS SUPERFICIALES MÚLTIPLES, NO ESPECIFICADOS",,,,1
T010,HERIDAS QUE AFECTAN LA CABEZA CON EL CUELLO,,,,1
T011,"HERIDAS QUE AFECTAN EL TÓRAX CON EL ABDOMEN, LA REGIÓN LUMBOSACRA Y LA PELVIS",,,,1
T012,HERIDAS QUE AFECTAN MÚLTIPLES REGIONES DEL (DE LOS) MIEMBRO(S) SUPERIOR(ES),,,,1
T013,HERIDAS QUE AFECTAN MÚLTIPLES REGIONES DEL (DE LOS) MIEMBRO(S) INFERIOR(ES),,,,1
T016,HERIDAS QUE AFECTAN MÚLTIPLES REGIONES DEL (DE LOS) MIEMBRO(S) SUPERIOR(ES) CON MIEMBRO(S) INFERIOR(ES),,,,1
T018,HERIDAS QUE AFECTAN OTRAS COMBINACIONES DE LAS REGIONES DEL CUERPO,,,,1
T019,"HERIDAS MÚLTIPLES, NO ESPECIFICADAS",,,,1
T020,FRACTURAS QUE AFECTAN LA CABEZA CON EL CUELLO,,,,1
T021,FRACTURAS QUE AFECTAN EL TÓRAX CON LA REGIÓN LUMBOSACRA Y LA PELVIS,,,,1
T022,FRACTURAS QUE AFECTAN MÚLTIPLES REGIONES DE UN MIEMBRO SUPERIOR,,,,1
T023,FRACTURAS QUE AFECTAN MÚLTIPLES REGIONES DE UN MIEMBRO INFERIOR,,,,1
T024,FRACTURAS QUE AFECTAN MÚLTIPLES REGIONES DE AMBOS MIEMBROS SUPERIORES,,,,1
T025,FRACTURAS QUE AFECTAN MÚLTIPLES REGIONES DE AMBOS MIEMBROS INFERIORES,,,,1
T026,FRACTURAS QUE AFECTAN MÚLTIPLES REGIONES DE MIEMBRO(S) SUPERIOR(ES) CON MIEMBRO(S) INFERIOR(ES),,,,1
T027,FRACTURAS QUE AFECTAN EL TÓRAX CON LA REGIÓN LUMBOSACRA Y LA PELVIS CON MIEMBRO(S),,,,1
T028,FRACTURAS QUE AFECTAN OTRAS COMBINACIONES DE LAS REGIONES DEL CUERPO,,,,1
T029,"FRACTURAS MÚLTIPLES, NO ESPECIFICADAS",,,,1
T030,"LUXACIONES, TORCEDURAS Y ESGUINCES QUE AFECTAN LA CABEZA CON EL CUELLO",,,,1
T031,"LUXACIONES, TORCEDURAS Y ESGUINCES QUE AFECTAN EL TÓRAX CON LA REGIÓN LUMBOSACRA Y LA PELVIS",,,,1
T032,"LUXACIONES, TORCEDURAS Y ESGUINCES QUE AFECTAN MÚLTIPLES REGIONES DEL (DE LOS) MIEMBROS(S) SUPERIOR(ES)",,,,1
T033,"LUXACIONES, TORCEDURAS Y ESGUINCES QUE AFECTAN MÚLTIPLES REGIONES DEL (DE LOS) MIEMBRO(S) INFERIOR(ES)",,,,1
T034,"LUXACIONES, TORCEDURAS ESGUINCES QUE AFECTAN MÚLTIPLES REGIONES DEL (DE LOS) MIEMBRO(S) SUPERIOR(ES) CON MIEMBRO(S) INFERIOR(ES)",,,,1
T038,"LUXACIONES, TORCEDURAS Y ESGUINCES QUE AFECTAN OTRAS COMBINACIONES DE REGIONES DEL CUERPO",,,,1
T039,"LUXACIONES, TORCEDURAS Y ESGUINCES MÚLTIPLES, NO ESPECIFICADOS",,,,1
T040,TRAUMATISMOS POR APLASTAMIENTO QUE AFECTAN LA CABEZA CON EL CUELLO,,,,1
T041,"TRAUMATISMOS POR APLASTAMIENTO QUE AFECTAN EL TÓRAX CON EL ABDOMEN, LA REGIÓN LUMBOSACRA Y LA PELVIS",,,,1
T042,TRAUMATISMOS POR APLASTAMIENTO QUE AFECTAN MÚLTIPLES REGIONES DEL (DE LOS) MIEMBRO(S) SUPERIOR(ES),,,,1
T043,TRAUMATISMOS POR APLASTAMIENTO QUE AFECTAN MÚLTIPLES REGIONES DEL (DE LOS) MIEMBRO(S) INFERIOR(ES),,,,1
T044,TRAUMATISMOS POR APLASTAMIENTO QUE AFECTA MÚLTIPLES REGIONES DEL (DE LOS) MIEMBRO(S) SUPERIOR(ES) CON MIEMBRO(S) INFERIOR(ES),,,,1
T047,"TRAUMATISMOS POR APLASTAMIENTO DEL TÓRAX, DEL ABDOMEN, DE LA REGIÓN LUMBOSACRA Y DE LA PELVIS CON MIEMBRO(S)",,,,1
T048,TRAUMATISMOS POR APLASTAMIENTO QUE AFECTAN OTRAS COMBINACIONES DE REGIONES DEL CUERPO,,,,1
T049,"TRAUMATISMOS POR APLASTAMIENTO MÚLTIPLE, NO ESPECIFICADOS",,,,1
T050,AMPUTACIÓN TRAUMÁTICA DE AMBAS MANOS,,,,1
T051,"AMPUTACIÓN TRAUMÁTICA DE UNA MANO Y EL OTRO BRAZO [CUALQUIER NIVEL, EXCEPTO MANO]",,,,1
T052,AMPUTACIÓN TRAUMÁTICA DE AMBOS BRAZOS [CUALQUIER NIVEL],,,,1
T053,AMPUTACIÓN TRAUMÁTICA DE AMBOS PIES,,,,1
T054,"AMPUTACIÓN TRAUMÁTICA DE UN PIE Y LA OTRA PIERNA [CUALQUIER NIVEL, EXCEPTO PIE]",,,,1
T055,AMPUTACIÓN TRAUMÁTICA DE AMBAS PIERNAS [CUALQUIER NIVEL],,,,1
T056,"AMPUTACIÓN TRAUMÁTICA DE MIEMBROS SUPERIOR(ES) E INFERIOR(ES), CUALQUIER COMBINACIÓN [CUALQUIER NIVEL]",,,,1
T058,AMPUTACIÓN TRAUMÁTICA QUE AFECTA OTRAS COMBINACIONES DE REGIONES DEL CUERPO,,,,1
T059,"AMPUTACIONES TRAUMÁTICAS MÚLTIPLES, NO ESPECIFICADAS",,,,1
T060,TRAUMATISMOS DEL ENCÉFALO Y DE NERVIOS CRANEALES CON TRAUMATISMO DE NERVIOS Y MÉDULA ESPINAL A NIVEL DEL CUELLO,,,,1
T061,TRAUMATISMOS DE NERVIOS Y MÉDULA ESPINAL QUE AFECTAN OTRAS MÚLTIPLES REGIONES DEL CUERPO,,,,1
T062,TRAUMATISMOS DE NERVIOS QUE AFECTAN MÚLTIPLES REGIONES DEL CUERPO,,,,1
T063,TRAUMATISMOS DE VASOS SANGUÍNEOS QUE AFECTAN MÚLTIPLES REGIONES DEL CUERPO,,,,1
T064,TRAUMATISMOS DE TENDONES Y MÚSCULOS QUE AFECTAN MÚLTIPLES REGIONES DEL CUERPO,,,,1
T065,TRAUMATISMOS DE ÓRGANOS INTRATORÁCICOS CON ÓRGANOS INTRAABDOMINALES Y PÉLVICOS,,,,1
T068,OTROS TRAUMATISMOS ESPECIFICADOS QUE AFECTAN MÚLTIPLES REGIONES DEL CUERPO,,,,1
T07,"TRAUMATISMOS MÚLTIPLES, NO ESPECIFICADOS",,,,1
T08,"FRACTURA DE LA COLUMNA VERTEBRAL, NIVEL NO ESPECIFICADO",,,,1
T090,"TRAUMATISMO SUPERFICIAL DEL TRONCO, NIVEL NO ESPECIFICADO",,,,1
T091,"HERIDA DEL TRONCO, NIVEL NO ESPECIFICADO",,,,1
T092,"LUXACIÓN, ESGUINCE O TORCEDURA DE ARTICULACIÓN Y LIGAMENTOS DEL TRONCO, NO ESPECIFICADO",,,,1
T093,"TRAUMATISMO DE LA MÉDULA ESPINAL, NIVEL NO ESPECIFICADO",,,,1
T094,"TRAUMATISMO DE NERVIOS, RAÍZ DE NERVIO ESPINAL Y PLEXOS DEL TRONCO NO ESPECIFICADOS",,,,1
T095,TRAUMATISMO DE TENDONES Y MÚSCULOS DEL TRONCO NO ESPECIFICADOS,,,,1
T096,"AMPUTACIÓN TRAUMÁTICA DEL TRONCO, NIVEL NO ESPECIFICADO",,,,1
T098,"OTROS TRAUMATISMOS ESPECIFICADOS DEL TRONCO, NIVEL NO ESPECIFICADO",,,,1
T099,"TRAUMATISMO NO ESPECIFICADO DEL TRONCO, NIVEL NO ESPECIFICADO",,,,1
T10,"FRACTURA DE MIEMBRO SUPERIOR, NIVEL NO ESPECIFICADO",,,,1
T110,"TRAUMATISMO SUPERFICIAL DE MIEMBRO SUPERIOR, NIVEL NO ESPECIFICADO",,,,1
T111,"HERIDA DE MIEMBRO SUPERIOR, NIVEL NO ESPECIFICADO",,,,1
T112,"LUXACIÓN, ESGUINCE O TORCEDURA DE ARTICULACIÓN O LIGAMENTO NO ESPECIFICADO DE MIEMBRO SUPERIOR, NIVEL NO ESPECIFICADO",,,,1
T113,"TRAUMATISMO DE NERVIO NO ESPECIFICADO DE MIEMBRO SUPERIOR, NIVEL NO ESPECIFICADO",,,,1
T114,"TRAUMATISMO DE VASOS SANGUÍNEOS NO ESPECIFICADOS DE MIEMBRO SUPERIOR, NIVEL NO ESPECIFICADO",,,,1
T115,"TRAUMATISMO DE TENDÓN Y MÚSCULO NO ESPECIFICADOS DE MIEMBRO SUPERIOR, NIVEL NO ESPECIFICADO",,,,1
T116,"AMPUTACIÓN TRAUMÁTICA DE MIEMBRO SUPERIOR, NIVEL NO ESPECIFICADO",,,,1
T118,"OTROS TRAUMATISMOS ESPECIFICADOS DE MIEMBRO SUPERIOR, NIVEL NO ESPECIFICADO",,,,1
T119,"TRAUMATISMO NO ESPECIFICADO DE MIEMBRO SUPERIOR, NIVEL NO ESPECIFICADO",,,,1
T12,"FRACTURA DE MIEMBRO INFERIOR, NIVEL NO ESPECIFICADO",,,,1
T130,"TRAUMATISMO SUPERFICIAL DE MIEMBRO INFERIOR, NIVEL NO ESPECIFICADO.",,,,1
T131,"HERIDA DE MIEMBRO INFERIOR, NIVEL NO ESPECIFICADO",,,,1
T132,"LUXACIÓN, ESGUINCE O TORCEDURA DE ARTICULACIÓN Y LIGAMENTOS NO ESPECIFICADOS DE MIEMBRO INFERIOR, NIVEL NO ESPECIFICADO",,,,1
T133,"TRAUMATISMO DE NERVIOS NO ESPECIFICADOS DE MIEMBRO INFERIOR, NIVEL NO ESPECIFICADO",,,,1
T134,"TRAUMATISMO DE VASOS SANGUÍNEOS NO ESPECIFICADOS DE MIEMBRO INFERIOR, NIVEL NO ESPECIFICADO",,,,1
T135,"TRAUMATISMO DE TENDONES Y MÚSCULOS NO ESPECIFICADOS DE MIEMBRO INFERIOR, NIVEL NO ESPECIFICADO",,,,1
T136,"AMPUTACIÓN TRAUMÁTICA DE MIEMBRO INFERIOR, NIVEL NO ESPECIFICADO",,,,1
T138,"OTROS TRAUMATISMOS ESPECIFICADOS DE MIEMBRO INFERIOR, NIVEL NO ESPECIFICADO",,,,1
T139,"TRAUMATISMO NO ESPECIFICADO DE MIEMBRO INFERIOR, NIVEL NO ESPECIFICADO",,,,1
T140,TRAUMATISMO SUPERFICIAL DE REGIÓN NO ESPECIFICADA DEL CUERPO,,,,1
T141,HERIDA DE REGIÓN NO ESPECIFICADA DEL CUERPO,,,,1
T142,FRACTURA DE REGIÓN NO ESPECIFICADA DEL CUERPO,,,,1
T143,"LUXACIÓN, ESGUINCE Y TORCEDURA DE REGIÓN NO ESPECIFICADA DEL CUERPO",,,,1
T144,TRAUMATISMO DE NERVIO(S) DE REGIÓN NO ESPECIFICADA DEL CUERPO,,,,1
T145,TRAUMATISMO DE VASO(S) SANGUÍNEO(S) DE REGIÓN NO ESPECIFICADA DEL CUERPO,,,,1
T146,TRAUMATISMO DE TENDONES Y MÚSCULOS DE REGIÓN NO ESPECIFICADA DEL CUERPO,,,,1
T147,TRAUMATISMO POR APLASTAMIENTO Y AMPUTACIÓN TRAUMÁTICA DE REGIONES NO ESPECIFICADAS DEL CUERPO,,,,1
T148,OTROS TRAUMATISMOS DE REGIÓN NO ESPECIFICADA DEL CUERPO,,,,1
T149,"TRAUMATISMO, NO ESPECIFICADO",,,,1
T150,CUERPO EXTRAÑO EN LA CÓRNEA,,,,1
T151,CUERPO EXTRAÑO EN EL SACO CONJUNTIVAL,,,,1
T158,CUERPO EXTRAÑO EN OTRAS Y EN MÚLTIPLES PARTES DE LA PARTE EXTERNA DEL OJO,,,,1
T159,"CUERPO EXTRAÑO EN PARTE EXTERNA DEL OJO, SITIO NO ESPECIFICADO",,,,1
T16,CUERPO EXTRAÑO DEL OÍDO,,,,1
T170,CUERPO EXTRAÑO EN SENO PARANASAL,,,,1
T171,CUERPO EXTRAÑO EN EL ORIFICIO NASAL,,,,1
T172,CUERPO EXTRAÑO EN LA FARINGE,,,,1
T173,CUERPO EXTRAÑO EN LA LARINGE,,,,1
T174,CUERPO EXTRAÑO EN LA TRÁQUEA,,,,1
T175,CUERPO EXTRAÑO EN BRONQUIOS,,,,1
T178,CUERPO EXTRAÑO EN OTRAS Y EN MÚLTIPLES PARTES DE LAS VÍAS RESPIRATORIAS,,,,1
T179,"CUERPO EXTRAÑO EN LAS VÍAS RESPIRATORIAS, PARTE NO ESPECIFICADA",,,,1
T180,CUERPO EXTRAÑO EN LA BOCA,,,,1
T181,CUERPO EXTRAÑO EN EL ESÓFAGO,,,,1
T182,CUERPO EXTRAÑO EN EL ESTÓMAGO,,,,1
T183,CUERPO EXTRAÑO EN EL INTESTINO DELGADO,,,,1
T184,CUERPO EXTRAÑO EN EL COLON,,,,1
T185,CUERPO EXTRAÑO EN EL ANO Y EN EL RECTO,,,,1
T188,CUERPO EXTRAÑO EN OTRAS Y EN MÚLTIPLES PARTES DEL TUBO DIGESTIVO,,,,1
T189,"CUERPO EXTRAÑO EN EL TUBO DIGESTIVO, PARTE NO ESPECIFICADA",,,,1
T190,CUERPO EXTRAÑO EN LA URETRA,,,,1
T191,CUERPO EXTRAÑO EN LA VEJIGA,,,,1
T192,CUERPO EXTRAÑO EN LA VULVA Y EN LA VAGINA,F,,,1
T193,CUERPO EXTRAÑO EN EL ÚTERO [CUALQUIER PARTE],F,,,1
T198,CUERPO EXTRAÑO EN OTRAS Y EN MÚLTIPLES PARTES DE LAS VÍAS GENITOURINARIAS,,,,1
T199,"CUERPO EXTRAÑO EN LAS VÍAS GENITOURINARIAS, PARTE NO ESPECIFICADA",,,,1
T200,"QUEMADURA DE LA CABEZA Y DEL CUELLO, GRADO NO ESPECIFICADO",,,,1
T201,"QUEMADURA DE LA CABEZA Y DEL CUELLO, DE PRIMER GRADO",,,,1
T202,"QUEMADURA DE LA CABEZA Y DEL CUELLO, DE SEGUNDO GRADO",,,,1
T203,"QUEMADURA DE LA CABEZA Y DEL CUELLO, DE TERCER GRADO",,,,1
T204,"CORROSIÓN DE LA CABEZA Y DEL CUELLO, GRADO NO ESPECIFICADO",,,,1
T205,"CORROSIÓN DE LA CABEZA Y DEL CUELLO, DE PRIMER GRADO",,,,1
T206,"CORROSIÓN DE LA CABEZA Y DEL CUELLO, DE SEGUNDO GRADO",,,,1
T207,"CORROSIÓN DE LA CABEZA Y DEL CUELLO, DE TERCER GRADO",,,,1
T210,"QUEMADURA DEL TRONCO, GRADO NO ESPECIFICADO",,,,1
T211,"QUEMADURA DEL TRONCO, DE PRIMER GRADO",,,,1
T212,"QUEMADURA DEL TRONCO, DE SEGUNDO GRADO",,,,1
T213,"QUEMADURA DEL TRONCO, DE TERCER GRADO",,,,1
T214,"CORROSIÓN DEL TRONCO, GRADO NO ESPECIFICADO",,,,1
T215,"CORROSIÓN DEL TRONCO, DE PRIMER GRADO",,,,1
T216,"CORROSIÓN DEL TRONCO, DE SEGUNDO GRADO",,,,1
T217,"CORROSIÓN DEL TRONCO, DE TERCER GRADO",,,,1
T220,"QUEMADURA DEL HOMBRO Y MIEMBRO SUPERIOR, GRADO NO ESPECIFICADO, EXCEPTO DE LA MUÑECA Y DE LA MANO",,,,1
T221,"QUEMADURA DEL HOMBRO Y MIEMBRO SUPERIOR, DE PRIMER GRADO, EXCEPTO DE LA MUÑECA Y DE LA MANO",,,,1
T222,"QUEMADURA DEL HOMBRO Y MIEMBRO SUPERIOR, DE SEGUNDO GRADO, EXCEPTO DE LA MUÑECA Y DE LA MANO",,,,1
T223,"QUEMADURA DEL HOMBRO Y MIEMBRO SUPERIOR, DE TERCER GRADO, EXCEPTO DE LA MUÑECA Y DE LA MANO",,,,1
T224,"CORROSIÓN DEL HOMBRO Y MIEMBRO SUPERIOR, GRADO NO ESPECIFICADO, EXCEPTO DE LA MUÑECA Y DE LA MANO",,,,1
T225,"CORROSIÓN DEL HOMBRO Y MIEMBRO SUPERIOR, DE PRIMER GRADO, EXCEPTO DE LA MUÑECA Y DE LA MANO",,,,1
T226,"CORROSIÓN DEL HOMBRO Y MIEMBRO SUPERIOR, DE SEGUNDO GRADO, EXCEPTO DE LA MUÑECA Y DE LA MANO",,,,1
T227,"CORROSIÓN DEL HOMBRO Y MIEMBRO SUPERIOR, DE TERCER GRADO, EXCEPTO DE LA MUÑECA Y DE LA MANO",,,,1
T230,"QUEMADURA DE LA MUÑECA Y DE LA MANO, GRADO NO ESPECIFICADO",,,,1
T231,"QUEMADURA DE LA MUÑECA Y DE LA MANO, DE PRIMER GRADO",,,,1
T232,"QUEMADURA DE LA MUÑECA Y DE LA MANO, DE SEGUNDO GRADO",,,,1
T233,"QUEMADURA DE LA MUÑECA Y DE LA MANO, DE TERCER GRADO",,,,1
T234,"CORROSIÓN DE LA MUÑECA Y DE LA MANO, GRADO NO ESPECIFICADO",,,,1
T235,"CORROSIÓN DE LA MUÑECA Y DE LA MANO, DE PRIMER GRADO",,,,1
T236,"CORROSIÓN DE LA MUÑECA Y DE LA MANO, DE SEGUNDO GRADO",,,,1
T237,"CORROSIÓN DE LA MUÑECA Y DE LA MANO, DE TERCER GRADO",,,,1
T240,"QUEMADURA DE LA CADERA Y MIEMBRO INFERIOR, GRADO NO ESPECIFICADO, EXCEPTO TOBILLO Y PIE",,,,1
T241,"QUEMADURA DE LA CADERA Y MIEMBRO INFERIOR, DE PRIMER GRADO, EXCEPTO TOBILLO Y PIE",,,,1
T242,"QUEMADURA DE LA CADERA Y MIEMBRO INFERIOR, DE SEGUNDO GRADO , EXCEPTO TOBILLO Y PIE",,,,1
T243,"QUEMADURA DE LA CADERA Y MIEMBRO INFERIOR, DE TERCER GRADO, EXCEPTO TOBILLO Y PIE",,,,1
T244,"CORROSIÓN DE LA CADERA Y MIEMBRO INFERIOR, GRADO NO ESPECIFICADO, EXCEPTO TOBILLO Y PIE",,,,1
T245,"CORROSIÓN DE LA CADERA Y MIEMBRO INFERIOR, DE PRIMER GRADO, EXCEPTO TOBILLO Y PIE",,,,1
T246,"CORROSIÓN DE LA CADERA Y MIEMBRO INFERIOR, DE SEGUNDO GRADO, EXCEPTO TOBILLO Y PIE",,,,1
T247,"CORROSIÓN DE LA CADERA Y MIEMBRO INFERIOR, DE TERCER GRADO, EXCEPTO TOBILLO Y PIE",,,,1
T250,"QUEMADURA DEL TOBILLO Y DEL PIE, GRADO NO ESPECIFICADO",,,,1
T251,"QUEMADURA DEL TOBILLO Y DEL PIE, DE PRIMER GRADO",,,,1
T252,"QUEMADURA DEL TOBILLO Y DEL PIE, DE SEGUNDO GRADO",,,,1
T253,"QUEMADURA DEL TOBILLO Y DEL PIE, DE TERCER GRADO",,,,1
T254,"CORROSIÓN DEL TOBILLO Y DEL PIE, GRADO NO ESPECIFICADO",,,,1
T255,"CORROSIÓN DEL TOBILLO Y DEL PIE, DE PRIMER GRADO",,,,1
T256,"CORROSIÓN DEL TOBILLO Y DEL PIE, DE SEGUNDO GRADO",,,,1
T257,"CORROSIÓN DEL TOBILLO Y DEL PIE, DE TERCER GRADO",,,,1
T260,QUEMADURA DEL PÁRPADO Y ÁREA PERIOCULAR,,,,1
T261,QUEMADURA DE LA CÓRNEA Y SACO CONJUNTIVAL,,,,1
T262,QUEMADURA CON RUPTURA Y DESTRUCCIÓN RESULTANTES DEL GLOBO OCULAR,,,,1
T263,QUEMADURA DE OTRAS PARTES DEL OJO Y SUS ANEXOS,,,,1
T264,"QUEMADURA DEL OJO Y ANEXOS, PARTE NO ESPECIFICADA",,,,1
T265,CORROSIÓN DEL PÁRPADO Y ÁREA PERIOCULAR,,,,1
T266,CORROSIÓN DE LA CÓRNEA Y SACO CONJUNTIVAL,,,,1
T267,CORROSIÓN CON RUPTURA Y DESTRUCCIÓN RESULTANTES DEL GLOBO OCULAR,,,,1
T268,CORROSIÓN DE OTRAS PARTES DEL OJO Y SUS ANEXOS,,,,1
T269,"CORROSIÓN DEL OJO Y SUS ANEXOS, PARTE NO ESPECIFICADA",,,,1
T270,QUEMADURA DE LA LARINGE Y DE LA TRÁQUEA,,,,1
T271,QUEMADURA QUE AFECTA LA LARINGE Y LA TRÁQUEA CON EL PULMÓN,,,,1
T272,QUEMADURA DE OTRAS PARTES DE LAS VÍAS RESPIRATORIAS,,,,1
T273,"QUEMADURA DE LAS VÍAS RESPIRATORIAS, PARTE NO ESPECIFICADA",,,,1
T274,CORROSIÓN DE LA LARINGE Y DE LA TRÁQUEA,,,,1
T275,CORROSIÓN QUE AFECTA LA LARINGE Y LA TRÁQUEA CON EL PULMÓN,,,,1
T276,CORROSIÓN DE OTRAS PARTES DE LAS VÍAS RESPIRATORIAS,,,,1
T277,"CORROSIÓN DE LAS VÍAS RESPIRATORIAS, PARTE NO ESPECIFICADA",,,,1
T280,QUEMADURA DE LA BOCA Y DE LA FARINGE,,,,1
T281,QUEMADURA DEL ESÓFAGO,,,,1
T282,QUEMADURA DE OTRAS PARTES DEL TUBO DIGESTIVO,,,,1
T283,QUEMADURA DE ÓRGANOS GENITOURINARIOS INTERNOS,,,,1
T284,QUEMADURA DE OTROS ÓRGANOS INTERNOS Y DE LOS NO ESPECIFICADOS,,,,1
T285,CORROSIÓN DE LA BOCA Y DE LA FARINGE,,,,1
T286,CORROSIÓN DEL ESÓFAGO,,,,1
T287,CORROSIÓN DE OTRAS PARTES DEL TUBO DIGESTIVO,,,,1
T288,CORROSIÓN DE ÓRGANOS GENITOURINARIOS INTERNOS,,,,1
T289,CORROSIÓN DE OTROS ÓRGANOS INTERNOS Y DE LOS NO ESPECIFICADOS,,,,1
T290,"QUEMADURAS DE MÚLTIPLES REGIONES, GRADO NO ESPECIFICADO",,,,1
T291,"QUEMADURAS DE MÚLTIPLES REGIONES, MENCIONADAS COMO DE NO MÁS DE PRIMER GRADO",,,,1
T292,"QUEMADURAS DE MÚLTIPLES REGIONES, MENCIONADAS COMO DE NO MÁS DE SEGUNDO GRADO",,,,1
T293,"QUEMADURAS MÚLTIPLES, CON MENCIÓN AL MENOS DE UNA QUEMADURA DE TERCER GRADO",,,,1
T294,"CORROSIONES DE MÚLTIPLES REGIONES, GRADO NO ESPECIFICADO",,,,1
T295,"CORROSIONES MÚLTIPLES, MENCIONADAS COMO DE NO MÁS DE PRIMER GRADO",,,,1
T296,"CORROSIONES MÚLTIPLES, MENCIONADAS COMO DE NO MÁS DE SEGUNDO GRADO",,,,1
T297,"CORROSIONES MÚLTIPLES, CON MENCIÓN AL MENOS DE UNA CORROSIÓN DE TERCER GRADO",,,,1
T300,QUEMADURA DE REGIÓN DEL CUERPO Y GRADO NO ESPECIFICADOS,,,,1
T301,"QUEMADURA DE PRIMER GRADO, REGIÓN DEL CUERPO NO ESPECIFICADA",,,,1
T302,"QUEMADURA DE SEGUNDO GRADO, REGIÓN DEL CUERPO NO ESPECIFICADA",,,,1
T303,"QUEMADURA DE TERCER GRADO, REGIÓN DEL CUERPO NO ESPECIFICADA",,,,1
T304,CORROSIÓN DE REGIÓN DEL CUERPO Y GRADO NO ESPECIFICADOS,,,,1
T305,"CORROSIÓN DE PRIMER GRADO, REGIÓN DEL CUERPO NO ESPECIFICADA",,,,1
T306,"CORROSIÓN DE SEGUNDO GRADO, REGIÓN DEL CUERPO NO ESPECIFICADA",,,,1
T307,"CORROSIÓN DE TERCER GRADO, REGIÓN DEL CUERPO NO ESPECIFICADA",,,,1
T310,QUEMADURAS QUE AFECTAN MENOS DEL 10% DE LA SUPERFICIE DEL CUERPO,,,,1
T311,QUEMADURAS QUE AFECTAN DEL 10 AL 19% DE LA SUPERFICIE DEL CUERPO,,,,1
T312,QUEMADURAS QUE AFECTAN DEL 20 AL 29% DE LA SUPERFICIE DEL CUERPO,,,,1
T313,QUEMADURAS QUE AFECTAN DEL 30 AL 39% DE LA SUPERFICIE DEL CUERPO,,,,1
T314,QUEMADURAS QUE AFECTAN DEL 40 AL 49% DE LA SUPERFICIE DEL CUERPO,,,,1
T315,QUEMADURAS QUE AFECTAN DEL 50 AL 59% DE LA SUPERFICIE DEL CUERPO,,,,1
T316,QUEMADURAS QUE AFECTAN DEL 60 AL 69% DE LA SUPERFICIE DEL CUERPO,,,,1
T317,QUEMADURAS QUE AFECTAN DEL 70 AL 79% DE LA SUPERFICIE DEL CUERPO,,,,1
T318,QUEMADURAS QUE AFECTAN DEL 80 AL 89% DE LA SUPERFICIE DEL CUERPO,,,,1
T319,QUEMADURAS QUE AFECTAN EL 90% O MÁS DE LA SUPERFICIE DEL CUERPO,,,,1
T320,CORROSIONES QUE AFECTAN MENOS DEL 10% DE LA SUPERFICIE DEL CUERPO,,,,1
T321,CORROSIONES QUE AFECTAN DEL 10 AL 19% DE LA SUPERFICIE DEL CUERPO,,,,1
T322,CORROSIONES QUE AFECTAN DEL 20 AL 29% DE LA SUPERFICIE DEL CUERPO,,,,1
T323,CORROSIONES QUE AFECTAN DEL 30 AL 39% DE LA SUPERFICIE DEL CUERPO,,,,1
T324,CORROSIONES QUE AFECTAN DEL 40 AL 49% DE LA SUPERFICIE DEL CUERPO,,,,1
T325,CORROSIONES QUE AFECTAN DEL 50 AL 59% DE LA SUPERFICIE DEL CUERPO,,,,1
T326,CORROSIONES QUE AFECTAN DEL 60 AL 69% DE LA SUPERFICIE DEL CUERPO,,,,1
T327,CORROSIONES QUE AFECTAN DEL 70 AL 79% DE LA SUPERFICIE DEL CUERPO,,,,1
T328,CORROSIONES QUE AFECTAN DEL 80 AL 89% DE LA SUPERFICIE DEL CUERPO,,,,1
T329,CORROSIONES QUE AFECTAN EL 90% O MÁS DE LA SUPERFICIE DEL CUERPO,,,,1
T330,CONGELAMIENTO SUPERFICIAL DE LA CABEZA,,,,1
T331,CONGELAMIENTO SUPERFICIAL DEL CUELLO,,,,1
T332,CONGELAMIENTO SUPERFICIAL DEL TÓRAX,,,,1
T333,"CONGELAMIENTO SUPERFICIAL DE LA PARED ABDOMINAL, REGIÓN LUMBOSACRA Y PELVIS",,,,1
T334,CONGELAMIENTO SUPERFICIAL DEL BRAZO,,,,1
T335,CONGELAMIENTO SUPERFICIAL DE LA MUÑECA Y DE LA MANO,,,,1
T336,CONGELAMIENTO SUPERFICIAL DE LA CADERA Y DEL MUSLO,,,,1
T337,CONGELAMIENTO SUPERFICIAL DE LA RODILLA Y DE LA PIERNA,,,,1
T338,CONGELAMIENTO SUPERFICIAL DEL TOBILLO Y DEL PIE,,,,1
T339,CONGELAMIENTO SUPERFICIAL DE OTROS SITIOS Y DE LOS NO ESPECIFICADOS,,,,1
T340,CONGELAMIENTO CON NECROSIS TISULAR DE LA CABEZA,,,,1
T341,CONGELAMIENTO CON NECROSIS TISULAR DEL CUELLO,,,,1
T342,CONGELAMIENTO CON NECROSIS TISULAR DEL TÓRAX,,,,1
T343,"CONGELAMIENTO CON NECROSIS TISULAR DE LA PARED ABDOMINAL, REGIÓN LUMBOSACRA Y PELVIS",,,,1
T344,CONGELAMIENTO CON NECROSIS TISULAR DEL BRAZO,,,,1
T345,CONGELAMIENTO CON NECROSIS TISULAR DE LA MUÑECA Y DE LA MANO,,,,1
T346,CONGELAMIENTO CON NECROSIS TISULAR DE LA CADERA Y DEL MUSLO,,,,1
T347,CONGELAMIENTO CON NECROSIS TISULAR DE LA RODILLA Y DE LA PIERNA,,,,1
T348,CONGELAMIENTO CON NECROSIS TISULAR DEL TOBILLO Y DEL PIE,,,,1
T349,CONGELAMIENTO CON NECROSIS TISULAR DE OTROS SITIOS Y DE LOS NO ESPECIFICADOS,,,,1
T350,CONGELAMIENTO SUPERFICIAL QUE AFECTA MÚLTIPLES REGIONES DEL CUERPO,,,,1
T351,CONGELAMIENTO CON NECROSIS TISULAR QUE AFECTA MÚLTIPLES REGIONES DEL CUERPO,,,,1
T352,CONGELAMIENTO NO ESPECIFICADO DE LA CABEZA Y DEL CUELLO,,,,1
T353,"CONGELAMIENTO NO ESPECIFICADO DEL TÓRAX, DEL ABDOMEN, DE LA REGIÓN LUMBOSACRA Y DE LA PELVIS",,,,1
T354,CONGELAMIENTO NO ESPECIFICADO DEL MIEMBRO SUPERIOR,,,,1
T355,CONGELAMIENTO NO ESPECIFICADO DEL MIEMBRO INFERIOR,,,,1
T356,CONGELAMIENTO NO ESPECIFICADO QUE AFECTA MÚLTIPLES REGIONES DEL CUERPO,,,,1
T357,"CONGELAMIENTO NO ESPECIFICADO, DE SITIO NO ESPECIFICADO",,,,1
T360,ENVENENAMIENTO POR PENICILINAS,,,,1
T361,ENVENENAMIENTO POR CEFALOSPORINAS Y OTROS ANTIBIÓTICOS BETA-LACTÁMICOS,,,,1
T362,ENVENENAMIENTO POR ANTIBIÓTICOS DEL GRUPO DEL CLORAMFENICOL,,,,1
T363,ENVENENAMIENTO POR MACRÓLIDOS,,,,1
T364,ENVENENAMIENTO POR TETRACICLINAS,,,,1
T365,ENVENENAMIENTO POR AMINOGLUCÓSIDOS,,,,1
T366,ENVENENAMIENTO POR RIFAMICINAS,,,,1
T367,ENVENENAMIENTO POR ANTIBIÓTICOS ANTIMICÓTICOS USADOS SISTÉMICAMENTE,,,,1
T368,ENVENENAMIENTO POR OTROS ANTIBIÓTICOS SISTÉMICOS,,,,1
T369,"ENVENENAMIENTO POR ANTIBIÓTICOS SISTÉMICOS, NO ESPECIFICADOS",,,,1
T370,ENVENENAMIENTO POR SULFONAMIDAS,,,,1
T371,ENVENENAMIENTO POR DROGAS ANTIMICOBACTERIANAS,,,,1
T372,ENVENENAMIENTO POR ANTIPALÚDICOS Y DROGAS DE ACCIÓN CONTRA OTROS PROTOZOARIOS SANGUÍNEOS,,,,1
T373,ENVENENAMIENTO POR OTRAS DROGAS ANTIPROTOZOARIAS,,,,1
T374,ENVENENAMIENTO POR ANTIHELMÍNTICOS,,,,1
T375,ENVENENAMIENTO POR DROGAS ANTIVIRALES,,,,1
T378,ENVENENAMIENTO POR OTROS ANTIINFECCIOSOS Y ANTIPARASITARIOS SISTÉMICOS ESPECIFICADOS,,,,1
T379,"ENVENENAMIENTO POR ANTIINFECCIOSOS Y ANTIPARASITARIOS SISTÉMICOS, NO ESPECIFICADOS",,,,1
T380,ENVENENAMIENTO POR GLUCOCORTICOIDES Y ANÁLOGOS SINTÉTICOS,,,,1
T381,ENVENENAMIENTO POR HORMONAS TIROIDEAS Y SUSTITUTOS,,,,1
T382,ENVENENAMIENTO POR DROGAS ANTITIROIDEAS,,,,1
T383,ENVENENAMIENTO POR INSULINA Y DROGAS HIPOGLUCEMIANTES ORALES [ANTIDIABÉTICAS],,,,1
T384,ENVENENAMIENTO POR ANTICONCEPTIVOS ORALES,,,,1
T385,ENVENENAMIENTO POR OTROS ESTRÓGENOS Y PROGESTÓGENOS,,,,1
T386,"ENVENENAMIENTO POR ANTIGONADOTROFINAS, ANTIESTRÓGENOS Y ANTIANDRÓGENOS, NO CLASIFICADOS EN OTRA PARTE",,,,1
T387,ENVENENAMIENTO POR ANDRÓGENOS Y SUS CONGÉNERES ANABÓLICOS,,,,1
T388,ENVENENAMIENTO POR OTRAS HORMONAS Y SUSTITUTOS SINTÉTICOS Y LOS NO ESPECIFICADOS,,,,1
T389,ENVENENAMIENTO POR OTROS ANTAGONISTAS DE LAS HORMONAS Y LOS NO ESPECIFICADOS,,,,1
T390,ENVENENAMIENTO POR SALICILATOS,,,,1
T391,ENVENENAMIENTO POR DERIVADOS DEL PARAAMINOFENOL,,,,1
T392,ENVENENAMIENTO POR DERIVADOS DE LA PIRAZOLONA,,,,1
T393,ENVENENAMIENTO POR OTRAS DROGAS ANTIIFLAMATORIAS NO ESTEROIDEAS [DAINE],,,,1
T394,"ENVENENAMIENTO POR ANTIRREUMÁTICOS, NO CLASIFICADOS EN OTRA PARTE",,,,1
T398,"ENVENENAMIENTO POR OTROS ANALGÉSICOS NO NARCÓTICOS Y ANTIPIRÉTICOS, NO CLASIFICADOS EN OTRA PARTE",,,,1
T399,"ENVENENAMIENTO POR ANALGÉSICOS NO NARCÓTICOS, ANTIPIRÉTICOS Y ANTIRREUMÁTICOS, NO ESPECIFICADOS",,,,1
T400,ENVENENAMIENTO POR OPIO,,,,1
T401,ENVENENAMIENTO POR HEROÍNA,,,,1
T402,ENVENENAMIENTO POR OTROS OPIÁCEOS,,,,1
T403,ENVENENAMIENTO POR METADONA,,,,1
T404,ENVENENAMIENTO POR OTROS NARCÓTICOS SINTÉTICOS,,,,1
T405,ENVENENAMIENTO POR COCAÍNA,,,,1
T406,ENVENENAMIENTO POR OTROS NARCÓTICOS Y LOS NO ESPECIFICADOS,,,,1
T407,ENVENENAMIENTO POR CANNABIS (DERIVADOS),,,,1
T408,ENVENENAMIENTO POR ACIDO LISÉRGICO [LSD],,,,1
T409,ENVENENAMIENTO POR OTROS PSICODISLÉPTICOS Y LOS NO ESPECIFICADOS [ALUCINÓGENOS],,,,1
T410,ENVENENAMIENTO POR ANESTÉSICOS POR INHALACIÓN,,,,1
T411,ENVENENAMIENTO POR ANESTÉSICOS INTRAVENOSOS,,,,1
T412,ENVENENAMIENTO POR OTROS ANESTÉSICOS GENERALES Y LOS NO ESPECIFICADOS,,,,1
T413,ENVENENAMIENTO POR ANESTÉSICOS LOCALES,,,,1
T414,"ENVENENAMIENTO POR ANESTÉSICOS, NO ESPECIFICADOS",,,,1
T415,ENVENENAMIENTO POR GASES TERAPÉUTICOS,,,,1
T420,ENVENENAMIENTO POR DERIVADOS DE LA HIDANTOÍNA,,,,1
T421,ENVENENAMIENTO POR IMINOSTILBENOS,,,,1
T422,ENVENENAMIENTO POR SUCCINAMIDAS Y DERIVADOS DE LA OXAZOLIDINA,,,,1
T423,ENVENENAMIENTO POR BARBITÚRICOS,,,,1
T424,ENVENENAMIENTO POR BENZODIAZEPINAS,,,,1
T425,"ENVENENAMIENTO POR ANTIEPILÉPTICOS MIXTOS, NO CLASIFICADOS EN OTRA PARTE",,,,1
T426,ENVENENAMIENTO POR OTROS ANTIEPILÉPTICOS Y DROGAS HIPNÓTICO-SEDANTES,,,,1
T427,"ENVENENAMIENTO POR ANTIEPILÉPTICOS Y DROGAS HIPNÓTICO-SEDANTES, NO ESPECIFICADOS",,,,1
T428,ENVENENAMIENTO POR DROGAS ANTIPARKINSONIANAS Y OTROS DEPRESORES DEL TONO MUSCULAR CENTRAL,,,,1
T430,ENVENENAMIENTO POR ANTIDEPRESIVOS TRICÍCLICOS Y TETRACÍCLICOS,,,,1
T431,ENVENENAMIENTO POR ANTIDEPRESIVOS INHIBIDORES DE LA MONOAMINOXIDASA,,,,1
T432,ENVENENAMIENTO POR OTROS ANTIDEPRESIVOS Y LOS NO ESPECIFICADOS,,,,1
T433,ENVENENAMIENTO POR ANTIPSICÓTICOS Y NEUROLÉPTICOS FENOTIACÍNICOS,,,,1
T434,ENVENENAMIENTO POR BUTIROFENONA Y NEUROLÉPTICOS TIOXANTÉNICOS,,,,1
T435,ENVENENAMIENTO POR OTROS ANTIPSICÓTICOS Y NEUROLÉPTICOS Y LOS NO ESPECIFICADOS,,,,1
T436,ENVENENAMIENTO POR PSICOESTIMULANTES CON ABUSO POTENCIAL,,,,1
T438,"ENVENENAMIENTO POR OTRAS DROGAS PSICOTRÓPICAS, NO CLASIFICADAS EN OTRA PARTE",,,,1
T439,"ENVENENAMIENTO POR DROGA PSICOTRÓPICA, NO ESPECIFICADA",,,,1
T440,ENVENENAMIENTO POR AGENTES ANTICOLINESTERASA,,,,1
T441,ENVENENAMIENTO POR OTROS PARASIMPÁTICOMIMÉTICOS [COLINÉRGICOS],,,,1
T442,"ENVENENAMIENTO POR DROGAS BLOQUEADORAS GANGLIONARES, NO CLASIFICADAS EN OTRA PARTE",,,,1
T443,"ENVENENAMIENTO POR OTROS PARASIMPATICOLÍTICOS [ANTICOLINÉRGICOS Y ANTIMUSCARÍNICOS] Y ESPASMOLÍTICOS, NO CLASIFICADOS EN OTRA PARTE",,,,1
T444,"ENVENENAMIENTO POR AGONISTAS, PREDOMINANTEMENTE ALFA-ADRENÉRGICOS, NO CLASIFICADOS EN OTRA PARTE",,,,1
T445,"ENVENENAMIENTO POR AGONISTAS, PREDOMINANTEMENTE BETA-ADRENÉRGICOS, NO CLASIFICADOS EN OTRA PARTE",,,,1
T446,"ENVENENAMIENTO POR ANTAGONISTAS ALFA-ADRENÉRGICOS, NO CLASIFICADOS EN OTRA PARTE",,,,1
T447,"ENVENENAMIENTO POR ANTAGONISTAS BETA-ADRENÉRGICOS, NO CLASIFICADOS EN OTRA PARTE",,,,1
T448,"ENVENENAMIENTO POR AGENTES DE ACCIÓN CENTRAL Y BLOQUEADORES NEURONALES ADRENÉRGICOS, NO CLASIFICADOS EN OTRA PARTE",,,,1
T449,ENVENENAMIENTO POR OTRAS DROGAS Y LAS NO ESPECIFICADAS QUE AFECTAN PRINCIPALMENTE EL SISTEMA NERVIOSO AUTÓNOMO,,,,1
T450,ENVENENAMIENTO POR DROGAS ANTIALÉRGICAS Y ANTIEMÉTICAS,,,,1
T451,ENVENENAMIENTO POR DROGAS ANTINEOPLÁSICAS E INMUNOSUPRESORAS,,,,1
T452,"ENVENENAMIENTO POR VITAMINAS, NO CLASIFICADAS EN OTRA PARTE",,,,1
T453,"ENVENENAMIENTO POR ENZIMAS, NO CLASIFICADAS EN OTRA PARTE",,,,1
T454,ENVENENAMIENTO POR HIERRO Y SUS COMPUESTOS,,,,1
T455,ENVENENAMIENTO POR ANTICOAGULANTES,,,,1
T456,ENVENENAMIENTO POR DROGAS QUE AFECTAN LA FIBRINÓLISIS,,,,1
T457,"ENVENENAMIENTO POR ANTAGONISTAS DE ANTICOAGULANTES, VITAMINA K Y OTROS COAGULANTES",,,,1
T458,ENVENENAMIENTO POR OTROS AGENTES PRINCIPALMENTE SISTÉMICOS Y HEMATOLÓGICOS,,,,1
T459,"ENVENENAMIENTO POR AGENTES PRINCIPALMENTE SISTÉMICOS Y HEMATOLÓGICOS, NO ESPECIFICADOS",,,,1
T460,ENVENENAMIENTO POR GLUCÓSIDOS CARDIOTÓNICOS Y MEDICAMENTOS DE ACCIÓN SIMILAR,,,,1
T461,ENVENENAMIENTO POR BLOQUEADORES DEL CANAL DEL CALCIO,,,,1
T462,"ENVENENAMIENTO POR OTRAS DROGAS ANTIARRÍTMICAS, NO CLASIFICADAS EN OTRA PARTE",,,,1
T463,"ENVENENAMIENTO POR VASODILATADORES CORONARIOS, NO CLASIFICADOS EN OTRA PARTE",,,,1
T464,ENVENENAMIENTO POR INHIBIDORES DE LA ENZIMA CONVERTIDORA DE LA ANGIOTENSINA,,,,1
T465,"ENVENENAMIENTO POR OTRAS DROGAS ANTIHIPERTENSIVAS, NO CLASIFICADAS EN OTRA PARTE",,,,1
T466,ENVENENAMIENTO POR DROGAS ANTILIPÉMICAS Y ANTIARTERIOSCLERÓTICAS,,,,1
T467,ENVENENAMIENTO POR VASODILATADORES PERIFÉRICOS,,,,1
T468,"ENVENENAMIENTO POR DROGAS ANTIVARICOSAS, INCLUSIVE AGENTES ESCLEROSANTES",,,,1
T469,ENVENENAMIENTO POR OTROS AGENTES Y LOS NO ESPECIFICADOS QUE AFECTAN PRINCIPALMENTE EL SISTEMA CARDIOVASCULAR,,,,1
T470,ENVENENAMIENTO POR ANTAGONISTAS DEL RECEPTOR H2 DE HISTAMINA,,,,1
T471,ENVENENAMIENTO POR OTRAS DROGAS ANTIÁCIDAS Y QUE INHIBEN LA SECRECIÓN GÁSTRICA,,,,1
T472,ENVENENAMIENTO POR LAXANTES ESTIMULANTES,,,,1
T473,ENVENENAMIENTO POR LAXANTES SALINOS Y OSMÓTICOS,,,,1
T474,ENVENENAMIENTO POR OTROS LAXANTES,,,,1
T475,ENVENENAMIENTO POR DIGESTIVOS,,,,1
T476,ENVENENAMIENTO POR DROGAS ANTIDIARREICAS,,,,1
T477,ENVENENAMIENTO POR EMÉTICOS,,,,1
T478,ENVENENAMIENTO POR OTROS AGENTES QUE AFECTAN PRINCIPALMENTE EL SISTEMA GASTROINTESTINAL,,,,1
T479,ENVENENAMIENTO POR AGENTES NO ESPECIFICADOS QUE AFECTAN PRINCIPALMENTE EL SISTEMA GASTROINTESTINAL,,,,1
T480,ENVENENAMIENTO POR DROGAS OXITÓCICAS,,,,1
T481,ENVENENAMIENTO POR RELAJANTES MUSCULOESQUELÉTICOS [AGENTES BLOQUEADORES NEUROMUSCULARES],,,,1
T482,ENVENENAMIENTO POR OTROS MEDICAMENTOS Y LOS NO ESPECIFICADOS DE ACCIÓN PRINCIPAL SOBRE LOS MÚSCULOS,,,,1
T483,ENVENENAMIENTO POR ANTITUSÍGENOS,,,,1
T484,ENVENENAMIENTO POR EXPECTORANTES,,,,1
T485,ENVENENAMIENTO POR DROGAS CONTRA EL CATARRO COMÚN,,,,1
T486,"ENVENENAMIENTO POR ANTIASMÁTICOS, NO CLASIFICADOS EN OTRA PARTE",,,,1
T487,ENVENENAMIENTO POR OTROS AGENTES Y LOS NO ESPECIFICADOS DE ACCIÓN PRINCIPAL SOBRE EL SISTEMA RESPIRATORIO,,,,1
T490,"ENVENENAMIENTO POR DROGAS LOCALES ANTIMICÓTICAS, ANTIINFECCIOSAS Y ANTIINFLAMATORIAS, NO CLASIFICADAS EN OTRA PARTE",,,,1
T491,ENVENENAMIENTO POR ANTIPRURÍTICOS,,,,1
T492,ENVENENAMIENTO POR ASTRINGENTES Y DETERGENTES LOCALES,,,,1
T493,"ENVENENAMIENTO POR EMOLIENTES, DEMULCENTES Y PROTECTORES",,,,1
T494,"ENVENENAMIENTO POR QUERATOLÍTICOS, QUERATOPLÁSTICOS, DROGAS Y OTRAS PREPARACIONES PARA EL TRATAMIENTO DEL CABELLO",,,,1
T495,ENVENENAMIENTO POR DROGAS Y PREPARACIONES OFTALMOLÓGICAS,,,,1
T496,ENVENENAMIENTO POR DROGAS Y PREPARACIONES OTORRINOLARINGOLÓGICAS,,,,1
T497,"ENVENENAMIENTO POR DROGAS DENTALES, APLICADAS TÓPICAMENTE",,,,1
T498,ENVENENAMIENTO POR OTROS AGENTES TÓPICOS,,,,1
T499,"ENVENENAMIENTO POR AGENTES TÓPICOS, NO ESPECIFICADOS",,,,1
T500,ENVENENAMIENTO POR MINERALOCORTICOIDES Y SUS ANTAGONISTAS,,,,1
T501,ENVENENAMIENTO POR DIURÉTICOS DEL ASA [DINTEL ALTO],,,,1
T502,"ENVENENAMIENTO POR INHIBIDORES DE LA ANHIDRASA DEL ÁCIDO CARBÓNICO, BENZOTIAZIDAS Y OTROS DIURÉTICOS",,,,1
T503,"ENVENENAMIENTO POR AGENTES DEL EQUILIBRIO HIDROLÍTICO, ELECTROLÍTICO Y CALÓRICO",,,,1
T504,ENVENENAMIENTO POR DROGAS QUE AFECTAN EL METABOLISMO DEL ÁCIDO ÚRICO,,,,1
T505,ENVENENAMIENTO POR DEPRESORES DEL APETITO,,,,1
T506,"ENVENENAMIENTO POR ANTÍDOTOS Y AGENTES QUELANTES, NO CLASIFICADOS EN OTRA PARTE",,,,1
T507,ENVENENAMIENTO POR ANALÉPTICOS Y ANTAGONISTAS DEL OPIO,,,,1
T508,ENVENENAMIENTO POR AGENTES DIAGNÓSTICOS,,,,1
T509,"ENVENENAMIENTO POR OTRAS DROGAS Y SUSTANCIAS BIOLÓGICAS, Y LAS NO ESPECIFICADAS",,,,1
T510,EFECTO TÓXICO DEL ETANOL,,,,1
T511,EFECTO TÓXICO DEL METANOL,,,,1
T512,EFECTO TÓXICO DEL PROPANOL-2,,,,1
T513,EFECTO TÓXICO DEL LICOR DE ALCOHOL INSUFICIENTEMENTE DESTILADO,,,,1
T518,EFECTO TÓXICO DE OTROS ALCOHOLES,,,,1
T519,"EFECTO TÓXICO DEL ALCOHOL, NO ESPECIFICADO",,,,1
T520,EFECTO TÓXICO DE PRODUCTOS DEL PETRÓLEO,,,,1
T521,EFECTO TÓXICO DEL BENCENO,,,,1
T522,EFECTO TÓXICO DE HOMÓLOGOS DEL BENCENO,,,,1
T523,EFECTO TÓXICO DE GLICOLES,,,,1
T524,EFECTO TÓXICO DE CETONAS,,,,1
T528,EFECTO TÓXICO DE OTROS DISOLVENTES ORGÁNICOS,,,,1
T529,"EFECTO TÓXICO DE DISOLVENTES ORGÁNICOS, NO ESPECIFICADOS",,,,1
T530,EFECTO TÓXICO DEL TETRACLORURO DE CARBONO,,,,1
T531,EFECTO TÓXICO DEL CLOROFORMO,,,,1
T532,EFECTO TÓXICO DEL TRICLOROETILENO,,,,1
T533,EFECTO TÓXICO DEL TETRACLOROETILENO,,,,1
T534,EFECTO TÓXICO DEL DICLOROETANO,,,,1
T535,EFECTO TÓXICO DE CLOROFLUOROCARBUROS,,,,1
T536,EFECTO TÓXICO DE OTROS DERIVADOS HALOGENADOS DE HIDROCARBUROS ALIFÁTICOS,,,,1
T537,EFECTO TÓXICO DE OTROS DERIVADOS HALOGENADOS DE HIDROCARBUROS AROMÁTICOS,,,,1
T539,"EFECTO TÓXICO DE DERIVADOS HALOGENADOS DE HIDROCARBUROS ALIFÁTICOS Y AROMÁTICOS, NO ESPECIFICADOS",,,,1
T540,EFECTO TÓXICO DE FENOL Y HOMÓLOGOS DEL FENOL,,,,1
T541,EFECTO TÓXICO DE OTROS COMPUESTOS ORGÁNICOS CORROSIVOS,,,,1
T542,EFECTO TÓXICO DE ÁCIDOS CORROSIVOS Y SUSTANCIAS ÁCIDAS SIMILARES,,,,1
T543,EFECTO TÓXICO DE ÁLCALIS CÁUSTICOS Y SUSTANCIAS ALCALINAS SIMILARES,,,,1
T549,"EFECTO TÓXICO DE SUSTANCIA CORROSIVA, NO ESPECIFICADA",,,,1
T55,EFECTO TÓXICO DE DETERGENTES Y JABONES,,,,1
T560,EFECTO TÓXICO DEL PLOMO Y SUS COMPUESTOS,,,,1
T561,EFECTO TÓXICO DEL MERCURIO Y SUS COMPUESTOS,,,,1
T562,EFECTO TÓXICO DEL CROMO Y SUS COMPUESTOS,,,,1
T563,EFECTO TÓXICO DEL CADMIO Y SUS COMPUESTOS,,,,1
T564,EFECTO TÓXICO DEL COBRE Y SUS COMPUESTOS,,,,1
T565,EFECTO TÓXICO DEL ZINC Y SUS COMPUESTOS,,,,1
T566,EFECTO TÓXICO DEL ESTAÑO Y SUS COMPUESTOS,,,,1
T567,EFECTO TÓXICO DEL BERILIO Y SUS COMPUESTOS,,,,1
T568,EFECTO TÓXICO DE OTROS METALES,,,,1
T569,"EFECTO TÓXICO DE METAL, NO ESPECIFICADO",,,,1
T570,EFECTO TÓXICO DEL ARSÉNICO Y SUS COMPUESTOS,,,,1
T571,EFECTO TÓXICO DEL FÓSFORO Y SUS COMPUESTOS,,,,1
T572,EFECTO TÓXICO DEL MANGANESO Y SUS COMPUESTOS,,,,1
T573,EFECTO TÓXICO DEL ÁCIDO CIANHÍDRICO,,,,1
T578,"EFECTO TÓXICO DE OTRAS SUSTANCIAS INORGÁNICAS, ESPECIFICADAS",,,,1
T579,"EFECTO TÓXICO DE SUSTANCIA INORGÁNICA, NO ESPECIFICADA",,,,1
T58,EFECTO TÓXICO DEL MONÓXIDO DE CARBONO,,,,1
T590,EFECTO TÓXICO DE ÓXIDOS DE NITRÓGENO,,,,1
T591,EFECTO TÓXICO DEL DIÓXIDO DE SULFURO,,,,1
T592,EFECTO TÓXICO DEL FORMALDEHÍDO,,,,1
T593,EFECTO TÓXICO DEL GAS LACRIMÓGENO,,,,1
T594,EFECTO TÓXICO DEL CLORO GASEOSO,,,,1
T595,EFECTO TÓXICO DEL GAS DE FLÚOR Y FLUORURO DE HIDRÓGENO,,,,1
T596,EFECTO TÓXICO DEL SULFURO DE HIDRÓGENO,,,,1
T597,EFECTO TÓXICO DEL DIÓXIDO DE CARBONO,,,,1
T598,"EFECTO TÓXICO DE OTROS GASES, HUMOS Y VAPORES ESPECIFICADOS",,,,1
T599,"EFECTO TÓXICO DE GASES, HUMOS Y VAPORES NO ESPECIFICADOS",,,,1
T600,EFECTO TÓXICO DE INSECTICIDAS ORGANOFOSFORADOS Y CARBAMATOS,,,,1
T601,EFECTO TÓXICO DE INSECTICIDAS HALOGENADOS,,,,1
T602,EFECTO TÓXICO DE OTROS INSECTICIDAS,,,,1
T603,EFECTO TÓXICO DE HERBICIDAS Y FUNGICIDAS,,,,1
T604,EFECTO TÓXICO DE RODENTICIDAS,,,,1
T608,EFECTO TÓXICO DE OTROS PLAGUICIDAS,,,,1
T609,"EFECTO TÓXICO DE PLAGUICIDA, NO ESPECIFICADO",,,,1
T610,ENVENENAMIENTO CIGUATERO POR PESCADO,,,,1
T611,ENVENENAMIENTO ESCOMBROIDEO POR PESCADO,,,,1
T612,OTROS ENVENENAMIENTOS POR PESCADOS Y MARISCOS,,,,1
T618,EFECTO TÓXICO DE OTROS ALIMENTOS MARINOS,,,,1
T619,EFECTO TÓXICO DE ALIMENTOS MARINOS NO ESPECIFICADOS,,,,1
T620,EFECTO TÓXICO DE HONGOS INGERIDOS,,,,1
T621,EFECTO TÓXICO DE BAYAS INGERIDAS,,,,1
T622,EFECTO TÓXICO DE OTRA(S) (PARTES DE) PLANTA(S) INGERIDA(S),,,,1
T628,EFECTO TÓXICO DE OTRAS SUSTANCIAS NOCIVAS ESPECIFICADAS INGERIDAS COMO ALIMENTO,,,,1
T629,"EFECTO TÓXICO DE SUSTANCIA NOCIVA INGERIDA COMO ALIMENTO, NO ESPECIFICADA",,,,1
T630,EFECTO TÓXICO DEL VENENO DE SERPIENTE,,,,1
T631,EFECTO TÓXICO DEL VENENO DE OTROS REPTILES,,,,1
T632,EFECTO TÓXICO DEL VENENO DE ESCORPIÓN,,,,1
T633,EFECTO TÓXICO DEL VENENO DE ARAÑAS,,,,1
T634,EFECTO TÓXICO DEL VENENO DE OTROS ARTRÓPODOS,,,,1
T635,EFECTO TÓXICO DEL CONTACTO CON PECES,,,,1
T636,EFECTO TÓXICO DEL CONTACTO CON OTROS ANIMALES MARINOS,,,,1
T638,EFECTOS TÓXICOS DEL CONTACTO CON OTROS ANIMALES VENENOSOS,,,,1
T639,EFECTO TÓXICO DEL CONTACTO CON ANIMAL VENENOSO NO ESPECIFICADO,,,,1
T64,EFECTO TÓXICO DE AFLATOXINA Y OTRAS MICOTOXINAS CONTAMINANTES DE ALIMENTOS,,,,1
T650,EFECTO TÓXICO DEL CIANURO,,,,1
T651,EFECTO TÓXICO DE LA ESTRICNINA Y SUS SALES,,,,1
T652,EFECTO TÓXICO DEL TABACO Y LA NICOTINA,,,,1
T653,EFECTO TÓXICO DE NITRODERIVADOS Y AMINODERIVADOS DEL BENCENO Y SUS HOMÓLOGOS,,,,1
T654,EFECTO TÓXICO DEL BISULFURO DE CARBONO,,,,1
T655,EFECTO TÓXICO DE NITROGLICERINA Y OTROS ÁCIDOS Y ÉSTERES NÍTRICOS,,,,1
T656,"EFECTO TÓXICO DE PINTURAS Y COLORANTES, NO CLASIFICADOS EN OTRA PARTE",,,,1
T658,EFECTO TÓXICO DE OTRAS SUSTANCIAS ESPECIFICADAS,,,,1
T659,EFECTO TÓXICO DE SUSTANCIA NO ESPECIFICADA,,,,1
T66,EFECTOS NO ESPECIFICADOS DE LA RADIACIÓN,,,,1
T670,GOLPE DE CALOR E INSOLACIÓN,,,,1
T671,SÍNCOPE POR CALOR,,,,1
T672,CALAMBRE POR CALOR,,,,1
T673,"AGOTAMIENTO POR CALOR, ANHIDRÓTICO",,,,1
T674,AGOTAMIENTO POR CALOR DEBIDA A DEPLECIÓN DE SAL,,,,1
T675,AGOTAMIENTO POR CALOR NO ESPECIFICADO,,,,1
T676,"FATIGA POR CALOR, TRANSITORIA",,,,1
T677,EDEMA POR CALOR,,,,1
T678,OTROS EFECTOS DEL CALOR Y DE LA LUZ,,,,1
T679,"EFECTO DEL CALOR Y DE LA LUZ, NO ESPECIFICADO",,,,1
T68,HIPOTERMIA,,,,1
T690,MANO Y PIE DE INMERSIÓN,,,,1
T691,SABAÑÓN(ES),,,,1
T698,OTROS EFECTOS ESPECIFICADOS DE LA REDUCCIÓN DE LA TEMPERATURA,,,,1
T699,"EFECTO DE LA REDUCCIÓN DE LA TEMPERATURA, NO ESPECIFICADO",,,,1
T700,BAROTRAUMA OTÍTICO,,,,1
T701,BAROTRAUMA SINUSAL,,,,1
T702,OTROS EFECTOS Y LOS NO ESPECIFICADOS DE LA GRAN ALTITUD,,,,1
T703,ENFERMEDAD POR DESCOMPRESIÓN [DE LOS CAJONES SUMERGIDOS],,,,1
T704,EFECTOS DE LÍQUIDOS CON ALTA PRESIÓN,,,,1
T708,OTROS EFECTOS DE LA PRESIÓN DEL AIRE Y DEL AGUA,,,,1
T709,"EFECTO DE LA PRESIÓN DEL AIRE Y DEL AGUA, NO ESPECIFICADO",,,,1
T71,ASFIXIA,,,,1
T730,EFECTOS DEL HAMBRE,,,,1
T731,EFECTOS DE LA SED,,,,1
T732,AGOTAMIENTO DEBIDO A EXPOSICIÓN A LA INTEMPERIE,,,,1
T733,AGOTAMIENTO DEBIDO A ESFUERZO EXCESIVO,,,,1
T738,OTROS EFECTOS DE PRIVACIÓN,,,,1
T739,"EFECTOS DE PRIVACIÓN, NO ESPECIFICADOS",,,,1
T740,NEGLIGENCIA O ABANDONO,,,,1
T741,ABUSO FÍSICO,,,,1
T742,ABUSO SEXUAL,,,,1
T743,ABUSO PSICOLÓGICO,,,,1
T748,OTROS SÍNDROMES DEL MALTRATO,,,,1
T749,"SÍNDROME DEL MALTRATO, NO ESPECIFICADO",,,,1
T750,EFECTOS DEL RAYO,,,,1
T751,AHOGAMIENTO Y SUMERSIÓN NO MORTAL,,,,1
T752,EFECTOS DE LA VIBRACIÓN,,,,1
T753,MAL DEL MOVIMIENTO,,,,1
T754,EFECTOS DE LA CORRIENTE ELÉCTRICA,,,,1
T758,OTROS EFECTOS ESPECIFICADOS DE OTRAS CAUSAS EXTERNAS,,,,1
T76,EFECTOS NO ESPECIFICADOS DE CAUSAS EXTERNAS,,,,0
T780,CHOQUE ANAFILÁCTICO DEBIDO A REACCIÓN ADVERSA A ALIMENTOS,,,,1
T781,"OTRA REACCIÓN ADVERSA A ALIMENTOS, NO CLASIFICADA EN OTRA PARTE",,,,1
T782,"CHOQUE ANAFILÁCTICO, NO ESPECIFICADO",,,,1
T783,EDEMA ANGIONEURÓTICO,,,,1
T784,ALERGIA NO ESPECIFICADA,,,,1
T788,"OTROS EFECTOS ADVERSOS, NO CLASIFICADOS EN OTRA PARTE",,,,1
T789,EFECTO ADVERSO NO ESPECIFICADO,,,,1
T790,EMBOLIA GASEOSA (TRAUMÁTICA),,,,1
T791,EMBOLIA GRASA (TRAUMÁTICA),,,,1
T792,HEMORRAGIA TRAUMÁTICA SECUNDARIA Y RECURRENTE,,,,1
T793,"INFECCIÓN POSTRAUMÁTICA DE HERIDA, NO CLASIFICADA EN OTRA PARTE",,,,1
T794,CHOQUE TRAUMÁTICO,,,,1
T795,ANURIA TRAUMÁTICA,,,,1
T796,ISQUEMIA TRAUMÁTICA DE MÚSCULO,,,,1
T797,ENFISEMA SUBCUTÁNEO TRAUMÁTICO,,,,1
T798,OTRAS COMPLICACIONES PRECOCES DE LOS TRAUMATISMOS,,,,1
T799,COMPLICACIONES PRECOCES NO ESPECIFICADAS DE LOS TRAUMATISMOS,,,,1
T800,"EMBOLIA GASEOSA CONSECUTIVA A INFUSIÓN, TRANSFUSIÓN E INYECCIÓN TERAPÉUTICA",,,,1
T801,"COMPLICACIONES VASCULARES CONSECUTIVAS A INFUSIÓN, TRANSFUSIÓN E INYECCIÓN TERAPÉUTICA",,,,1
T802,"INFECCIONES CONSECUTIVAS A INFUSIÓN, TRANSFUSIÓN E INYECCIÓN TERAPÉUTICA",,,,1
T803,REACCIÓN DE INCOMPATIBILIDAD AL GRUPO ABO,,,,1
T804,REACCIÓN DE INCOMPATIBILIDAD A RH,,,,1
T805,CHOQUE ANAFILÁCTICO DEBIDO A SUERO,,,,1
T806,OTRAS REACCIONES AL SUERO,,,,1
T808,"OTRAS COMPLICACIONES CONSECUTIVAS A INFUSIÓN, TRANSFUSIÓN E INYECCIÓN TERAPÉUTICA",,,,1
T809,"COMPLICACIONES NO ESPECIFICADAS CONSECUTIVAS A INFUSIÓN, TRANSFUSIÓN E INYECCIÓN TERAPÉUTICA",,,,1
T810,"HEMORRAGIA Y HEMATOMA QUE COMPLICAN UN PROCEDIMIENTO, NO CLASIFICADOS EN OTRA PARTE",,,,1
T811,"CHOQUE DURANTE O RESULTANTE DE UN PROCEDIMIENTO, NO CLASIFICADO EN OTRA PARTE",,,,1
T812,"PUNCIÓN O LACERACIÓN ACCIDENTAL DURANTE UN PROCEDIMIENTO, NO CLASIFICADAS EN OTRA PARTE",,,,1
T813,"DESGARRO DE HERIDA OPERATORIA, NO CLASIFICADO EN OTRA PARTE",,,,1
T814,"INFECCIÓN CONSECUTIVA A PROCEDIMIENTO, NO CLASIFICADA EN OTRA PARTE",,,,1
T815,CUERPO EXTRAÑO DEJADO ACCIDENTALMENTE EN CAVIDAD CORPORAL O EN HERIDA OPERATORIA CONSECUTIVA A PROCEDIMIENTO,,,,1
T816,REACCIÓN AGUDA A SUSTANCIA EXTRAÑA DEJADA ACCIDENTALMENTE DURANTE UN PROCEDIMIENTO,,,,1
T817,"COMPLICACIONES VASCULARES CONSECUTIVAS A PROCEDIMIENTO, NO CLASIFICADAS EN OTRA PARTE",,,,1
T818,"OTRAS COMPLICACIONES DE PROCEDIMIENTOS, NO CLASIFICADAS EN OTRA PARTE",,,,1
T819,"COMPLICACIÓN DE PROCEDIMIENTOS, NO ESPECIFICADA",,,,1
T820,COMPLICACIÓN MECÁNICA DE PRÓTESIS DE VÁLVULA CARDÍACA,,,,1
T821,COMPLICACIÓN MECÁNICA DE DISPOSITIVO ELECTRÓNICO CARDÍACO,,,,1
T822,COMPLICACIÓN MECÁNICA DE DERIVACIÓN DE ARTERIA CORONARIA E INJERTO VALVULAR,,,,1
T823,COMPLICACIÓN MECÁNICA DE OTROS INJERTOS VASCULARES,,,,1
T824,COMPLICACIÓN MECÁNICA DE CATÉTER PARA DIÁLISIS VASCULAR,,,,1
T825,COMPLICACIÓN MECÁNICA DE OTROS DISPOSITIVOS E IMPLANTES CARDIOVASCULARES,,,,1
T826,INFECCIÓN Y REACCIÓN INFLAMATORIA DEBIDAS A PRÓTESIS DE VÁLVULA CARDÍACA,,,,1
T827,"INFECCIÓN Y REACCIÓN INFLAMATORIA DEBIDAS A OTROS DISPOSITIVOS, IMPLANTES E INJERTOS CARDIOVASCULARES",,,,1
T828,"OTRAS COMPLICACIONES ESPECIFICADAS DE DISPOSITIVOS PROTÉSICOS, IMPLANTES E INJERTOS CARDIOVASCULARES",,,,1
T829,"COMPLICACIÓN NO ESPECIFICADA DE DISPOSITIVO PROTÉSICO, IMPLANTE E INJERTO CARDIOVASCULAR",,,,1
T830,COMPLICACIÓN MECÁNICA DE CATÉTER URINARIO (FIJO),,,,1
T831,COMPLICACIÓN MECÁNICA DE OTROS DISPOSITIVOS E IMPLANTES URINARIOS,,,,1
T832,COMPLICACIÓN MECÁNICA DE INJERTO EN ÓRGANO URINARIO,,,,1
T833,COMPLICACIÓN MECÁNICA DE DISPOSITIVO ANTICONCEPTIVO INTRAUTERINO,F,3650,19710,1
T834,"COMPLICACIÓN MECÁNICA DE OTROS DISPOSITIVOS, IMPLANTES E INJERTOS EN EL TRACTO GENITAL",,,,1
T835,"INFECCIÓN Y REACCIÓN INFLAMATORIA DEBIDAS A DISPOSITIVO PROTÉSICO, IMPLANTE E INJERTO EN EL SISTEMA URINARIO",,,,1
T836,"INFECCIÓN Y REACCIÓN INFLAMATORIA DEBIDAS A DISPOSITIVO PROTÉSICO, IMPLANTE E INJERTO EN EL TRACTO GENITAL",,,,1
T838,"OTRAS COMPLICACIONES DE DISPOSITIVOS PROTÉSICOS, IMPLANTES E INJERTOS GENITOURINARIOS",,,,1
T839,"COMPLICACIÓN NO ESPECIFICADA DE DISPOSITIVO PROTÉSICO, IMPLANTE E INJERTO GENITOURINARIO",,,,1
T840,COMPLICACIÓN MECÁNICA DE PRÓTESIS ARTICULAR INTERNA,,,,1
T841,COMPLICACIÓN MECÁNICA DE DISPOSITIVO DE FIJACIÓN INTERNA DE HUESOS DE UN MIEMBRO,,,,1
T842,COMPLICACIÓN MECÁNICA DE DISPOSITIVO DE FIJACIÓN INTERNA DE OTROS HUESOS,,,,1
T843,"COMPLICACIÓN MECÁNICA DE OTROS DISPOSITIVOS ÓSEOS, IMPLANTES E INJERTOS",,,,1
T844,"COMPLICACIÓN MECÁNICA DE OTROS DISPOSITIVOS PROTÉSICOS, IMPLANTES E INJERTOS ORTOPÉDICOS INTERNOS",,,,1
T845,INFECCIÓN Y REACCIÓN INFLAMATORIA DEBIDAS A PRÓTESIS ARTICULAR INTERNA,,,,1
T846,INFECCIÓN Y REACCIÓN INFLAMATORIA DEBIDAS A DISPOSITIVO DE FIJACIÓN INTERNA [CUALQUIER SITIO],,,,1
T847,"INFECCIÓN Y REACCIÓN INFLAMATORIA DEBIDAS A OTROS DISPOSITIVOS PROTÉSICOS, IMPLANTES E INJERTOS ORTOPÉDICOS INTERNOS",,,,1
T848,"OTRAS COMPLICACIONES DE DISPOSITIVOS PROTÉSICOS, IMPLANTES E INJERTOS ORTOPÉDICOS INTERNOS",,,,1
T849,"COMPLICACIONES NO ESPECIFICADAS DE DISPOSITIVOS PROTÉSICOS, IMPLANTES E INJERTOS ORTOPÉDICOS INTERNOS",,,,1
T850,COMPLICACIÓN MECÁNICA DE DERIVACIÓN (ANASTOMÓTICA) VENTRICULAR INTRACRANEAL,,,,1
T851,COMPLICACIÓN MECÁNICA DE IMPLANTE DE ESTIMULADOR ELECTRÓNICO DEL SISTEMA NERVIOSO,,,,1
T852,COMPLICACIÓN MECÁNICA DE LENTES INTRAOCULARES,,,,1
T853,"COMPLICACIÓN MECÁNICA DE OTROS DISPOSITIVOS PROTÉSICOS, IMPLANTES E INJERTOS OCULARES",,,,1
T854,COMPLICACIÓN MECÁNICA DE PRÓTESIS E IMPLANTE DE MAMA,,,,1
T855,"COMPLICACIÓN MECÁNICA DE DISPOSITIVO PROTÉSICO, IMPLANTE E INJERTO GASTROINTESTINAL",,,,1
T856,"COMPLICACIÓN MECÁNICA DE OTROS DISPOSITIVOS PROTÉSICOS, IMPLANTES E INJERTOS INTERNOS ESPECIFICADOS",,,,1
T857,"INFECCIÓN Y REACCIÓN INFLAMATORIA DEBIDAS A OTROS DISPOSITIVOS PROTÉSICOS, IMPLANTES E INJERTOS INTERNOS",,,,1
T858,"OTRAS COMPLICACIONES DE DISPOSITIVOS PROTÉSICOS, IMPLANTES E INJERTOS INTERNOS, NO CLASIFICADAS EN OTRA PARTE",,,,1
T859,"COMPLICACIÓN NO ESPECIFICADA DE DISPOSITIVO PROTÉSICO, IMPLANTE E INJERTO INTERNO",,,,1
T860,RECHAZO DE TRASPLANTE DE MÉDULA ÓSEA,,,,1
T861,FALLA Y RECHAZO DE TRASPLANTE DE RIÑÓN,,,,1
T862,FALLA Y RECHAZO DE TRASPLANTE DE CORAZÓN,,,,1
T863,FALLA Y RECHAZO DE TRASPLANTE DE PULMÓN-CORAZÓN,,,,1
T864,FALLA Y RECHAZO DE TRASPLANTE DE HÍGADO,,,,1
T868,FALLA Y RECHAZO DE OTROS ÓRGANOS Y TEJIDOS TRASPLANTADOS,,,,1
T869,FALLA Y RECHAZO DE TRASPLANTE DE ÓRGANO Y TEJIDO NO ESPECIFICADO,,,,1
T870,COMPLICACIONES DE LA REINSERCIÓN (DE PARTE) DE EXTREMIDAD SUPERIOR,,,,1
T871,COMPLICACIONES DE LA REINSERCIÓN (DE PARTE) DE EXTREMIDAD INFERIOR,,,,1
T872,COMPLICACIONES DE OTRAS PARTES DEL CUERPO REINSERTADAS,,,,1
T873,NEUROMA DE MUÑÓN DE AMPUTACIÓN,,,,1
T874,INFECCIÓN DE MUÑÓN DE AMPUTACIÓN,,,,1
T875,NECROSIS DE MUÑÓN DE AMPUTACIÓN,,,,1
T876,OTRAS COMPLICACIONES Y LAS NO ESPECIFICADAS DE MUÑÓN DE AMPUTACIÓN,,,,1
T880,INFECCIÓN CONSECUTIVA A INMUNIZACIÓN,,,,1
T881,"OTRAS COMPLICACIONES CONSECUTIVAS A INMUNIZACIÓN, NO CLASIFICADAS EN OTRA PARTE",,,,1
T882,CHOQUE DEBIDO A LA ANESTESIA,,,,1
T883,HIPERTERMIA MALIGNA DEBIDA A LA ANESTESIA,,,,1
T884,FALLA O DIFICULTAD DE LA INTUBACIÓN,,,,1
T885,OTRAS COMPLICACIONES DE LA ANESTESIA,,,,1
T886,CHOQUE ANAFILÁCTICO DEBIDO A EFECTO ADVERSO DE DROGA O MEDICAMENTO CORRECTO ADMINISTRADO APROPIADAMENTE,,,,1
T887,EFECTO ADVERSO NO ESPECIFICADO DE DROGA O MEDICAMENTO,,,,1
T888,"OTRAS COMPLICACIONES ESPECIFICADAS DE LA ATENCIÓN MÉDICA Y QUIRÚRGICA, NO CLASIFICADAS EN OTRA PARTE",,,,1
T889,COMPLICACIONES NO ESPECIFICADAS DE LA ATENCIÓN MÉDICA Y QUIRÚRGICA,,,,1
T900,SECUELAS DE TRAUMATISMO SUPERFICIAL DE LA CABEZA,,28,43800,1
T901,SECUELAS DE HERIDA DE LA CABEZA,,28,43800,1
T902,SECUELAS DE FRACTURA DEL CRÁNEO Y DE HUESOS FACIALES,,28,43800,1
T903,SECUELAS DE TRAUMATISMO DE NERVIOS CRANEALES,,28,43800,1
T904,SECUELAS DE TRAUMATISMO DEL OJO Y DE LA ÓRBITA,,28,43800,1
T905,SECUELAS DE TRAUMATISMO INTRACRANEAL,,28,43800,1
T908,SECUELAS DE OTROS TRAUMATISMOS ESPECIFICADOS DE LA CABEZA,,28,43800,1
T909,SECUELAS DE TRAUMATISMO NO ESPECIFICADO DE LA CABEZA,,28,43800,1
T910,SECUELAS DE TRAUMATISMO SUPERFICIAL Y DE HERIDAS DEL CUELLO Y DEL TRONCO,,28,43800,1
T911,SECUELAS DE FRACTURA DE LA COLUMNA VERTEBRAL,,28,43800,1
T912,SECUELAS DE OTRA FRACTURA DEL TÓRAX Y DE LA PELVIS,,28,43800,1
T913,SECUELAS DE TRAUMATISMO DE LA MÉDULA ESPINAL,,28,43800,1
T914,SECUELAS DE TRAUMATISMO DE ÓRGANOS INTRATORÁCICOS,,28,43800,1
T915,SECUELAS DE TRAUMATISMO DE ÓRGANOS INTRAABDOMINALES Y PÉLVICOS,,28,43800,1
T918,SECUELAS DE OTROS TRAUMATISMOS ESPECIFICADOS DEL CUELLO Y DEL TRONCO,,28,43800,1
T919,SECUELAS DE TRAUMATISMO NO ESPECIFICADO DEL CUELLO Y DEL TRONCO,,28,43800,1
T920,SECUELAS DE HERIDA DE MIEMBRO SUPERIOR,,28,43800,1
T921,SECUELAS DE FRACTURA DEL BRAZO,,28,43800,1
T922,SECUELAS DE FRACTURA DE LA MUÑECA Y DE LA MANO,,28,43800,1
T923,"SECUELAS DE LUXACIÓN, TORCEDURA Y ESQUINCE DE MIEMBRO SUPERIOR",,28,43800,1
T924,SECUELAS DE TRAUMATISMO DE NERVIO DE MIEMBRO SUPERIOR,,28,43800,1
T925,SECUELAS DE TRAUMATISMO DE TENDÓN Y MÚSCULO DE MIEMBRO SUPERIOR,,28,43800,1
T926,SECUELAS DE APLASTAMIENTO Y AMPUTACIÓN TRAUMÁTICAS DE MIEMBRO SUPERIOR,,28,43800,1
T928,SECUELAS DE OTROS TRAUMATISMOS ESPECIFICADOS DE MIEMBRO SUPERIOR,,28,43800,1
T929,SECUELAS DE TRAUMATISMO NO ESPECIFICADO DE MIEMBRO SUPERIOR,,28,43800,1
T930,SECUELAS DE HERIDA DE MIEMBRO INFERIOR,,28,43800,1
T931,SECUELAS DE FRACTURA DEL FÉMUR,,28,43800,1
T932,SECUELAS DE OTRAS FRACTURAS DE MIEMBRO INFERIOR,,28,43800,1
T933,"SECUELAS DE LUXACIÓN, TORCEDURA Y ESGUINCE DE MIEMBRO INFERIOR",,28,43800,1
T934,SECUELAS DE TRAUMATISMO DE NERVIO DE MIEMBRO INFERIOR,,28,43800,1
T935,SECUELAS DE TRAUMATISMO DE TENDÓN Y MÚSCULO DE MIEMBRO INFERIOR,,28,43800,1
T936,SECUELAS DE APLASTAMIENTO Y AMPUTACIÓN TRAUMÁTICAS DE MIEMBRO INFERIOR,,28,43800,1
T938,SECUELAS DE OTROS TRAUMATISMOS ESPECIFICADOS DE MIEMBRO INFERIOR,,28,43800,1
T939,SECUELAS DE TRAUMATISMO NO ESPECIFICADO DE MIEMBRO INFERIOR,,28,43800,1
T940,SECUELAS DE TRAUMATISMOS QUE AFECTAN MÚLTIPLES REGIONES DEL CUERPO,,28,43800,1
T941,SECUELAS DE TRAUMATISMOS DE REGIONES NO ESPECIFICADAS DEL CUERPO,,28,43800,1
T950,"SECUELAS DE QUEMADURA, CORROSIÓN Y CONGELAMIENTO DE LA CABEZA Y DEL CUELLO",,28,43800,1
T951,"SECUELAS DE QUEMADURA, CORROSIÓN Y CONGELAMIENTO DEL TRONCO",,28,43800,1
T952,"SECUELAS DE QUEMADURA, CORROSIÓN Y CONGELAMIENTO DE MIEMBRO SUPERIOR",,28,43800,1
T953,"SECUELAS DE QUEMADURA, CORROSIÓN Y CONGELAMIENTO DE MIEMBRO INFERIOR",,28,43800,1
T954,SECUELAS DE QUEMADURA Y CORROSIÓN CLASIFICABLES SÓLO DE ACUERDO CON LA EXTENSIÓN DE LA SUPERFICIE DEL CUERPO AFECTADA,,28,43800,1
T958,"SECUELAS DE OTRAS QUEMADURAS, CORROSIONES Y CONGELAMIENTOS ESPECIFICADOS",,28,43800,1
T959,"SECUELAS DE QUEMADURA, CORROSIÓN Y CONGELAMIENTO NO ESPECIFICADOS",,28,43800,1
T96,"SECUELAS DE ENVENENAMIENTOS POR DROGAS, MEDICAMENTOS Y SUSTANCIAS BIOLÓGICAS",,28,43800,1
T97,SECUELAS DE EFECTOS TÓXICOS DE SUSTANCIAS DE PROCEDENCIA PRINCIPALMENTE NO MEDICINAL,,28,43800,1
T980,SECUELAS DE EFECTOS DE CUERPOS EXTRAÑOS QUE PENETRAN EN ORIFICIOS NATURALES,,28,43800,1
T981,SECUELAS DE OTROS EFECTOS Y LOS NO ESPECIFICADOS DE CAUSAS EXTERNAS,,28,43800,1
T982,SECUELAS DE CIERTAS COMPLICACIONES PRECOCES DE LOS TRAUMATISMOS,,28,43800,1
T983,"SECUELAS DE COMPLICACIONES DE LA ATENCIÓN MÉDICA Y QUIRÚRGICA, NO CLASIFICADAS EN OTRAS PARTE",,28,43800,1
U049,"SÍNDROME RESPIRATORIO AGUDO GRAVE [SRAG], NO ESPECIFICADO",,,,1
U070,TRASTORNO RELACIONADO CON EL VAPEO (VAPING),,2920,43800,1
U071,"COVID-19, VIRUS IDENTIFICADO",,,,1
U072,"COVID-19, VIRUS NO IDENTIFICADO",,,,1
U089,"HISTORIA PERSONAL DE COVID-19, NO ESPECIFICADA",,,,1
U099,"CONDICIÓN DE SALUD POSTERIOR A LA COVID-19, NO ESPECIFICADA",,,,1
U109,"SÍNDROME INFLAMATORIO MULTISISTÉMICO ASOCIADO CON LA COVID-19, NO ESPECIFICADO",,,,1
U119,"NECESIDAD DE INMUNIZACIÓN CONTRA LA COVID-19, NO ESPECIFICADA",,,,1
U129,"VACUNAS COVID-19 QUE CAUSAN EFECTOS ADVERSOS EN SU USO TERAPÉUTICO, NO ESPECIFICADA",,,,1
U600,MORDEDURA DE SERPIENTE DE CASCABEL,,,,1
U601,"MORDEDURA DE SERPIENTE CORAL, CORALILLO",,,,1
U602,"MORDEDURA DE ARAÑA, VIUDA NEGRA",,,,1
U603,"MORDEDURA DE ARAÑA, VIOLINISTA",,,,1
U604,PICADURA DE ABEJA,,,,1
U605,PICADURA DE AVISPA,,,,1
U608,"OTRA PICADURA, MORDEDURA DE ANIMAL PONZOÑOSO ESPECIFICADA",,,,1
U92,REINCIDENCIA DE COVID-19,,,,0
U930,VACUNA CONTRA LA COVID-19 AZTRA ZENECA/OXFORD (CHAD),,,,0
U931,VACUNA CONTRA LA COVID-19 BIONTECH/PFIZER,,,,0
U932,VACUNA CONTRA LA COVID-19 CANSINO BIOLOGICS,,,,0
U933,VACUNA CONTRA LA COVID-19 JOHNSON & JOHNSON (JANSSEN),,,,0
U934,VACUNA CONTRA LA COVID-19 MODERNA,,,,0
U935,VACUNA CONTRA LA COVID-19 SINOVAC,,,,0
U936,VACUNA CONTRA LA COVID-19 SPUTNIK V,,,,0
U938,VACUNA CONTRA LA COVID-19 OTRA VACUNA ESPECIFICADA,,,,0
U939,VACUNA CONTRA LA COVID-19 VACUNA NO ESPECIFICADA,,,,0
U940,INTOXICACIÓN ACCIDENTAL (NO INTENCIONAL) POR CONSUMO DE FENTANILO,,,,0
U941,"INTOXICACIÓN INTENCIONAL AUTOINFLIGIDA, POR CONSUMO DE FENTANILO",,2920,43800,0
U942,INTOXICACIÓN POR FENTANILO COMO AGRESIÓN GENERADA POR UN TERCERO,,,,0
U943,INTOXICACIÓN POR FENTANILO COMO REACCIÓN ADVERSA,,,,0
U949,INTOXICACIÓN POR FENTANILO INTENCIONALIDAD POR DETERMINAR (BAJO INVESTIGACIÓN) O NO DETERMINADA,,,,0
U95,INTOXICACIÓN ALIMENTARIA POR MAREA ROJA,,,,1
U96,INTOXICACIÓN ALIMENTARIA POR CLENBUTEROL,,,,1
U97,ENFERMEDED FEBRIL EXANTEMÁTICA,,,,1
U98,PARÁLISIS FLÁCIDA AGUDA,,,,1
U99,SÍNDROME COQUELUCHOIDE,,,,1
V010,"PEATÓN LESIONADO POR COLISIÓN CON VEHÍCULO DE PEDAL, ACCIDENTE NO DE TRÁNSITO",,,,0
V011,"PEATÓN LESIONADO POR COLISIÓN CON VEHÍCULO DE PEDAL, ACCIDENTE DE TRÁNSITO",,,,0
V019,"PEATÓN LESIONADO POR COLISIÓN CON VEHÍCULO DE PEDAL, ACCIDENTE NO ESPECIFICADO COMO DE TRÁNSITO O NO DE TRÁNSITO",,,,0
V020,"PEATÓN LESIONADO POR COLISIÓN CON VEHÍCULO DE MOTOR DE DOS O TRES RUEDAS, ACCIDENTE NO DE TRÁNSITO",,,,0
V021,"PEATÓN LESIONADO POR COLISIÓN CON VEHÍCULO DE MOTOR DE DOS O TRES RUEDAS, ACCIDENTE DE TRÁNSITO",,,,0
V029,"PEATÓN LESIONADO POR COLISIÓN CON VEHÍCULO DE MOTOR DE DOS O TRES RUEDAS, ACCIDENTE NO ESPECIFICADO COMO DE TRÁNSITO O NO DE TRÁNSITO",,,,0
V030,"PEATÓN LESIONADO POR COLISIÓN CON AUTOMÓVIL, CAMIONETA O FURGONETA, ACCIDENTE NO DE TRÁNSITO",,,,0
V031,"PEATÓN LESIONADO POR COLISIÓN CON AUTOMÓVIL, CAMIONETA O FURGONETA, ACCIDENTE DE TRÁNSITO",,,,0
V039,"PEATÓN LESIONADO POR COLISIÓN CON AUTOMÓVIL, CAMIONETA O FURGONETA, ACCIDENTE NO ESPECIFICADO COMO DE TRÁNSITO O NO DE TRÁNSITO",,,,0
V040,"PEATÓN LESIONADO POR COLISIÓN CON VEHÍCULO DE TRANSPORTE PESADO O AUTOBÚS, ACCIDENTE NO DE TRÁNSITO",,,,0
V041,"PEATÓN LESIONADO POR COLISIÓN CON VEHÍCULO DE TRANSPORTE PESADO O AUTOBÚS, ACCIDENTE DE TRÁNSITO",,,,0
V049,"PEATÓN LESIONADO POR COLISIÓN CON VEHÍCULO DE TRANSPORTE PESADO O AUTOBÚS, ACCIDENTE NO ESPECIFICADO COMO DE TRÁNSITO O NO DE TRÁNSITO",,,,0
V050,"PEATÓN LESIONADO POR COLISIÓN CON TREN O VEHÍCULO DE RIELES, ACCIDENTE NO DE TRÁNSITO",,,,0
V051,"PEATÓN LESIONADO POR COLISIÓN CON TREN O VEHÍCULO DE RIELES, ACCIDENTE DE TRÁNSITO",,,,0
V059,"PEATÓN LESIONADO POR COLISIÓN CON TREN O VEHÍCULO DE RIELES, ACCIDENTE NO ESPECIFICADO COMO DE TRÁNSITO O NO DE TRÁNSITO",,,,0
V060,"PEATÓN LESIONADO POR COLISIÓN CON OTROS VEHÍCULOS SIN MOTOR, ACCIDENTE NO DE TRÁNSITO",,,,0
V061,"PEATÓN LESIONADO POR COLISIÓN CON OTROS VEHÍCULOS SIN MOTOR, ACCIDENTE DE TRÁNSITO",,,,0
V069,"PEATÓN LESIONADO POR COLISIÓN CON OTROS VEHÍCULOS SIN MOTOR, ACCIDENTE NO ESPECIFICADO COMO DE TRÁNSITO O NO DE TRÁNSITO",,,,0
V090,"PEATÓN LESIONADO EN ACCIDENTE NO DE TRÁNSITO QUE INVOLUCRA OTROS VEHÍCULOS DE MOTOR, Y LOS NO ESPECIFICADOS",,,,0
V091,PEATÓN LESIONADO EN ACCIDENTE NO DE TRÁNSITO NO ESPECIFICADO,,,,0
V092,"PEATÓN LESIONADO EN ACCIDENTE DE TRÁNSITO QUE INVOLUCRA OTROS VEHÍCULOS DE MOTOR, Y LOS NO ESPECIFICADOS",,,,0
V093,PEATÓN LESIONADO EN ACCIDENTE DE TRÁNSITO NO ESPECIFICADO,,,,0
V099,PEATÓN LESIONADO EN ACCIDENTE DE TRANSPORTE NO ESPECIFICADO,,,,0
V100,"CICLISTA LESIONADO POR COLISIÓN CON PEATÓN O ANIMAL, CONDUCTOR LESIONADO EN ACCIDENTE NO DE TRÁNSITO",,1095,31025,0
V101,"CICLISTA LESIONADO POR COLISIÓN CON PEATÓN O ANIMAL, PASAJERO LESIONADO EN ACCIDENTE NO DE TRÁNSITO",,,,0
V102,"CICLISTA LESIONADO POR COLISIÓN CON PEATÓN O ANIMAL, CICLISTA NO ESPECIFICADO, LESIONADO EN ACCIDENTE NO DE TRÁNSITO",,,,0
V103,"CICLISTA LESIONADO POR COLISIÓN CON PEATÓN O ANIMAL, PERSONA LESIONADA AL SUBIR O BAJAR DEL VEHÍCULO",,,,0
V104,"CICLISTA LESIONADO POR COLISIÓN CON PEATÓN O ANIMAL, CONDUCTOR LESIONADO EN ACCIDENTE DE TRÁNSITO",,1095,31025,0
V105,"CICLISTA LESIONADO POR COLISIÓN CON PEATÓN O ANIMAL, PASAJERO LESIONADO EN ACCIDENTE DE TRÁNSITO",,,,0
V109,"CICLISTA LESIONADO POR COLISIÓN CON PEATÓN O ANIMAL, CICLISTA NO ESPECIFICADO, LESIONADO EN ACCIDENTE DE TRÁNSITO",,,,0
V110,"CICLISTA LESIONADO POR COLISIÓN CON OTRO CICLISTA, CONDUCTOR LESIONADO EN ACCIDENTE NO DE TRÁNSITO",,1095,31025,0
V111,"CICLISTA LESIONADO POR COLISIÓN CON OTRO CICLISTA, PASAJERO LESIONADO EN ACCIDENTE NO DE TRÁNSITO",,,,0
V112,"CICLISTA LESIONADO POR COLISIÓN CON OTRO CICLISTA, CICLISTA NO ESPECIFICADO, LESIONADO EN ACCIDENTE NO DE TRÁNSITO",,,,0
V113,"CICLISTA LESIONADO POR COLISIÓN CON OTRO CICLISTA, PERSONA LESIONADA AL SUBIR O BAJAR DEL VEHÍCULO",,,,0
V114,"CICLISTA LESIONADO POR COLISIÓN CON OTRO CICLISTA, CONDUCTOR LESIONADO EN ACCIDENTE DE TRÁNSITO",,1095,31025,0
V115,"CICLISTA LESIONADO POR COLISIÓN CON OTRO CICLISTA, PASAJERO LESIONADO EN ACCIDENTE DE TRÁNSITO",,,,0
V119,"CICLISTA LESIONADO POR COLISIÓN CON OTRO CICLISTA, CICLISTA NO ESPECIFICADO, LESIONADO EN ACCIDENTE DE TRÁNSITO",,,,0
V120,"CICLISTA LESIONADO POR COLISIÓN CON VEHÍCULO DE MOTOR DE DOS O TRES RUEDAS, CONDUCTOR LESIONADO EN ACCIDENTE NO DE TRÁNSITO",,1095,31025,0
V121,"CICLISTA LESIONADO POR COLISIÓN CON VEHÍCULO DE MOTOR DE DOS O TRES RUEDAS, PASAJERO LESIONADO EN ACCIDENTES NO DE TRÁNSITO",,,,0
V122,"CICLISTA LESIONADO POR COLISIÓN CON VEHÍCULO DE MOTOR DE DOS O TRES RUEDAS, CICLISTA NO ESPECIFICADO, LESIONADO EN ACCIDENTE NO DE TRÁNSITO",,,,0
V123,"CICLISTA LESIONADO POR COLISIÓN CON VEHÍCULO DE MOTOR DE DOS O TRES RUEDAS, PERSONA LESIONADA AL SUBIR O BAJAR DEL VEHÍCULO",,,,0
V124,"CICLISTA LESIONADO POR COLISIÓN CON VEHÍCULO DE MOTOR DE DOS O TRES RUEDAS, CONDUCTOR LESIONADO EN ACCIDENTE DE TRÁNSITO",,1095,31025,0
V125,"CICLISTA LESIONADO POR COLISIÓN CON VEHÍCULO DE MOTOR DE DOS O TRES RUEDAS, PASAJERO LESIONADO EN ACCIDENTE DE TRÁNSITO",,,,0
V129,"CICLISTA LESIONADO POR COLISIÓN CON VEHÍCULO DE MOTOR DE DOS O TRES RUEDAS, CICLISTA NO ESPECIFICADO, LESIONADO EN ACCIDENTE DE TRÁNSITO",,,,0
V130,"CICLISTA LESIONADO POR COLISIÓN CON AUTOMÓVIL, CAMIONETA O FURGONETA, CONDUCTOR LESIONADO EN ACCIDENTE NO DE TRÁNSITO",,1095,31025,0
V131,"CICLISTA LESIONADO POR COLISIÓN CON AUTOMÓVIL, CAMIONETA O FURGONETA, PASAJERO LESIONADO EN ACCIDENTE NO DE TRÁNSITO",,,,0
V132,"CICLISTA LESIONADO POR COLISIÓN CON AUTOMÓVIL, CAMIONETA O FURGONETA, CICLISTA NO ESPECIFICADO LESIONADO EN ACCIDENTE NO DE TRÁNSITO",,,,0
V133,"CICLISTA LESIONADO POR COLISIÓN CON AUTOMÓVIL, CAMIONETA O FURGONETA, PERSONA LESIONADA AL SUBIR O BAJAR DEL VEHÍCULO",,,,0
V134,"CICLISTA LESIONADO POR COLISIÓN CON AUTOMÓVIL, CAMIONETA O FURGONETA, CONDUCTOR LESIONADO EN ACCIDENTE DE TRÁNSITO",,1095,31025,0
V135,"CICLISTA LESIONADO POR COLISIÓN CON AUTOMÓVIL, CAMIONETA O FURGONETA, PASAJERO LESIONADO EN ACCIDENTE DE TRÁNSITO",,,,0
V139,"CICLISTA LESIONADO POR COLISIÓN CON AUTOMÓVIL, CAMIONETA O FURGONETA, CICLISTA NO ESPECIFICADO, LESIONADO EN ACCIDENTE DE TRÁNSITO",,,,0
V140,"CICLISTA LESIONADO POR COLISIÓN CON VEHÍCULO DE TRANSPORTE PESADO O AUTOBÚS, CONDUCTOR LESIONADO EN ACCIDENTE NO DE TRÁNSITO",,1095,31025,0
V141,"CICLISTA LESIONADO POR COLISIÓN CON VEHÍCULO DE TRANSPORTE PESADO O AUTOBÚS, PASAJERO LESIONADO EN ACCIDENTE NO DE TRÁNSITO",,,,0
V142,"CICLISTA LESIONADO POR COLISIÓN CON VEHÍCULO DE TRANSPORTE PESADO O AUTOBÚS, CICLISTA NO ESPECIFICADO, LESIONADO EN ACCIDENTE NO DE TRÁNSITO",,,,0
V143,"CICLISTA LESIONADO POR COLISIÓN CON VEHÍCULO DE TRANSPORTE PESADO O AUTOBÚS, PERSONA LESIONADA AL SUBIR O BAJAR DEL VEHÍCULO",,,,0
V144,"CICLISTA LESIONADO POR COLISIÓN CON VEHÍCULO DE TRANSPORTE PESADO O AUTOBÚS, CONDUCTOR LESIONADO EN ACCIDENTE DE TRÁNSITO",,1095,31025,0
V145,"CICLISTA LESIONADO POR COLISIÓN CON VEHÍCULO DE TRANSPORTE PESADO O AUTOBÚS, PASAJERO LESIONADO EN ACCIDENTE DE TRÁNSITO",,,,0
V149,"CICLISTA LESIONADO POR COLISIÓN CON VEHÍCULO DE TRANSPORTE PESADO O AUTOBÚS, CICLISTA NO ESPECIFICADO, LESIONADO EN ACCIDENTE DE TRÁNSITO",,,,0
V150,"CICLISTA LESIONADO POR COLISIÓN CON TREN O VEHÍCULO DE RIELES, CONDUCTOR LESIONADO EN ACCIDENTE NO DE TRÁNSITO",,1095,31025,0
V151,"CICLISTA LESIONADO POR COLISIÓN CON TREN O VEHÍCULO DE RIELES, PASAJERO LESIONADO EN ACCIDENTE NO DE TRÁNSITO",,,,0
V152,"CICLISTA LESIONADO POR COLISIÓN CON TREN O VEHÍCULO DE RIELES, CICLISTA NO ESPECIFICADO, LESIONADO EN ACCIDENTE NO DE TRÁNSITO",,,,0
V153,"CICLISTA LESIONADO POR COLISIÓN CON TREN O VEHÍCULO DE RIELES, PERSONA LESIONADA AL SUBIR O BAJAR DEL VEHÍCULO",,,,0
V154,"CICLISTA LESIONADO POR COLISIÓN CON TREN O VEHÍCULO DE RIELES, CONDUCTOR LESIONADO EN ACCIDENTE DE TRÁNSITO",,1095,31025,0
V155,"CICLISTA LESIONADO POR COLISIÓN CON TREN O VEHÍCULO DE RIELES, PASAJERO LESIONADO EN ACCIDENTE DE TRÁNSITO",,,,0
V159,"CICLISTA LESIONADO POR COLISIÓN CON TREN O VEHÍCULO DE RIELES, CICLISTA NO ESPECIFICADO, LESIONADO EN ACCIDENTE DE TRÁNSITO",,,,0
V160,"CICLISTA LESIONADO POR COLISIÓN CON OTROS VEHÍCULOS SIN MOTOR, CONDUCTOR LESIONADO EN ACCIDENTE NO DE TRÁNSITO",,1095,31025,0
V161,"CICLISTA LESIONADO POR COLISIÓN CON OTROS VEHÍCULOS SIN MOTOR, PASAJERO LESIONADO EN ACCIDENTE NO DE TRÁNSITO",,,,0
V162,"CICLISTA LESIONADO POR COLISIÓN CON OTROS VEHÍCULOS SIN MOTOR, CICLISTA NO ESPECIFICADO, LESIONADO EN ACCIDENTE NO DE TRÁNSITO",,,,0
V163,"CICLISTA LESIONADO POR COLISIÓN CON OTROS VEHÍCULOS SIN MOTOR, PERSONA LESIONADA AL SUBIR O BAJAR DEL VEHÍCULO",,,,0
V164,"CICLISTA LESIONADO POR COLISIÓN CON OTROS VEHÍCULOS SIN MOTOR, CONDUCTOR LESIONADO EN ACCIDENTE DE TRÁNSITO",,1095,31025,0
V165,"CICLISTA LESIONADO POR COLISIÓN CON OTROS VEHÍCULOS SIN MOTOR, PASAJERO LESIONADO EN ACCIDENTE DE TRÁNSITO",,,,0
V169,"CICLISTA LESIONADO POR COLISIÓN CON OTROS VEHÍCULOS SIN MOTOR, CICLISTA NO ESPECIFICADO, LESIONADO EN ACCIDENTE DE TRÁNSITO",,,,0
V170,"CICLISTA LESIONADO POR COLISIÓN CON OBJETO ESTACIONADO O FIJO, CONDUCTOR LESIONADO EN ACCIDENTE NO DE TRÁNSITO",,1095,31025,0
V171,"CICLISTA LESIONADO POR COLISIÓN CON OBJETO ESTACIONADO O FIJO, PASAJERO LESIONADO EN ACCIDENTE NO DE TRÁNSITO",,,,0
V172,"CICLISTA LESIONADO POR COLISIÓN CON OBJETO ESTACIONADO O FIJO, CICLISTA NO ESPECIFICADO, LESIONADO EN ACCIDENTE NO DE TRÁNSITO",,,,0
V173,"CICLISTA LESIONADO POR COLISIÓN CON OBJETO ESTACIONADO O FIJO, PERSONA LESIONADA AL SUBIR O BAJAR DEL VEHÍCULO",,,,0
V174,"CICLISTA LESIONADO POR COLISIÓN CON OBJETO ESTACIONADO O FIJO, CONDUCTOR LESIONADO EN ACCIDENTE DE TRÁNSITO",,1095,31025,0
V175,"CICLISTA LESIONADO POR COLISIÓN CON OBJETO ESTACIONADO O FIJO, PASAJERO LESIONADO EN ACCIDENTE DE TRÁNSITO",,,,0
V179,"CICLISTA LESIONADO POR COLISIÓN CON OBJETO ESTACIONADO O FIJO, CICLISTA NO ESPECIFICADO, LESIONADO EN ACCIDENTE DE TRÁNSITO",,,,0
V180,"CICLISTA LESIONADO EN ACCIDENTE DE TRANSPORTE SIN COLISIÓN, CONDUCTOR LESIONADO EN ACCIDENTE NO DE TRÁNSITO",,1095,31025,0
V181,"CICLISTA LESIONADO EN ACCIDENTE DE TRANSPORTE SIN COLISIÓN, PASAJERO LESIONADO EN ACCIDENTE NO DE TRÁNSITO",,,,0
V182,"CICLISTA LESIONADO EN ACCIDENTE DE TRANSPORTE SIN COLISIÓN, CICLISTA NO ESPECIFICADO, LESIONADO EN ACCIDENTE NO DE TRÁNSITO",,,,0
V183,"CICLISTA LESIONADO EN ACCIDENTE DE TRANSPORTE SIN COLISIÓN, PERSONA LESIONADA AL SUBIR O BAJAR DEL VEHÍCULO",,,,0
V184,"CICLISTA LESIONADO EN ACCIDENTE DE TRANSPORTE SIN COLISIÓN, CONDUCTOR LESIONADO EN ACCIDENTE DE TRÁNSITO",,1095,31025,0
V185,"CICLISTA LESIONADO EN ACCIDENTE DE TRANSPORTE SIN COLISIÓN, PASAJERO LESIONADO EN ACCIDENTE DE TRÁNSITO",,,,0
V189,"CICLISTA LESIONADO EN ACCIDENTE DE TRANSPORTE SIN COLISIÓN, CICLISTA NO ESPECIFICADO, LESIONADO EN ACCIDENTE DE TRÁNSITO",,,,0
V190,"CONDUCTOR DE VEHÍCULO DE PEDAL LESIONADO POR COLISIÓN CON OTROS VEHÍCULOS DE MOTOR, Y CON LOS NO ESPECIFICADOS, EN ACCIDENTE NO DE TRÁNSITO",,1095,31025,0
V191,"PASAJERO DE VEHÍCULO DE PEDAL LESIONADO POR COLISIÓN CON OTROS VEHÍCULOS DE MOTOR, Y CON LOS NO ESPECIFICADOS, EN ACCIDENTE NO DE TRÁNSITO",,,,0
V192,"CICLISTA NO ESPECIFICADO LESIONADO POR COLISIÓN CON OTROS VEHÍCULOS DE MOTOR, Y CON LOS NO ESPECIFICADOS, EN ACCIDENTE NO DE TRÁNSITO",,,,0
V193,"CICLISTA (CUALQUIERA) LESIONADO EN ACCIDENTE NO DE TRANSITO, NO ESPECIFICADO",,,,0
V194,"CONDUCTOR DE VEHÍCULO DE PEDAL LESIONADO POR COLISIÓN CON OTROS VEHÍCULOS DE MOTOR, Y CON LOS NO ESPECIFICADOS, EN ACCIDENTE DE TRÁNSITO",,1095,31025,0
V195,"PASAJERO DE VEHÍCULO DE PEDAL LESIONADO POR COLISIÓN CON OTROS VEHÍCULOS DE MOTOR, Y CON LOS NO ESPECIFICADOS, EN ACCIDENTE DE TRÁNSITO",,,,0
V196,"CICLISTA NO ESPECIFICADO LESIONADO POR COLISIÓN CON OTROS VEHÍCULOS DE MOTOR, Y CON LOS NO ESPECIFICADO, EN ACCIDENTE DE TRÁNSITO",,,,0
V198,CICLISTA [CUALQUIERA] LESIONADO EN OTROS ACCIDENTES DE TRANSPORTE ESPECIFICADOS,,,,0
V199,CICLISTA [CUALQUIERA] LESIONADO EN ACCIDENTE DE TRÁNSITO NO ESPECIFICADO,,,,0
V200,"MOTOCICLISTA LESIONADO POR COLISIÓN CON PEATÓN O ANIMAL, CONDUCTOR LESIONADO EN ACCIDENTE NO DE TRÁNSITO",,1825,31025,0
V201,"MOTOCICLISTA LESIONADO POR COLISIÓN CON PEATÓN O ANIMAL, PASAJERO LESIONADO EN ACCIDENTE NO DE TRÁNSITO",,,,0
V202,"MOTOCICLISTA LESIONADO POR COLISIÓN CON PEATÓN O ANIMAL, MOTOCICLISTA NO ESPECIFICADO, LESIONADO EN ACCIDENTE NO DE TRÁNSITO",,,,0
V203,"MOTOCICLISTA LESIONADO POR COLISIÓN CON PEATÓN O ANIMAL, PERSONA LESIONADA AL SUBIR O BAJAR DEL VEHÍCULO",,,,0
V204,"MOTOCICLISTA LESIONADO POR COLISIÓN CON PEATÓN O ANIMAL, CONDUCTOR LESIONADO EN ACCIDENTE DE TRÁNSITO",,1825,31025,0
V205,"MOTOCICLISTA LESIONADO POR COLISIÓN CON PEATÓN O ANIMAL, PASAJERO LESIONADO EN ACCIDENTE DE TRÁNSITO",,,,0
V209,"MOTOCICLISTA LESIONADO POR COLISIÓN CON PEATÓN O ANIMAL, MOTOCICLISTA NO ESPECIFICADO, LESIONADO EN ACCIDENTE DE TRÁNSITO",,,,0
V210,"MOTOCICLISTA LESIONADO POR COLISIÓN CON VEHÍCULO DE PEDAL, CONDUCTOR LESIONADO EN ACCIDENTE NO DE TRÁNSITO",,1825,31025,0
V211,"MOTOCICLISTA LESIONADO POR COLISIÓN CON VEHÍCULO DE PEDAL, PASAJERO LESIONADO EN ACCIDENTE NO DE TRÁNSITO",,,,0
V212,"MOTOCICLISTA LESIONADO POR COLISIÓN CON VEHÍCULO DE PEDAL, MOTOCICLISTA NO ESPECIFICADO, LESIONADO EN ACCIDENTE NO DE TRÁNSITO",,,,0
V213,"MOTOCICLISTA LESIONADO POR COLISIÓN CON VEHÍCULO DE PEDAL, PERSONA LESIONADA AL SUBIR O BAJAR DEL VEHÍCULO",,,,0
V214,"MOTOCICLISTA LESIONADO POR COLISIÓN CON VEHÍCULO DE PEDAL, CONDUCTOR LESIONADO EN ACCIDENTE DE TRÁNSITO",,1825,31025,0
V215,"MOTOCICLISTA LESIONADO POR COLISIÓN CON VEHÍCULO DE PEDAL, PASAJERO LESIONADO EN ACCIDENTE DE TRÁNSITO",,,,0
V219,"MOTOCICLISTA LESIONADO POR COLISIÓN CON VEHÍCULO DE PEDAL, MOTOCICLISTA NO ESPECIFICADO, LESIONADO EN ACCIDENTE DE TRÁNSITO",,,,0
V220,"MOTOCICLISTA LESIONADO POR COLISIÓN CON VEHÍCULO DE MOTOR DE DOS O TRES RUEDAS, CONDUCTOR LESIONADO EN ACCIDENTE NO DE TRÁNSITO",,1825,31025,0
V221,"MOTOCICLISTA LESIONADO POR COLISIÓN CON VEHÍCULO DE MOTOR DE DOS O TRES RUEDAS, PASAJERO LESIONADO EN ACCIDENTE NO DE TRÁNSITO",,,,0
V222,"MOTOCICLISTA LESIONADO POR COLISIÓN CON VEHÍCULO DE MOTOR DE DOS O TRES RUEDAS, MOTOCICLISTA NO ESPECIFICADO, LESIONADO EN ACCIDENTE NO DE TRÁNSITO",,,,0
V223,"MOTOCICLISTA LESIONADO POR COLISIÓN CON VEHÍCULO DE MOTOR DE DOS O TRES RUEDAS, PERSONA LESIONADA AL SUBIR O BAJAR DEL VEHÍCULO",,,,0
V224,"MOTOCICLISTA LESIONADO POR COLISIÓN CON VEHÍCULO DE MOTOR DE DOS O TRES RUEDAS, CONDUCTOR LESIONADO EN ACCIDENTE DE TRÁNSITO",,1825,31025,0
V225,"MOTOCICLISTA LESIONADO POR COLISIÓN CON VEHÍCULO DE MOTOR DE DOS O TRES RUEDAS, PASAJERO LESIONADO EN ACCIDENTE DE TRÁNSITO",,,,0
V229,"MOTOCICLISTA LESIONADO POR COLISIÓN CON VEHÍCULO DE MOTOR DE DOS O TRES RUEDAS, MOTOCICLISTA NO ESPECIFICADO, LESIONADO EN ACCIDENTE DE TRÁNSITO",,,,0
V230,"MOTOCICLISTA LESIONADO POR COLISIÓN CON AUTOMÓVIL, CAMIONETA O FURGONETA, CONDUCTOR LESIONADO EN ACCIDENTE NO DE TRÁNSITO",,1825,31025,0
V231,"MOTOCICLISTA LESIONADO POR COLISIÓN CON AUTOMÓVIL, CAMIONETA O FURGONETA, PASAJERO LESIONADO EN ACCIDENTE NO DE TRÁNSITO",,,,0
V232,"MOTOCICLISTA LESIONADO POR COLISIÓN CON AUTOMÓVIL, CAMIONETA O FURGONETA, MOTOCICLISTA NO ESPECIFICADO LESIONADO EN ACCIDENTE NO DE TRÁNSITO",,,,0
V233,"MOTOCICLISTA LESIONADO POR COLISIÓN CON AUTOMÓVIL, CAMIONETA O FURGONETA, PERSONA LESIONADA AL SUBIR O BAJAR DEL VEHÍCULO",,,,0
V234,"MOTOCICLISTA LESIONADO POR COLISIÓN CON AUTOMÓVIL, CAMIONETA O FURGONETA, CONDUCTOR LESIONADO EN ACCIDENTE DE TRÁNSITO",,1825,31025,0
V235,"MOTOCICLISTA LESIONADO POR COLISIÓN CON AUTOMÓVIL, CAMIONETA O FURGONETA, PASAJERO LESIONADO EN ACCIDENTE DE TRÁNSITO",,,,0
V239,"MOTOCICLISTA LESIONADO POR COLISIÓN CON AUTOMÓVIL, CAMIONETA O FURGONETA, MOTOCICLISTA NO ESPECIFICADO, LESIÓN EN ACCIDENTE DE TRÁNSITO",,,,0
V240,"MOTOCICLISTA LESIONADO POR COLISIÓN CON VEHÍCULO DE TRANSPORTE PESADO O AUTOBÚS, CONDUCTOR LESIONADO EN ACCIDENTE NO DE TRÁNSITO",,1825,31025,0
V241,"MOTOCICLISTA LESIONADO POR COLISIÓN CON VEHÍCULO DE TRANSPORTE PESADO O AUTOBÚS, PASAJERO LESIONADO EN ACCIDENTE NO DE TRÁNSITO",,,,0
V242,"MOTOCICLISTA LESIONADO POR COLISIÓN CON VEHÍCULO DE TRANSPORTE PESADO O AUTOBÚS, MOTOCICLISTA NO ESPECIFICADO, LESIONADO EN ACCIDENTE NO DE TRÁNSITO",,,,0
V243,"MOTOCICLISTA LESIONADO POR COLISIÓN CON VEHÍCULO DE TRANSPORTE PESADO O AUTOBÚS, PERSONA LESIONADA AL SUBIR O BAJAR DEL VEHÍCULO",,,,0
V244,"MOTOCICLISTA LESIONADO POR COLISIÓN CON VEHÍCULO DE TRANSPORTE PESADO O AUTOBÚS, CONDUCTOR LESIONADO EN ACCIDENTE DE TRÁNSITO",,1825,31025,0
V245,"MOTOCICLISTA LESIONADO POR COLISIÓN CON VEHÍCULO DE TRANSPORTE PESADO O AUTOBÚS, PASAJERO LESIONADO EN ACCIDENTE DE TRÁNSITO",,,,0
V249,"MOTOCICLISTA LESIONADO POR COLISIÓN CON VEHÍCULO DE TRANSPORTE PESADO O AUTOBÚS, MOTOCICLISTA NO ESPECIFICADO, LESIONADO EN ACCIDENTE DE TRÁNSITO",,,,0
V250,"MOTOCICLISTA LESIONADO POR COLISIÓN CON TREN O VEHÍCULO DE RIELES, CONDUCTOR LESIONADO EN ACCIDENTE NO DE TRÁNSITO",,1825,31025,0
V251,"MOTOCICLISTA LESIONADO POR COLISIÓN CON TREN O VEHÍCULO DE RIELES, PASAJERO LESIONADO EN ACCIDENTE NO DE TRÁNSITO",,,,0
V252,"MOTOCICLISTA LESIONADO POR COLISIÓN CON TREN O VEHÍCULO DE RIELES, MOTOCICLISTA NO ESPECIFICADO, LESIONADO EN ACCIDENTE NO DE TRÁNSITO",,,,0
V253,"MOTOCICLISTA LESIONADO POR COLISIÓN CON TREN O VEHÍCULO DE RIELES, PERSONA LESIONADA AL SUBIR O BAJAR DEL VEHÍCULO",,,,0
V254,"MOTOCICLISTA LESIONADO POR COLISIÓN CON TREN O VEHÍCULO DE RIELES, CONDUCTOR LESIONADO EN ACCIDENTE DE TRÁNSITO",,1825,31025,0
V255,"MOTOCICLISTA LESIONADO POR COLISIÓN CON TREN O VEHÍCULO DE RIELES, PASAJERO LESIONADO EN ACCIDENTE DE TRÁNSITO",,,,0
V259,"MOTOCICLISTA LESIONADO POR COLISIÓN CON TREN O VEHÍCULO DE RIELES, MOTOCICLISTA NO ESPECIFICADO, LESIONADO EN ACCIDENTE DE TRÁNSITO",,,,0
V260,"MOTOCICLISTA LESIONADO POR COLISIÓN CON OTROS VEHÍCULOS SIN MOTOR, CONDUCTOR LESIONADO EN ACCIDENTE NO DE TRÁNSITO",,1825,31025,0
V261,"MOTOCICLISTA LESIONADO POR COLISIÓN CON OTROS VEHÍCULOS SIN MOTOR, PASAJERO LESIONADO EN ACCIDENTE NO DE TRÁNSITO",,,,0
V262,"MOTOCICLISTA LESIONADO POR COLISIÓN CON OTROS VEHÍCULOS SIN MOTOR, MOTOCICLISTA NO ESPECIFICADO, LESIONADO EN ACCIDENTE NO DE TRÁNSITO",,,,0
V263,"MOTOCICLISTA LESIONADO POR COLISIÓN CON OTROS VEHÍCULOS SIN MOTOR, PERSONA LESIONADA AL SUBIR O BAJAR DEL VEHÍCULO",,,,0
V264,"MOTOCICLISTA LESIONADO POR COLISIÓN CON OTROS VEHÍCULOS SIN MOTOR, CONDUCTOR LESIONADO EN ACCIDENTE DE TRÁNSITO",,1825,31025,0
V265,"MOTOCICLISTA LESIONADO POR COLISIÓN CON OTROS VEHÍCULOS SIN MOTOR, PASAJERO LESIONADO EN ACCIDENTE DE TRÁNSITO",,,,0
V269,"MOTOCICLISTA LESIONADO POR COLISIÓN CON OTROS VEHÍCULOS SIN MOTOR, MOTOCICLISTA NO ESPECIFICADO, LESIONADO EN ACCIDENTE DE TRÁNSITO",,,,0
V270,"MOTOCICLISTA LESIONADO POR COLISIÓN CON OBJETO FIJO O ESTACIONADO, CONDUCTOR LESIONADO EN ACCIDENTE NO DE TRÁNSITO",,1825,31025,0
V271,"MOTOCICLISTA LESIONADO POR COLISIÓN CON OBJETO FIJO O ESTACIONADO, PASAJERO LESIONADO EN ACCIDENTE NO DE TRÁNSITO",,,,0
V272,"MOTOCICLISTA LESIONADO POR COLISIÓN CON OBJETO FIJO O ESTACIONADO, MOTOCICLISTA NO ESPECIFICADO, LESIONADO EN ACCIDENTE NO DE TRÁNSITO",,,,0
V273,"MOTOCICLISTA LESIONADO POR COLISIÓN CON OBJETO FIJO O ESTACIONADO, PERSONA LESIONADA AL SUBIR O BAJAR DEL VEHÍCULO",,,,0
V274,"MOTOCICLISTA LESIONADO POR COLISIÓN CON OBJETO FIJO O ESTACIONADO, CONDUCTOR LESIONADO EN ACCIDENTE DE TRÁNSITO",,1825,31025,0
V275,"MOTOCICLISTA LESIONADO POR COLISIÓN CON OBJETO FIJO O ESTACIONADO, PASAJERO LESIONADO EN ACCIDENTE DE TRÁNSITO",,,,0
V279,"MOTOCICLISTA LESIONADO POR COLISIÓN CON OBJETO FIJO O ESTACIONADO, MOTOCICLISTA NO ESPECIFICADO, LESIONADO EN ACCIDENTE DE TRÁNSITO",,,,0
V280,"MOTOCICLISTA LESIONADO EN ACCIDENTE DE TRANSPORTE SIN COLISIÓN, CONDUCTOR LESIONADO EN ACCIDENTE NO DE TRÁNSITO",,1825,31025,0
V281,"MOTOCICLISTA LESIONADO EN ACCIDENTE DE TRANSPORTE SIN COLISIÓN, PASAJERO LESIONADO EN ACCIDENTE NO DE TRÁNSITO",,,,0
V282,"MOTOCICLISTA LESIONADO EN ACCIDENTE DE TRANSPORTE SIN COLISIÓN, MOTOCICLISTA NO ESPECIFICADO, LESIONADO EN ACCIDENTE NO DE TRÁNSITO",,,,0
V283,"MOTOCICLISTA LESIONADO EN ACCIDENTE DE TRANSPORTE SIN COLISIÓN, PERSONA LESIONADA AL SUBIR O BAJAR DEL VEHÍCULO",,,,0
V284,"MOTOCICLISTA LESIONADO EN ACCIDENTE DE TRANSPORTE SIN COLISIÓN, CONDUCTOR LESIONADO EN ACCIDENTE DE TRÁNSITO",,1825,31025,0
V285,"MOTOCICLISTA LESIONADO EN ACCIDENTE DE TRANSPORTE SIN COLISIÓN, PASAJERO LESIONADO EN ACCIDENTE DE TRÁNSITO",,,,0
V289,"MOTOCICLISTA LESIONADO EN ACCIDENTE DE TRANSPORTE SIN COLISIÓN, MOTOCICLISTA NO ESPECIFICADO, LESIONADO EN ACCIDENTE DE TRÁNSITO",,,,0
V290,"CONDUCTOR DE MOTOCICLETA LESIONADO POR COLISIÓN CON OTROS VEHÍCULOS DE MOTOR, Y CON LOS NO ESPECIFICADOS EN ACCIDENTE NO DE TRÁNSITO",,1825,31025,0
V291,"PASAJERO DE MOTOCICLETA LESIONADO POR COLISIÓN CON OTROS VEHÍCULOS DE MOTOR, Y CON LOS NO ESPECIFICADOS EN ACCIDENTE NO DE TRÁNSITO",,,,0
V292,"MOTOCICLISTA NO ESPECIFICADO LESIONADO POR COLISIÓN CON OTROS VEHÍCULOS DE MOTOR, Y CON LOS NO ESPECIFICADOS, EN ACCIDENTE NO DE TRÁNSITO",,,,0
V293,"MOTOCICLISTA [CUALQUIERA] LESIONADO EN ACCIDENTE NO DE TRÁNSITO, NO ESPECIFICADO",,,,0
V294,"CONDUCTOR DE MOTOCICLETA LESIONADO POR COLISIÓN CON OTROS VEHÍCULOS DE MOTOR, Y CON LOS NO ESPECIFICADOS, EN ACCIDENTE DE TRÁNSITO",,1825,31025,0
V295,"PASAJERO DE MOTOCICLETA LESIONADO POR COLISIÓN CON OTROS VEHÍCULOS DE MOTOR, Y CON LOS NO ESPECIFICADOS, EN ACCIDENTE DE TRÁNSITO",,,,0
V296,"MOTOCICLISTA NO ESPECIFICADO LESIONADO POR COLISIÓN CON OTROS VEHÍCULOS DE MOTOR, Y CON LOS NO ESPECIFICADOS, EN ACCIDENTE DE TRÁNSITO",,,,0
V298,MOTOCICLISTA [CUALQUIERA] LESIONADO EN OTROS ACCIDENTES DE TRANSPORTE ESPECIFICADOS,,,,0
V299,MOTOCICLISTA [CUALQUIERA] LESIONADO EN ACCIDENTE DE TRÁNSITO NO ESPECIFICADO,,,,0
V300,"OCUPANTE DE VEHÍCULO DE MOTOR DE TRES RUEDAS LESIONADO POR COLISIÓN CON PEATÓN O ANIMAL, CONDUCTOR LESIONADO EN ACCIDENTE NO DE TRÁNSITO",,1825,31025,0
V301,"OCUPANTE DE VEHÍCULO DE MOTOR DE TRES RUEDAS LESIONADO POR COLISIÓN CON PEATÓN O ANIMAL, PASAJERO LESIONADO EN ACCIDENTE NO DE TRÁNSITO",,,,0
V302,"OCUPANTE DE VEHÍCULO DE MOTOR DE TRES RUEDAS LESIONADO POR COLISIÓN CON PEATÓN O ANIMAL, PERSONA QUE VIAJA FUERA DEL VEHÍCULO, LESIONADA EN ACCIDENTE NO DE TRÁNSITO",,,,0
V303,"OCUPANTE DE VEHÍCULO DE MOTOR DE TRES RUEDAS LESIONADO POR COLISIÓN CON PEATÓN O ANIMAL, OCUPANTE NO ESPECIFICADO DE VEHÍCULO DE MOTOR DE TRES RUEDAS LESIONADO EN ACCIDENTE NO DE TRÁNSITO",,,,0
V304,"OCUPANTE DE VEHÍCULO DE MOTOR DE TRES RUEDAS LESIONADO POR COLISIÓN CON PEATÓN O ANIMAL, PERSONA LESIONADA AL SUBIR O BAJAR DEL VEHÍCULO",,,,0
V305,"OCUPANTE DE VEHÍCULO DE MOTOR DE TRES RUEDAS LESIONADO POR COLISIÓN CON PEATÓN O ANIMAL, CONDUCTOR LESIONADO EN ACCIDENTE DE TRÁNSITO",,1825,31025,0
V306,"OCUPANTE DE VEHÍCULO DE MOTOR DE TRES RUEDAS LESIONADO POR COLISIÓN CON PEATÓN O ANIMAL, PASAJERO LESIONADO EN ACCIDENTE DE TRÁNSITO",,,,0
V307,"OCUPANTE DE VEHÍCULO DE MOTOR DE TRES RUEDAS LESIONADO POR COLISIÓN CON PEATÓN O ANIMAL, PERSONA QUE VIAJA FUERA DEL VEHÍCULO, LESIONADA EN ACCIDENTE DE TRÁNSITO",,,,0
V309,"OCUPANTE DE VEHÍCULO DE MOTOR DE TRES RUEDAS LESIONADO POR COLISIÓN CON PEATÓN O ANIMAL, OCUPANTE NO ESPECIFICADO DE VEHÍCULO DE MOTOR DE TRES RUEDAS, LESIONADO EN ACCIDENTE DE TRÁNSITO",,,,0
V310,"OCUPANTE DE VEHÍCULO DE MOTOR DE TRES RUEDAS LESIONADO POR COLISIÓN CON VEHÍCULO DE PEDAL, CONDUCTOR LESIONADO EN ACCIDENTE NO DE TRÁNSITO",,1825,31025,0
V311,"OCUPANTE DE VEHÍCULO DE MOTOR DE TRES RUEDAS LESIONADO POR COLISIÓN CON VEHÍCULO DE PEDAL, PASAJERO LESIONADO EN ACCIDENTE NO DE TRÁNSITO",,,,0
V312,"OCUPANTE DE VEHÍCULO DE MOTOR DE TRES RUEDAS LESIONADO POR COLISIÓN CON VEHÍCULO DE PEDAL, PERSONA QUE VIAJA FUERA DEL VEHÍCULO, LESIONADA EN ACCIDENTE NO DE TRÁNSITO",,,,0
V313,"OCUPANTE DE VEHÍCULO DE MOTOR DE TRES RUEDAS LESIONADO POR COLISIÓN CON VEHÍCULO DE PEDAL, OCUPANTE NO ESPECIFICADO DE VEHÍCULO DE MOTOR DE TRES RUEDAS, LESIONADO EN ACCIDENTE NO DE TRÁNSITO",,,,0
V314,"OCUPANTE DE VEHÍCULO DE MOTOR DE TRES RUEDAS LESIONADO POR COLISIÓN CON VEHÍCULO DE PEDAL, PERSONA LESIONADA AL SUBIR O BAJAR DEL VEHÍCULO",,,,0
V315,"OCUPANTE DE VEHÍCULO DE MOTOR DE TRES RUEDAS LESIONADO POR COLISIÓN CON VEHÍCULO DE PEDAL, CONDUCTOR LESIONADO EN ACCIDENTE DE TRÁNSITO",,1825,31025,0
V316,"OCUPANTE DE VEHÍCULO DE MOTOR DE TRES RUEDAS LESIONADO POR COLISIÓN CON VEHÍCULO DE PEDAL, PASAJERO LESIONADO EN ACCIDENTE DE TRÁNSITO",,,,0
V317,"OCUPANTE DE VEHÍCULO DE MOTOR DE TRES RUEDAS LESIONADO POR COLISIÓN CON VEHÍCULO DE PEDAL, PERSONA QUE VIAJA FUERA DEL VEHÍCULO, LESIONADA EN ACCIDENTE DE TRÁNSITO",,,,0
V319,"OCUPANTE DE VEHÍCULO DE MOTOR DE TRES RUEDAS LESIONADO POR COLISIÓN CON VEHÍCULO DE PEDAL, OCUPANTE NO ESPECIFICADO DE VEHÍCULO DE MOTOR DE TRES RUEDAS, LESIONADO EN ACCIDENTE DE TRÁNSITO",,,,0
V320,"OCUPANTE DE VEHÍCULO DE MOTOR DE TRES RUEDAS LESIONADO POR COLISIÓN CON OTRO VEHÍCULO DE MOTOR DE DOS O TRES RUEDAS, CONDUCTOR LESIONADO EN ACCIDENTE NO DE TRÁNSITO",,1825,31025,0
V321,"OCUPANTE DE VEHÍCULO DE MOTOR DE TRES RUEDAS LESIONADO POR COLISIÓN CON OTRO VEHÍCULO DE MOTOR DE DOS O TRES RUEDAS, PASAJERO LESIONADO EN ACCIDENTE NO DE TRÁNSITO",,,,0
V322,"OCUPANTE DE VEHÍCULO DE MOTOR DE TRES RUEDAS LESIONADO POR COLISIÓN CON OTRO VEHÍCULO DE MOTOR DE DOS O TRES RUEDAS, PERSONA QUE VIAJA FUERA DEL VEHÍCULO, LESIONADA EN ACCIDENTE NO DE TRÁNSITO",,,,0
V323,"OCUPANTE DE VEHÍCULO DE MOTOR DE TRES RUEDAS LESIONADO POR COLISIÓN CON OTRO VEHÍCULO DE MOTOR DE DOS O TRES RUEDAS, OCUPANTE NO ESPECIFICADO DE VEHÍCULO DE MOTOR DE TRES RUEDAS, LESIONADO EN ACCIDENTE NO DE TRÁNSITO",,,,0
V324,"OCUPANTE DE VEHÍCULO DE MOTOR DE TRES RUEDAS LESIONADO POR COLISIÓN CON OTRO VEHÍCULO DE MOTOR DE DOS O TRES RUEDAS, PERSONA LESIONADA AL SUBIR O BAJAR DEL VEHÍCULO",,,,0
V325,"OCUPANTE DE VEHÍCULO DE MOTOR DE TRES RUEDAS LESIONADO POR COLISIÓN CON OTRO VEHÍCULO DE MOTOR DE DOS O TRES RUEDAS, CONDUCTOR LESIONADO EN ACCIDENTE DE TRÁNSITO",,1825,31025,0
V326,"OCUPANTE DE VEHÍCULO DE MOTOR DE TRES RUEDAS LESIONADO POR COLISIÓN CON OTRO VEHÍCULO DE MOTOR DE DOS O TRES RUEDAS, PASAJERO LESIONADO EN ACCIDENTE DE TRÁNSITO",,,,0
V327,"OCUPANTE DE VEHÍCULO DE MOTOR DE TRES RUEDAS LESIONADO POR COLISIÓN CON OTRO VEHÍCULO DE MOTOR DE DOS O TRES RUEDAS, PERSONA QUE VIAJA FUERA DEL VEHÍCULO, LESIONADA EN ACCIDENTE DE TRÁNSITO",,,,0
V329,"OCUPANTE DE VEHÍCULO DE MOTOR DE TRES RUEDAS LESIONADO POR COLISIÓN CON OTRO VEHÍCULO DE MOTOR DE DOS O TRES RUEDAS, OCUPANTE NO ESPECIFICADO DE VEHÍCULO DE MOTOR DE TRES RUEDAS, LESIONADO EN ACCIDENTE DE TRÁNSITO",,,,0
V330,"OCUPANTE DE VEHÍCULO DE MOTOR DE TRES RUEDAS LESIONADO POR COLISIÓN CON AUTOMÓVIL, CAMIONETA O FURGONETA, CONDUCTOR LESIONADO EN ACCIDENTE NO DE TRÁNSITO",,1825,31025,0
V331,"OCUPANTE DE VEHÍCULO DE MOTOR DE TRES RUEDAS LESIONADO POR COLISIÓN CON AUTOMÓVIL, CAMIONETA O FURGONETA, PASAJERO LESIONADO EN ACCIDENTE NO DE TRÁNSITO",,,,0
V332,"OCUPANTE DE VEHÍCULO DE MOTOR DE TRES RUEDAS LESIONADO POR COLISIÓN CON AUTOMÓVIL, CAMIONETA O FURGONETA, PERSONA QUE VIAJA FUERA DEL VEHÍCULO, LESIONADA EN ACCIDENTE NO DE TRÁNSITO",,,,0
V333,"OCUPANTE DE VEHÍCULO DE MOTOR DE TRES RUEDAS LESIONADO POR COLISIÓN CON AUTOMÓVIL, CAMIONETA O FURGONETA, OCUPANTE NO ESPECIFICADO DE VEHÍCULO DE MOTOR DE TRES RUEDAS, LESIONADO EN ACCIDENTE NO DE TRÁNSITO",,,,0
V334,"OCUPANTE DE VEHÍCULO DE MOTOR DE TRES RUEDAS LESIONADO POR COLISIÓN CON AUTOMÓVIL, CAMIONETA O FURGONETA, PERSONA LESIONADA AL SUBIR O BAJAR DEL VEHÍCULO",,,,0
V335,"OCUPANTE DE VEHÍCULO DE MOTOR DE TRES RUEDAS LESIONADO POR COLISIÓN CON AUTOMÓVIL, CAMIONETA O FURGONETA, CONDUCTOR LESIONADO EN ACCIDENTE DE TRÁNSITO",,1825,31025,0
V336,"OCUPANTE DE VEHÍCULO DE MOTOR DE TRES RUEDAS LESIONADO POR COLISIÓN CON AUTOMÓVIL, CAMIONETA O FURGONETA, PASAJERO LESIONADO EN ACCIDENTE DE TRÁNSITO",,,,0
V337,"OCUPANTE DE VEHÍCULO DE MOTOR DE TRES RUEDAS LESIONADO POR COLISIÓN CON AUTOMÓVIL, CAMIONETA O FURGONETA, PERSONA QUE VIAJA FUERA DEL VEHÍCULO, LESIONADA EN ACCIDENTE DE TRÁNSITO",,,,0
V339,"OCUPANTE DE VEHÍCULO DE MOTOR DE TRES RUEDAS LESIONADO POR COLISIÓN CON AUTOMÓVIL, CAMIONETA O FURGONETA, OCUPANTE NO ESPECIFICADO DE VEHÍCULO DE MOTOR DE TRES RUEDAS, LESIONADO EN ACCIDENTE DE TRÁNSITO",,,,0
V340,"OCUPANTE DE VEHÍCULO DE MOTOR DE TRES RUEDAS LESIONADO POR COLISIÓN CON VEHÍCULO DE TRANSPORTE PESADO O AUTOBÚS, CONDUCTOR LESIONADO EN ACCIDENTE NO DE TRÁNSITO",,1825,31025,0
V341,"OCUPANTE DE VEHÍCULO DE MOTOR DE TRES RUEDAS LESIONADO POR COLISIÓN CON VEHÍCULO DE TRANSPORTE PESADO O AUTOBÚS, PASAJERO LESIONADO EN ACCIDENTE NO DE TRÁNSITO",,,,0
V342,"OCUPANTE DE VEHÍCULO DE MOTOR DE TRES RUEDAS LESIONADO POR COLISIÓN CON VEHÍCULO DE TRANSPORTE PESADO O AUTOBÚS, PERSONA QUE VIAJA FUERA DEL VEHÍCULO, LESIONADA EN ACCIDENTE NO DE TRÁNSITO",,,,0
V343,"OCUPANTE DE VEHÍCULO DE MOTOR DE TRES RUEDAS LESIONADO POR COLISIÓN CON VEHÍCULO DE TRANSPORTE PESADO O AUTOBÚS, OCUPANTE NO ESPECIFICADO DE VEHÍCULO DE MOTOR DE TRES RUEDAS, LESIONADO EN ACCIDENTE NO DE TRÁNSITO",,,,0
V344,"OCUPANTE DE VEHÍCULO DE MOTOR DE TRES RUEDAS LESIONADO POR COLISIÓN CON VEHÍCULO DE TRANSPORTE PESADO O AUTOBÚS, PERSONA LESIONADA AL SUBIR O BAJAR DEL VEHÍCULO",,,,0
V345,"OCUPANTE DE VEHÍCULO DE MOTOR DE TRES RUEDAS LESIONADO POR COLISIÓN CON VEHÍCULO DE TRANSPORTE PESADO O AUTOBÚS, CONDUCTOR LESIONADO EN ACCIDENTE DE TRÁNSITO",,1825,31025,0
V346,"OCUPANTE DE VEHÍCULO DE MOTOR DE TRES RUEDAS LESIONADO POR COLISIÓN CON VEHÍCULO DE TRANSPORTE PESADO O AUTOBÚS, PASAJERO LESIONADO EN ACCIDENTE DE TRÁNSITO",,,,0
V347,"OCUPANTE DE VEHÍCULO DE MOTOR DE TRES RUEDAS LESIONADO POR COLISIÓN CON VEHÍCULO DE TRANSPORTE PESADO O AUTOBÚS, PERSONA QUE VIAJA FUERA DEL VEHÍCULO, LESIONADA EN ACCIDENTE DE TRÁNSITO",,,,0
V349,"OCUPANTE DE VEHÍCULO DE MOTOR DE TRES RUEDAS LESIONADO POR COLISIÓN CON VEHÍCULO DE TRANSPORTE PESADO O AUTOBÚS, OCUPANTE NO ESPECIFICADO DE VEHÍCULO DE MOTOR DE TRES RUEDAS, LESIONADO EN ACCIDENTE DE TRÁNSITO",,,,0
V350,"OCUPANTE DE VEHÍCULO DE MOTOR DE TRES RUEDAS LESIONADO POR COLISIÓN CON TREN O VEHÍCULO DE RIELES, CONDUCTOR LESIONADO EN ACCIDENTE NO DE TRÁNSITO",,1825,31025,0
V351,"OCUPANTE DE VEHÍCULO DE MOTOR DE TRES RUEDAS LESIONADO POR COLISIÓN CON TREN O VEHÍCULO DE RIELES, PASAJERO LESIONADO EN ACCIDENTE NO DE TRÁNSITO",,,,0
V352,"OCUPANTE DE VEHÍCULO DE MOTOR DE TRES RUEDAS LESIONADO POR COLISIÓN CON TREN O VEHÍCULO DE RIELES, PERSONA QUE VIAJA FUERA DEL VEHÍCULO, LESIONADA EN ACCIDENTE NO DE TRÁNSITO",,,,0
V353,"OCUPANTE DE VEHÍCULO DE MOTOR DE TRES RUEDAS LESIONADO POR COLISIÓN CON TREN O VEHÍCULO DE RIELES, OCUPANTE NO ESPECIFICADO DE VEHÍCULO DE MOTOR DE TRES RUEDAS, LESIONADO EN ACCIDENTE NO DE TRÁNSITO",,,,0
V354,"OCUPANTE DE VEHÍCULO DE MOTOR DE TRES RUEDAS LESIONADO POR COLISIÓN CON TREN O VEHÍCULO DE RIELES, PERSONA LESIONADA AL SUBIR O BAJAR DEL VEHÍCULO",,,,0
V355,"OCUPANTE DE VEHÍCULO DE MOTOR DE TRES RUEDAS LESIONADO POR COLISIÓN CON TREN O VEHÍCULO DE RIELES, CONDUCTOR LESIONADO EN ACCIDENTE DE TRÁNSITO",,1825,31025,0
V356,"OCUPANTE DE VEHÍCULO DE MOTOR DE TRES RUEDAS LESIONADO POR COLISIÓN CON TREN O VEHÍCULO DE RIELES, PASAJERO LESIONADO EN ACCIDENTE DE TRÁNSITO",,,,0
V357,"OCUPANTE DE VEHÍCULO DE MOTOR DE TRES RUEDAS LESIONADO POR COLISIÓN CON TREN O VEHÍCULO DE RIELES, PERSONA QUE VIAJA FUERA DEL VEHÍCULO, LESIONADA EN ACCIDENTE DE TRÁNSITO",,,,0
V359,"OCUPANTE DE VEHÍCULO DE MOTOR DE TRES RUEDAS LESIONADO POR COLISIÓN CON TREN O VEHÍCULO DE RIELES, OCUPANTE NO ESPECIFICADO DE VEHÍCULO DE MOTOR DE TRES RUEDAS, LESIONADO EN ACCIDENTE DE TRÁNSITO",,,,0
V360,"OCUPANTE DE VEHÍCULO DE MOTOR DE TRES RUEDAS LESIONADO POR COLISIÓN CON OTROS VEHÍCULOS SIN MOTOR, CONDUCTOR LESIONADO EN ACCIDENTE NO DE TRÁNSITO",,1825,31025,0
V361,"OCUPANTE DE VEHÍCULO DE MOTOR DE TRES RUEDAS LESIONADO POR COLISIÓN CON OTROS VEHÍCULOS SIN MOTOR, PASAJERO LESIONADO EN ACCIDENTE NO DE TRÁNSITO",,,,0
V362,"OCUPANTE DE VEHÍCULO DE MOTOR DE TRES RUEDAS LESIONADO POR COLISIÓN CON OTROS VEHÍCULOS SIN MOTOR, PERSONA QUE VIAJA FUERA DEL VEHÍCULO, LESIONADA EN ACCIDENTE NO DE TRÁNSITO",,,,0
V363,"OCUPANTE DE VEHÍCULO DE MOTOR DE TRES RUEDAS LESIONADO POR COLISIÓN CON OTROS VEHÍCULOS SIN MOTOR, OCUPANTE NO ESPECIFICADO DE VEHÍCULO DE MOTOR DE TRES RUEDAS, LESIONADO EN ACCIDENTE NO DE TRÁNSITO",,,,0
V364,"OCUPANTE DE VEHÍCULO DE MOTOR DE TRES RUEDAS LESIONADO POR COLISIÓN CON OTROS VEHÍCULOS SIN MOTOR, PERSONA LESIONADA AL SUBIR O BAJAR DEL VEHÍCULO",,,,0
V365,"OCUPANTE DE VEHÍCULO DE MOTOR DE TRES RUEDAS LESIONADO POR COLISIÓN CON OTROS VEHÍCULOS SIN MOTOR, CONDUCTOR LESIONADO EN ACCIDENTE DE TRÁNSITO",,1825,31025,0
V366,"OCUPANTE DE VEHÍCULO DE MOTOR DE TRES RUEDAS LESIONADO POR COLISIÓN CON OTROS VEHÍCULOS SIN MOTOR, PASAJERO LESIONADO EN ACCIDENTE DE TRÁNSITO",,,,0
V367,"OCUPANTE DE VEHÍCULO DE MOTOR DE TRES RUEDAS LESIONADO POR COLISIÓN CON OTROS VEHÍCULOS SIN MOTOR, PERSONA QUE VIAJA FUERA DEL VEHÍCULO, LESIONADA EN ACCIDENTE DE TRÁNSITO",,,,0
V369,"OCUPANTE DE VEHÍCULO DE MOTOR DE TRES RUEDAS LESIONADO POR COLISIÓN CON OTROS VEHÍCULOS SIN MOTOR, OCUPANTE NO ESPECIFICADO DE VEHÍCULO DE MOTOR DE TRES RUEDAS, LESIONADO EN ACCIDENTE DE TRÁNSITO",,,,0
V370,"OCUPANTE DE VEHÍCULO DE MOTOR DE TRES RUEDAS LESIONADO POR COLISIÓN CON OBJETO FIJO O ESTACIONADO, CONDUCTOR LESIONADO EN ACCIDENTE NO DE TRÁNSITO",,1825,31025,0
V371,"OCUPANTE DE VEHÍCULO DE MOTOR DE TRES RUEDAS LESIONADO POR COLISIÓN CON OBJETO FIJO O ESTACIONADO, PASAJERO LESIONADO EN ACCIDENTE NO DE TRÁNSITO",,,,0
V372,"OCUPANTE DE VEHÍCULO DE MOTOR DE TRES RUEDAS LESIONADO POR COLISIÓN CON OBJETO FIJO O ESTACIONADO, PERSONA QUE VIAJA FUERA DEL VEHÍCULO, LESIONADA EN ACCIDENTE NO DE TRÁNSITO",,,,0
V373,"OCUPANTE DE VEHÍCULO DE MOTOR DE TRES RUEDAS LESIONADO POR COLISIÓN CON OBJETO FIJO O ESTACIONADO, OCUPANTE NO ESPECIFICADO DE VEHÍCULO DE MOTOR DE TRES RUEDAS, LESIONADO EN ACCIDENTE NO DE TRÁNSITO",,,,0
V374,"OCUPANTE DE VEHÍCULO DE MOTOR DE TRES RUEDAS LESIONADO POR COLISIÓN CON OBJETO FIJO O ESTACIONADO, PERSONA LESIONADA AL SUBIR O BAJAR DEL VEHÍCULO",,,,0
V375,"OCUPANTE DE VEHÍCULO DE MOTOR DE TRES RUEDAS LESIONADO POR COLISIÓN CON OBJETO FIJO O ESTACIONADO, CONDUCTOR LESIONADO EN ACCIDENTE DE TRÁNSITO",,1825,31025,0
V376,"OCUPANTE DE VEHÍCULO DE MOTOR DE TRES RUEDAS LESIONADO POR COLISIÓN CON OBJETO FIJO O ESTACIONADO, PASAJERO LESIONADO EN ACCIDENTE DE TRÁNSITO",,,,0
V377,"OCUPANTE DE VEHÍCULO DE MOTOR DE TRES RUEDAS LESIONADO POR COLISIÓN CON OBJETO FIJO O ESTACIONADO, PERSONA QUE VIAJA FUERA DEL VEHÍCULO, LESIONADA EN ACCIDENTE DE TRÁNSITO",,,,0
V379,"OCUPANTE DE VEHÍCULO DE MOTOR DE TRES RUEDAS LESIONADO POR COLISIÓN CON OBJETO FIJO O ESTACIONADO, OCUPANTE NO ESPECIFICADO DE VEHÍCULO DE MOTOR DE TRES RUEDAS, LESIONADO EN ACCIDENTE DE TRÁNSITO",,,,0
V380,"OCUPANTE DE VEHÍCULO DE MOTOR DE TRES RUEDAS LESIONADO EN ACCIDENTE DE TRANSPORTE SIN COLISIÓN, CONDUCTOR LESIONADO EN ACCIDENTE NO DE TRÁNSITO",,1825,31025,0
V381,"OCUPANTE DE VEHÍCULO DE MOTOR DE TRES RUEDAS LESIONADO EN ACCIDENTE DE TRANSPORTE SIN COLISIÓN, PASAJERO LESIONADO EN ACCIDENTE NO DE TRÁNSITO",,,,0
V382,"OCUPANTE DE VEHÍCULO DE MOTOR DE TRES RUEDAS LESIONADO EN ACCIDENTE DE TRANSPORTE SIN COLISIÓN, PERSONA QUE VIAJA FUERA DEL VEHÍCULO, LESIONADA EN ACCIDENTE NO DE TRÁNSITO",,,,0
V383,"OCUPANTE DE VEHÍCULO DE MOTOR DE TRES RUEDAS LESIONADO EN ACCIDENTE DE TRANSPORTE SIN COLISIÓN, OCUPANTE NO ESPECIFICADO DE VEHÍCULO DE MOTOR DE TRES RUEDAS, LESIONADO EN ACCIDENTE NO DE TRÁNSITO",,,,0
V384,"OCUPANTE DE VEHÍCULO DE MOTOR DE TRES RUEDAS LESIONADO EN ACCIDENTE DE TRANSPORTE SIN COLISIÓN, PERSONA LESIONADA AL SUBIR O BAJAR DEL VEHÍCULO",,,,0
V385,"OCUPANTE DE VEHÍCULO DE MOTOR DE TRES RUEDAS LESIONADO EN ACCIDENTE DE TRANSPORTE SIN COLISIÓN, CONDUCTOR LESIONADO EN ACCIDENTE DE TRÁNSITO",,1825,31025,0
V386,"OCUPANTE DE VEHÍCULO DE MOTOR DE TRES RUEDAS LESIONADO EN ACCIDENTE DE TRANSPORTE SIN COLISIÓN, PASAJERO LESIONADO EN ACCIDENTE DE TRÁNSITO",,,,0
V387,"OCUPANTE DE VEHÍCULO DE MOTOR DE TRES RUEDAS LESIONADO EN ACCIDENTE DE TRANSPORTE SIN COLISIÓN, PERSONA QUE VIAJA FUERA DEL VEHÍCULO, LESIONADA EN ACCIDENTE DE TRÁNSITO",,,,0
V389,"OCUPANTE DE VEHÍCULO DE MOTOR DE TRES RUEDAS LESIONADO EN ACCIDENTE DE TRANSPORTE SIN COLISIÓN, OCUPANTE NO ESPECIFICADO DE VEHÍCULO DE MOTOR DE TRES RUEDAS, LESIONADO EN ACCIDENTE DE TRÁNSITO",,,,0
V390,"CONDUCTOR DE VEHÍCULO DE MOTOR DE TRES RUEDAS LESIONADO POR COLISIÓN CON OTROS VEHÍCULOS DE MOTOR, Y CON LOS NO ESPECIFICADOS, EN ACCIDENTE NO DE TRÁNSITO",,1825,31025,0
V391,"PASAJERO DE VEHÍCULO DE MOTOR DE TRES RUEDAS LESIONADO POR COLISIÓN CON OTROS VEHÍCULOS DE MOTOR, Y CON LOS NO ESPECIFICADOS, EN ACCIDENTE NO DE TRÁNSITO",,,,0
V392,"OCUPANTE NO ESPECIFICADO DE VEHÍCULO DE MOTOR DE TRES RUEDAS LESIONADO POR COLISIÓN CON OTROS VEHÍCULOS DE MOTOR, Y CON LOS NO ESPECIFICADOS, EN ACCIDENTE NO DE TRÁNSITO",,,,0
V393,"OCUPANTE [CUALQUIERA] DE VEHÍCULO DE MOTOR DE TRES RUEDAS LESIONADO EN ACCIDENTE NO DE TRÁNSITO, NO ESPECIFICADO",,,,0
V394,"CONDUCTOR DE VEHÍCULO DE MOTOR DE TRES RUEDAS LESIONADO POR COLISIÓN CON OTROS VEHÍCULOS DE MOTOR, Y CON LOS NO ESPECIFICADOS, EN ACCIDENTE DE TRÁNSITO",,1825,31025,0
V395,"PASAJERO DE VEHÍCULO DE MOTOR DE TRES RUEDAS LESIONADO POR COLISIÓN CON OTROS VEHÍCULOS DE MOTOR, Y CON LOS NO ESPECIFICADOS, EN ACCIDENTE DE TRÁNSITO",,,,0
V396,"OCUPANTE NO ESPECIFICADO DE VEHÍCULO DE MOTOR DE TRES RUEDAS LESIONADO POR COLISIÓN CON OTROS VEHÍCULOS DE MOTOR, Y CON LOS NO ESPECIFICADOS, EN ACCIDENTE DE TRÁNSITO",,,,0
V398,OCUPANTE [CUALQUIERA] DE VEHÍCULO DE MOTOR DE TRES RUEDAS LESIONADO EN OTROS ACCIDENTES DE TRANSPORTE ESPECIFICADOS,,,,0
V399,OCUPANTE [CUALQUIERA] DE VEHÍCULO DE MOTOR DE TRES RUEDAS LESIONADO EN ACCIDENTE DE TRÁNSITO NO ESPECIFICADO,,,,0
V400,"OCUPANTE DE AUTOMÓVIL LESIONADO POR COLISIÓN CON PEATÓN O ANIMAL, CONDUCTOR LESIONADO EN ACCIDENTE NO DE TRÁNSITO",,5475,34675,0
V401,"OCUPANTE DE AUTOMÓVIL LESIONADO POR COLISIÓN CON PEATÓN O ANIMAL, PASAJERO LESIONADO EN ACCIDENTE NO DE TRÁNSITO",,,,0
V402,"OCUPANTE DE AUTOMÓVIL LESIONADO POR COLISIÓN CON PEATÓN O ANIMAL, PERSONA QUE VIAJA FUERA DEL VEHÍCULO, LESIONADA EN ACCIDENTE NO DE TRÁNSITO",,,,0
V403,"OCUPANTE DE AUTOMÓVIL LESIONADO POR COLISIÓN CON PEATÓN O ANIMAL, OCUPANTE NO ESPECIFICADO DE AUTOMÓVIL, LESIONADO EN ACCIDENTE NO DE TRÁNSITO",,,,0
V404,"OCUPANTE DE AUTOMÓVIL LESIONADO POR COLISIÓN CON PEATÓN O ANIMAL, PERSONA LESIONADA AL SUBIR O BAJAR DEL VEHÍCULO",,,,0
V405,"OCUPANTE DE AUTOMÓVIL LESIONADO POR COLISIÓN CON PEATÓN O ANIMAL, CONDUCTOR LESIONADO EN ACCIDENTE DE TRÁNSITO",,5475,34675,0
V406,"OCUPANTE DE AUTOMÓVIL LESIONADO POR COLISIÓN CON PEATÓN O ANIMAL, PASAJERO LESIONADO EN ACCIDENTE DE TRÁNSITO",,,,0
V407,"OCUPANTE DE AUTOMÓVIL LESIONADO POR COLISIÓN CON PEATÓN O ANIMAL, PERSONA QUE VIAJA FUERA DEL VEHÍCULO, LESIONADA EN ACCIDENTE DE TRÁNSITO",,,,0
V409,"OCUPANTE DE AUTOMÓVIL LESIONADO POR COLISIÓN CON PEATÓN O ANIMAL, OCUPANTE NO ESPECIFICADO DE AUTOMÓVIL, LESIONADO EN ACCIDENTE DE TRÁNSITO",,,,0
V410,"OCUPANTE DE AUTOMÓVIL LESIONADO POR COLISIÓN CON VEHÍCULO DE PEDAL, CONDUCTOR LESIONADO EN ACCIDENTE NO DE TRÁNSITO",,5475,34675,0
V411,"OCUPANTE DE AUTOMÓVIL LESIONADO POR COLISIÓN CON VEHÍCULO DE PEDAL, PASAJERO LESIONADO EN ACCIDENTE NO DE TRÁNSITO",,,,0
V412,"OCUPANTE DE AUTOMÓVIL LESIONADO POR COLISIÓN CON VEHÍCULO DE PEDAL, PERSONA QUE VIAJA FUERA DEL VEHÍCULO, LESIONADA EN ACCIDENTE NO DE TRÁNSITO",,,,0
V413,"OCUPANTE DE AUTOMÓVIL LESIONADO POR COLISIÓN CON VEHÍCULO DE PEDAL, OCUPANTE NO ESPECIFICADO DE AUTOMÓVIL, LESIONADO EN ACCIDENTE NO DE TRÁNSITO",,,,0
V414,"OCUPANTE DE AUTOMÓVIL LESIONADO POR COLISIÓN CON VEHÍCULO DE PEDAL, PERSONA LESIONADA AL SUBIR O BAJAR DEL VEHÍCULO",,,,0
V415,"OCUPANTE DE AUTOMÓVIL LESIONADO POR COLISIÓN CON VEHÍCULO DE PEDAL, CONDUCTOR LESIONADO EN ACCIDENTE DE TRÁNSITO",,5475,34675,0
V416,"OCUPANTE DE AUTOMÓVIL LESIONADO POR COLISIÓN CON VEHÍCULO DE PEDAL, PASAJERO LESIONADO EN ACCIDENTE DE TRÁNSITO",,,,0
V417,"OCUPANTE DE AUTOMÓVIL LESIONADO POR COLISIÓN CON VEHÍCULO DE PEDAL, PERSONA QUE VIAJA FUERA DEL VEHÍCULO, LESIONADA EN ACCIDENTE DE TRÁNSITO",,,,0
V419,"OCUPANTE DE AUTOMÓVIL LESIONADO POR COLISIÓN CON VEHÍCULO DE PEDAL, OCUPANTE NO ESPECIFICADO DE AUTOMÓVIL, LESIONADO EN ACCIDENTE DE TRÁNSITO",,,,0
V420,"OCUPANTE DE AUTOMÓVIL LESIONADO POR COLISIÓN CON VEHÍCULO DE MOTOR DE DOS O TRES RUEDAS, CONDUCTOR LESIONADO EN ACCIDENTE NO DE TRÁNSITO",,5475,34675,0
V421,"OCUPANTE DE AUTOMÓVIL LESIONADO POR COLISIÓN CON VEHÍCULO DE MOTOR DE DOS O TRES RUEDAS, PASAJERO LESIONADO EN ACCIDENTE NO DE TRÁNSITO",,,,0
V422,"OCUPANTE DE AUTOMÓVIL LESIONADO POR COLISIÓN CON VEHÍCULO DE MOTOR DE DOS O TRES RUEDAS, PERSONA QUE VIAJA FUERA DEL VEHÍCULO, LESIONADA EN ACCIDENTE NO DE TRÁNSITO",,,,0
V423,"OCUPANTE DE AUTOMÓVIL LESIONADO POR COLISIÓN CON VEHÍCULO DE MOTOR DE DOS O TRES RUEDAS, OCUPANTE NO ESPECIFICADO DE AUTOMÓVIL, LESIONADO EN ACCIDENTE NO DE TRÁNSITO",,,,0
V424,"OCUPANTE DE AUTOMÓVIL LESIONADO POR COLISIÓN CON VEHÍCULO DE MOTOR DE DOS O TRES RUEDAS, PERSONA LESIONADA AL SUBIR O BAJAR DEL VEHÍCULO",,,,0
V425,"OCUPANTE DE AUTOMÓVIL LESIONADO POR COLISIÓN CON VEHÍCULO DE MOTOR DE DOS O TRES RUEDAS, CONDUCTOR LESIONADO EN ACCIDENTE DE TRÁNSITO",,5475,34675,0
V426,"OCUPANTE DE AUTOMÓVIL LESIONADO POR COLISIÓN CON VEHÍCULO DE MOTOR DE DOS O TRES RUEDAS, PASAJERO LESIONADO EN ACCIDENTE DE TRÁNSITO",,,,0
V427,"OCUPANTE DE AUTOMÓVIL LESIONADO POR COLISIÓN CON VEHÍCULO DE MOTOR DE DOS O TRES RUEDAS, PERSONA QUE VIAJA FUERA DEL VEHÍCULO, LESIONADA EN ACCIDENTE DE TRÁNSITO",,,,0
V429,"OCUPANTE DE AUTOMÓVIL LESIONADO POR COLISIÓN CON VEHÍCULO DE MOTOR DE DOS O TRES RUEDAS, OCUPANTE NO ESPECIFICADO DE AUTOMÓVIL, LESIONADO EN ACCIDENTE DE TRÁNSITO",,,,0
V430,"OCUPANTE DE AUTOMÓVIL LESIONADO POR COLISIÓN CON OTRO AUTOMÓVIL, CAMIONETA O FURGONETA, CONDUCTOR LESIONADO EN ACCIDENTE NO DE TRÁNSITO",,5475,34675,0
V431,"OCUPANTE DE AUTOMÓVIL LESIONADO POR COLISIÓN CON OTRO AUTOMÓVIL, CAMIONETA O FURGONETA, PASAJERO LESIONADO EN ACCIDENTE NO DE TRÁNSITO",,,,0
V432,"OCUPANTE DE AUTOMÓVIL LESIONADO POR COLISIÓN CON OTRO AUTOMÓVIL, CAMIONETA O FURGONETA, PERSONA QUE VIAJA FUERA DEL VEHÍCULO, LESIONADA EN ACCIDENTE NO DE TRÁNSITO",,,,0
V433,"OCUPANTE DE AUTOMÓVIL LESIONADO POR COLISIÓN CON OTRO AUTOMÓVIL, CAMIONETA O FURGONETA, OCUPANTE NO ESPECIFICADO DE AUTOMÓVIL, LESIONADO EN ACCIDENTE NO DE TRÁNSITO",,,,0
V434,"OCUPANTE DE AUTOMÓVIL LESIONADO POR COLISIÓN CON OTRO AUTOMÓVIL, CAMIONETA O FURGONETA, PERSONA LESIONADA AL SUBIR O BAJAR DEL VEHÍCULO",,,,0
V435,"OCUPANTE DE AUTOMÓVIL LESIONADO POR COLISIÓN CON OTRO AUTOMÓVIL, CAMIONETA O FURGONETA, CONDUCTOR LESIONADO EN ACCIDENTE DE TRÁNSITO",,5475,34675,0
V436,"OCUPANTE DE AUTOMÓVIL LESIONADO POR COLISIÓN CON OTRO AUTOMÓVIL, CAMIONETA O FURGONETA, PASAJERO LESIONADO EN ACCIDENTE DE TRÁNSITO",,,,0
V437,"OCUPANTE DE AUTOMÓVIL LESIONADO POR COLISIÓN CON OTRO AUTOMÓVIL, CAMIONETA O FURGONETA, PERSONA QUE VIAJA FUERA DEL VEHÍCULO, LESIONADA EN ACCIDENTE DE TRÁNSITO",,,,0
V439,"OCUPANTE DE AUTOMÓVIL LESIONADO POR COLISIÓN CON OTRO AUTOMÓVIL, CAMIONETA O FURGONETA, OCUPANTE NO ESPECIFICADO DE AUTOMÓVIL, LESIONADO EN ACCIDENTE DE TRÁNSITO",,,,0
V440,"OCUPANTE DE AUTOMÓVIL LESIONADO POR COLISIÓN CON VEHÍCULO DE TRANSPORTE PESADO O AUTOBÚS, CONDUCTOR LESIONADO EN ACCIDENTE NO DE TRÁNSITO",,5475,34675,0
V441,"OCUPANTE DE AUTOMÓVIL LESIONADO POR COLISIÓN CON VEHÍCULO DE TRANSPORTE PESADO O AUTOBÚS, PASAJERO LESIONADO EN ACCIDENTE NO DE TRÁNSITO",,,,0
V442,"OCUPANTE DE AUTOMÓVIL LESIONADO POR COLISIÓN CON VEHÍCULO DE TRANSPORTE PESADO O AUTOBÚS, PERSONA QUE VIAJA FUERA DEL VEHÍCULO, LESIONADA EN ACCIDENTE NO DE TRÁNSITO",,,,0
V443,"OCUPANTE DE AUTOMÓVIL LESIONADO POR COLISIÓN CON VEHÍCULO DE TRANSPORTE PESADO O AUTOBÚS , OCUPANTE NO ESPECIFICADO DE AUTOMÓVIL, LESIONADO EN ACCIDENTE NO DE TRÁNSITO",,,,0
V444,"OCUPANTE DE AUTOMÓVIL LESIONADO POR COLISIÓN CON VEHÍCULO DE TRANSPORTE PESADO O AUTOBÚS , PERSONA LESIONADA AL SUBIR O BAJAR DEL VEHÍCULO",,,,0
V445,"OCUPANTE DE AUTOMÓVIL LESIONADO POR COLISIÓN CON VEHÍCULO DE TRANSPORTE PESADO O AUTOBÚS , CONDUCTOR LESIONADO EN ACCIDENTE DE TRÁNSITO",,5475,34675,0
V446,"OCUPANTE DE AUTOMÓVIL LESIONADO POR COLISIÓN CON VEHÍCULO DE TRANSPORTE PESADO O AUTOBÚS , PASAJERO LESIONADO EN ACCIDENTE DE TRÁNSITO",,,,0
V447,"OCUPANTE DE AUTOMÓVIL LESIONADO POR COLISIÓN CON VEHÍCULO DE TRANSPORTE PESADO O AUTOBÚS, PERSONA QUE VIAJA FUERA DEL VEHÍCULO, LESIONADA EN ACCIDENTE DE TRÁNSITO",,,,0
V449,"OCUPANTE DE AUTOMÓVIL LESIONADO POR COLISIÓN CON VEHÍCULO DE TRANSPORTE PESADO O AUTOBÚS , OCUPANTE NO ESPECIFICADO DE AUTOMÓVIL, LESIONADO EN ACCIDENTE DE TRÁNSITO",,,,0
V450,"OCUPANTE DE AUTOMÓVIL LESIONADO POR COLISIÓN CON TREN O VEHÍCULO DE RIELES, CONDUCTOR LESIONADO EN ACCIDENTE NO DE TRÁNSITO",,5475,34675,0
V451,"OCUPANTE DE AUTOMÓVIL LESIONADO POR COLISIÓN CON TREN O VEHÍCULO DE RIELES, PASAJERO LESIONADO EN ACCIDENTE NO DE TRÁNSITO",,,,0
V452,"OCUPANTE DE AUTOMÓVIL LESIONADO POR COLISIÓN CON TREN O VEHÍCULO DE RIELES, PERSONA QUE VIAJA FUERA DEL VEHÍCULO, LESIONADA EN ACCIDENTE NO DE TRÁNSITO",,,,0
V453,"OCUPANTE DE AUTOMÓVIL LESIONADO POR COLISIÓN CON TREN O VEHÍCULO DE RIELES, OCUPANTE NO ESPECIFICADO DE AUTOMÓVIL, LESIONADO EN ACCIDENTE NO DE TRÁNSITO",,,,0
V454,"OCUPANTE DE AUTOMÓVIL LESIONADO POR COLISIÓN CON TREN O VEHÍCULO DE RIELES, PERSONA LESIONADA AL SUBIR O BAJAR DEL VEHÍCULO",,,,0
V455,"OCUPANTE DE AUTOMÓVIL LESIONADO POR COLISIÓN CON TREN O VEHÍCULO DE RIELES, CONDUCTOR LESIONADO EN ACCIDENTE DE TRÁNSITO",,5475,34675,0
V456,"OCUPANTE DE AUTOMÓVIL LESIONADO POR COLISIÓN CON TREN O VEHÍCULO DE RIELES, PASAJERO LESIONADO EN ACCIDENTE DE TRÁNSITO",,,,0
V457,"OCUPANTE DE AUTOMÓVIL LESIONADO POR COLISIÓN CON TREN O VEHÍCULO DE RIELES, PERSONA QUE VIAJA FUERA DEL VEHÍCULO, LESIONADA EN ACCIDENTE DE TRÁNSITO",,,,0
V459,"OCUPANTE DE AUTOMÓVIL LESIONADO POR COLISIÓN CON TREN O VEHÍCULO DE RIELES, OCUPANTE NO ESPECIFICADO DE AUTOMÓVIL, LESIONADO EN ACCIDENTE DE TRÁNSITO",,,,0
V460,"OCUPANTE DE AUTOMÓVIL LESIONADO POR COLISIÓN CON OTROS VEHÍCULOS SIN MOTOR, CONDUCTOR LESIONADO EN ACCIDENTE NO DE TRÁNSITO",,5475,34675,0
V461,"OCUPANTE DE AUTOMÓVIL LESIONADO POR COLISIÓN CON OTROS VEHÍCULOS SIN MOTOR, PASAJERO LESIONADO EN ACCIDENTE NO DE TRÁNSITO",,,,0
V462,"OCUPANTE DE AUTOMÓVIL LESIONADO POR COLISIÓN CON OTROS VEHÍCULOS SIN MOTOR, PERSONA QUE VIAJA FUERA DEL VEHÍCULO, LESIONADA EN ACCIDENTE NO DE TRÁNSITO",,,,0
V463,"OCUPANTE DE AUTOMÓVIL LESIONADO POR COLISIÓN CON OTROS VEHÍCULOS SIN MOTOR, OCUPANTE NO ESPECIFICADO DE AUTOMÓVIL, LESIONADO EN ACCIDENTE NO DE TRÁNSITO",,,,0
V464,"OCUPANTE DE AUTOMÓVIL LESIONADO POR COLISIÓN CON OTROS VEHÍCULOS SIN MOTOR, PERSONA LESIONADA AL SUBIR O BAJAR DEL VEHÍCULO",,,,0
V465,"OCUPANTE DE AUTOMÓVIL LESIONADO POR COLISIÓN CON OTROS VEHÍCULOS SIN MOTOR, CONDUCTOR LESIONADO EN ACCIDENTE DE TRÁNSITO",,5475,34675,0
V466,"OCUPANTE DE AUTOMÓVIL LESIONADO POR COLISIÓN CON OTROS VEHÍCULOS SIN MOTOR, PASAJERO LESIONADO EN ACCIDENTE DE TRÁNSITO",,,,0
V467,"OCUPANTE DE AUTOMÓVIL LESIONADO POR COLISIÓN CON OTROS VEHÍCULOS SIN MOTOR, PERSONA QUE VIAJA FUERA DEL VEHÍCULO, LESIONADA EN ACCIDENTE DE TRÁNSITO",,,,0
V469,"OCUPANTE DE AUTOMÓVIL LESIONADO POR COLISIÓN CON OTROS VEHÍCULOS SIN MOTOR, OCUPANTE NO ESPECIFICADO DE AUTOMÓVIL, LESIONADO EN ACCIDENTE DE TRÁNSITO",,,,0
V470,"OCUPANTE DE AUTOMÓVIL LESIONADO POR COLISIÓN CON OBJETO FIJO O ESTACIONADO, CONDUCTOR LESIONADO EN ACCIDENTE NO DE TRÁNSITO",,5475,34675,0
V471,"OCUPANTE DE AUTOMÓVIL LESIONADO POR COLISIÓN CON OBJETO FIJO O ESTACIONADO, PASAJERO LESIONADO EN ACCIDENTE NO DE TRÁNSITO",,,,0
V472,"OCUPANTE DE AUTOMÓVIL LESIONADO POR COLISIÓN CON OBJETO FIJO O ESTACIONADO, PERSONA QUE VIAJA FUERA DEL VEHÍCULO, LESIONADA EN ACCIDENTE NO DE TRÁNSITO",,,,0
V473,"OCUPANTE DE AUTOMÓVIL LESIONADO POR COLISIÓN CON OBJETO FIJO O ESTACIONADO, OCUPANTE NO ESPECIFICADO DE AUTOMÓVIL, LESIONADO EN ACCIDENTE NO DE TRÁNSITO",,,,0
V474,"OCUPANTE DE AUTOMÓVIL LESIONADO POR COLISIÓN CON OBJETO FIJO O ESTACIONADO, PERSONA LESIONADA AL SUBIR O BAJAR DEL VEHÍCULO",,,,0
V475,"OCUPANTE DE AUTOMÓVIL LESIONADO POR COLISIÓN CON OBJETO FIJO O ESTACIONADO, CONDUCTOR LESIONADO EN ACCIDENTE DE TRÁNSITO",,5475,34675,0
V476,"OCUPANTE DE AUTOMÓVIL LESIONADO POR COLISIÓN CON OBJETO FIJO O ESTACIONADO, PASAJERO LESIONADO EN ACCIDENTE DE TRÁNSITO",,,,0
V477,"OCUPANTE DE AUTOMÓVIL LESIONADO POR COLISIÓN CON OBJETO FIJO O ESTACIONADO, PERSONA QUE VIAJA FUERA DEL VEHÍCULO, LESIONADA EN ACCIDENTE DE TRÁNSITO",,,,0
V479,"OCUPANTE DE AUTOMÓVIL LESIONADO POR COLISIÓN CON OBJETO FIJO O ESTACIONADO, OCUPANTE NO ESPECIFICADO DE AUTOMÓVIL, LESIONADO EN ACCIDENTE DE TRÁNSITO",,,,0
V480,"OCUPANTE DE AUTOMÓVIL LESIONADO EN ACCIDENTE DE TRANSPORTE SIN COLISIÓN, CONDUCTOR LESIONADO EN ACCIDENTE NO DE TRÁNSITO",,5475,34675,0
V481,"OCUPANTE DE AUTOMÓVIL LESIONADO EN ACCIDENTE DE TRANSPORTE SIN COLISIÓN, PASAJERO LESIONADO EN ACCIDENTE NO DE TRÁNSITO",,,,0
V482,"OCUPANTE DE AUTOMÓVIL LESIONADO EN ACCIDENTE DE TRANSPORTE SIN COLISIÓN, PERSONA QUE VIAJA FUERA DEL VEHÍCULO, LESIONADA EN ACCIDENTE NO DE TRÁNSITO",,,,0
V483,"OCUPANTE DE AUTOMÓVIL LESIONADO EN ACCIDENTE DE TRANSPORTE SIN COLISIÓN, OCUPANTE NO ESPECIFICADO DE AUTOMÓVIL, LESIONADO EN ACCIDENTE NO DE TRÁNSITO",,,,0
V484,"OCUPANTE DE AUTOMÓVIL LESIONADO EN ACCIDENTE DE TRANSPORTE SIN COLISIÓN, PERSONA LESIONADA AL SUBIR O BAJAR DEL VEHÍCULO",,,,0
V485,"OCUPANTE DE AUTOMÓVIL LESIONADO EN ACCIDENTE DE TRANSPORTE SIN COLISIÓN, CONDUCTOR LESIONADO EN ACCIDENTE DE TRÁNSITO",,5475,34675,0
V486,"OCUPANTE DE AUTOMÓVIL LESIONADO EN ACCIDENTE DE TRANSPORTE SIN COLISIÓN, PASAJERO LESIONADO EN ACCIDENTE DE TRÁNSITO",,,,0
V487,"OCUPANTE DE AUTOMÓVIL LESIONADO EN ACCIDENTE DE TRANSPORTE SIN COLISIÓN, PERSONA QUE VIAJA FUERA DEL VEHÍCULO, LESIONADA EN ACCIDENTE DE TRÁNSITO",,,,0
V489,"OCUPANTE DE AUTOMÓVIL LESIONADO EN ACCIDENTE DE TRANSPORTE SIN COLISIÓN, OCUPANTE NO ESPECIFICADO DE AUTOMÓVIL, LESIONADO EN ACCIDENTE DE TRÁNSITO",,,,0
V490,"CONDUCTOR DE AUTOMÓVIL LESIONADO POR COLISIÓN CON OTROS VEHÍCULOS DE MOTOR, Y CON LOS NO ESPECIFICADOS, EN ACCIDENTE NO DE TRÁNSITO",,5475,34675,0
V491,"PASAJERO DE AUTOMÓVIL LESIONADO POR COLISIÓN CON OTROS VEHÍCULOS DE MOTOR, Y CON LOS NO ESPECIFICADOS, EN ACCIDENTE NO DE TRÁNSITO",,,,0
V492,"OCUPANTE NO ESPECIFICADO DE AUTOMÓVIL LESIONADO POR COLISIÓN CON OTROS VEHÍCULOS DE MOTOR, Y CON LOS NO ESPECIFICADOS, EN ACCIDENTE NO DE TRÁNSITO",,,,0
V493,"OCUPANTE (CUALQUIERA) DE AUTOMÓVIL LESIONADO EN ACCIDENTE NO DE TRÁNSITO, NO ESPECIFICADO",,,,0
V494,"CONDUCTOR DE AUTOMÓVIL LESIONADO POR COLISIÓN CON OTROS VEHÍCULOS DE MOTOR, Y CON LOS NO ESPECIFICADOS, EN ACCIDENTE DE TRÁNSITO",,5475,34675,0
V495,"PASAJERO DE AUTOMÓVIL LESIONADO POR COLISIÓN CON OTROS VEHÍCULOS DE MOTOR, Y CON LOS NO ESPECIFICADOS, EN ACCIDENTE DE TRÁNSITO",,,,0
V496,"OCUPANTE NO ESPECIFICADO DE AUTOMÓVIL LESIONADO POR COLISIÓN CON OTROS VEHÍCULOS DE MOTOR, Y CON LOS NO ESPECIFICADOS, EN ACCIDENTE DE TRÁNSITO",,,,0
V498,OCUPANTE (CUALQUIERA) DE AUTOMÓVIL LESIONADO EN OTROS ACCIDENTES DE TRANSPORTE ESPECIFICADOS,,,,0
V499,OCUPANTE (CUALQUIERA) DE AUTOMÓVIL LESIONADO EN ACCIDENTE DE TRÁNSITO NO ESPECIFICADO,,,,0
V500,"OCUPANTE DE CAMIONETA O FURGONETA LESIONADO POR COLISIÓN CON PEATÓN O ANIMAL, CONDUCTOR LESIONADO EN ACCIDENTE NO DE TRÁNSITO",,5475,34675,0
V501,"OCUPANTE DE CAMIONETA O FURGONETA LESIONADO POR COLISIÓN CON PEATÓN O ANIMAL, PASAJERO LESIONADO EN ACCIDENTE NO DE TRÁNSITO",,,,0
V502,"OCUPANTE DE CAMIONETA O FURGONETA LESIONADO POR COLISIÓN CON PEATÓN O ANIMAL, PERSONA QUE VIAJA FUERA DEL VEHÍCULO, LESIONADA EN ACCIDENTE NO DE TRÁNSITO",,,,0
V503,"OCUPANTE DE CAMIONETA O FURGONETA LESIONADO POR COLISIÓN CON PEATÓN O ANIMAL, OCUPANTE NO ESPECIFICADO DE CAMIONETA O FURGONETA, LESIONADO EN ACCIDENTE NO DE TRÁNSITO",,,,0
V504,"OCUPANTE DE CAMIONETA O FURGONETA LESIONADO POR COLISIÓN CON PEATÓN O ANIMAL, PERSONA LESIONADA AL SUBIR O BAJAR DEL VEHÍCULO",,,,0
V505,"OCUPANTE DE CAMIONETA O FURGONETA LESIONADO POR COLISIÓN CON PEATÓN O ANIMAL, CONDUCTOR LESIONADO EN ACCIDENTE DE TRÁNSITO",,5475,34675,0
V506,"OCUPANTE DE CAMIONETA O FURGONETA LESIONADO POR COLISIÓN CON PEATÓN O ANIMAL, PASAJERO LESIONADO EN ACCIDENTE DE TRÁNSITO",,,,0
V507,"OCUPANTE DE CAMIONETA O FURGONETA LESIONADO POR COLISIÓN CON PEATÓN O ANIMAL, PERSONA QUE VIAJA FUERA DEL VEHÍCULO, LESIONADA EN ACCIDENTE DE TRÁNSITO",,,,0
V509,"OCUPANTE DE CAMIONETA O FURGONETA LESIONADO POR COLISIÓN CON PEATÓN O ANIMAL, OCUPANTE NO ESPECIFICADO DE CAMIONETA O FURGONETA, LESIONADO EN ACCIDENTE DE TRÁNSITO",,,,0
V510,"OCUPANTE DE CAMIONETA O FURGONETA LESIONADO POR COLISIÓN CON VEHÍCULO DE PEDAL, CONDUCTOR LESIONADO EN ACCIDENTE NO DE TRÁNSITO",,5475,34675,0
V511,"OCUPANTE DE CAMIONETA O FURGONETA LESIONADO POR COLISIÓN CON VEHÍCULO DE PEDAL, PASAJERO LESIONADO EN ACCIDENTE NO DE TRÁNSITO",,,,0
V512,"OCUPANTE DE CAMIONETA O FURGONETA LESIONADO POR COLISIÓN CON VEHÍCULO DE PEDAL, PERSONA QUE VIAJA FUERA DEL VEHÍCULO, LESIONADA EN ACCIDENTE NO DE TRÁNSITO",,,,0
V513,"OCUPANTE DE CAMIONETA O FURGONETA LESIONADO POR COLISIÓN CON VEHÍCULO DE PEDAL, OCUPANTE NO ESPECIFICADO DE CAMIONETA O FURGONETA, LESIONADO EN ACCIDENTE NO DE TRÁNSITO",,,,0
V514,"OCUPANTE DE CAMIONETA O FURGONETA LESIONADO POR COLISIÓN CON VEHÍCULO DE PEDAL, PERSONA LESIONADA AL SUBIR O BAJAR DEL VEHÍCULO",,,,0
V515,"OCUPANTE DE CAMIONETA O FURGONETA LESIONADO POR COLISIÓN CON VEHÍCULO DE PEDAL, CONDUCTOR LESIONADO EN ACCIDENTE DE TRÁNSITO",,5475,34675,0
V516,"OCUPANTE DE CAMIONETA O FURGONETA LESIONADO POR COLISIÓN CON VEHÍCULO DE PEDAL, PASAJERO LESIONADO EN ACCIDENTE DE TRÁNSITO",,,,0
V517,"OCUPANTE DE CAMIONETA O FURGONETA LESIONADO POR COLISIÓN CON VEHÍCULO DE PEDAL, PERSONA QUE VIAJA FUERA DEL VEHÍCULO, LESIONADA EN ACCIDENTE DE TRÁNSITO",,,,0
V519,"OCUPANTE DE CAMIONETA O FURGONETA LESIONADO POR COLISIÓN CON VEHÍCULO DE PEDAL, OCUPANTE NO ESPECIFICADO DE CAMIONETA O FURGONETA, LESIONADO EN ACCIDENTE DE TRÁNSITO",,,,0
V520,"OCUPANTE DE CAMIONETA O FURGONETA LESIONADO POR COLISIÓN CON VEHÍCULO DE MOTOR DE DOS O TRES RUEDAS, CONDUCTOR LESIONADO EN ACCIDENTE NO DE TRÁNSITO",,5475,34675,0
V521,"OCUPANTE DE CAMIONETA O FURGONETA LESIONADO POR COLISIÓN CON VEHÍCULO DE MOTOR DE DOS O TRES RUEDAS, PASAJERO LESIONADO EN ACCIDENTE NO DE TRÁNSITO",,,,0
V522,"OCUPANTE DE CAMIONETA O FURGONETA LESIONADO POR COLISIÓN CON VEHÍCULO DE MOTOR DE DOS O TRES RUEDAS, PERSONA QUE VIAJA FUERA DEL VEHÍCULO, LESIONADA EN ACCIDENTE NO DE TRÁNSITO",,,,0
V523,"OCUPANTE DE CAMIONETA O FURGONETA LESIONADO POR COLISIÓN CON VEHÍCULO DE MOTOR DE DOS O TRES RUEDAS, OCUPANTE NO ESPECIFICADO DE CAMIONETA O FURGONETA, LESIONADO EN ACCIDENTE NO DE TRÁNSITO",,,,0
V524,"OCUPANTE DE CAMIONETA O FURGONETA LESIONADO POR COLISIÓN CON VEHÍCULO DE MOTOR DE DOS O TRES RUEDAS, PERSONA LESIONADA AL SUBIR O BAJAR DEL VEHÍCULO",,,,0
V525,"OCUPANTE DE CAMIONETA O FURGONETA LESIONADO POR COLISIÓN CON VEHÍCULO DE MOTOR DE DOS O TRES RUEDAS, CONDUCTOR LESIONADO EN ACCIDENTE DE TRÁNSITO",,5475,34675,0
V526,"OCUPANTE DE CAMIONETA O FURGONETA LESIONADO POR COLISIÓN CON VEHÍCULO DE MOTOR DE DOS O TRES RUEDAS, PASAJERO LESIONADO EN ACCIDENTE DE TRÁNSITO",,,,0
V527,"OCUPANTE DE CAMIONETA O FURGONETA LESIONADO POR COLISIÓN CON VEHÍCULO DE MOTOR DE DOS O TRES RUEDAS, PERSONA QUE VIAJA FUERA DEL VEHÍCULO, LESIONADA EN ACCIDENTE DE TRÁNSITO",,,,0
V529,"OCUPANTE DE CAMIONETA O FURGONETA LESIONADO POR COLISIÓN CON VEHÍCULO DE MOTOR DE DOS O TRES RUEDAS, OCUPANTE NO ESPECIFICADO DE CAMIONETA O FURGONETA, LESIONADO EN ACCIDENTE DE TRÁNSITO",,,,0
V530,"OCUPANTE DE CAMIONETA O FURGONETA LESIONADO POR COLISIÓN CON AUTOMÓVIL, CAMIONETA O FURGONETA, CONDUCTOR LESIONADO EN ACCIDENTE NO DE TRÁNSITO",,5475,34675,0
V531,"OCUPANTE DE CAMIONETA O FURGONETA LESIONADO POR COLISIÓN CON AUTOMÓVIL, CAMIONETA O FURGONETA, PASAJERO LESIONADO EN ACCIDENTE NO DE TRÁNSITO",,,,0
V532,"OCUPANTE DE CAMIONETA O FURGONETA LESIONADO POR COLISIÓN CON AUTOMÓVIL, CAMIONETA O FURGONETA, PERSONA QUE VIAJA FUERA DEL VEHÍCULO, LESIONADA EN ACCIDENTE NO DE TRÁNSITO",,,,0
V533,"OCUPANTE DE CAMIONETA O FURGONETA LESIONADO POR COLISIÓN CON AUTOMÓVIL, CAMIONETA O FURGONETA, OCUPANTE NO ESPECIFICADO DE CAMIONETA O FURGONETA, LESIONADO EN ACCIDENTE NO DE TRÁNSITO",,,,0
V534,"OCUPANTE DE CAMIONETA O FURGONETA LESIONADO POR COLISIÓN CON AUTOMÓVIL, CAMIONETA O FURGONETA, PERSONA LESIONADA AL SUBIR O BAJAR DEL VEHÍCULO",,,,0
V535,"OCUPANTE DE CAMIONETA O FURGONETA LESIONADO POR COLISIÓN CON AUTOMÓVIL, CAMIONETA O FURGONETA, CONDUCTOR LESIONADO EN ACCIDENTE DE TRÁNSITO",,5475,34675,0
V536,"OCUPANTE DE CAMIONETA O FURGONETA LESIONADO POR COLISIÓN CON AUTOMÓVIL, CAMIONETA O FURGONETA, PASAJERO LESIONADO EN ACCIDENTE DE TRÁNSITO",,,,0
V537,"OCUPANTE DE CAMIONETA O FURGONETA LESIONADO POR COLISIÓN CON AUTOMÓVIL, CAMIONETA O FURGONETA, PERSONA QUE VIAJA FUERA DEL VEHÍCULO, LESIONADA EN ACCIDENTE DE TRÁNSITO",,,,0
V539,"OCUPANTE DE CAMIONETA O FURGONETA LESIONADO POR COLISIÓN CON AUTOMÓVIL, CAMIONETA O FURGONETA, OCUPANTE NO ESPECIFICADO DE CAMIONETA O FURGONETA, LESIONADO EN ACCIDENTE DE TRÁNSITO",,,,0
V540,"OCUPANTE DE CAMIONETA O FURGONETA LESIONADO POR COLISIÓN CON VEHÍCULO DE TRANSPORTE PESADO O AUTOBÚS, CONDUCTOR LESIONADO EN ACCIDENTE NO DE TRÁNSITO",,5475,34675,0
V541,"OCUPANTE DE CAMIONETA O FURGONETA LESIONADO POR COLISIÓN CON VEHÍCULO DE TRANSPORTE PESADO O AUTOBÚS, PASAJERO LESIONADO EN ACCIDENTE NO DE TRÁNSITO",,,,0
V542,"OCUPANTE DE CAMIONETA O FURGONETA LESIONADO POR COLISIÓN CON VEHÍCULO DE TRANSPORTE PESADO O AUTOBÚS, PERSONA QUE VIAJA FUERA DEL VEHÍCULO, LESIONADA EN ACCIDENTE NO DE TRÁNSITO",,,,0
V543,"OCUPANTE DE CAMIONETA O FURGONETA LESIONADO POR COLISIÓN CON VEHÍCULO DE TRANSPORTE PESADO O AUTOBÚS, OCUPANTE NO ESPECIFICADO DE CAMIONETA O FURGONETA, LESIONADO EN ACCIDENTE NO DE TRÁNSITO",,,,0
V544,"OCUPANTE DE CAMIONETA O FURGONETA LESIONADO POR COLISIÓN CON VEHÍCULO DE TRANSPORTE PESADO O AUTOBÚS, PERSONA LESIONADA AL SUBIR O BAJAR DEL VEHÍCULO",,,,0
V545,"OCUPANTE DE CAMIONETA O FURGONETA LESIONADO POR COLISIÓN CON VEHÍCULO DE TRANSPORTE PESADO O AUTOBÚS, CONDUCTOR LESIONADO EN ACCIDENTE DE TRÁNSITO",,5475,34675,0
V546,"OCUPANTE DE CAMIONETA O FURGONETA LESIONADO POR COLISIÓN CON VEHÍCULO DE TRANSPORTE PESADO O AUTOBÚS, PASAJERO LESIONADO EN ACCIDENTE DE TRÁNSITO",,,,0
V547,"OCUPANTE DE CAMIONETA O FURGONETA LESIONADO POR COLISIÓN CON VEHÍCULO DE TRANSPORTE PESADO O AUTOBÚS, PERSONA QUE VIAJA FUERA DEL VEHÍCULO, LESIONADA EN ACCIDENTE DE TRÁNSITO",,,,0
V549,"OCUPANTE DE CAMIONETA O FURGONETA LESIONADO POR COLISIÓN CON VEHÍCULO DE TRANSPORTE PESADO O AUTOBÚS, OCUPANTE NO ESPECIFICADO DE CAMIONETA O FURGONETA, LESIONADO EN ACCIDENTE DE TRÁNSITO",,,,0
V550,"OCUPANTE DE CAMIONETA O FURGONETA LESIONADO POR COLISIÓN CON TREN O VEHÍCULO DE RIELES, CONDUCTOR LESIONADO EN ACCIDENTE NO DE TRÁNSITO",,5475,34675,0
V551,"OCUPANTE DE CAMIONETA O FURGONETA LESIONADO POR COLISIÓN CON TREN O VEHÍCULO DE RIELES, PASAJERO LESIONADO EN ACCIDENTE NO DE TRÁNSITO",,,,0
V552,"OCUPANTE DE CAMIONETA O FURGONETA LESIONADO POR COLISIÓN CON TREN O VEHÍCULO DE RIELES, PERSONA QUE VIAJA FUERA DEL VEHÍCULO, LESIONADA EN ACCIDENTE NO DE TRÁNSITO",,,,0
V553,"OCUPANTE DE CAMIONETA O FURGONETA LESIONADO POR COLISIÓN CON TREN O VEHÍCULO DE RIELES, OCUPANTE NO ESPECIFICADO DE CAMIONETA O FURGONETA, LESIONADO EN ACCIDENTE NO DE TRÁNSITO",,,,0
V554,"OCUPANTE DE CAMIONETA O FURGONETA LESIONADO POR COLISIÓN CON TREN O VEHÍCULO DE RIELES, PERSONA LESIONADA AL SUBIR O BAJAR DEL VEHÍCULO",,,,0
V555,"OCUPANTE DE CAMIONETA O FURGONETA LESIONADO POR COLISIÓN CON TREN O VEHÍCULO DE RIELES, CONDUCTOR LESIONADO EN ACCIDENTE DE TRÁNSITO",,5475,34675,0
V556,"OCUPANTE DE CAMIONETA O FURGONETA LESIONADO POR COLISIÓN CON TREN O VEHÍCULO DE RIELES, PASAJERO LESIONADO EN ACCIDENTE DE TRÁNSITO",,,,0
V557,"OCUPANTE DE CAMIONETA O FURGONETA LESIONADO POR COLISIÓN CON TREN O VEHÍCULO DE RIELES, PERSONA QUE VIAJA FUERA DEL VEHÍCULO, LESIONADA EN ACCIDENTE DE TRÁNSITO",,,,0
V559,"OCUPANTE DE CAMIONETA O FURGONETA LESIONADO POR COLISIÓN CON TREN O VEHÍCULO DE RIELES, OCUPANTE NO ESPECIFICADO DE CAMIONETA O FURGONETA, LESIONADO EN ACCIDENTE DE TRÁNSITO",,,,0
V560,"OCUPANTE DE CAMIONETA O FURGONETA LESIONADO POR COLISIÓN CON OTROS VEHÍCULOS SIN MOTOR, CONDUCTOR LESIONADO EN ACCIDENTE NO DE TRÁNSITO",,5475,34675,0
V561,"OCUPANTE DE CAMIONETA O FURGONETA LESIONADO POR COLISIÓN CON OTROS VEHÍCULOS SIN MOTOR, PASAJERO LESIONADO EN ACCIDENTE NO DE TRÁNSITO",,,,0
V562,"OCUPANTE DE CAMIONETA O FURGONETA LESIONADO POR COLISIÓN CON OTROS VEHÍCULOS SIN MOTOR, PERSONA QUE VIAJA FUERA DEL VEHÍCULO, LESIONADA EN ACCIDENTE NO DE TRÁNSITO",,,,0
V563,"OCUPANTE DE CAMIONETA O FURGONETA LESIONADO POR COLISIÓN CON OTROS VEHÍCULOS SIN MOTOR, OCUPANTE NO ESPECIFICADO DE CAMIONETA O FURGONETA, LESIONADO EN ACCIDENTE NO DE TRÁNSITO",,,,0
V564,"OCUPANTE DE CAMIONETA O FURGONETA LESIONADO POR COLISIÓN CON OTROS VEHÍCULOS SIN MOTOR, PERSONA LESIONADA AL SUBIR O BAJAR DEL VEHÍCULO",,,,0
V565,"OCUPANTE DE CAMIONETA O FURGONETA LESIONADO POR COLISIÓN CON OTROS VEHÍCULOS SIN MOTOR, CONDUCTOR LESIONADO EN ACCIDENTE DE TRÁNSITO",,5475,34675,0
V566,"OCUPANTE DE CAMIONETA O FURGONETA LESIONADO POR COLISIÓN CON OTROS VEHÍCULOS SIN MOTOR, PASAJERO LESIONADO EN ACCIDENTE DE TRÁNSITO",,,,0
V567,"OCUPANTE DE CAMIONETA O FURGONETA LESIONADO POR COLISIÓN CON OTROS VEHÍCULOS SIN MOTOR, PERSONA QUE VIAJA FUERA DEL VEHÍCULO, LESIONADA EN ACCIDENTE DE TRÁNSITO",,,,0
V569,"OCUPANTE DE CAMIONETA O FURGONETA LESIONADO POR COLISIÓN CON OTROS VEHÍCULOS SIN MOTOR, OCUPANTE NO ESPECIFICADO DE CAMIONETA O FURGONETA, LESIONADO EN ACCIDENTE DE TRÁNSITO",,,,0
V570,"OCUPANTE DE CAMIONETA O FURGONETA LESIONADO POR COLISIÓN CON OBJETO FIJO O ESTACIONADO, CONDUCTOR LESIONADO EN ACCIDENTE NO DE TRÁNSITO",,5475,34675,0
V571,"OCUPANTE DE CAMIONETA O FURGONETA LESIONADO POR COLISIÓN CON OBJETO FIJO O ESTACIONADO, PASAJERO LESIONADO EN ACCIDENTE NO DE TRÁNSITO",,,,0
V572,"OCUPANTE DE CAMIONETA O FURGONETA LESIONADO POR COLISIÓN CON OBJETO FIJO O ESTACIONADO, PERSONA QUE VIAJA FUERA DEL VEHÍCULO, LESIONADA EN ACCIDENTE NO DE TRÁNSITO",,,,0
V573,"OCUPANTE DE CAMIONETA O FURGONETA LESIONADO POR COLISIÓN CON OBJETO FIJO O ESTACIONADO, OCUPANTE NO ESPECIFICADO DE CAMIONETA O FURGONETA, LESIONANDO EN ACCIDENTE NO DE TRÁNSITO",,,,0
V574,"OCUPANTE DE CAMIONETA O FURGONETA LESIONADO POR COLISIÓN CON OBJETO FIJO O ESTACIONADO, PERSONA LESIONADA AL SUBIR O BAJAR DEL VEHÍCULO",,,,0
V575,"OCUPANTE DE CAMIONETA O FURGONETA LESIONADO POR COLISIÓN CON OBJETO FIJO O ESTACIONADO, CONDUCTOR LESIONADO EN ACCIDENTE DE TRÁNSITO",,5475,34675,0
V576,"OCUPANTE DE CAMIONETA O FURGONETA LESIONADO POR COLISIÓN CON OBJETO FIJO O ESTACIONADO, PASAJERO LESIONADO EN ACCIDENTE DE TRÁNSITO",,,,0
V577,"OCUPANTE DE CAMIONETA O FURGONETA LESIONADO POR COLISIÓN CON OBJETO FIJO O ESTACIONADO, PERSONA QUE VIAJA FUERA DEL VEHÍCULO, LESIONADA EN ACCIDENTE DE TRÁNSITO",,,,0
V579,"OCUPANTE DE CAMIONETA O FURGONETA LESIONADO POR COLISIÓN CON OBJETO FIJO O ESTACIONADO, OCUPANTE NO ESPECIFICADO DE CAMIONETA O FURGONETA, LESIONADO EN ACCIDENTE DE TRÁNSITO",,,,0
V580,"OCUPANTE DE CAMIONETA O FURGONETA LESIONADO EN ACCIDENTE DE TRANSPORTE SIN COLISIÓN, CONDUCTOR LESIONADO EN ACCIDENTE NO DE TRÁNSITO",,5475,34675,0
V581,"OCUPANTE DE CAMIONETA O FURGONETA LESIONADO EN ACCIDENTE DE TRANSPORTE SIN COLISIÓN, PASAJERO LESIONADO EN ACCIDENTE NO DE TRÁNSITO",,,,0
V582,"OCUPANTE DE CAMIONETA O FURGONETA LESIONADO EN ACCIDENTE DE TRANSPORTE SIN COLISIÓN, PERSONA QUE VIAJA FUERA DEL VEHÍCULO, LESIONADA EN ACCIDENTE NO DE TRÁNSITO",,,,0
V583,"OCUPANTE DE CAMIONETA O FURGONETA LESIONADO EN ACCIDENTE DE TRANSPORTE SIN COLISIÓN, OCUPANTE NO ESPECIFICADO CAMIONETA O FURGONETA, LESIONADO EN ACCIDENTE NO DE TRÁNSITO",,,,0
V584,"OCUPANTE DE CAMIONETA O FURGONETA LESIONADO EN ACCIDENTE DE TRANSPORTE SIN COLISIÓN, PERSONA LESIONADA AL SUBIR O BAJAR DEL VEHÍCULO",,,,0
V585,"OCUPANTE DE CAMIONETA O FURGONETA LESIONADO EN ACCIDENTE DE TRANSPORTE SIN COLISIÓN, CONDUCTOR LESIONADO EN ACCIDENTE DE TRÁNSITO",,5475,34675,0
V586,"OCUPANTE DE CAMIONETA O FURGONETA LESIONADO EN ACCIDENTE DE TRANSPORTE SIN COLISIÓN, PASAJERO LESIONADO EN ACCIDENTE DE TRÁNSITO",,,,0
V587,"OCUPANTE DE CAMIONETA O FURGONETA LESIONADO EN ACCIDENTE DE TRANSPORTE SIN COLISIÓN, PERSONA QUE VIAJA FUERA DEL VEHÍCULO, LESIONADA EN ACCIDENTE DE TRÁNSITO",,,,0
V589,"OCUPANTE DE CAMIONETA O FURGONETA LESIONADO EN ACCIDENTE DE TRANSPORTE SIN COLISIÓN, OCUPANTE NO ESPECIFICADO DE CAMIONETA O FURGONETA, LESIONADO EN ACCIDENTE DE TRÁNSITO",,,,0
V590,"CONDUCTOR DE CAMIONETA O FURGONETA LESIONADO POR COLISIÓN CON OTROS VEHÍCULOS DE MOTOR, Y CON LOS NO ESPECIFICADOS, EN ACCIDENTE NO DE TRÁNSITO",,5475,34675,0
V591,"PASAJERO DE CAMIONETA O FURGONETA LESIONADO POR COLISIÓN CON OTROS VEHÍCULOS DE MOTOR, Y CON LOS NO ESPECIFICADOS, EN ACCIDENTE NO DE TRÁNSITO",,,,0
V592,"OCUPANTE NO ESPECIFICADO DE CAMIONETA O FURGONETA LESIONADO POR COLISIÓN CON OTROS VEHÍCULOS DE MOTOR, Y CON LOS NO ESPECIFICADOS, EN ACCIDENTE NO DE TRÁNSITO",,,,0
V593,"OCUPANTE [CUALQUIERA] DE CAMIONETA O FURGONETA LESIONADO EN ACCIDENTE NO DE TRÁNSITO, NO ESPECIFICADO",,,,0
V594,"CONDUCTOR DE CAMIONETA O FURGONETA LESIONADO POR COLISIÓN CON OTROS VEHÍCULOS DE MOTOR, Y CON LOS NO ESPECIFICADOS, EN ACCIDENTE DE TRÁNSITO",,5475,34675,0
V595,"PASAJERO DE CAMIONETA O FURGONETA LESIONADO POR COLISIÓN CON OTROS VEHÍCULOS DE MOTOR, Y CON LOS NO ESPECIFICADOS, EN ACCIDENTE DE TRÁNSITO",,,,0
V596,"OCUPANTE NO ESPECIFICADO DE CAMIONETA O FURGONETA LESIONADO POR COLISIÓN CON OTROS VEHÍCULOS DE MOTOR, Y CON LOS NO ESPECIFICADOS, EN ACCIDENTE DE TRÁNSITO",,,,0
V598,OCUPANTE [CUALQUIERA] DE CAMIONETA O FURGONETA LESIONADO EN OTROS ACCIDENTES DE TRANSPORTE ESPECIFICADOS,,,,0
V599,OCUPANTE [CUALQUIERA] DE CAMIONETA O FURGONETA LESIONADO EN ACCIDENTE DE TRÁNSITO NO ESPECIFICADO,,,,0
V600,"OCUPANTE DE VEHÍCULO DE TRANSPORTE PESADO LESIONADO POR COLISIÓN CON PEATÓN O ANIMAL, CONDUCTOR LESIONADO EN ACCIDENTE NO DE TRÁNSITO",,6570,23360,0
V601,"OCUPANTE DE VEHÍCULO DE TRANSPORTE PESADO LESIONADO POR COLISIÓN CON PEATÓN O ANIMAL, PASAJERO LESIONADO EN ACCIDENTE NO DE TRÁNSITO",,,,0
V602,"OCUPANTE DE VEHÍCULO DE TRANSPORTE PESADO LESIONADO POR COLISIÓN CON PEATÓN O ANIMAL, PERSONA QUE VIAJA FUERA DEL VEHÍCULO, LESIONADA EN ACCIDENTE NO DE TRÁNSITO",,,,0
V603,"OCUPANTE DE VEHÍCULO DE TRANSPORTE PESADO LESIONADO POR COLISIÓN CON PEATÓN O ANIMAL, OCUPANTE NO ESPECIFICADO DE VEHÍCULO DE TRANSPORTE PESADO LESIONADO EN ACCIDENTE NO DE TRÁNSITO",,,,0
V604,"OCUPANTE DE VEHÍCULO DE TRANSPORTE PESADO LESIONADO POR COLISIÓN CON PEATÓN O ANIMAL, PERSONA LESIONADA AL SUBIR O BAJAR DEL VEHÍCULO",,,,0
V605,"OCUPANTE DE VEHÍCULO DE TRANSPORTE PESADO LESIONADO POR COLISIÓN CON PEATÓN O ANIMAL, CONDUCTOR LESIONADO EN ACCIDENTE DE TRÁNSITO",,6570,23360,0
V606,"OCUPANTE DE VEHÍCULO DE TRANSPORTE PESADO LESIONADO POR COLISIÓN CON PEATÓN O ANIMAL, PASAJERO LESIONADO EN ACCIDENTE DE TRÁNSITO",,,,0
V607,"OCUPANTE DE VEHÍCULO DE TRANSPORTE PESADO LESIONADO POR COLISIÓN CON PEATÓN O ANIMAL, PERSONA QUE VIAJA FUERA DEL VEHÍCULO, LESIONADA EN ACCIDENTE DE TRÁNSITO",,,,0
V609,"OCUPANTE DE VEHÍCULO DE TRANSPORTE PESADO LESIONADO POR COLISIÓN CON PEATÓN O ANIMAL, OCUPANTE NO ESPECIFICADO DE VEHÍCULO DE TRANSPORTE PESADO, LESIONADO EN ACCIDENTE DE TRÁNSITO",,,,0
V610,"OCUPANTE DE VEHÍCULO DE TRANSPORTE PESADO LESIONADO POR COLISIÓN CON VEHÍCULO DE PEDAL, CONDUCTOR LESIONADO EN ACCIDENTE NO DE TRÁNSITO",,6570,23360,0
V611,"OCUPANTE DE VEHÍCULO DE TRANSPORTE PESADO LESIONADO POR COLISIÓN CON VEHÍCULO DE PEDAL, PASAJERO LESIONADO EN ACCIDENTE NO DE TRÁNSITO",,,,0
V612,"OCUPANTE DE VEHÍCULO DE TRANSPORTE PESADO LESIONADO POR COLISIÓN CON VEHÍCULO DE PEDAL, PERSONA QUE VIAJA FUERA DEL VEHÍCULO, LESIONADA EN ACCIDENTE NO DE TRÁNSITO",,,,0
V613,"OCUPANTE DE VEHÍCULO DE TRANSPORTE PESADO LESIONADO POR COLISIÓN CON VEHÍCULO DE PEDAL, OCUPANTE NO ESPECIFICADO DE VEHÍCULO DE TRANSPORTE PESADO LESIONADO EN ACCIDENTE NO DE TRÁNSITO",,,,0
V614,"OCUPANTE DE VEHÍCULO DE TRANSPORTE PESADO LESIONADO POR COLISIÓN CON VEHÍCULO DE PEDAL, PERSONA LESIONADA AL SUBIR O BAJAR DEL VEHÍCULO",,,,0
V615,"OCUPANTE DE VEHÍCULO DE TRANSPORTE PESADO LESIONADO POR COLISIÓN CON VEHÍCULO DE PEDAL, CONDUCTOR LESIONADO EN ACCIDENTE DE TRÁNSITO",,6570,23360,0
V616,"OCUPANTE DE VEHÍCULO DE TRANSPORTE PESADO LESIONADO POR COLISIÓN CON VEHÍCULO DE PEDAL, PASAJERO LESIONADO EN ACCIDENTE DE TRÁNSITO",,,,0
V617,"OCUPANTE DE VEHÍCULO DE TRANSPORTE PESADO LESIONADO POR COLISIÓN CON VEHÍCULO DE PEDAL, PERSONA QUE VIAJA FUERA DEL VEHÍCULO, LESIONADA EN ACCIDENTE DE TRÁNSITO",,,,0
V619,"OCUPANTE DE VEHÍCULO DE TRANSPORTE PESADO LESIONADO POR COLISIÓN CON VEHÍCULO DE PEDAL, OCUPANTE NO ESPECIFICADO DE VEHÍCULO DE TRANSPORTE PESADO LESIONADO EN ACCIDENTE DE TRÁNSITO",,,,0
V620,"OCUPANTE DE VEHÍCULO DE TRANSPORTE PESADO LESIONADO POR COLISIÓN CON VEHÍCULO DE MOTOR DE DOS O TRES RUEDAS, CONDUCTOR LESIONADO EN ACCIDENTE NO DE TRÁNSITO",,6570,23360,0
V621,"OCUPANTE DE VEHÍCULO DE TRANSPORTE PESADO LESIONADO POR COLISIÓN CON VEHÍCULO DE MOTOR DE DOS O TRES RUEDAS, PASAJERO LESIONADO EN ACCIDENTE NO DE TRÁNSITO",,,,0
V622,"OCUPANTE DE VEHÍCULO DE TRANSPORTE PESADO LESIONADO POR COLISIÓN CON VEHÍCULO DE MOTOR DE DOS O TRES RUEDAS, PERSONA QUE VIAJA FUERA DEL VEHÍCULO, LESIONADA EN ACCIDENTE NO DE TRÁNSITO",,,,0
V623,"OCUPANTE DE VEHÍCULO DE TRANSPORTE PESADO LESIONADO POR COLISIÓN CON VEHÍCULO DE MOTOR DE DOS O TRES RUEDAS, OCUPANTE NO ESPECIFICADO DE VEHÍCULO DE TRANSPORTE PESADO LESIONADO EN ACCIDENTE NO DE TRÁNSITO",,,,0
V624,"OCUPANTE DE VEHÍCULO DE TRANSPORTE PESADO LESIONADO POR COLISIÓN CON VEHÍCULO DE MOTOR DE DOS O TRES RUEDAS, PERSONA LESIONADA AL SUBIR O BAJAR DEL VEHÍCULO",,,,0
V625,"OCUPANTE DE VEHÍCULO DE TRANSPORTE PESADO LESIONADO POR COLISIÓN CON VEHÍCULO DE MOTOR DE DOS O TRES RUEDAS, CONDUCTOR LESIONADO EN ACCIDENTE DE TRÁNSITO",,6570,23360,0
V626,"OCUPANTE DE VEHÍCULO DE TRANSPORTE PESADO LESIONADO POR COLISIÓN CON VEHÍCULO DE MOTOR DE DOS O TRES RUEDAS, PASAJERO LESIONADO EN ACCIDENTE DE TRÁNSITO",,,,0
V627,"OCUPANTE DE VEHÍCULO DE TRANSPORTE PESADO LESIONADO POR COLISIÓN CON VEHÍCULO DE MOTOR DE DOS O TRES RUEDAS, PERSONA QUE VIAJA FUERA DEL VEHÍCULO, LESIONADA EN ACCIDENTE DE TRÁNSITO",,,,0
V629,"OCUPANTE DE VEHÍCULO DE TRANSPORTE PESADO LESIONADO POR COLISIÓN CON VEHÍCULO DE MOTOR DE DOS O TRES RUEDAS, OCUPANTE NO ESPECIFICADO DE VEHÍCULO DE TRANSPORTE PESADO, LESIONADO EN ACCIDENTE DE TRÁNSITO",,,,0
V630,"OCUPANTE DE VEHÍCULO DE TRANSPORTE PESADO LESIONADO POR COLISIÓN CON AUTOMÓVIL, CAMIONETA O FURGONETA, CONDUCTOR LESIONADO EN ACCIDENTE NO DE TRÁNSITO",,6570,23360,0
V631,"OCUPANTE DE VEHÍCULO DE TRANSPORTE PESADO LESIONADO POR COLISIÓN CON AUTOMÓVIL, CAMIONETA O FURGONETA, PASAJERO LESIONADO EN ACCIDENTE NO DE TRÁNSITO",,,,0
V632,"OCUPANTE DE VEHÍCULO DE TRANSPORTE PESADO LESIONADO POR COLISIÓN CON AUTOMÓVIL, CAMIONETA O FURGONETA, PERSONA QUE VIAJA FUERA DEL VEHÍCULO, LESIONADA EN ACCIDENTE NO DE TRÁNSITO",,,,0
V633,"OCUPANTE DE VEHÍCULO DE TRANSPORTE PESADO LESIONADO POR COLISIÓN CON AUTOMÓVIL, CAMIONETA O FURGONETA, OCUPANTE NO ESPECIFICADO DE VEHÍCULO DE TRANSPORTE PESADO LESIONADO EN ACCIDENTE NO DE TRÁNSITO",,,,0
V634,"OCUPANTE DE VEHÍCULO DE TRANSPORTE PESADO LESIONADO POR COLISIÓN CON AUTOMÓVIL, CAMIONETA O FURGONETA, PERSONA LESIONADA AL SUBIR O BAJAR DEL VEHÍCULO",,,,0
V635,"OCUPANTE DE VEHÍCULO DE TRANSPORTE PESADO LESIONADO POR COLISIÓN CON AUTOMÓVIL, CAMIONETA O FURGONETA, CONDUCTOR LESIONADO EN ACCIDENTE DE TRÁNSITO",,6570,23360,0
V636,"OCUPANTE DE VEHÍCULO DE TRANSPORTE PESADO LESIONADO POR COLISIÓN CON AUTOMÓVIL, CAMIONETA O FURGONETA, PASAJERO LESIONADO EN ACCIDENTE DE TRÁNSITO",,,,0
V637,"OCUPANTE DE VEHÍCULO DE TRANSPORTE PESADO LESIONADO POR COLISIÓN CON AUTOMÓVIL, CAMIONETA O FURGONETA, PERSONA QUE VIAJA FUERA DEL VEHÍCULO, LESIONADA EN ACCIDENTE DE TRÁNSITO",,,,0
V639,"OCUPANTE DE VEHÍCULO DE TRANSPORTE PESADO LESIONADO POR COLISIÓN CON AUTOMÓVIL, CAMIONETA O FURGONETA, OCUPANTE NO ESPECIFICADO DE VEHÍCULO DE TRANSPORTE PESADO, LESIONADO EN ACCIDENTE DE TRÁNSITO",,,,0
V640,"OCUPANTE DE VEHÍCULO DE TRANSPORTE PESADO LESIONADO POR COLISIÓN CON OTRO VEHÍCULO DE TRANSPORTE PESADO O AUTOBÚS, CONDUCTOR LESIONADO EN ACCIDENTE NO DE TRÁNSITO",,6570,23360,0
V641,"OCUPANTE DE VEHÍCULO DE TRANSPORTE PESADO LESIONADO POR COLISIÓN CON OTRO VEHÍCULO DE TRANSPORTE PESADO O AUTOBÚS, PASAJERO LESIONADO EN ACCIDENTE NO DE TRÁNSITO",,,,0
V642,"OCUPANTE DE VEHÍCULO DE TRANSPORTE PESADO LESIONADO POR COLISIÓN CON OTRO VEHÍCULO DE TRANSPORTE PESADO O AUTOBÚS, PERSONA QUE VIAJA FUERA DEL VEHÍCULO, LESIONADA EN ACCIDENTE NO DE TRÁNSITO",,,,0
V643,"OCUPANTE DE VEHÍCULO DE TRANSPORTE PESADO LESIONADO POR COLISIÓN CON OTRO VEHÍCULO DE TRANSPORTE PESADO O AUTOBÚS, OCUPANTE NO ESPECIFICADO DE VEHÍCULO DE TRANSPORTE PESADO LESIONADO EN ACCIDENTE NO DE TRÁNSITO",,,,0
V644,"OCUPANTE DE VEHÍCULO DE TRANSPORTE PESADO LESIONADO POR COLISIÓN CON OTRO VEHÍCULO DE TRANSPORTE PESADO O AUTOBÚS, PERSONA LESIONADA AL SUBIR O BAJAR DEL VEHÍCULO",,,,0
V645,"OCUPANTE DE VEHÍCULO DE TRANSPORTE PESADO LESIONADO POR COLISIÓN CON OTRO VEHÍCULO DE TRANSPORTE PESADO O AUTOBÚS, CONDUCTOR LESIONADO EN ACCIDENTE DE TRÁNSITO",,6570,23360,0
V646,"OCUPANTE DE VEHÍCULO DE TRANSPORTE PESADO LESIONADO POR COLISIÓN CON OTRO VEHÍCULO DE TRANSPORTE PESADO O AUTOBÚS, PASAJERO LESIONADO EN ACCIDENTE DE TRÁNSITO",,,,0
V647,"OCUPANTE DE VEHÍCULO DE TRANSPORTE PESADO LESIONADO POR COLISIÓN CON OTRO VEHÍCULO DE TRANSPORTE PESADO O AUTOBÚS, PERSONA QUE VIAJA FUERA DEL VEHÍCULO, LESIONADA EN ACCIDENTE DE TRÁNSITO",,,,0
V649,"OCUPANTE DE VEHÍCULO DE TRANSPORTE PESADO LESIONADO POR COLISIÓN CON OTRO VEHÍCULO DE TRANSPORTE PESADO O AUTOBÚS, OCUPANTE NO ESPECIFICADO DE VEHÍCULO DE TRANSPORTE PESADO, LESIONADO EN ACCIDENTE DE TRÁNSITO",,,,0
V650,"OCUPANTE DE VEHÍCULO DE TRANSPORTE PESADO LESIONADO POR COLISIÓN CON TREN O VEHÍCULO DE RIELES, CONDUCTOR LESIONADO EN ACCIDENTE NO DE TRÁNSITO",,6570,23360,0
V651,"OCUPANTE DE VEHÍCULO DE TRANSPORTE PESADO LESIONADO POR COLISIÓN CON TREN O VEHÍCULO DE RIELES, PASAJERO LESIONADO EN ACCIDENTE NO DE TRÁNSITO",,,,0
V652,"OCUPANTE DE VEHÍCULO DE TRANSPORTE PESADO LESIONADO POR COLISIÓN CON TREN O VEHÍCULO DE RIELES, PERSONA QUE VIAJA FUERA DEL VEHÍCULO, LESIONADA EN ACCIDENTE NO DE TRÁNSITO",,,,0
V653,"OCUPANTE DE VEHÍCULO DE TRANSPORTE PESADO LESIONADO POR COLISIÓN CON TREN O VEHÍCULO DE RIELES, OCUPANTE NO ESPECIFICADO DE VEHÍCULO DE TRANSPORTE PESADO LESIONADO EN ACCIDENTE NO DE TRÁNSITO",,,,0
V654,"OCUPANTE DE VEHÍCULO DE TRANSPORTE PESADO LESIONADO POR COLISIÓN CON TREN O VEHÍCULO DE RIELES, PERSONA LESIONADA AL SUBIR O BAJAR DEL VEHÍCULO",,,,0
V655,"OCUPANTE DE VEHÍCULO DE TRANSPORTE PESADO LESIONADO POR COLISIÓN CON TREN O VEHÍCULO DE RIELES, CONDUCTOR LESIONADO EN ACCIDENTE DE TRÁNSITO",,6570,23360,0
V656,"OCUPANTE DE VEHÍCULO DE TRANSPORTE PESADO LESIONADO POR COLISIÓN CON TREN O VEHÍCULO DE RIELES, PASAJERO LESIONADO EN ACCIDENTE DE TRÁNSITO",,,,0
V657,"OCUPANTE DE VEHÍCULO DE TRANSPORTE PESADO LESIONADO POR COLISIÓN CON TREN O VEHÍCULO DE RIELES, PERSONA QUE VIAJA FUERA DEL VEHÍCULO, LESIONADA EN ACCIDENTE DE TRÁNSITO",,,,0
V659,"OCUPANTE DE VEHÍCULO DE TRANSPORTE PESADO LESIONADO POR COLISIÓN CON TREN O VEHÍCULO DE RIELES, OCUPANTE NO ESPECIFICADO DE VEHÍCULO DE TRANSPORTE PESADO, LESIONADO EN ACCIDENTE DE TRÁNSITO",,,,0
V660,"OCUPANTE DE VEHÍCULO DE TRANSPORTE PESADO LESIONADO POR COLISIÓN CON OTROS VEHÍCULOS SIN MOTOR, CONDUCTOR LESIONADO EN ACCIDENTE NO DE TRÁNSITO",,6570,23360,0
V661,"OCUPANTE DE VEHÍCULO DE TRANSPORTE PESADO LESIONADO POR COLISIÓN CON OTROS VEHÍCULOS SIN MOTOR, PASAJERO LESIONADO EN ACCIDENTE NO DE TRÁNSITO",,,,0
V662,"OCUPANTE DE VEHÍCULO DE TRANSPORTE PESADO LESIONADO POR COLISIÓN CON OTROS VEHÍCULOS SIN MOTOR, PERSONA QUE VIAJA FUERA DEL VEHÍCULO, LESIONADA EN ACCIDENTE NO DE TRÁNSITO",,,,0
V663,"OCUPANTE DE VEHÍCULO DE TRANSPORTE PESADO LESIONADO POR COLISIÓN CON OTROS VEHÍCULOS SIN MOTOR, OCUPANTE NO ESPECIFICADO, DE VEHÍCULO DE TRANSPORTE PESADO LESIONADO EN ACCIDENTE NO DE TRÁNSITO",,,,0
V664,"OCUPANTE DE VEHÍCULO DE TRANSPORTE PESADO LESIONADO POR COLISIÓN CON OTROS VEHÍCULOS SIN MOTOR, PERSONA LESIONADA AL SUBIR O BAJAR DEL VEHÍCULO",,,,0
V665,"OCUPANTE DE VEHÍCULO DE TRANSPORTE PESADO LESIONADO POR COLISIÓN CON OTROS VEHÍCULOS SIN MOTOR, CONDUCTOR LESIONADO EN ACCIDENTE DE TRÁNSITO",,6570,23360,0
V666,"OCUPANTE DE VEHÍCULO DE TRANSPORTE PESADO LESIONADO POR COLISIÓN CON OTROS VEHÍCULOS SIN MOTOR, PASAJERO LESIONADO EN ACCIDENTE DE TRÁNSITO",,,,0
V667,"OCUPANTE DE VEHÍCULO DE TRANSPORTE PESADO LESIONADO POR COLISIÓN CON OTROS VEHÍCULOS SIN MOTOR, PERSONA QUE VIAJA FUERA DEL VEHÍCULO, LESIONADA EN ACCIDENTE DE TRÁNSITO",,,,0
V669,"OCUPANTE DE VEHÍCULO DE TRANSPORTE PESADO LESIONADO POR COLISIÓN CON OTROS VEHÍCULOS SIN MOTOR, OCUPANTE NO ESPECIFICADO DE VEHÍCULO DE TRANSPORTE PESADO, LESIONADO EN ACCIDENTE DE TRÁNSITO",,,,0
V670,"OCUPANTE DE VEHÍCULO DE TRANSPORTE PESADO LESIONADO POR COLISIÓN CON OBJETO FIJO O ESTACIONADO, CONDUCTOR LESIONADO EN ACCIDENTE NO DE TRÁNSITO",,6570,23360,0
V671,"OCUPANTE DE VEHÍCULO DE TRANSPORTE PESADO LESIONADO POR COLISIÓN CON OBJETO FIJO O ESTACIONADO, PASAJERO LESIONADO EN ACCIDENTE NO DE TRÁNSITO",,,,0
V672,"OCUPANTE DE VEHÍCULO DE TRANSPORTE PESADO LESIONADO POR COLISIÓN CON OBJETO FIJO O ESTACIONADO, PERSONA QUE VIAJA FUERA DEL VEHÍCULO, LESIONADA EN ACCIDENTE NO DE TRÁNSITO",,,,0
V673,"OCUPANTE DE VEHÍCULO DE TRANSPORTE PESADO LESIONADO POR COLISIÓN CON OBJETO FIJO O ESTACIONADO, OCUPANTE NO ESPECIFICADO DE VEHÍCULO DE TRANSPORTE PESADO, LESIONADO EN ACCIDENTE NO DE TRÁNSITO",,,,0
V674,"OCUPANTE DE VEHÍCULO DE TRANSPORTE PESADO LESIONADO POR COLISIÓN CON OBJETO FIJO O ESTACIONADO, PERSONA LESIONADA AL SUBIR O BAJAR DEL VEHÍCULO",,,,0
V675,"OCUPANTE DE VEHÍCULO DE TRANSPORTE PESADO LESIONADO POR COLISIÓN CON OBJETO FIJO O ESTACIONADO, CONDUCTOR LESIONADO EN ACCIDENTE DE TRÁNSITO",,6570,23360,0
V676,"OCUPANTE DE VEHÍCULO DE TRANSPORTE PESADO LESIONADO POR COLISIÓN CON OBJETO FIJO O ESTACIONADO, PASAJERO LESIONADO EN ACCIDENTE DE TRÁNSITO",,,,0
V677,"OCUPANTE DE VEHÍCULO DE TRANSPORTE PESADO LESIONADO POR COLISIÓN CON OBJETO FIJO O ESTACIONADO, PERSONA QUE VIAJA FUERA DEL VEHÍCULO, LESIONADA EN ACCIDENTE DE TRÁNSITO",,,,0
V679,"OCUPANTE DE VEHÍCULO DE TRANSPORTE PESADO LESIONADO POR COLISIÓN CON OBJETO FIJO O ESTACIONADO, OCUPANTE NO ESPECIFICADO DE VEHÍCULO DE TRANSPORTE PESADO, LESIONADO EN ACCIDENTE DE TRÁNSITO",,,,0
V680,"OCUPANTE DE VEHÍCULO DE TRANSPORTE PESADO LESIONADO EN ACCIDENTE DE TRANSPORTE SIN COLISIÓN, CONDUCTOR LESIONADO EN ACCIDENTE NO DE TRÁNSITO",,6570,23360,0
V681,"OCUPANTE DE VEHÍCULO DE TRANSPORTE PESADO LESIONADO EN ACCIDENTE DE TRANSPORTE SIN COLISIÓN, PASAJERO LESIONADO EN ACCIDENTE NO DE TRÁNSITO",,,,0
V682,"OCUPANTE DE VEHÍCULO DE TRANSPORTE PESADO LESIONADO EN ACCIDENTE DE TRANSPORTE SIN COLISIÓN, PERSONA QUE VIAJA FUERA DEL VEHÍCULO, LESIONADA EN ACCIDENTE NO DE TRÁNSITO",,,,0
V683,"OCUPANTE DE VEHÍCULO DE TRANSPORTE PESADO LESIONADO EN ACCIDENTE DE TRANSPORTE SIN COLISIÓN, OCUPANTE NO ESPECIFICADO DE VEHÍCULO DE TRANSPORTE PESADO, LESIONADO EN ACCIDENTE NO DE TRÁNSITO",,,,0
V684,"OCUPANTE DE VEHÍCULO DE TRANSPORTE PESADO LESIONADO EN ACCIDENTE DE TRANSPORTE SIN COLISIÓN, PERSONA LESIONADA AL SUBIR O BAJAR DEL VEHÍCULO",,,,0
V685,"OCUPANTE DE VEHÍCULO DE TRANSPORTE PESADO LESIONADO EN ACCIDENTE DE TRANSPORTE SIN COLISIÓN, CONDUCTOR LESIONADO EN ACCIDENTE DE TRÁNSITO",,6570,23360,0
V686,"OCUPANTE DE VEHÍCULO DE TRANSPORTE PESADO LESIONADO EN ACCIDENTE DE TRANSPORTE SIN COLISIÓN, PASAJERO LESIONADO EN ACCIDENTE DE TRÁNSITO",,,,0
V687,"OCUPANTE DE VEHÍCULO DE TRANSPORTE PESADO LESIONADO EN ACCIDENTE DE TRANSPORTE SIN COLISIÓN, PERSONA QUE VIAJA FUERA DEL VEHÍCULO, LESIONADA EN ACCIDENTE DE TRÁNSITO",,,,0
V689,"OCUPANTE DE VEHÍCULO DE TRANSPORTE PESADO LESIONADO EN ACCIDENTE DE TRANSPORTE SIN COLISIÓN, OCUPANTE NO ESPECIFICADO DE VEHÍCULO DE TRANSPORTE PESADO, LESIONADO EN ACCIDENTE DE TRÁNSITO",,,,0
V690,"CONDUCTOR DE VEHÍCULO DE TRANSPORTE PESADO LESIONADO POR COLISIÓN CON OTROS VEHÍCULOS DE MOTOR, Y CON LOS NO ESPECIFICADOS, EN ACCIDENTE NO DE TRÁNSITO",,6570,23360,0
V691,"PASAJERO DE VEHÍCULO DE TRANSPORTE PESADO LESIONADO POR COLISIÓN CON OTROS VEHÍCULOS DE MOTOR, Y CON LOS NO ESPECIFICADOS, EN ACCIDENTE NO DE TRÁNSITO",,,,0
V692,"OCUPANTE NO ESPECIFICADO DE VEHÍCULO DE TRANSPORTE PESADO LESIONADO POR COLISIÓN CON OTROS VEHÍCULOS DE MOTOR, Y CON LOS NO ESPECIFICADOS, EN ACCIDENTE NO DE TRÁNSITO",,,,0
V693,"OCUPANTE [CUALQUIERA] DE VEHÍCULO DE TRANSPORTE PESADO LESIONADO EN ACCIDENTE NO DE TRÁNSITO, NO ESPECIFICADO",,,,0
V694,"CONDUCTOR DE VEHÍCULO DE TRANSPORTE PESADO LESIONADO POR COLISIÓN CON OTROS VEHÍCULOS DE MOTOR, Y CON LOS NO ESPECIFICADOS, EN ACCIDENTE DE TRÁNSITO",,6570,23360,0
V695,"PASAJERO DE VEHÍCULO TRANSPORTE PESADO LESIONADO POR COLISIÓN CON OTROS VEHÍCULOS DE MOTOR, Y CON LOS NO ESPECIFICADOS, EN ACCIDENTE DE TRÁNSITO",,,,0
V696,"OCUPANTE NO ESPECIFICADO DE VEHÍCULO DE TRANSPORTE PESADO LESIONADO POR COLISIÓN CON OTROS VEHÍCULOS DE MOTOR, Y CON LOS NO ESPECIFICADOS, EN ACCIDENTE DE TRÁNSITO",,,,0
V698,OCUPANTE [CUALQUIERA] DE VEHÍCULO DE TRANSPORTE PESADO LESIONADO EN OTROS ACCIDENTES DE TRANSPORTE ESPECIFICADOS,,,,0
V699,OCUPANTE [CUALQUIERA] DE VEHÍCULO DE TRANSPORTE PESADO LESIONADO EN ACCIDENTE DE TRÁNSITO NO ESPECIFICADO,,,,0
V700,"OCUPANTE DE AUTOBÚS LESIONADO POR COLISIÓN CON PEATÓN O ANIMAL, CONDUCTOR LESIONADO EN ACCIDENTE NO DE TRÁNSITO",,6570,23360,0
V701,"OCUPANTE DE AUTOBÚS LESIONADO POR COLISIÓN CON PEATÓN O ANIMAL, PASAJERO LESIONADO EN ACCIDENTE NO DE TRÁNSITO",,,,0
V702,"OCUPANTE DE AUTOBÚS LESIONADO POR COLISIÓN CON PEATÓN O ANIMAL, PERSONA QUE VIAJA FUERA DEL VEHÍCULO, LESIONADA EN ACCIDENTE NO DE TRÁNSITO",,,,0
V703,"OCUPANTE DE AUTOBÚS LESIONADO POR COLISIÓN CON PEATÓN O ANIMAL, OCUPANTE NO ESPECIFICADO DE AUTOBÚS, LESIONADO EN ACCIDENTE NO DE TRÁNSITO",,,,0
V704,"OCUPANTE DE AUTOBÚS LESIONADO POR COLISIÓN CON PEATÓN O ANIMAL, PERSONA LESIONADA AL SUBIR O BAJAR DEL VEHÍCULO",,,,0
V705,"OCUPANTE DE AUTOBÚS LESIONADO POR COLISIÓN CON PEATÓN O ANIMAL, CONDUCTOR LESIONADO EN ACCIDENTE DE TRÁNSITO",,6570,23360,0
V706,"OCUPANTE DE AUTOBÚS LESIONADO POR COLISIÓN CON PEATÓN O ANIMAL, PASAJERO LESIONADO EN ACCIDENTE DE TRÁNSITO",,,,0
V707,"OCUPANTE DE AUTOBÚS LESIONADO POR COLISIÓN CON PEATÓN O ANIMAL, PERSONA QUE VIAJA FUERA DEL VEHÍCULO, LESIONADA EN ACCIDENTE DE TRÁNSITO",,,,0
V709,"OCUPANTE DE AUTOBÚS LESIONADO POR COLISIÓN CON PEATÓN O ANIMAL, OCUPANTE NO ESPECIFICADO DE AUTOBÚS, LESIONADO EN ACCIDENTE DE TRÁNSITO",,,,0
V710,"OCUPANTE DE AUTOBÚS LESIONADO POR COLISIÓN CON VEHÍCULO DE PEDAL, CONDUCTOR LESIONADO EN ACCIDENTE NO DE TRÁNSITO",,6570,23360,0
V711,"OCUPANTE DE AUTOBÚS LESIONADO POR COLISIÓN CON VEHÍCULO DE PEDAL, PASAJERO LESIONADO EN ACCIDENTE NO DE TRÁNSITO",,,,0
V712,"OCUPANTE DE AUTOBÚS LESIONADO POR COLISIÓN CON VEHÍCULO DE PEDAL, PERSONA QUE VIAJA FUERA DEL VEHÍCULO, LESIONADA EN ACCIDENTE NO DE TRÁNSITO",,,,0
V713,"OCUPANTE DE AUTOBÚS LESIONADO POR COLISIÓN CON VEHÍCULO DE PEDAL, OCUPANTE NO ESPECIFICADO DE AUTOBÚS, LESIONADO EN ACCIDENTE NO DE TRÁNSITO",,,,0
V714,"OCUPANTE DE AUTOBÚS LESIONADO POR COLISIÓN CON VEHÍCULO DE PEDAL, PERSONA LESIONADA AL SUBIR O BAJAR DEL VEHÍCULO",,,,0
V715,"OCUPANTE DE AUTOBÚS LESIONADO POR COLISIÓN CON VEHÍCULO DE PEDAL, CONDUCTOR LESIONADO EN ACCIDENTE DE TRÁNSITO",,6570,23360,0
V716,"OCUPANTE DE AUTOBÚS LESIONADO POR COLISIÓN CON VEHÍCULO DE PEDAL, PASAJERO LESIONADO EN ACCIDENTE DE TRÁNSITO",,,,0
V717,"OCUPANTE DE AUTOBÚS LESIONADO POR COLISIÓN CON VEHÍCULO DE PEDAL, PERSONA QUE VIAJA FUERA DEL VEHÍCULO, LESIONADA EN ACCIDENTE DE TRÁNSITO",,,,0
V719,"OCUPANTE DE AUTOBÚS LESIONADO POR COLISIÓN CON VEHÍCULO DE PEDAL, OCUPANTE NO ESPECIFICADO DE AUTOBÚS, LESIONADO EN ACCIDENTE DE TRÁNSITO",,,,0
V720,"OCUPANTE DE AUTOBÚS LESIONADO POR COLISIÓN CON VEHÍCULO DE MOTOR DE DOS O TRES RUEDAS, CONDUCTOR LESIONADO EN ACCIDENTE NO DE TRÁNSITO",,6570,23360,0
V721,"OCUPANTE DE AUTOBÚS LESIONADO POR COLISIÓN CON VEHÍCULO DE MOTOR DE DOS O TRES RUEDAS, PASAJERO LESIONADO EN ACCIDENTE NO DE TRÁNSITO",,,,0
V722,"OCUPANTE DE AUTOBÚS LESIONADO POR COLISIÓN CON VEHÍCULO DE MOTOR DE DOS O TRES RUEDAS, PERSONA QUE VIAJA FUERA DEL VEHÍCULO, LESIONADA EN ACCIDENTE NO TRÁNSITO",,,,0
V723,"OCUPANTE DE AUTOBÚS LESIONADO POR COLISIÓN CON VEHÍCULO DE MOTOR DE DOS O TRES RUEDAS, OCUPANTE NO ESPECIFICADO DE AUTOBÚS, LESIONADO EN ACCIDENTE NO DE TRÁNSITO",,,,0
V724,"OCUPANTE DE AUTOBÚS LESIONADO POR COLISIÓN CON VEHÍCULO DE MOTOR DE DOS O TRES RUEDAS, PERSONA LESIONADA AL SUBIR O BAJAR DEL VEHÍCULO",,,,0
V725,"OCUPANTE DE AUTOBÚS LESIONADO POR COLISIÓN CON VEHÍCULO DE MOTOR DE DOS O TRES RUEDAS, CONDUCTOR LESIONADO EN ACCIDENTE DE TRÁNSITO",,6570,23360,0
V726,"OCUPANTE DE AUTOBÚS LESIONADO POR COLISIÓN CON VEHÍCULO DE MOTOR DE DOS O TRES RUEDAS, PASAJERO LESIONADO EN ACCIDENTE DE TRÁNSITO",,,,0
V727,"OCUPANTE DE AUTOBÚS LESIONADO POR COLISIÓN CON VEHÍCULO DE MOTOR DE DOS O TRES RUEDAS, PERSONA QUE VIAJA FUERA DEL VEHÍCULO, LESIONADA EN ACCIDENTE DE TRÁNSITO",,,,0
V729,"OCUPANTE DE AUTOBÚS LESIONADO POR COLISIÓN CON VEHÍCULO DE MOTOR DE DOS O TRES RUEDAS, OCUPANTE NO ESPECIFICADO DE AUTOBÚS, LESIONADO EN ACCIDENTE DE TRÁNSITO",,,,0
V730,"OCUPANTE DE AUTOBÚS LESIONADO POR COLISIÓN CON AUTOMÓVIL, CAMIONETA O FURGONETA, CONDUCTOR LESIONADO EN ACCIDENTE NO DE TRÁNSITO",,6570,23360,0
V731,"OCUPANTE DE AUTOBÚS LESIONADO POR COLISIÓN CON AUTOMÓVIL, CAMIONETA O FURGONETA, PASAJERO LESIONADO EN ACCIDENTE NO DE TRÁNSITO",,,,0
V732,"OCUPANTE DE AUTOBÚS LESIONADO POR COLISIÓN CON AUTOMÓVIL, CAMIONETA O FURGONETA, PERSONA QUE VIAJA FUERA DEL VEHÍCULO LESIONADA EN ACCIDENTE NO DE TRÁNSITO",,,,0
V733,"OCUPANTE DE AUTOBÚS LESIONADO POR COLISIÓN CON AUTOMÓVIL, CAMIONETA O FURGONETA, OCUPANTE NO ESPECIFICADO DE AUTOBÚS, LESIONADO EN ACCIDENTE NO DE TRÁNSITO",,,,0
V734,"OCUPANTE DE AUTOBÚS LESIONADO POR COLISIÓN CON AUTOMÓVIL, CAMIONETA O FURGONETA, PERSONA LESIONADA AL SUBIR O BAJAR DEL VEHÍCULO",,,,0
V735,"OCUPANTE DE AUTOBÚS LESIONADO POR COLISIÓN CON AUTOMÓVIL, CAMIONETA O FURGONETA, CONDUCTOR LESIONADO EN ACCIDENTE DE TRÁNSITO",,6570,23360,0
V736,"OCUPANTE DE AUTOBÚS LESIONADO POR COLISIÓN CON AUTOMÓVIL, CAMIONETA O FURGONETA, PASAJERO LESIONADO EN ACCIDENTE DE TRÁNSITO",,,,0
V737,"OCUPANTE DE AUTOBÚS LESIONADO POR COLISIÓN CON AUTOMÓVIL, CAMIONETA O FURGONETA, PERSONA QUE VIAJA FUERA DEL VEHÍCULO, LESIONADA EN ACCIDENTE DE TRÁNSITO",,,,0
V739,"OCUPANTE DE AUTOBÚS LESIONADO POR COLISIÓN CON AUTOMÓVIL, CAMIONETA O FURGONETA, OCUPANTE NO ESPECIFICADO DE AUTOBÚS, LESIONADO EN ACCIDENTE DE TRÁNSITO",,,,0
V740,"OCUPANTE DE AUTOBÚS LESIONADO POR COLISIÓN CON VEHÍCULO DE TRANSPORTE PESADO O AUTOBÚS, CONDUCTOR LESIONADO EN ACCIDENTE NO DE TRÁNSITO",,6570,23360,0
V741,"OCUPANTE DE AUTOBÚS LESIONADO POR COLISIÓN CON VEHÍCULO DE TRANSPORTE PESADO O AUTOBÚS, PASAJERO LESIONADO EN ACCIDENTE NO DE TRÁNSITO",,,,0
V742,"OCUPANTE DE AUTOBÚS LESIONADO POR COLISIÓN CON VEHÍCULO DE TRANSPORTE PESADO O AUTOBÚS, PERSONA QUE VIAJA FUERA DEL VEHÍCULO, LESIONADA EN ACCIDENTE NO DE TRÁNSITO",,,,0
V743,"OCUPANTE DE AUTOBÚS LESIONADO POR COLISIÓN CON VEHÍCULO DE TRANSPORTE PESADO O AUTOBÚS, OCUPANTE NO ESPECIFICADO DE AUTOBÚS, LESIONADO EN ACCIDENTE NO DE TRÁNSITO",,,,0
V744,"OCUPANTE DE AUTOBÚS LESIONADO POR COLISIÓN CON VEHÍCULO DE TRANSPORTE PESADO O AUTOBÚS, PERSONA LESIONADA AL SUBIR O BAJAR DEL VEHÍCULO",,,,0
V745,"OCUPANTE DE AUTOBÚS LESIONADO POR COLISIÓN CON VEHÍCULO DE TRANSPORTE PESADO O AUTOBÚS, CONDUCTOR LESIONADO EN ACCIDENTE DE TRÁNSITO",,6570,23360,0
V746,"OCUPANTE DE AUTOBÚS LESIONADO POR COLISIÓN CON VEHÍCULO DE TRANSPORTE PESADO O AUTOBÚS, PASAJERO LESIONADO EN ACCIDENTE DE TRÁNSITO",,,,0
V747,"OCUPANTE DE AUTOBÚS LESIONADO POR COLISIÓN CON VEHÍCULO DE TRANSPORTE PESADO O AUTOBÚS, PERSONA QUE VIAJA FUERA DEL VEHÍCULO LESIONADA EN ACCIDENTE DE TRÁNSITO",,,,0
V749,"OCUPANTE DE AUTOBÚS LESIONADO POR COLISIÓN CON VEHÍCULO DE TRANSPORTE PESADO O AUTOBÚS, OCUPANTE NO ESPECIFICADO DE AUTOBÚS, LESIONADO EN ACCIDENTE DE TRÁNSITO",,,,0
V750,"OCUPANTE DE AUTOBÚS LESIONADO POR COLISIÓN CON TREN O VEHÍCULO DE RIELES, CONDUCTOR LESIONADO EN ACCIDENTE NO DE TRÁNSITO",,6570,23360,0
V751,"OCUPANTE DE AUTOBÚS LESIONADO POR COLISIÓN CON TREN O VEHÍCULO DE RIELES, PASAJERO LESIONADO EN ACCIDENTE NO DE TRÁNSITO",,,,0
V752,"OCUPANTE DE AUTOBÚS LESIONADO POR COLISIÓN CON TREN O VEHÍCULO DE RIELES, PERSONA QUE VIAJA FUERA DEL VEHÍCULO, LESIONADA EN ACCIDENTE NO DE TRÁNSITO",,,,0
V753,"OCUPANTE DE AUTOBÚS LESIONADO POR COLISIÓN CON TREN O VEHÍCULO DE RIELES, OCUPANTE NO ESPECIFICADO DE AUTOBÚS, LESIONADO EN ACCIDENTE NO DE TRÁNSITO",,,,0
V754,"OCUPANTE DE AUTOBÚS LESIONADO POR COLISIÓN CON TREN O VEHÍCULO DE RIELES, PERSONA LESIONADA AL SUBIR O BAJAR DEL VEHÍCULO",,,,0
V755,"OCUPANTE DE AUTOBÚS LESIONADO POR COLISIÓN CON TREN O VEHÍCULO DE RIELES, CONDUCTOR LESIONADO EN ACCIDENTE DE TRÁNSITO",,6570,23360,0
V756,"OCUPANTE DE AUTOBÚS LESIONADO POR COLISIÓN CON TREN O VEHÍCULO DE RIELES, PASAJERO LESIONADO EN ACCIDENTE DE TRÁNSITO",,,,0
V757,"OCUPANTE DE AUTOBÚS LESIONADO POR COLISIÓN CON TREN O VEHÍCULO DE RIELES, PERSONA QUE VIAJA FUERA DEL VEHÍCULO, LESIONADA EN ACCIDENTE DE TRÁNSITO",,,,0
V759,"OCUPANTE DE AUTOBÚS LESIONADO POR COLISIÓN CON TREN O VEHÍCULO DE RIELES, OCUPANTE NO ESPECIFICADO DE AUTOBÚS, LESIONADO EN ACCIDENTE DE TRÁNSITO",,,,0
V760,"OCUPANTE DE AUTOBÚS LESIONADO POR COLISIÓN CON OTROS VEHÍCULOS SIN MOTOR, CONDUCTOR LESIONADO EN ACCIDENTE NO DE TRÁNSITO",,6570,23360,0
V761,"OCUPANTE DE AUTOBÚS LESIONADO POR COLISIÓN CON OTROS VEHÍCULOS SIN MOTOR, PASAJERO LESIONADO EN ACCIDENTE NO DE TRÁNSITO",,,,0
V762,"OCUPANTE DE AUTOBÚS LESIONADO POR COLISIÓN CON OTROS VEHÍCULOS SIN MOTOR, PERSONA QUE VIAJA FUERA DEL VEHÍCULO LESIONADA EN ACCIDENTE NO DE TRÁNSITO",,,,0
V763,"OCUPANTE DE AUTOBÚS LESIONADO POR COLISIÓN CON OTROS VEHÍCULOS SIN MOTOR, OCUPANTE NO ESPECIFICADO DE AUTOBÚS, LESIONADO EN ACCIDENTE NO DE TRÁNSITO",,,,0
V764,"OCUPANTE DE AUTOBÚS LESIONADO POR COLISIÓN CON OTROS VEHÍCULOS SIN MOTOR, PERSONA LESIONADA AL SUBIR O BAJAR DEL VEHÍCULO",,,,0
V765,"OCUPANTE DE AUTOBÚS LESIONADO POR COLISIÓN CON OTROS VEHÍCULOS SIN MOTOR, CONDUCTOR LESIONADO EN ACCIDENTE DE TRÁNSITO",,6570,23360,0
V766,"OCUPANTE DE AUTOBÚS LESIONADO POR COLISIÓN CON OTROS VEHÍCULOS SIN MOTOR, PASAJERO LESIONADO EN ACCIDENTE DE TRÁNSITO",,,,0
V767,"OCUPANTE DE AUTOBÚS LESIONADO POR COLISIÓN CON OTROS VEHÍCULOS SIN MOTOR, PERSONA QUE VIAJA FUERA DEL VEHÍCULO LESIONADA EN ACCIDENTE DE TRÁNSITO",,,,0
V769,"OCUPANTE DE AUTOBÚS LESIONADO POR COLISIÓN CON OTROS VEHÍCULOS SIN MOTOR, OCUPANTE NO ESPECIFICADO DE AUTOBÚS, LESIONADO EN ACCIDENTE DE TRÁNSITO",,,,0
V770,"OCUPANTE DE AUTOBÚS LESIONADO POR COLISIÓN CON OBJETO FIJO O ESTACIONADO, CONDUCTOR LESIONADO EN ACCIDENTE NO DE TRÁNSITO",,6570,23360,0
V771,"OCUPANTE DE AUTOBÚS LESIONADO POR COLISIÓN CON OBJETO FIJO O ESTACIONADO, PASAJERO LESIONADO EN ACCIDENTE NO DE TRÁNSITO",,,,0
V772,"OCUPANTE DE AUTOBÚS LESIONADO POR COLISIÓN CON OBJETO FIJO O ESTACIONADO, PERSONA QUE VIAJA FUERA DEL VEHÍCULO LESIONADA EN ACCIDENTE NO DE TRÁNSITO",,,,0
V773,"OCUPANTE DE AUTOBÚS LESIONADO POR COLISIÓN CON OBJETO FIJO O ESTACIONADO, OCUPANTE NO ESPECIFICADO DE AUTOBÚS, LESIONADO EN ACCIDENTE NO DE TRÁNSITO",,,,0
V774,"OCUPANTE DE AUTOBÚS LESIONADO POR COLISIÓN CON OBJETO FIJO O ESTACIONADO, PERSONA LESIONADA AL SUBIR O BAJAR DEL VEHÍCULO",,,,0
V775,"OCUPANTE DE AUTOBÚS LESIONADO POR COLISIÓN CON OBJETO FIJO O ESTACIONADO, CONDUCTOR LESIONADO EN ACCIDENTE DE TRÁNSITO",,6570,23360,0
V776,"OCUPANTE DE AUTOBÚS LESIONADO POR COLISIÓN CON OBJETO FIJO O ESTACIONADO, PASAJERO LESIONADO EN ACCIDENTE DE TRÁNSITO",,,,0
V777,"OCUPANTE DE AUTOBÚS LESIONADO POR COLISIÓN CON OBJETO FIJO O ESTACIONADO, PERSONA QUE VIAJA FUERA DEL VEHÍCULO, LESIONADA EN ACCIDENTE DE TRÁNSITO",,,,0
V779,"OCUPANTE DE AUTOBÚS LESIONADO POR COLISIÓN CON OBJETO FIJO O ESTACIONADO, OCUPANTE NO ESPECIFICADO DE AUTOBÚS, LESIONADO EN ACCIDENTE DE TRÁNSITO",,,,0
V780,"OCUPANTE DE AUTOBÚS LESIONADO EN ACCIDENTE DE TRANSPORTE SIN COLISIÓN, CONDUCTOR LESIONADO EN ACCIDENTE NO DE TRÁNSITO",,6570,23360,0
V781,"OCUPANTE DE AUTOBÚS LESIONADO EN ACCIDENTE DE TRANSPORTE O SIN COLISIÓN, PASAJERO LESIONADO EN ACCIDENTE NO DE TRÁNSITO",,,,0
V782,"OCUPANTE DE AUTOBÚS LESIONADO EN ACCIDENTE DE TRANSPORTE SIN COLISIÓN, PERSONA QUE VIAJA FUERA DEL VEHÍCULO LESIONADA EN ACCIDENTE NO DE TRÁNSITO",,,,0
V783,"OCUPANTE DE AUTOBÚS LESIONADO EN ACCIDENTE DE TRANSPORTE SIN COLISIÓN, OCUPANTE NO ESPECIFICADO DE AUTOBÚS, LESIONADO EN ACCIDENTE NO DE TRÁNSITO",,,,0
V784,"OCUPANTE DE AUTOBÚS LESIONADO EN ACCIDENTE DE TRANSPORTE SIN COLISIÓN, PERSONA LESIONADA AL SUBIR O BAJAR DEL VEHÍCULO",,,,0
V785,"OCUPANTE DE AUTOBÚS LESIONADO EN ACCIDENTE DE TRANSPORTE SIN COLISIÓN, CONDUCTOR LESIONADO EN ACCIDENTE DE TRÁNSITO",,6570,23360,0
V786,"OCUPANTE DE AUTOBÚS LESIONADO EN ACCIDENTE DE TRANSPORTE SIN COLISIÓN, PASAJERO LESIONADO EN ACCIDENTE DE TRÁNSITO",,,,0
V787,"OCUPANTE DE AUTOBÚS LESIONADO EN ACCIDENTE DE TRANSPORTE SIN COLISIÓN, PERSONA QUE VIAJA FUERA DEL VEHÍCULO LESIONADA EN ACCIDENTE DE TRÁNSITO",,,,0
V789,"OCUPANTE DE AUTOBÚS LESIONADO EN ACCIDENTE DE TRANSPORTE SIN COLISIÓN, OCUPANTE NO ESPECIFICADO DE AUTOBÚS, LESIONADO EN ACCIDENTE DE TRÁNSITO",,,,0
V790,"CONDUCTOR DE AUTOBÚS LESIONADO POR COLISIÓN CON OTROS VEHÍCULOS DE MOTOR, Y CON LOS NO ESPECIFICADOS EN ACCIDENTE NO DE TRÁNSITO",,6570,23360,0
V791,"PASAJERO DE AUTOBÚS LESIONADO POR COLISIÓN CON OTROS VEHÍCULOS DE MOTOR, Y CON LOS NO ESPECIFICADOS EN ACCIDENTE NO DE TRÁNSITO",,,,0
V792,"OCUPANTE NO ESPECIFICADO DE AUTOBÚS LESIONADO POR COLISIÓN CON OTROS VEHÍCULOS DE MOTOR, Y CON LOS NO ESPECIFICADOS EN ACCIDENTE NO DE TRÁNSITO",,,,0
V793,"OCUPANTE [CUALQUIERA] DE AUTOBÚS LESIONADO EN ACCIDENTE NO DE TRÁNSITO, NO ESPECIFICADO",,,,0
V794,"CONDUCTOR DE AUTOBÚS LESIONADO POR COLISIÓN CON OTROS VEHÍCULOS DE MOTOR, Y CON LOS NO ESPECIFICADOS EN ACCIDENTE DE TRÁNSITO",,6570,23360,0
V795,"PASAJERO DE AUTOBÚS LESIONADO POR COLISIÓN CON OTROS VEHÍCULOS DE MOTOR, Y CON LOS NO ESPECIFICADOS, EN ACCIDENTE DE TRÁNSITO",,,,0
V796,"OCUPANTE NO ESPECIFICADO DE AUTOBÚS LESIONADO POR COLISIÓN CON OTROS VEHÍCULOS DE MOTOR, Y CON LOS NO ESPECIFICADOS, EN ACCIDENTE DE TRÁNSITO",,,,0
V798,OCUPANTE [CUALQUIERA] DE AUTOBÚS LESIONADO EN OTROS ACCIDENTES DE TRANSPORTE ESPECIFICADOS,,,,0
V799,OCUPANTE [CUALQUIERA] DE AUTOBÚS LESIONADO EN ACCIDENTE DE TRÁNSITO NO ESPECIFICADO,,,,0
V800,"JINETE U OCUPANTE DE VEHÍCULO DE TRACCIÓN ANIMAL LESIONADO POR CAÍDA (O POR SER DESPEDIDO) DEL ANIMAL O DEL VEHÍCULO DE TRACCIÓN ANIMAL, EN ACCIDENTE SIN COLISIÓN",,,,0
V801,JINETE U OCUPANTE DE VEHÍCULO DE TRACCIÓN ANIMAL LESIONADO POR COLISIÓN CON PEATÓN O ANIMAL,,,,0
V802,JINETE U OCUPANTE DE VEHÍCULO DE TRACCIÓN ANIMAL LESIONADO POR COLISIÓN CON VEHÍCULO DE PEDAL,,,,0
V803,JINETE U OCUPANTE DE VEHÍCULO DE TRACCIÓN ANIMAL LESIONADO POR COLISIÓN CON VEHÍCULO DE MOTOR DE DOS O TRES RUEDAS,,,,0
V804,"JINETE U OCUPANTE DE VEHÍCULO DE TRACCIÓN ANIMAL LESIONADO POR COLISIÓN CON AUTOMÓVIL, CAMIONETA O FURGONETA, VEHÍCULO DE TRANSPORTE PESADO, O AUTOBÚS",,,,0
V805,JINETE U OCUPANTE DE VEHÍCULO DE TRACCIÓN ANIMAL LESIONADO POR COLISIÓN CON OTROS VEHÍCULOS DE MOTOR ESPECIFICADOS,,,,0
V806,JINETE U OCUPANTE DE VEHÍCULO DE TRACCIÓN ANIMAL LESIONADO POR COLISIÓN CON TREN O VEHÍCULO DE RIELES,,,,0
V807,JINETE U OCUPANTE DE VEHÍCULO DE TRACCIÓN ANIMAL LESIONADO POR COLISIÓN CON OTROS VEHÍCULOS SIN MOTOR,,,,0
V808,JINETE U OCUPANTE DE VEHÍCULO DE TRACCIÓN ANIMAL LESIONADO POR COLISIÓN CON OBJETO FIJO O ESTACIONADO,,,,0
V809,"JINETE U OCUPANTE DE VEHÍCULO DE TRACCIÓN ANIMAL LESIONADO EN OTROS ACCIDENTES DE TRANSPORTE, Y EN LOS NO ESPECIFICADOS",,,,0
V810,"OCUPANTE DE TREN O VEHÍCULO DE RIELES LESIONADO POR COLISIÓN CON VEHÍCULO DE MOTOR, EN ACCIDENTE NO DE TRÁNSITO",,,,0
V811,"OCUPANTE DE TREN O VEHÍCULO DE RIELES LESIONADO POR COLISIÓN CON VEHÍCULO DE MOTOR, EN ACCIDENTE DE TRÁNSITO",,,,0
V812,"OCUPANTE DE TREN O VEHÍCULO DE RIELES LESIONADO POR COLISIÓN CON, O GOLPEADO POR VAGÓN",,,,0
V813,OCUPANTE DE TREN O VEHÍCULO DE RIELES LESIONADO POR COLISIÓN CON OTROS OBJETOS,,,,0
V814,PERSONA LESIONADA AL SUBIR O BAJAR DEL TREN O VEHÍCULO DE RIELES,,,,0
V815,OCUPANTE DE TREN O VEHÍCULO DE RIELES LESIONADO POR CAÍDA DENTRO DEL TREN O VEHÍCULO DE RIELES,,,,0
V816,OCUPANTE DE TREN O VEHÍCULO DE RIELES LESIONADO POR CAÍDA DESDE EL TREN O VEHÍCULO DE RIELES,,,,0
V817,OCUPANTE DE TREN O VEHÍCULO DE RIELES LESIONADO EN DESCARRILAMIENTO SIN COLISIÓN ANTERIOR,,,,0
V818,OCUPANTE DE TREN O VEHÍCULO DE RIELES LESIONADO EN OTROS ACCIDENTES FERROVIARIOS ESPECIFICADOS,,,,0
V819,OCUPANTE DE TREN O VEHÍCULO DE RIELES LESIONADO EN ACCIDENTE FERROVIARIO NO ESPECIFICADO,,,,0
V820,"OCUPANTE DE TRANVÍA LESIONADO POR COLISIÓN CON VEHÍCULO DE MOTOR, EN ACCIDENTE NO DE TRÁNSITO",,,,0
V821,"OCUPANTE DE TRANVÍA LESIONADO POR COLISIÓN CON VEHÍCULO DE MOTOR, EN ACCIDENTE DE TRÁNSITO",,,,0
V822,"OCUPANTE DE TRANVÍA LESIONADO POR COLISIÓN CON, O GOLPEADO POR VAGÓN",,,,0
V823,OCUPANTE DE TRANVÍA LESIONADO POR COLISIÓN CON OTROS OBJETOS,,,,0
V824,PERSONA LESIONADA AL SUBIR O BAJAR DEL TRANVÍA,,,,0
V825,OCUPANTE DE TRANVÍA LESIONADO POR CAÍDA DENTRO DEL TRANVÍA,,,,0
V826,OCUPANTE DE TRANVÍA LESIONADO POR CAÍDA DESDE EL TRANVÍA,,,,0
V827,"OCUPANTE DE TRANVÍA LESIONADO POR DESCARRILAMIENTO, SIN COLISIÓN ANTERIOR",,,,0
V828,"OCUPANTE DE TRANVÍA LESIONADO EN OTROS ACCIDENTES DE TRANSPORTE, ESPECIFICADOS",,,,0
V829,OCUPANTE DE TRANVÍA LESIONADO EN ACCIDENTE DE TRÁNSITO NO ESPECIFICADO,,,,0
V830,CONDUCTOR DE VEHÍCULO INDUSTRIAL ESPECIAL LESIONADO EN ACCIDENTE DE TRÁNSITO,,6570,23360,0
V831,PASAJERO DE VEHÍCULO INDUSTRIAL ESPECIAL LESIONADO EN ACCIDENTE DE TRÁNSITO,,,,0
V832,PERSONA QUE VIAJA FUERA DE VEHÍCULO INDUSTRIAL ESPECIAL LESIONADA EN ACCIDENTE DE TRÁNSITO,,,,0
V833,OCUPANTE NO ESPECIFICADO DE VEHÍCULO INDUSTRIAL ESPECIAL LESIONADO EN ACCIDENTE DE TRÁNSITO,,,,0
V834,PERSONA LESIONADA AL SUBIR O BAJAR DEL VEHÍCULO INDUSTRIAL ESPECIAL,,,,0
V835,CONDUCTOR DE VEHÍCULO INDUSTRIAL ESPECIAL LESIONADO EN ACCIDENTE NO DE TRÁNSITO,,6570,23360,0
V836,PASAJERO DE VEHÍCULO INDUSTRIAL ESPECIAL LESIONADO EN ACCIDENTE NO DE TRÁNSITO,,,,0
V837,PERSONA QUE VIAJA FUERA DEL VEHÍCULO INDUSTRIAL ESPECIAL LESIONADA EN ACCIDENTE NO DE TRÁNSITO,,,,0
V839,OCUPANTE NO ESPECIFICADO DEL VEHÍCULO INDUSTRIAL ESPECIAL LESIONADO EN ACCIDENTE NO DE TRÁNSITO,,,,0
V840,CONDUCTOR DE VEHÍCULO AGRÍCOLA ESPECIAL LESIONADO EN ACCIDENTE DE TRÁNSITO,,6570,23360,0
V841,PASAJERO DE VEHÍCULO AGRÍCOLA ESPECIAL LESIONADO EN ACCIDENTE DE TRÁNSITO,,,,0
V842,PERSONA QUE VIAJA FUERA DEL VEHÍCULO AGRÍCOLA ESPECIAL LESIONADA EN ACCIDENTE DE TRÁNSITO,,,,0
V843,OCUPANTE NO ESPECIFICADO DE VEHÍCULO AGRÍCOLA ESPECIAL LESIONADO EN ACCIDENTE DE TRÁNSITO,,,,0
V844,PERSONA LESIONADA AL SUBIR O BAJAR DEL VEHÍCULO AGRÍCOLA ESPECIAL,,,,0
V845,CONDUCTOR DE VEHÍCULO AGRÍCOLA ESPECIAL LESIONADO EN ACCIDENTE NO DE TRÁNSITO,,6570,23360,0
V846,PASAJERO DE VEHÍCULO AGRÍCOLA ESPECIAL LESIONADO EN ACCIDENTE NO DE TRÁNSITO,,,,0
V847,PERSONA QUE VIAJA FUERA DEL VEHÍCULO AGRÍCOLA ESPECIAL LESIONADA EN ACCIDENTE NO DE TRÁNSITO,,,,0
V849,OCUPANTE NO ESPECIFICADO DE VEHÍCULO AGRÍCOLA ESPECIAL LESIONADO EN ACCIDENTE NO DE TRÁNSITO,,,,0
V850,CONDUCTOR DE VEHÍCULO ESPECIAL PARA CONSTRUCCIÓN LESIONADO EN ACCIDENTE DE TRÁNSITO,,6570,23360,0
V851,PASAJERO DE VEHÍCULO ESPECIAL PARA CONSTRUCCIÓN LESIONADO EN ACCIDENTE DE TRÁNSITO,,,,0
V852,PERSONA QUE VIAJA FUERA DEL VEHÍCULO ESPECIAL PARA CONSTRUCCIÓN LESIONADA EN ACCIDENTE DE TRÁNSITO,,,,0
V853,OCUPANTE NO ESPECIFICADO DE VEHÍCULO ESPECIAL PARA CONSTRUCCIÓN LESIONADO EN ACCIDENTE DE TRÁNSITO,,,,0
V854,PERSONA LESIONADA AL SUBIR O BAJAR DEL VEHÍCULO ESPECIAL PARA CONSTRUCCIÓN,,,,0
V855,CONDUCTOR DE VEHÍCULO ESPECIAL PARA CONSTRUCCIÓN LESIONADO EN ACCIDENTE NO DE TRÁNSITO,,6570,23360,0
V856,PASAJERO DE VEHÍCULO ESPECIAL PARA CONSTRUCCIÓN LESIONADO EN ACCIDENTE NO DE TRÁNSITO,,,,0
V857,PERSONA QUE VIAJA FUERA DEL VEHÍCULO ESPECIAL PARA CONSTRUCCIÓN LESIONADA EN ACCIDENTE NO DE TRÁNSITO,,,,0
V859,OCUPANTE NO ESPECIFICADO DE VEHÍCULO ESPECIAL PARA CONSTRUCCIÓN LESIONADO EN ACCIDENTE NO DE TRÁNSITO,,,,0
V860,CONDUCTOR DE VEHÍCULO PARA TODO TERRENO O DE OTRO VEHÍCULO DE MOTOR PARA USO FUERA DE LA CARRETERA LESIONADO EN ACCIDENTE DE TRÁNSITO,,6570,23360,0
V861,PASAJERO DE VEHÍCULO PARA TODO TERRENO O DE OTRO VEHÍCULO DE MOTOR PARA USO FUERA DE LA CARRETERA LESIONADO EN ACCIDENTE DE TRÁNSITO,,,,0
V862,PERSONA QUE VIAJA FUERA DEL VEHÍCULO PARA TODO TERRENO O DE OTRO VEHÍCULO DE MOTOR PARA USO FUERA DE LA CARRETERA LESIONADA EN ACCIDENTE DE TRÁNSITO,,,,0
V863,OCUPANTE NO ESPECIFICADO DE VEHÍCULO PARA TODO TERRENO O DE OTRO VEHÍCULO DE MOTOR PARA USO FUERA DE LA CARRETERA LESIONADO EN ACCIDENTE DE TRÁNSITO,,,,0
V864,PERSONA LESIONADA EN ACCIDENTE DE TRÁNSITO AL SUBIR O BAJAR DE VEHÍCULO PARA TODO TERRENO O DE OTRO VEHÍCULO DE MOTOR PARA USO FUERA DE CARRETERA,,,,0
V865,CONDUCTOR DE VEHÍCULO PARA TODO TERRENO O DE OTRO VEHÍCULO DE MOTOR PARA USO FUERA DE LA CARRETERA LESIONADO EN ACCIDENTE NO DE TRÁNSITO,,6570,23360,0
V866,PASAJERO DE VEHÍCULO PARA TODO TERRENO O DE OTRO VEHÍCULO DE MOTOR PARA USO FUERA DE LA CARRETERA LESIONADO EN ACCIDENTE NO DE TRÁNSITO,,,,0
V867,PERSONA QUE VIAJA FUERA DE VEHÍCULO PARA TODO TERRENO O DE OTRO VEHÍCULO MOTOR PARA USO FUERA DE CARRETERA LESIONADA EN ACCIDENTE NO DE TRÁNSITO,,,,0
V869,OCUPANTE NO ESPECIFICADO DE VEHÍCULO PARA TODO TERRENO O DE OTRO VEHÍCULO DE MOTOR PARA USO FUERA DE LA CARRETERA LESIONADO EN ACCIDENTE NO DE TRÁNSITO,,,,0
V870,PERSONA LESIONADA POR COLISIÓN ENTRE AUTOMÓVIL Y VEHÍCULO DE MOTOR DE DOS O TRES RUEDAS (TRÁNSITO),,,,0
V871,PERSONA LESIONADA POR COLISIÓN ENTRE OTROS VEHÍCULOS DE MOTOR Y UN VEHÍCULO DE MOTOR DE DOS O TRES RUEDAS (TRÁNSITO),,,,0
V872,PERSONA LESIONADA POR COLISIÓN ENTRE AUTOMÓVIL Y CAMIONETA O FURGONETA (TRÁNSITO),,,,0
V873,PERSONA LESIONADA POR COLISIÓN ENTRE AUTOMÓVIL Y AUTOBÚS (TRÁNSITO),,,,0
V874,PERSONA LESIONADA POR COLISIÓN ENTRE AUTOMÓVIL Y VEHÍCULO DE TRANSPORTE PESADO (TRÁNSITO),,,,0
V875,PERSONA LESIONADA POR COLISIÓN ENTRE VEHÍCULO DE TRANSPORTE PESADO Y AUTOBÚS (TRÁNSITO),,,,0
V876,PERSONA LESIONADA POR COLISIÓN ENTRE TREN O VEHÍCULO DE RIELES Y AUTOMÓVIL (TRÁNSITO),,,,0
V877,PERSONA LESIONADA POR COLISIÓN ENTRE OTROS VEHÍCULOS DE MOTOR ESPECIFICADOS (TRÁNSITO),,,,0
V878,PERSONA LESIONADA EN OTROS ACCIDENTES ESPECIFICADOS DE TRANSPORTE DE VEHÍCULO DE MOTOR SIN COLISIÓN (TRÁNSITO),,,,0
V879,PERSONA LESIONADA EN OTROS ACCIDENTES ESPECIFICADOS DE TRANSPORTE DE VEHÍCULO SIN MOTOR (CON COLISIÓN)(SIN COLISIÓN)(TRÁNSITO),,,,0
V880,"PERSONA LESIONADA POR COLISIÓN ENTRE AUTOMÓVIL Y VEHÍCULO DE MOTOR DE DOS O TRES RUEDAS, NO DE TRÁNSITO",,,,0
V881,"PERSONA LESIONADA POR COLISIÓN ENTRE OTROS VEHÍCULOS DE MOTOR Y UN VEHÍCULO DE MOTOR DE DOS O TRES RUEDAS, NO DE TRÁNSITO",,,,0
V882,"PERSONA LESIONADA POR COLISIÓN ENTRE AUTOMÓVIL Y CAMIONETA O FURGONETA, NO DE TRÁNSITO",,,,0
V883,"PERSONA LESIONADA POR COLISIÓN ENTRE AUTOMÓVIL Y AUTOBÚS, NO DE TRÁNSITO",,,,0
V884,"PERSONA LESIONADA POR COLISIÓN ENTRE AUTOMÓVIL Y VEHÍCULO DE TRANSPORTE PESADO, NO DE TRÁNSITO",,,,0
V885,"PERSONA LESIONADA POR COLISIÓN ENTRE VEHÍCULO DE TRANSPORTE PESADO Y AUTOBÚS, NO DE TRÁNSITO",,,,0
V886,"PERSONA LESIONADA POR COLISIÓN ENTRE TREN O VEHÍCULO DE RIELES Y AUTOMÓVIL, NO DE TRÁNSITO",,,,0
V887,"PERSONA LESIONADA POR COLISIÓN ENTRE OTROS VEHÍCULOS DE MOTOR ESPECIFICADOS, NO DE TRÁNSITO",,,,0
V888,"PERSONA LESIONADA EN OTROS ACCIDENTES ESPECIFICADOS DE TRANSPORTE DE VEHÍCULO DE MOTOR SIN COLISIÓN, NO DE TRÁNSITO",,,,0
V889,"PERSONA LESIONADA EN OTROS ACCIDENTES ESPECIFICADOS DE TRANSPORTE DE VEHÍCULO SIN MOTOR (CON COLISIÓN)(SIN COLISIÓN), NO DE TRÁNSITO",,,,0
V890,"PERSONA LESIONADA EN ACCIDENTE NO DE TRÁNSITO, DE VEHÍCULO DE MOTOR NO ESPECIFICADO",,,,0
V891,"PERSONA LESIONADA EN ACCIDENTE NO DE TRÁNSITO, DE VEHÍCULO SIN MOTOR NO ESPECIFICADO",,,,0
V892,"PERSONA LESIONADA EN ACCIDENTE DE TRÁNSITO, DE VEHÍCULO DE MOTOR NO ESPECIFICADO",,,,0
V893,"PERSONA LESIONADA EN ACCIDENTE DE TRÁNSITO, DE VEHÍCULO SIN MOTOR NO ESPECIFICADO",,,,0
V899,PERSONA LESIONADA EN ACCIDENTE DE VEHÍCULO NO ESPECIFICADO,,,,0
V900,"ACCIDENTE DE EMBARCACIÓN QUE CAUSA AHOGAMIENTO Y SUMERSIÓN, BARCO MERCANTE",,,,0
V901,"ACCIDENTE DE EMBARCACIÓN QUE CAUSA AHOGAMIENTO Y SUMERSIÓN, BARCO DE PASAJEROS",,,,0
V902,"ACCIDENTE DE EMBARCACIÓN QUE CAUSA AHOGAMIENTO Y SUMERSIÓN, BOTE DE PESCA",,,,0
V903,"ACCIDENTE DE EMBARCACIÓN QUE CAUSA AHOGAMIENTO Y SUMERSIÓN, OTRO VEHÍCULO ACUÁTICO CON MOTOR",,,,0
V904,"ACCIDENTE DE EMBARCACIÓN QUE CAUSA AHOGAMIENTO Y SUMERSIÓN, VELERO",,,,0
V905,"ACCIDENTE DE EMBARCACIÓN QUE CAUSA AHOGAMIENTO Y SUMERSIÓN, CANOA O KAYAC",,,,0
V906,"ACCIDENTE DE EMBARCACIÓN QUE CAUSA AHOGAMIENTO Y SUMERSIÓN, BALSA INFLABLE (SIN MOTOR)",,,,0
V907,"ACCIDENTE DE EMBARCACIÓN QUE CAUSA AHOGAMIENTO Y SUMERSIÓN, ESQUÍ ACUÁTICO",,,,0
V908,"ACCIDENTE DE EMBARCACIÓN QUE CAUSA AHOGAMIENTO Y SUMERSIÓN, OTRO VEHÍCULO ACUÁTICO SIN MOTOR",,,,0
V909,"ACCIDENTE DE EMBARCACIÓN QUE CAUSA AHOGAMIENTO Y SUMERSIÓN, VEHÍCULO ACUÁTICO NO ESPECIFICADO",,,,0
V910,"ACCIDENTE DE EMBARCACIÓN QUE CAUSA OTROS TIPOS DE TRAUMATISMO, BARCO MERCANTE",,,,0
V911,"ACCIDENTE DE EMBARCACIÓN QUE CAUSA OTROS TIPOS DE TRAUMATISMO, BARCO DE PASAJEROS",,,,0
V912,"ACCIDENTE DE EMBARCACIÓN QUE CAUSA OTROS TIPOS DE TRAUMATISMO, BOTE DE PESCA",,,,0
V913,"ACCIDENTE DE EMBARCACIÓN QUE CAUSA OTROS TIPOS DE TRAUMATISMO, OTRO VEHÍCULO ACUÁTICO CON MOTOR",,,,0
V914,"ACCIDENTE DE EMBARCACIÓN QUE CAUSA OTROS TIPOS DE TRAUMATISMO, VELERO",,,,0
V915,"ACCIDENTE DE EMBARCACIÓN QUE CAUSA OTROS TIPOS DE TRAUMATISMO, CANOA O KAYAK",,,,0
V916,"ACCIDENTE DE EMBARCACIÓN QUE CAUSA OTROS TIPOS DE TRAUMATISMO, BALSA INFLABLE (SIN MOTOR)",,,,0
V917,"ACCIDENTE DE EMBARCACIÓN QUE CAUSA OTROS TIPOS DE TRAUMATISMO, ESQUÍ ACUÁTICO",,,,0
V918,"ACCIDENTE DE EMBARCACIÓN QUE CAUSA OTROS TIPOS DE TRAUMATISMO, OTRO VEHÍCULO ACUÁTICO SIN MOTOR",,,,0
V919,"ACCIDENTE DE EMBARCACIÓN QUE CAUSA OTROS TIPOS DE TRAUMATISMO, VEHÍCULO ACUÁTICO NO ESPECIFICADO",,,,0
V920,"AHOGAMIENTO Y SUMERSIÓN RELACIONADOS CON TRANSPORTE POR AGUA, SIN ACCIDENTE A LA EMBARCACIÓN, BARCO MERCANTE",,,,0
V921,"AHOGAMIENTO Y SUMERSIÓN RELACIONADOS CON TRANSPORTE POR AGUA, SIN ACCIDENTE A LA EMBARCACIÓN, BARCO DE PASAJEROS",,,,0
V922,"AHOGAMIENTO Y SUMERSIÓN RELACIONADOS CON TRANSPORTE POR AGUA, SIN ACCIDENTE A LA EMBARCACIÓN, BOTE DE PESCA",,,,0
V923,"AHOGAMIENTO Y SUMERSIÓN RELACIONADOS CON TRANSPORTE POR AGUA, SIN ACCIDENTE A LA EMBARCACIÓN, OTRO VEHÍCULO ACUÁTICO CON MOTOR",,,,0
V924,"AHOGAMIENTO Y SUMERSIÓN RELACIONADOS CON TRANSPORTE POR AGUA, SIN ACCIDENTE A LA EMBARCACIÓN, VELERO",,,,0
V925,"AHOGAMIENTO Y SUMERSIÓN RELACIONADOS CON TRANSPORTE POR AGUA, SIN ACCIDENTE A LA EMBARCACIÓN, CANOA O KAYAK",,,,0
V926,"AHOGAMIENTO Y SUMERSIÓN RELACIONADOS CON TRANSPORTE POR AGUA, SIN ACCIDENTE A LA EMBARCACIÓN, BALSA INFLABLE (SIN MOTOR)",,,,0
V927,"AHOGAMIENTO Y SUMERSIÓN RELACIONADOS CON TRANSPORTE POR AGUA, SIN ACCIDENTE A LA EMBARCACIÓN, ESQUÍ ACUÁTICO",,,,0
V928,"AHOGAMIENTO Y SUMERSIÓN RELACIONADOS CON TRANSPORTE POR AGUA, SIN ACCIDENTE A LA EMBARCACIÓN, OTRO VEHÍCULO ACUÁTICO SIN MOTOR",,,,0
V929,"AHOGAMIENTO Y SUMERSIÓN RELACIONADOS CON TRANSPORTE POR AGUA, SIN ACCIDENTE A LA EMBARCACIÓN, VEHÍCULO ACUÁTICO NO ESPECIFICADO",,,,0
V930,"ACCIDENTE EN UNA EMBARCACIÓN, SIN ACCIDENTE A LA EMBARCACIÓN, QUE NO CAUSA AHOGAMIENTO O SUMERSIÓN, BARCO MERCANTE",,,,0
V931,"ACCIDENTE EN UNA EMBARCACIÓN, SIN ACCIDENTE A LA EMBARCACIÓN, QUE NO CAUSA AHOGAMIENTO O SUMERSIÓN, BARCO DE PASAJEROS",,,,0
V932,"ACCIDENTE EN UNA EMBARCACIÓN, SIN ACCIDENTE A LA EMBARCACIÓN, QUE NO CAUSA AHOGAMIENTO O SUMERSIÓN, BOTE DE PESCA",,,,0
V933,"ACCIDENTE EN UNA EMBARCACIÓN, SIN ACCIDENTE A LA EMBARCACIÓN, QUE NO CAUSA AHOGAMIENTO O SUMERSIÓN, OTRO VEHÍCULO ACUÁTICO CON MOTOR",,,,0
V934,"ACCIDENTE EN UNA EMBARCACIÓN, SIN ACCIDENTE A LA EMBARCACIÓN, QUE NO CAUSA AHOGAMIENTO O SUMERSIÓN, VELERO",,,,0
V935,"ACCIDENTE EN UNA EMBARCACIÓN, SIN ACCIDENTE A LA EMBARCACIÓN, QUE NO CAUSA AHOGAMIENTO O SUMERSIÓN, CANOA O KAYAK",,,,0
V936,"ACCIDENTE EN UNA EMBARCACIÓN, SIN ACCIDENTE A LA EMBARCACIÓN, QUE NO CAUSA AHOGAMIENTO O SUMERSIÓN, BALSA INFLABLE (SIN MOTOR)",,,,0
V937,"ACCIDENTE EN UNA EMBARCACIÓN, SIN ACCIDENTE A LA EMBARCACIÓN, QUE NO CAUSA AHOGAMIENTO O SUMERSIÓN, ESQUÍ ACUÁTICO",,,,0
V938,"ACCIDENTE EN UNA EMBARCACIÓN, SIN ACCIDENTE A LA EMBARCACIÓN, QUE NO CAUSA AHOGAMIENTO O SUMERSIÓN, OTRO VEHÍCULO ACUÁTICO SIN MOTOR",,,,0
V939,"ACCIDENTE EN UNA EMBARCACIÓN, SIN ACCIDENTE A LA EMBARCACIÓN, QUE NO CAUSA AHOGAMIENTO O SUMERSIÓN, VEHÍCULO ACUÁTICO NO ESPECIFICADO",,,,0
V940,"OTROS ACCIDENTES DE TRANSPORTE POR AGUA, Y LOS NO ESPECIFICADOS, BARCO MERCANTE",,,,0
V941,"OTROS ACCIDENTES DE TRANSPORTE POR AGUA, Y LOS NO ESPECIFICADOS, BARCO DE PASAJEROS",,,,0
V942,"OTROS ACCIDENTES DE TRANSPORTE POR AGUA, Y LOS NO ESPECIFICADOS, BOTE DE PESCA",,,,0
V943,"OTROS ACCIDENTES DE TRANSPORTE POR AGUA, Y LOS NO ESPECIFICADOS, OTRO VEHÍCULO ACUÁTICO CON MOTOR",,,,0
V944,"OTROS ACCIDENTES DE TRANSPORTE POR AGUA, Y LOS NO ESPECIFICADOS, VELERO",,,,0
V945,"OTROS ACCIDENTES DE TRANSPORTE POR AGUA, Y LOS NO ESPECIFICADOS, CANOA O KAYAK",,,,0
V946,"OTROS ACCIDENTES DE TRANSPORTE POR AGUA, Y LOS NO ESPECIFICADOS, BALSA INFLABLE (SIN MOTOR)",,,,0
V947,"OTROS ACCIDENTES DE TRANSPORTE POR AGUA, Y LOS NO ESPECIFICADOS, ESQUÍ ACUÁTICO",,,,0
V948,"OTROS ACCIDENTES DE TRANSPORTE POR AGUA, Y LOS NO ESPECIFICADOS, OTRO VEHÍCULO ACUÁTICO SIN MOTOR",,,,0
V949,"OTROS ACCIDENTES DE TRANSPORTE POR AGUA, Y LOS NO ESPECIFICADOS, VEHÍCULO ACUÁTICO NO ESPECIFICADO",,,,0
V950,ACCIDENTE DE HELICÓPTERO CON OCUPANTE LESIONADO,,,,0
V951,"ACCIDENTE DE PLANEADOR ULTRA LIVIANO, MICRO LIVIANO O MOTORIZADO, CON OCUPANTE LESIONADO",,,,0
V952,"ACCIDENTE DE OTROS VEHÍCULOS AÉREOS DE ALAS FIJAS, PRIVADOS, CON OCUPANTE LESIONADO",,,,0
V953,"ACCIDENTE DE VEHÍCULO AÉREO DE ALAS FIJAS, COMERCIAL, CON OCUPANTE LESIONADO",,,,0
V954,"ACCIDENTE DE NAVE ESPACIAL, CON OCUPANTE LESIONADO",,,,0
V958,"ACCIDENTE DE OTRAS AERONAVES, CON OCUPANTE LESIONADO",,,,0
V959,"ACCIDENTE DE AERONAVE NO ESPECIFICADA, CON OCUPANTE LESIONADO",,,,0
V960,"ACCIDENTE DE GLOBO AEROSTÁTICO, CON OCUPANTE LESIONADO",,,,0
V961,"ACCIDENTE DE ALA DELTA, CON OCUPANTE LESIONADO",,,,0
V962,"ACCIDENTE DE PLANEADOR (SIN MOTOR), CON OCUPANTE LESIONADO",,,,0
V968,"ACCIDENTE DE OTRAS AERONAVES SIN MOTOR, CON OCUPANTE LESIONADO",,,,0
V969,"ACCIDENTE DE AERONAVE SIN MOTOR NO ESPECIFICADA, CON OCUPANTE LESIONADO",,,,0
V970,OCUPANTE DE AERONAVE LESIONADO EN OTROS ACCIDENTES ESPECIFICADOS DE TRANSPORTE AÉREO,,,,0
V971,PERSONA LESIONADA AL SUBIR O BAJAR DE UNA AERONAVE,,,,0
V972,PARACAIDISTA LESIONADO EN ACCIDENTE DE TRANSPORTE AÉREO,,,,0
V973,PERSONA EN TIERRA LESIONADA POR ACCIDENTE DE TRANSPORTE AÉREO,,,,0
V978,"OTROS ACCIDENTES DE TRANSPORTE AÉREO, NO CLASIFICADOS EN OTRA PARTE",,,,0
V98,OTROS ACCIDENTES DE TRANSPORTE ESPECIFICADOS,,,,0
V99,ACCIDENTE DE TRANSPORTE NO ESPECIFICADO,,,,0
W000,"CAÍDA EN EL MISMO NIVEL POR HIELO O NIEVE, VIVIENDA",,,,0
W001,"CAÍDA EN EL MISMO NIVEL POR HIELO O NIEVE, INSTITUCIÓN RESIDENCIAL",,,,0
W002,"CAÍDA EN EL MISMO NIVEL POR HIELO O NIEVE, ESCUELAS, OTRAS INSTITUCIONES Y ÁREAS ADMINISTRATIVAS PÚBLICAS",,,,0
W003,"CAÍDA EN EL MISMO NIVEL POR HIELO O NIEVE, ÁREAS DE DEPORTE Y ATLETISMO",,,,0
W004,"CAÍDA EN EL MISMO NIVEL POR HIELO O NIEVE, CALLES Y CARRETERAS",,,,0
W005,"CAÍDA EN EL MISMO NIVEL POR HIELO O NIEVE, COMERCIO Y ÁREA DE SERVICIOS",,,,0
W006,"CAÍDA EN EL MISMO NIVEL POR HIELO O NIEVE, ÁREA INDUSTRIAL Y DE LA CONSTRUCCIÓN",,,,0
W007,"CAÍDA EN EL MISMO NIVEL POR HIELO O NIEVE, GRANJA",,,,0
W008,"CAÍDA EN EL MISMO NIVEL POR HIELO O NIEVE, OTRO LUGAR ESPECIFICADO",,,,0
W009,"CAÍDA EN EL MISMO NIVEL POR HIELO O NIEVE, LUGAR NO ESPECIFICADO",,,,0
W010,"CAÍDA EN EL MISMO NIVEL POR DESLIZAMIENTO, TROPEZÓN Y TRASPIÉ, VIVIENDA",,,,0
W011,"CAÍDA EN EL MISMO NIVEL POR DESLIZAMIENTO, TROPEZÓN Y TRASPIÉ, INSTITUCIÓN RESIDENCIAL",,,,0
W012,"CAÍDA EN EL MISMO NIVEL POR DESLIZAMIENTO, TROPEZÓN Y TRASPIÉ, ESCUELAS, OTRAS INSTITUCIONES Y ÁREAS ADMINISTRATIVAS PÚBLICAS",,,,0
W013,"CAÍDA EN EL MISMO NIVEL POR DESLIZAMIENTO, TROPEZÓN Y TRASPIÉ, ÁREAS DE DEPORTE Y ATLETISMO",,,,0
W014,"CAÍDA EN EL MISMO NIVEL POR DESLIZAMIENTO, TROPEZÓN Y TRASPIÉ, CALLES Y CARRETERAS",,,,0
W015,"CAÍDA EN EL MISMO NIVEL POR DESLIZAMIENTO, TROPEZÓN Y TRASPIÉ, COMERCIO Y ÁREA DE SERVICIOS",,,,0
W016,"CAÍDA EN EL MISMO NIVEL POR DESLIZAMIENTO, TROPEZÓN Y TRASPIÉ, ÁREA INDUSTRIAL Y DE LA CONSTRUCCIÓN",,,,0
W017,"CAÍDA EN EL MISMO NIVEL POR DESLIZAMIENTO, TROPEZÓN Y TRASPIÉ, GRANJA",,,,0
W018,"CAÍDA EN EL MISMO NIVEL POR DESLIZAMIENTO, TROPEZÓN Y TRASPIÉ, OTRO LUGAR ESPECIFICADO",,,,0
W019,"CAÍDA EN EL MISMO NIVEL POR DESLIZAMIENTO, TROPEZÓN Y TRASPIÉ, LUGAR NO ESPECIFICADO",,,,0
W020,"CAÍDA POR PATINES PARA HIELO, ESQUÍS, PATINES DE RUEDAS O PATINETA, VIVIENDA",,,,0
W021,"CAÍDA POR PATINES PARA HIELO, ESQUÍS, PATINES DE RUEDAS O PATINETA, INSTITUCIÓN RESIDENCIAL",,,,0
W022,"CAÍDA POR PATINES PARA HIELO, ESQUÍS, PATINES DE RUEDAS O PATINETA, ESCUELAS, OTRAS INSTITUCIONES Y ÁREAS ADMINISTRATIVAS PÚBLICAS",,,,0
W023,"CAÍDA POR PATINES PARA HIELO, ESQUÍS, PATINES DE RUEDAS O PATINETA, ÁREAS DE DEPORTE Y ATLETISMO",,,,0
W024,"CAÍDA POR PATINES PARA HIELO, ESQUÍS, PATINES DE RUEDAS O PATINETA, CALLES Y CARRETERAS",,,,0
W025,"CAÍDA POR PATINES PARA HIELO, ESQUÍS, PATINES DE RUEDAS O PATINETA, COMERCIO Y ÁREA DE SERVICIOS",,,,0
W026,"CAÍDA POR PATINES PARA HIELO, ESQUÍS, PATINES DE RUEDAS O PATINETA, ÁREA INDUSTRIAL Y DE LA CONSTRUCCIÓN",,,,0
W027,"CAÍDA POR PATINES PARA HIELO, ESQUÍS, PATINES DE RUEDAS O PATINETA, GRANJA",,,,0
W028,"CAÍDA POR PATINES PARA HIELO, ESQUÍS, PATINES DE RUEDAS O PATINETA, OTRO LUGAR ESPECIFICADO",,,,0
W029,"CAÍDA POR PATINES PARA HIELO, ESQUÍS, PATINES DE RUEDAS O PATINETA, LUGAR NO ESPECIFICADO",,,,0
W030,"OTRAS CAÍDAS EN EL MISMO NIVEL POR COLISIÓN CON O POR EMPUJÓN DE OTRA PERSONA, VIVIENDA",,,,0
W031,"OTRAS CAÍDAS EN EL MISMO NIVEL POR COLISIÓN CON O POR EMPUJÓN DE OTRA PERSONA, INSTITUCIÓN RESIDENCIAL",,,,0
W032,"OTRAS CAÍDAS EN EL MISMO NIVEL POR COLISIÓN CON O POR EMPUJÓN DE OTRA PERSONA, ESCUELAS, OTRAS INSTITUCIONES Y ÁREAS ADMINISTRATIVAS PÚBLICAS",,,,0
W033,"OTRAS CAÍDAS EN EL MISMO NIVEL POR COLISIÓN CON O POR EMPUJÓN DE OTRA PERSONA, ÁREAS DE DEPORTE Y ATLETISMO",,,,0
W034,"OTRAS CAÍDAS EN EL MISMO NIVEL POR COLISIÓN CON O POR EMPUJÓN DE OTRA PERSONA, CALLES Y CARRETERAS",,,,0
W035,"OTRAS CAÍDAS EN EL MISMO NIVEL POR COLISIÓN CON O POR EMPUJÓN DE OTRA PERSONA, COMERCIO Y ÁREA DE SERVICIOS",,,,0
W036,"OTRAS CAÍDAS EN EL MISMO NIVEL POR COLISIÓN CON O POR EMPUJÓN DE OTRA PERSONA, ÁREA INDUSTRIAL Y DE LA CONSTRUCCIÓN",,,,0
W037,"OTRAS CAÍDAS EN EL MISMO NIVEL POR COLISIÓN CON O POR EMPUJÓN DE OTRA PERSONA, GRANJA",,,,0
W038,"OTRAS CAÍDAS EN EL MISMO NIVEL POR COLISIÓN CON O POR EMPUJÓN DE OTRA PERSONA, OTRO LUGAR ESPECIFICADO",,,,0
W039,"OTRAS CAÍDAS EN EL MISMO NIVEL POR COLISIÓN CON O POR EMPUJÓN DE OTRA PERSONA, LUGAR NO ESPECIFICADO",,,,0
W040,"CAÍDA AL SER TRASLADADO O SOSTENIDO POR OTRAS PERSONAS, VIVIENDA",,,,0
W041,"CAÍDA AL SER TRASLADADO O SOSTENIDO POR OTRAS PERSONAS, INSTITUCIÓN RESIDENCIAL",,,,0
W042,"CAÍDA AL SER TRASLADADO O SOSTENIDO POR OTRAS PERSONAS, ESCUELAS, OTRAS INSTITUCIONES Y ÁREAS ADMINISTRATIVAS PÚBLICAS",,,,0
W043,"CAÍDA AL SER TRASLADADO O SOSTENIDO POR OTRAS PERSONAS, ÁREAS DE DEPORTE Y ATLETISMO",,,,0
W044,"CAÍDA AL SER TRASLADADO O SOSTENIDO POR OTRAS PERSONAS, CALLES Y CARRETERAS",,,,0
W045,"CAÍDA AL SER TRASLADADO O SOSTENIDO POR OTRAS PERSONAS, COMERCIO Y ÁREA DE SERVICIOS",,,,0
W046,"CAÍDA AL SER TRASLADADO O SOSTENIDO POR OTRAS PERSONAS, ÁREA INDUSTRIAL Y DE LA CONSTRUCCIÓN",,,,0
W047,"CAÍDA AL SER TRASLADADO O SOSTENIDO POR OTRAS PERSONAS, GRANJA",,,,0
W048,"CAÍDA AL SER TRASLADADO O SOSTENIDO POR OTRAS PERSONAS, OTRO LUGAR ESPECIFICADO",,,,0
W049,"CAÍDA AL SER TRASLADADO O SOSTENIDO POR OTRAS PERSONAS, LUGAR NO ESPECIFICADO",,,,0
W050,"CAÍDA QUE IMPLICA SILLA DE RUEDAS, VIVIENDA",,,,0
W051,"CAÍDA QUE IMPLICA SILLA DE RUEDAS, INSTITUCIÓN RESIDENCIAL",,,,0
W052,"CAÍDA QUE IMPLICA SILLA DE RUEDAS, ESCUELAS, OTRAS INSTITUCIONES Y ÁREAS ADMINISTRATIVAS PÚBLICAS",,,,0
W053,"CAÍDA QUE IMPLICA SILLA DE RUEDAS, ÁREAS DE DEPORTE Y ATLETISMO",,,,0
W054,"CAÍDA QUE IMPLICA SILLA DE RUEDAS, CALLES Y CARRETERAS",,,,0
W055,"CAÍDA QUE IMPLICA SILLA DE RUEDAS, COMERCIO Y ÁREA DE SERVICIOS",,,,0
W056,"CAÍDA QUE IMPLICA SILLA DE RUEDAS, ÁREA INDUSTRIAL Y DE LA CONSTRUCCIÓN",,,,0
W057,"CAÍDA QUE IMPLICA SILLA DE RUEDAS, GRANJA",,,,0
W058,"CAÍDA QUE IMPLICA SILLA DE RUEDAS, OTRO LUGAR ESPECIFICADO",,,,0
W059,"CAÍDA QUE IMPLICA SILLA DE RUEDAS, LUGAR NO ESPECIFICADO",,,,0
W060,"CAÍDA QUE IMPLICA CAMA, VIVIENDA",,,,0
W061,"CAÍDA QUE IMPLICA CAMA, INSTITUCIÓN RESIDENCIAL",,,,0
W062,"CAÍDA QUE IMPLICA CAMA, ESCUELAS, OTRAS INSTITUCIONES Y ÁREAS ADMINISTRATIVAS PÚBLICAS",,,,0
W063,"CAÍDA QUE IMPLICA CAMA, ÁREAS DE DEPORTE Y ATLETISMO",,,,0
W064,"CAÍDA QUE IMPLICA CAMA, CALLES Y CARRETERAS",,,,0
W065,"CAÍDA QUE IMPLICA CAMA, COMERCIO Y ÁREA DE SERVICIOS",,,,0
W066,"CAÍDA QUE IMPLICA CAMA, ÁREA INDUSTRIAL Y DE LA CONSTRUCCIÓN",,,,0
W067,"CAÍDA QUE IMPLICA CAMA, GRANJA",,,,0
W068,"CAÍDA QUE IMPLICA CAMA, OTRO LUGAR ESPECIFICADO",,,,0
W069,"CAÍDA QUE IMPLICA CAMA, LUGAR NO ESPECIFICADO",,,,0
W070,"CAÍDA QUE IMPLICA SILLA, VIVIENDA",,,,0
W071,"CAÍDA QUE IMPLICA SILLA, INSTITUCIÓN RESIDENCIAL",,,,0
W072,"CAÍDA QUE IMPLICA SILLA, ESCUELAS, OTRAS INSTITUCIONES Y ÁREAS ADMINISTRATIVAS PÚBLICAS",,,,0
W073,"CAÍDA QUE IMPLICA SILLA, ÁREAS DE DEPORTE Y ATLETISMO",,,,0
W074,"CAÍDA QUE IMPLICA SILLA, CALLES Y CARRETERAS",,,,0
W075,"CAÍDA QUE IMPLICA SILLA, COMERCIO Y ÁREA DE SERVICIOS",,,,0
W076,"CAÍDA QUE IMPLICA SILLA, ÁREA INDUSTRIAL Y DE LA CONSTRUCCIÓN",,,,0
W077,"CAÍDA QUE IMPLICA SILLA, GRANJA",,,,0
W078,"CAÍDA QUE IMPLICA SILLA, OTRO LUGAR ESPECIFICADO",,,,0
W079,"CAÍDA QUE IMPLICA SILLA, LUGAR NO ESPECIFICADO",,,,0
W080,"CAÍDA QUE IMPLICA OTRO MUEBLE, VIVIENDA",,,,0
W081,"CAÍDA QUE IMPLICA OTRO MUEBLE, INSTITUCIÓN RESIDENCIAL",,,,0
W082,"CAÍDA QUE IMPLICA OTRO MUEBLE, ESCUELAS, OTRAS INSTITUCIONES Y ÁREAS ADMINISTRATIVAS PÚBLICAS",,,,0
W083,"CAÍDA QUE IMPLICA OTRO MUEBLE, ÁREAS DE DEPORTE Y ATLETISMO",,,,0
W084,"CAÍDA QUE IMPLICA OTRO MUEBLE, CALLES Y CARRETERAS",,,,0
W085,"CAÍDA QUE IMPLICA OTRO MUEBLE, COMERCIO Y ÁREA DE SERVICIOS",,,,0
W086,"CAÍDA QUE IMPLICA OTRO MUEBLE, ÁREA INDUSTRIAL Y DE LA CONSTRUCCIÓN",,,,0
W087,"CAÍDA QUE IMPLICA OTRO MUEBLE, GRANJA",,,,0
W088,"CAÍDA QUE IMPLICA OTRO MUEBLE, OTRO LUGAR ESPECIFICADO",,,,0
W089,"CAÍDA QUE IMPLICA OTRO MUEBLE, LUGAR NO ESPECIFICADO",,,,0
W090,"CAÍDA QUE IMPLICA EQUIPOS PARA JUEGOS INFANTILES, VIVIENDA",,,,0
W091,"CAÍDA QUE IMPLICA EQUIPOS PARA JUEGOS INFANTILES, INSTITUCIÓN RESIDENCIAL",,,,0
W092,"CAÍDA QUE IMPLICA EQUIPOS PARA JUEGOS INFANTILES, ESCUELAS, OTRAS INSTITUCIONES Y ÁREAS ADMINISTRATIVAS PÚBLICAS",,,,0
W093,"CAÍDA QUE IMPLICA EQUIPOS PARA JUEGOS INFANTILES, ÁREAS DE DEPORTE Y ATLETISMO",,,,0
W094,"CAÍDA QUE IMPLICA EQUIPOS PARA JUEGOS INFANTILES, CALLES Y CARRETERAS",,,,0
W095,"CAÍDA QUE IMPLICA EQUIPOS PARA JUEGOS INFANTILES, COMERCIO Y ÁREA DE SERVICIOS",,,,0
W096,"CAÍDA QUE IMPLICA EQUIPOS PARA JUEGOS INFANTILES, ÁREA INDUSTRIAL Y DE LA CONSTRUCCIÓN",,,,0
W097,"CAÍDA QUE IMPLICA EQUIPOS PARA JUEGOS INFANTILES, GRANJA",,,,0
W098,"CAÍDA QUE IMPLICA EQUIPOS PARA JUEGOS INFANTILES, OTRO LUGAR ESPECIFICADO",,,,0
W099,"CAÍDA QUE IMPLICA EQUIPOS PARA JUEGOS INFANTILES, LUGAR NO ESPECIFICADO",,,,0
W100,"CAÍDA EN O DESDE ESCALERA Y ESCALONES, VIVIENDA",,,,0
W101,"CAÍDA EN O DESDE ESCALERA Y ESCALONES, INSTITUCIÓN RESIDENCIAL",,,,0
W102,"CAÍDA EN O DESDE ESCALERA Y ESCALONES, ESCUELAS, OTRAS INSTITUCIONES Y ÁREAS ADMINISTRATIVAS PÚBLICAS",,,,0
W103,"CAÍDA EN O DESDE ESCALERA Y ESCALONES, ÁREAS DE DEPORTE Y ATLETISMO",,,,0
W104,"CAÍDA EN O DESDE ESCALERA Y ESCALONES, CALLES Y CARRETERAS",,,,0
W105,"CAÍDA EN O DESDE ESCALERA Y ESCALONES, COMERCIO Y ÁREA DE SERVICIOS",,,,0
W106,"CAÍDA EN O DESDE ESCALERA Y ESCALONES, ÁREA INDUSTRIAL Y DE LA CONSTRUCCIÓN",,,,0
W107,"CAÍDA EN O DESDE ESCALERA Y ESCALONES, GRANJA",,,,0
W108,"CAÍDA EN O DESDE ESCALERA Y ESCALONES, OTRO LUGAR ESPECIFICADO",,,,0
W109,"CAÍDA EN O DESDE ESCALERA Y ESCALONES, LUGAR NO ESPECIFICADO",,,,0
W110,"CAÍDA EN O DESDE ESCALERAS MANUALES, VIVIENDA",,,,0
W111,"CAÍDA EN O DESDE ESCALERAS MANUALES, INSTITUCIÓN RESIDENCIAL",,,,0
W112,"CAÍDA EN O DESDE ESCALERAS MANUALES, ESCUELAS, OTRAS INSTITUCIONES Y ÁREAS ADMINISTRATIVAS PÚBLICAS",,,,0
W113,"CAÍDA EN O DESDE ESCALERAS MANUALES, ÁREAS DE DEPORTE Y ATLETISMO",,,,0
W114,"CAÍDA EN O DESDE ESCALERAS MANUALES, CALLES Y CARRETERAS",,,,0
W115,"CAÍDA EN O DESDE ESCALERAS MANUALES, COMERCIO Y ÁREA DE SERVICIOS",,,,0
W116,"CAÍDA EN O DESDE ESCALERAS MANUALES, ÁREA INDUSTRIAL Y DE LA CONSTRUCCIÓN",,,,0
W117,"CAÍDA EN O DESDE ESCALERAS MANUALES, GRANJA",,,,0
W118,"CAÍDA EN O DESDE ESCALERAS MANUALES, OTRO LUGAR ESPECIFICADO",,,,0
W119,"CAÍDA EN O DESDE ESCALERAS MANUALES, LUGAR NO ESPECIFICADO",,,,0
W120,"CAÍDA EN O DESDE ANDAMIO, VIVIENDA",,,,0
W121,"CAÍDA EN O DESDE ANDAMIO, INSTITUCIÓN RESIDENCIAL",,,,0
W122,"CAÍDA EN O DESDE ANDAMIO, ESCUELAS, OTRAS INSTITUCIONES Y ÁREAS ADMINISTRATIVAS PÚBLICAS",,,,0
W123,"CAÍDA EN O DESDE ANDAMIO, ÁREAS DE DEPORTE Y ATLETISMO",,,,0
W124,"CAÍDA EN O DESDE ANDAMIO, CALLES Y CARRETERAS",,,,0
W125,"CAÍDA EN O DESDE ANDAMIO, COMERCIO Y ÁREA DE SERVICIOS",,,,0
W126,"CAÍDA EN O DESDE ANDAMIO, ÁREA INDUSTRIAL Y DE LA CONSTRUCCIÓN",,,,0
W127,"CAÍDA EN O DESDE ANDAMIO, GRANJA",,,,0
W128,"CAÍDA EN O DESDE ANDAMIO, OTRO LUGAR ESPECIFICADO",,,,0
W129,"CAÍDA EN O DESDE ANDAMIO, LUGAR NO ESPECIFICADO",,,,0
W130,"CAÍDA DESDE, FUERA O A TRAVÉS DE UN EDIFICIO U OTRA CONSTRUCCIÓN, VIVIENDA",,,,0
W131,"CAÍDA DESDE, FUERA O A TRAVÉS DE UN EDIFICIO U OTRA CONSTRUCCIÓN, INSTITUCIÓN RESIDENCIAL",,,,0
W132,"CAÍDA DESDE, FUERA O A TRAVÉS DE UN EDIFICIO U OTRA CONSTRUCCIÓN, ESCUELAS, OTRAS INSTITUCIONES Y ÁREAS ADMINISTRATIVAS PÚBLICAS",,,,0
W133,"CAÍDA DESDE, FUERA O A TRAVÉS DE UN EDIFICIO U OTRA CONSTRUCCIÓN, ÁREAS DE DEPORTE Y ATLETISMO",,,,0
W134,"CAÍDA DESDE, FUERA O A TRAVÉS DE UN EDIFICIO U OTRA CONSTRUCCIÓN, CALLES Y CARRETERAS",,,,0
W135,"CAÍDA DESDE, FUERA O A TRAVÉS DE UN EDIFICIO U OTRA CONSTRUCCIÓN, COMERCIO Y ÁREA DE SERVICIOS",,,,0
W136,"CAÍDA DESDE, FUERA O A TRAVÉS DE UN EDIFICIO U OTRA CONSTRUCCIÓN, ÁREA INDUSTRIAL Y DE LA CONSTRUCCIÓN",,,,0
W137,"CAÍDA DESDE, FUERA O A TRAVÉS DE UN EDIFICIO U OTRA CONSTRUCCIÓN, GRANJA",,,,0
W138,"CAÍDA DESDE, FUERA O A TRAVÉS DE UN EDIFICIO U OTRA CONSTRUCCIÓN, OTRO LUGAR ESPECIFICADO",,,,0
W139,"CAÍDA DESDE, FUERA O A TRAVÉS DE UN EDIFICIO U OTRA CONSTRUCCIÓN, LUGAR NO ESPECIFICADO",,,,0
W140,"CAÍDA DESDE UN ÁRBOL, VIVIENDA",,,,0
W141,"CAÍDA DESDE UN ÁRBOL, INSTITUCIÓN RESIDENCIAL",,,,0
W142,"CAÍDA DESDE UN ÁRBOL, ESCUELAS, OTRAS INSTITUCIONES Y ÁREAS ADMINISTRATIVAS PÚBLICAS",,,,0
W143,"CAÍDA DESDE UN ÁRBOL, ÁREAS DE DEPORTE Y ATLETISMO",,,,0
W144,"CAÍDA DESDE UN ÁRBOL, CALLES Y CARRETERAS",,,,0
W145,"CAÍDA DESDE UN ÁRBOL, COMERCIO Y ÁREA DE SERVICIOS",,,,0
W146,"CAÍDA DESDE UN ÁRBOL, ÁREA INDUSTRIAL Y DE LA CONSTRUCCIÓN",,,,0
W147,"CAÍDA DESDE UN ÁRBOL, GRANJA",,,,0
W148,"CAÍDA DESDE UN ÁRBOL, OTRO LUGAR ESPECIFICADO",,,,0
W149,"CAÍDA DESDE UN ÁRBOL, LUGAR NO ESPECIFICADO",,,,0
W150,"CAÍDA DESDE PEÑASCO, VIVIENDA",,,,0
W151,"CAÍDA DESDE PEÑASCO, INSTITUCIÓN RESIDENCIAL",,,,0
W152,"CAÍDA DESDE PEÑASCO, ESCUELAS, OTRAS INSTITUCIONES Y ÁREAS ADMINISTRATIVAS PÚBLICAS",,,,0
W153,"CAÍDA DESDE PEÑASCO, ÁREAS DE DEPORTE Y ATLETISMO",,,,0
W154,"CAÍDA DESDE PEÑASCO, CALLES Y CARRETERAS",,,,0
W155,"CAÍDA DESDE PEÑASCO, COMERCIO Y ÁREA DE SERVICIOS",,,,0
W156,"CAÍDA DESDE PEÑASCO, ÁREA INDUSTRIAL Y DE LA CONSTRUCCIÓN",,,,0
W157,"CAÍDA DESDE PEÑASCO, GRANJA",,,,0
W158,"CAÍDA DESDE PEÑASCO, OTRO LUGAR ESPECIFICADO",,,,0
W159,"CAÍDA DESDE PEÑASCO, LUGAR NO ESPECIFICADO",,,,0
W160,"SALTO O ZAMBULLIDA DENTRO DEL AGUA QUE CAUSA OTRO TRAUMATISMO SIN SUMERSIÓN O AHOGAMIENTO, VIVIENDA",,,,0
W161,"SALTO O ZAMBULLIDA DENTRO DEL AGUA QUE CAUSA OTRO TRAUMATISMO SIN SUMERSIÓN O AHOGAMIENTO, INSTITUCIÓN RESIDENCIAL",,,,0
W162,"SALTO O ZAMBULLIDA DENTRO DEL AGUA QUE CAUSA OTRO TRAUMATISMO SIN SUMERSIÓN O AHOGAMIENTO, ESCUELAS, OTRAS INSTITUCIONES Y ÁREAS ADMINISTRATIVAS PÚBLICAS",,,,0
W163,"SALTO O ZAMBULLIDA DENTRO DEL AGUA QUE CAUSA OTRO TRAUMATISMO SIN SUMERSIÓN O AHOGAMIENTO, ÁREAS DE DEPORTE Y ATLETISMO",,,,0
W164,"SALTO O ZAMBULLIDA DENTRO DEL AGUA QUE CAUSA OTRO TRAUMATISMO SIN SUMERSIÓN O AHOGAMIENTO, CALLES Y CARRETERAS",,,,0
W165,"SALTO O ZAMBULLIDA DENTRO DEL AGUA QUE CAUSA OTRO TRAUMATISMO SIN SUMERSIÓN O AHOGAMIENTO, COMERCIO Y ÁREA DE SERVICIOS",,,,0
W166,"SALTO O ZAMBULLIDA DENTRO DEL AGUA QUE CAUSA OTRO TRAUMATISMO SIN SUMERSIÓN O AHOGAMIENTO, ÁREA INDUSTRIAL Y DE LA CONSTRUCCIÓN",,,,0
W167,"SALTO O ZAMBULLIDA DENTRO DEL AGUA QUE CAUSA OTRO TRAUMATISMO SIN SUMERSIÓN O AHOGAMIENTO, GRANJA",,,,0
W168,"SALTO O ZAMBULLIDA DENTRO DEL AGUA QUE CAUSA OTRO TRAUMATISMO SIN SUMERSIÓN O AHOGAMIENTO, OTRO LUGAR ESPECIFICADO",,,,0
W169,"SALTO O ZAMBULLIDA DENTRO DEL AGUA QUE CAUSA OTRO TRAUMATISMO SIN SUMERSIÓN O AHOGAMIENTO, LUGAR NO ESPECIFICADO",,,,0
W170,"OTRAS CAÍDAS DE UN NIVEL A OTRO, VIVIENDA",,,,0
W171,"OTRAS CAÍDAS DE UN NIVEL A OTRO, INSTITUCIÓN RESIDENCIAL",,,,0
W172,"OTRAS CAÍDAS DE UN NIVEL A OTRO, ESCUELAS, OTRAS INSTITUCIONES Y ÁREAS ADMINISTRATIVAS PÚBLICAS",,,,0
W173,"OTRAS CAÍDAS DE UN NIVEL A OTRO, ÁREAS DE DEPORTE Y ATLETISMO",,,,0
W174,"OTRAS CAÍDAS DE UN NIVEL A OTRO, CALLES Y CARRETERAS",,,,0
W175,"OTRAS CAÍDAS DE UN NIVEL A OTRO, COMERCIO Y ÁREA DE SERVICIOS",,,,0
W176,"OTRAS CAÍDAS DE UN NIVEL A OTRO, ÁREA INDUSTRIAL Y DE LA CONSTRUCCIÓN",,,,0
W177,"OTRAS CAÍDAS DE UN NIVEL A OTRO, GRANJA",,,,0
W178,"OTRAS CAÍDAS DE UN NIVEL A OTRO, OTRO LUGAR ESPECIFICADO",,,,0
W179,"OTRAS CAÍDAS DE UN NIVEL A OTRO, LUGAR NO ESPECIFICADO",,,,0
W180,"OTRAS CAÍDAS EN EL MISMO NIVEL, VIVIENDA",,,,0
W181,"OTRAS CAÍDAS EN EL MISMO NIVEL, INSTITUCIÓN RESIDENCIAL",,,,0
W182,"OTRAS CAÍDAS EN EL MISMO NIVEL, ESCUELAS, OTRAS INSTITUCIONES Y ÁREAS ADMINISTRATIVAS PÚBLICAS",,,,0
W183,"OTRAS CAÍDAS EN EL MISMO NIVEL, ÁREAS DE DEPORTE Y ATLETISMO",,,,0
W184,"OTRAS CAÍDAS EN EL MISMO NIVEL, CALLES Y CARRETERAS",,,,0
W185,"OTRAS CAÍDAS EN EL MISMO NIVEL, COMERCIO Y ÁREA DE SERVICIOS",,,,0
W186,"OTRAS CAÍDAS EN EL MISMO NIVEL, ÁREA INDUSTRIAL Y DE LA CONSTRUCCIÓN",,,,0
W187,"OTRAS CAÍDAS EN EL MISMO NIVEL, GRANJA",,,,0
W188,"OTRAS CAÍDAS EN EL MISMO NIVEL, OTRO LUGAR ESPECIFICADO",,,,0
W189,"OTRAS CAÍDAS EN EL MISMO NIVEL, LUGAR NO ESPECIFICADO",,,,0
W190,"CAÍDA NO ESPECIFICADA, VIVIENDA",,,,0
W191,"CAÍDA NO ESPECIFICADA, INSTITUCIÓN RESIDENCIAL",,,,0
W192,"CAÍDA NO ESPECIFICADA, ESCUELAS, OTRAS INSTITUCIONES Y ÁREAS ADMINISTRATIVAS PÚBLICAS",,,,0
W193,"CAÍDA NO ESPECIFICADA, ÁREAS DE DEPORTE Y ATLETISMO",,,,0
W194,"CAÍDA NO ESPECIFICADA, CALLES Y CARRETERAS",,,,0
W195,"CAÍDA NO ESPECIFICADA, COMERCIO Y ÁREA DE SERVICIOS",,,,0
W196,"CAÍDA NO ESPECIFICADA, ÁREA INDUSTRIAL Y DE LA CONSTRUCCIÓN",,,,0
W197,"CAÍDA NO ESPECIFICADA, GRANJA",,,,0
W198,"CAÍDA NO ESPECIFICADA, OTRO LUGAR ESPECIFICADO",,,,0
W199,"CAÍDA NO ESPECIFICADA, LUGAR NO ESPECIFICADO",,,,0
W200,"GOLPE POR OBJETO ARROJADO, PROYECTADO O QUE CAE, VIVIENDA",,,,0
W201,"GOLPE POR OBJETO ARROJADO, PROYECTADO O QUE CAE, INSTITUCIÓN RESIDENCIAL",,,,0
W202,"GOLPE POR OBJETO ARROJADO, PROYECTADO O QUE CAE, ESCUELAS, OTRAS INSTITUCIONES Y ÁREAS ADMINISTRATIVAS PÚBLICAS",,,,0
W203,"GOLPE POR OBJETO ARROJADO, PROYECTADO O QUE CAE, ÁREAS DE DEPORTE Y ATLETISMO",,,,0
W204,"GOLPE POR OBJETO ARROJADO, PROYECTADO O QUE CAE, CALLES Y CARRETERAS",,,,0
W205,"GOLPE POR OBJETO ARROJADO, PROYECTADO O QUE CAE, COMERCIO Y ÁREA DE SERVICIOS",,,,0
W206,"GOLPE POR OBJETO ARROJADO, PROYECTADO O QUE CAE, ÁREA INDUSTRIAL Y DE LA CONSTRUCCIÓN",,,,0
W207,"GOLPE POR OBJETO ARROJADO, PROYECTADO O QUE CAE, GRANJA",,,,0
W208,"GOLPE POR OBJETO ARROJADO, PROYECTADO O QUE CAE, OTRO LUGAR ESPECIFICADO",,,,0
W209,"GOLPE POR OBJETO ARROJADO, PROYECTADO O QUE CAE, LUGAR NO ESPECIFICADO",,,,0
W210,"GOLPE CONTRA O GOLPEADO POR EQUIPO PARA DEPORTES, VIVIENDA",,,,0
W211,"GOLPE CONTRA O GOLPEADO POR EQUIPO PARA DEPORTES, INSTITUCIÓN RESIDENCIAL",,,,0
W212,"GOLPE CONTRA O GOLPEADO POR EQUIPO PARA DEPORTES, ESCUELAS, OTRAS INSTITUCIONES Y ÁREAS ADMINISTRATIVAS PÚBLICAS",,,,0
W213,"GOLPE CONTRA O GOLPEADO POR EQUIPO PARA DEPORTES, ÁREAS DE DEPORTE Y ATLETISMO",,,,0
W214,"GOLPE CONTRA O GOLPEADO POR EQUIPO PARA DEPORTES, CALLES Y CARRETERAS",,,,0
W215,"GOLPE CONTRA O GOLPEADO POR EQUIPO PARA DEPORTES, COMERCIO Y ÁREA DE SERVICIOS",,,,0
W216,"GOLPE CONTRA O GOLPEADO POR EQUIPO PARA DEPORTES, ÁREA INDUSTRIAL Y DE LA CONSTRUCCIÓN",,,,0
W217,"GOLPE CONTRA O GOLPEADO POR EQUIPO PARA DEPORTES, GRANJA",,,,0
W218,"GOLPE CONTRA O GOLPEADO POR EQUIPO PARA DEPORTES, OTRO LUGAR ESPECIFICADO",,,,0
W219,"GOLPE CONTRA O GOLPEADO POR EQUIPO PARA DEPORTES, LUGAR NO ESPECIFICADO",,,,0
W220,"GOLPE CONTRA O GOLPEADO POR OTROS OBJETOS, VIVIENDA",,,,0
W221,"GOLPE CONTRA O GOLPEADO POR OTROS OBJETOS, INSTITUCIÓN RESIDENCIAL",,,,0
W222,"GOLPE CONTRA O GOLPEADO POR OTROS OBJETOS, ESCUELAS, OTRAS INSTITUCIONES Y ÁREAS ADMINISTRATIVAS PÚBLICAS",,,,0
W223,"GOLPE CONTRA O GOLPEADO POR OTROS OBJETOS, ÁREAS DE DEPORTE Y ATLETISMO",,,,0
W224,"GOLPE CONTRA O GOLPEADO POR OTROS OBJETOS, CALLES Y CARRETERAS",,,,0
W225,"GOLPE CONTRA O GOLPEADO POR OTROS OBJETOS, COMERCIO Y ÁREA DE SERVICIOS",,,,0
W226,"GOLPE CONTRA O GOLPEADO POR OTROS OBJETOS, ÁREA INDUSTRIAL Y DE LA CONSTRUCCIÓN",,,,0
W227,"GOLPE CONTRA O GOLPEADO POR OTROS OBJETOS, GRANJA",,,,0
W228,"GOLPE CONTRA O GOLPEADO POR OTROS OBJETOS, OTRO LUGAR ESPECIFICADO",,,,0
W229,"GOLPE CONTRA O GOLPEADO POR OTROS OBJETOS, LUGAR NO ESPECIFICADO",,,,0
W230,"ATRAPADO, APLASTADO, TRABADO O APRETADO EN O ENTRE OBJETOS, VIVIENDA",,,,0
W231,"ATRAPADO, APLASTADO, TRABADO O APRETADO EN O ENTRE OBJETOS, INSTITUCIÓN RESIDENCIAL",,,,0
W232,"ATRAPADO, APLASTADO, TRABADO O APRETADO EN O ENTRE OBJETOS, ESCUELAS, OTRAS INSTITUCIONES Y ÁREAS ADMINISTRATIVAS PÚBLICAS",,,,0
W233,"ATRAPADO, APLASTADO, TRABADO O APRETADO EN O ENTRE OBJETOS, ÁREAS DE DEPORTE Y ATLETISMO",,,,0
W234,"ATRAPADO, APLASTADO, TRABADO O APRETADO EN O ENTRE OBJETOS, CALLES Y CARRETERAS",,,,0
W235,"ATRAPADO, APLASTADO, TRABADO O APRETADO EN O ENTRE OBJETOS, COMERCIO Y ÁREA DE SERVICIOS",,,,0
W236,"ATRAPADO, APLASTADO, TRABADO O APRETADO EN O ENTRE OBJETOS, ÁREA INDUSTRIAL Y DE LA CONSTRUCCIÓN",,,,0
W237,"ATRAPADO, APLASTADO, TRABADO O APRETADO EN O ENTRE OBJETOS, GRANJA",,,,0
W238,"ATRAPADO, APLASTADO, TRABADO O APRETADO EN O ENTRE OBJETOS, OTRO LUGAR ESPECIFICADO",,,,0
W239,"ATRAPADO, APLASTADO, TRABADO O APRETADO EN O ENTRE OBJETOS, LUGAR NO ESPECIFICADO",,,,0
W240,"CONTACTO TRAUMÁTICO CON DISPOSITIVOS DE ELEVACIÓN Y TRANSMISIÓN, NO CLASIFICADOS EN OTRA PARTE, VIVIENDA",,,,0
W241,"CONTACTO TRAUMÁTICO CON DISPOSITIVOS DE ELEVACIÓN Y TRANSMISIÓN, NO CLASIFICADOS EN OTRA PARTE, INSTITUCIÓN RESIDENCIAL",,,,0
W242,"CONTACTO TRAUMÁTICO CON DISPOSITIVOS DE ELEVACIÓN Y TRANSMISIÓN, NO CLASIFICADOS EN OTRA PARTE, ESCUELAS, OTRAS INSTITUCIONES Y ÁREAS ADMINISTRATIVAS PÚBLICAS",,,,0
W243,"CONTACTO TRAUMÁTICO CON DISPOSITIVOS DE ELEVACIÓN Y TRANSMISIÓN, NO CLASIFICADOS EN OTRA PARTE, ÁREAS DE DEPORTE Y ATLETISMO",,,,0
W244,"CONTACTO TRAUMÁTICO CON DISPOSITIVOS DE ELEVACIÓN Y TRANSMISIÓN, NO CLASIFICADOS EN OTRA PARTE, CALLES Y CARRETERAS",,,,0
W245,"CONTACTO TRAUMÁTICO CON DISPOSITIVOS DE ELEVACIÓN Y TRANSMISIÓN, NO CLASIFICADOS EN OTRA PARTE, COMERCIO Y ÁREA DE SERVICIOS",,,,0
W246,"CONTACTO TRAUMÁTICO CON DISPOSITIVOS DE ELEVACIÓN Y TRANSMISIÓN, NO CLASIFICADOS EN OTRA PARTE, ÁREA INDUSTRIAL Y DE LA CONSTRUCCIÓN",,,,0
W247,"CONTACTO TRAUMÁTICO CON DISPOSITIVOS DE ELEVACIÓN Y TRANSMISIÓN, NO CLASIFICADOS EN OTRA PARTE, GRANJA",,,,0
W248,"CONTACTO TRAUMÁTICO CON DISPOSITIVOS DE ELEVACIÓN Y TRANSMISIÓN, NO CLASIFICADOS EN OTRA PARTE, OTRO LUGAR ESPECIFICADO",,,,0
W249,"CONTACTO TRAUMÁTICO CON DISPOSITIVOS DE ELEVACIÓN Y TRANSMISIÓN, NO CLASIFICADOS EN OTRA PARTE, LUGAR NO ESPECIFICADO",,,,0
W250,"CONTACTO TRAUMÁTICO CON VIDRIO CORTANTE, VIVIENDA",,,,0
W251,"CONTACTO TRAUMÁTICO CON VIDRIO CORTANTE, INSTITUCIÓN RESIDENCIAL",,,,0
W252,"CONTACTO TRAUMÁTICO CON VIDRIO CORTANTE, ESCUELAS, OTRAS INSTITUCIONES Y ÁREAS ADMINISTRATIVAS PÚBLICAS",,,,0
W253,"CONTACTO TRAUMÁTICO CON VIDRIO CORTANTE, ÁREAS DE DEPORTE Y ATLETISMO",,,,0
W254,"CONTACTO TRAUMÁTICO CON VIDRIO CORTANTE, CALLES Y CARRETERAS",,,,0
W255,"CONTACTO TRAUMÁTICO CON VIDRIO CORTANTE, COMERCIO Y ÁREA DE SERVICIOS",,,,0
W256,"CONTACTO TRAUMÁTICO CON VIDRIO CORTANTE, ÁREA INDUSTRIAL Y DE LA CONSTRUCCIÓN",,,,0
W257,"CONTACTO TRAUMÁTICO CON VIDRIO CORTANTE, GRANJA",,,,0
W258,"CONTACTO TRAUMÁTICO CON VIDRIO CORTANTE, OTRO LUGAR ESPECIFICADO",,,,0
W259,"CONTACTO TRAUMÁTICO CON VIDRIO CORTANTE, LUGAR NO ESPECIFICADO",,,,0
W260,"CONTACTO TRAUMÁTICO CON CUCHILLO, ESPADA O DAGA",,,,0
W261,"CONTACTO TRAUMÁTICO CON CUCHILLO, ESPADA, DAGA O PUÑAL, INSTITUCIÓN RESIDENCIAL",,,,0
W262,"CONTACTO TRAUMÁTICO CON CUCHILLO, ESPADA, DAGA O PUÑAL, ESCUELAS, OTRAS INSTITUCIONES Y ÁREAS ADMINISTRATIVAS PÚBLICAS",,,,0
W263,"CONTACTO TRAUMÁTICO CON CUCHILLO, ESPADA, DAGA O PUÑAL, ÁREAS DE DEPORTE Y ATLETISMO",,,,0
W264,"CONTACTO TRAUMÁTICO CON CUCHILLO, ESPADA, DAGA O PUÑAL, CALLES Y CARRETERAS",,,,0
W265,"CONTACTO TRAUMÁTICO CON CUCHILLO, ESPADA, DAGA O PUÑAL, COMERCIO Y ÁREA DE SERVICIOS",,,,0
W266,"CONTACTO TRAUMÁTICO CON CUCHILLO, ESPADA, DAGA O PUÑAL, ÁREA INDUSTRIAL Y DE LA CONSTRUCCIÓN",,,,0
W267,"CONTACTO TRAUMÁTICO CON CUCHILLO, ESPADA, DAGA O PUÑAL, GRANJA",,,,0
W268,CONTACTO TRAUMÁTICO CON OTRO(S) OBJETOS(S) AFILADO(S) EN OTRA PARTE,,,,0
W269,CONTACTO TRAUMÁTICO CON OTROS OBJETOS PUNTIAGUDOS NO ESPECIFICADOS,,,,0
W270,"CONTACTO TRAUMÁTICO CON HERRAMIENTAS MANUALES SIN MOTOR, VIVIENDA",,,,0
W271,"CONTACTO TRAUMÁTICO CON HERRAMIENTAS MANUALES SIN MOTOR, INSTITUCIÓN RESIDENCIAL",,,,0
W272,"CONTACTO TRAUMÁTICO CON HERRAMIENTAS MANUALES SIN MOTOR, ESCUELAS, OTRAS INSTITUCIONES Y ÁREAS ADMINISTRATIVAS PÚBLICAS",,,,0
W273,"CONTACTO TRAUMÁTICO CON HERRAMIENTAS MANUALES SIN MOTOR, ÁREAS DE DEPORTE Y ATLETISMO",,,,0
W274,"CONTACTO TRAUMÁTICO CON HERRAMIENTAS MANUALES SIN MOTOR, CALLES Y CARRETERAS",,,,0
W275,"CONTACTO TRAUMÁTICO CON HERRAMIENTAS MANUALES SIN MOTOR, COMERCIO Y ÁREA DE SERVICIOS",,,,0
W276,"CONTACTO TRAUMÁTICO CON HERRAMIENTAS MANUALES SIN MOTOR, ÁREA INDUSTRIAL Y DE LA CONSTRUCCIÓN",,,,0
W277,"CONTACTO TRAUMÁTICO CON HERRAMIENTAS MANUALES SIN MOTOR, GRANJA",,,,0
W278,"CONTACTO TRAUMÁTICO CON HERRAMIENTAS MANUALES SIN MOTOR, OTRO LUGAR ESPECIFICADO",,,,0
W279,"CONTACTO TRAUMÁTICO CON HERRAMIENTAS MANUALES SIN MOTOR, LUGAR NO ESPECIFICADO",,,,0
W280,"CONTACTO TRAUMÁTICO CON CORTADORA DE CÉSPED, CON MOTOR, VIVIENDA",,,,0
W281,"CONTACTO TRAUMÁTICO CON CORTADORA DE CÉSPED, CON MOTOR, INSTITUCIÓN RESIDENCIAL",,,,0
W282,"CONTACTO TRAUMÁTICO CON CORTADORA DE CÉSPED, CON MOTOR, ESCUELAS, OTRAS INSTITUCIONES Y ÁREAS ADMINISTRATIVAS PÚBLICAS",,,,0
W283,"CONTACTO TRAUMÁTICO CON CORTADORA DE CÉSPED, CON MOTOR, ÁREAS DE DEPORTE Y ATLETISMO",,,,0
W284,"CONTACTO TRAUMÁTICO CON CORTADORA DE CÉSPED, CON MOTOR, CALLES Y CARRETERAS",,,,0
W285,"CONTACTO TRAUMÁTICO CON CORTADORA DE CÉSPED, CON MOTOR, COMERCIO Y ÁREA DE SERVICIOS",,,,0
W286,"CONTACTO TRAUMÁTICO CON CORTADORA DE CÉSPED, CON MOTOR, ÁREA INDUSTRIAL Y DE LA CONSTRUCCIÓN",,,,0
W287,"CONTACTO TRAUMÁTICO CON CORTADORA DE CÉSPED, CON MOTOR, GRANJA",,,,0
W288,"CONTACTO TRAUMÁTICO CON CORTADORA DE CÉSPED, CON MOTOR, OTRO LUGAR ESPECIFICADO",,,,0
W289,"CONTACTO TRAUMÁTICO CON CORTADORA DE CÉSPED, CON MOTOR, LUGAR NO ESPECIFICADO",,,,0
W290,"CONTACTO TRAUMÁTICO CON OTRAS HERRAMIENTAS MANUALES Y ARTEFACTOS DEL HOGAR, CON MOTOR, VIVIENDA",,,,0
W291,"CONTACTO TRAUMÁTICO CON OTRAS HERRAMIENTAS MANUALES Y ARTEFACTOS DEL HOGAR, CON MOTOR, INSTITUCIÓN RESIDENCIAL",,,,0
W292,"CONTACTO TRAUMÁTICO CON OTRAS HERRAMIENTAS MANUALES Y ARTEFACTOS DEL HOGAR, CON MOTOR, ESCUELAS, OTRAS INSTITUCIONES Y ÁREAS ADMINISTRATIVAS PÚBLICAS",,,,0
W293,"CONTACTO TRAUMÁTICO CON OTRAS HERRAMIENTAS MANUALES Y ARTEFACTOS DEL HOGAR, CON MOTOR, ÁREAS DE DEPORTE Y ATLETISMO",,,,0
W294,"CONTACTO TRAUMÁTICO CON OTRAS HERRAMIENTAS MANUALES Y ARTEFACTOS DEL HOGAR, CON MOTOR, CALLES Y CARRETERAS",,,,0
W295,"CONTACTO TRAUMÁTICO CON OTRAS HERRAMIENTAS MANUALES Y ARTEFACTOS DEL HOGAR, CON MOTOR, COMERCIO Y ÁREA DE SERVICIOS",,,,0
W296,"CONTACTO TRAUMÁTICO CON OTRAS HERRAMIENTAS MANUALES Y ARTEFACTOS DEL HOGAR, CON MOTOR, ÁREA INDUSTRIAL Y DE LA CONSTRUCCIÓN",,,,0
W297,"CONTACTO TRAUMÁTICO CON OTRAS HERRAMIENTAS MANUALES Y ARTEFACTOS DEL HOGAR, CON MOTOR, GRANJA",,,,0
W298,"CONTACTO TRAUMÁTICO CON OTRAS HERRAMIENTAS MANUALES Y ARTEFACTOS DEL HOGAR, CON MOTOR, OTRO LUGAR ESPECIFICADO",,,,0
W299,"CONTACTO TRAUMÁTICO CON OTRAS HERRAMIENTAS MANUALES Y ARTEFACTOS DEL HOGAR, CON MOTOR, LUGAR NO ESPECIFICADO",,,,0
W300,"CONTACTO TRAUMÁTICO CON MAQUINARIA AGRÍCOLA, VIVIENDA",,,,0
W301,"CONTACTO TRAUMÁTICO CON MAQUINARIA AGRÍCOLA, INSTITUCIÓN RESIDENCIAL",,,,0
W302,"CONTACTO TRAUMÁTICO CON MAQUINARIA AGRÍCOLA, ESCUELAS, OTRAS INSTITUCIONES Y ÁREAS ADMINISTRATIVAS PÚBLICAS",,,,0
W303,"CONTACTO TRAUMÁTICO CON MAQUINARIA AGRÍCOLA, ÁREAS DE DEPORTE Y ATLETISMO",,,,0
W304,"CONTACTO TRAUMÁTICO CON MAQUINARIA AGRÍCOLA, CALLES Y CARRETERAS",,,,0
W305,"CONTACTO TRAUMÁTICO CON MAQUINARIA AGRÍCOLA, COMERCIO Y ÁREA DE SERVICIOS",,,,0
W306,"CONTACTO TRAUMÁTICO CON MAQUINARIA AGRÍCOLA, ÁREA INDUSTRIAL Y DE LA CONSTRUCCIÓN",,,,0
W307,"CONTACTO TRAUMÁTICO CON MAQUINARIA AGRÍCOLA, GRANJA",,,,0
W308,"CONTACTO TRAUMÁTICO CON MAQUINARIA AGRÍCOLA, OTRO LUGAR ESPECIFICADO",,,,0
W309,"CONTACTO TRAUMÁTICO CON MAQUINARIA AGRÍCOLA, LUGAR NO ESPECIFICADO",,,,0
W310,"CONTACTO TRAUMÁTICO CON OTRAS MAQUINARIAS, Y LAS NO ESPECIFICADAS, VIVIENDA",,,,0
W311,"CONTACTO TRAUMÁTICO CON OTRAS MAQUINARIAS, Y LAS NO ESPECIFICADAS, INSTITUCIÓN RESIDENCIAL",,,,0
W312,"CONTACTO TRAUMÁTICO CON OTRAS MAQUINARIAS, Y LAS NO ESPECIFICADAS, ESCUELAS, OTRAS INSTITUCIONES Y ÁREAS ADMINISTRATIVAS PÚBLICAS",,,,0
W313,"CONTACTO TRAUMÁTICO CON OTRAS MAQUINARIAS, Y LAS NO ESPECIFICADAS, ÁREAS DE DEPORTE Y ATLETISMO",,,,0
W314,"CONTACTO TRAUMÁTICO CON OTRAS MAQUINARIAS, Y LAS NO ESPECIFICADAS, CALLES Y CARRETERAS",,,,0
W315,"CONTACTO TRAUMÁTICO CON OTRAS MAQUINARIAS, Y LAS NO ESPECIFICADAS, COMERCIO Y ÁREA DE SERVICIOS",,,,0
W316,"CONTACTO TRAUMÁTICO CON OTRAS MAQUINARIAS, Y LAS NO ESPECIFICADAS, ÁREA INDUSTRIAL Y DE LA CONSTRUCCIÓN",,,,0
W317,"CONTACTO TRAUMÁTICO CON OTRAS MAQUINARIAS, Y LAS NO ESPECIFICADAS, GRANJA",,,,0
W318,"CONTACTO TRAUMÁTICO CON OTRAS MAQUINARIAS, Y LAS NO ESPECIFICADAS, OTRO LUGAR ESPECIFICADO",,,,0
W319,"CONTACTO TRAUMÁTICO CON OTRAS MAQUINARIAS, Y LAS NO ESPECIFICADAS, LUGAR NO ESPECIFICADO",,,,0
W320,"DISPARO DE ARMA CORTA, VIVIENDA",,,,0
W321,"DISPARO DE ARMA CORTA, INSTITUCIÓN RESIDENCIAL",,,,0
W322,"DISPARO DE ARMA CORTA, ESCUELAS, OTRAS INSTITUCIONES Y ÁREAS ADMINISTRATIVAS PÚBLICAS",,,,0
W323,"DISPARO DE ARMA CORTA, ÁREAS DE DEPORTE Y ATLETISMO",,,,0
W324,"DISPARO DE ARMA CORTA, CALLES Y CARRETERAS",,,,0
W325,"DISPARO DE ARMA CORTA, COMERCIO Y ÁREA DE SERVICIOS",,,,0
W326,"DISPARO DE ARMA CORTA, ÁREA INDUSTRIAL Y DE LA CONSTRUCCIÓN",,,,0
W327,"DISPARO DE ARMA CORTA, GRANJA",,,,0
W328,"DISPARO DE ARMA CORTA, OTRO LUGAR ESPECIFICADO",,,,0
W329,"DISPARO DE ARMA CORTA, LUGAR NO ESPECIFICADO",,,,0
W330,"DISPARO DE RIFLE, ESCOPETA Y ARMA LARGA, VIVIENDA",,,,0
W331,"DISPARO DE RIFLE, ESCOPETA Y ARMA LARGA, INSTITUCIÓN RESIDENCIAL",,,,0
W332,"DISPARO DE RIFLE, ESCOPETA Y ARMA LARGA, ESCUELAS, OTRAS INSTITUCIONES Y ÁREAS ADMINISTRATIVAS PÚBLICAS",,,,0
W333,"DISPARO DE RIFLE, ESCOPETA Y ARMA LARGA, ÁREAS DE DEPORTE Y ATLETISMO",,,,0
W334,"DISPARO DE RIFLE, ESCOPETA Y ARMA LARGA, CALLES Y CARRETERAS",,,,0
W335,"DISPARO DE RIFLE, ESCOPETA Y ARMA LARGA, COMERCIO Y ÁREA DE SERVICIOS",,,,0
W336,"DISPARO DE RIFLE, ESCOPETA Y ARMA LARGA, ÁREA INDUSTRIAL Y DE LA CONSTRUCCIÓN",,,,0
W337,"DISPARO DE RIFLE, ESCOPETA Y ARMA LARGA, GRANJA",,,,0
W338,"DISPARO DE RIFLE, ESCOPETA Y ARMA LARGA, OTRO LUGAR ESPECIFICADO",,,,0
W339,"DISPARO DE RIFLE, ESCOPETA Y ARMA LARGA, LUGAR NO ESPECIFICADO",,,,0
W340,"DISPARO DE OTRAS ARMAS DE FUEGO, Y LAS NO ESPECIFICADAS, VIVIENDA",,,,0
W341,"DISPARO DE OTRAS ARMAS DE FUEGO, Y LAS NO ESPECIFICADAS, INSTITUCIÓN RESIDENCIAL",,,,0
W342,"DISPARO DE OTRAS ARMAS DE FUEGO, Y LAS NO ESPECIFICADAS, ESCUELAS, OTRAS INSTITUCIONES Y ÁREAS ADMINISTRATIVAS PÚBLICAS",,,,0
W343,"DISPARO DE OTRAS ARMAS DE FUEGO, Y LAS NO ESPECIFICADAS, ÁREAS DE DEPORTE Y ATLETISMO",,,,0
W344,"DISPARO DE OTRAS ARMAS DE FUEGO, Y LAS NO ESPECIFICADAS, CALLES Y CARRETERAS",,,,0
W345,"DISPARO DE OTRAS ARMAS DE FUEGO, Y LAS NO ESPECIFICADAS, COMERCIO Y ÁREA DE SERVICIOS",,,,0
W346,"DISPARO DE OTRAS ARMAS DE FUEGO, Y LAS NO ESPECIFICADAS, ÁREA INDUSTRIAL Y DE LA CONSTRUCCIÓN",,,,0
W347,"DISPARO DE OTRAS ARMAS DE FUEGO, Y LAS NO ESPECIFICADAS, GRANJA",,,,0
W348,"DISPARO DE OTRAS ARMAS DE FUEGO, Y LAS NO ESPECIFICADAS, OTRO LUGAR ESPECIFICADO",,,,0
W349,"DISPARO DE OTRAS ARMAS DE FUEGO, Y LAS NO ESPECIFICADAS, LUGAR NO ESPECIFICADO",,,,0
W350,"EXPLOSIÓN Y ROTURA DE CALDERA, VIVIENDA",,,,0
W351,"EXPLOSIÓN Y ROTURA DE CALDERA, INSTITUCIÓN RESIDENCIAL",,,,0
W352,"EXPLOSIÓN Y ROTURA DE CALDERA, ESCUELAS, OTRAS INSTITUCIONES Y ÁREAS ADMINISTRATIVAS PÚBLICAS",,,,0
W353,"EXPLOSIÓN Y ROTURA DE CALDERA, ÁREAS DE DEPORTE Y ATLETISMO",,,,0
W354,"EXPLOSIÓN Y ROTURA DE CALDERA, CALLES Y CARRETERAS",,,,0
W355,"EXPLOSIÓN Y ROTURA DE CALDERA, COMERCIO Y ÁREA DE SERVICIOS",,,,0
W356,"EXPLOSIÓN Y ROTURA DE CALDERA, ÁREA INDUSTRIAL Y DE LA CONSTRUCCIÓN",,,,0
W357,"EXPLOSIÓN Y ROTURA DE CALDERA, GRANJA",,,,0
W358,"EXPLOSIÓN Y ROTURA DE CALDERA, OTRO LUGAR ESPECIFICADO",,,,0
W359,"EXPLOSIÓN Y ROTURA DE CALDERA, LUGAR NO ESPECIFICADO",,,,0
W360,"EXPLOSIÓN Y ROTURA DE CILINDRO CON GAS, VIVIENDA",,,,0
W361,"EXPLOSIÓN Y ROTURA DE CILINDRO CON GAS, INSTITUCIÓN RESIDENCIAL",,,,0
W362,"EXPLOSIÓN Y ROTURA DE CILINDRO CON GAS, ESCUELAS, OTRAS INSTITUCIONES Y ÁREAS ADMINISTRATIVAS PÚBLICAS",,,,0
W363,"EXPLOSIÓN Y ROTURA DE CILINDRO CON GAS, ÁREAS DE DEPORTE Y ATLETISMO",,,,0
W364,"EXPLOSIÓN Y ROTURA DE CILINDRO CON GAS, CALLES Y CARRETERAS",,,,0
W365,"EXPLOSIÓN Y ROTURA DE CILINDRO CON GAS, COMERCIO Y ÁREA DE SERVICIOS",,,,0
W366,"EXPLOSIÓN Y ROTURA DE CILINDRO CON GAS, ÁREA INDUSTRIAL Y DE LA CONSTRUCCIÓN",,,,0
W367,"EXPLOSIÓN Y ROTURA DE CILINDRO CON GAS, GRANJA",,,,0
W368,"EXPLOSIÓN Y ROTURA DE CILINDRO CON GAS, OTRO LUGAR ESPECIFICADO",,,,0
W369,"EXPLOSIÓN Y ROTURA DE CILINDRO CON GAS, LUGAR NO ESPECIFICADO",,,,0
W370,"EXPLOSIÓN Y ROTURA DE NEUMÁTICO, TUBO O MANGUERA DE GOMA PRESURIZADA, VIVIENDA",,,,0
W371,"EXPLOSIÓN Y ROTURA DE NEUMÁTICO, TUBO O MANGUERA DE GOMA PRESURIZADA, INSTITUCIÓN RESIDENCIAL",,,,0
W372,"EXPLOSIÓN Y ROTURA DE NEUMÁTICO, TUBO O MANGUERA DE GOMA PRESURIZADA, ESCUELAS, OTRAS INSTITUCIONES Y ÁREAS ADMINISTRATIVAS PÚBLICAS",,,,0
W373,"EXPLOSIÓN Y ROTURA DE NEUMÁTICO, TUBO O MANGUERA DE GOMA PRESURIZADA, ÁREAS DE DEPORTE Y ATLETISMO",,,,0
W374,"EXPLOSIÓN Y ROTURA DE NEUMÁTICO, TUBO O MANGUERA DE GOMA PRESURIZADA, CALLES Y CARRETERAS",,,,0
W375,"EXPLOSIÓN Y ROTURA DE NEUMÁTICO, TUBO O MANGUERA DE GOMA PRESURIZADA, COMERCIO Y ÁREA DE SERVICIOS",,,,0
W376,"EXPLOSIÓN Y ROTURA DE NEUMÁTICO, TUBO O MANGUERA DE GOMA PRESURIZADA, ÁREA INDUSTRIAL Y DE LA CONSTRUCCIÓN",,,,0
W377,"EXPLOSIÓN Y ROTURA DE NEUMÁTICO, TUBO O MANGUERA DE GOMA PRESURIZADA, GRANJA",,,,0
W378,"EXPLOSIÓN Y ROTURA DE NEUMÁTICO, TUBO O MANGUERA DE GOMA PRESURIZADA, OTRO LUGAR ESPECIFICADO",,,,0
W379,"EXPLOSIÓN Y ROTURA DE NEUMÁTICO, TUBO O MANGUERA DE GOMA PRESURIZADA, LUGAR NO ESPECIFICADO",,,,0
W380,"EXPLOSIÓN Y ROTURA DE OTROS DISPOSITIVOS PRESURIZADOS ESPECIFICADOS, VIVIENDA",,,,0
W381,"EXPLOSIÓN Y ROTURA DE OTROS DISPOSITIVOS PRESURIZADOS ESPECIFICADOS, INSTITUCIÓN RESIDENCIAL",,,,0
W382,"EXPLOSIÓN Y ROTURA DE OTROS DISPOSITIVOS PRESURIZADOS ESPECIFICADOS, ESCUELAS, OTRAS INSTITUCIONES Y ÁREAS ADMINISTRATIVAS PÚBLICAS",,,,0
W383,"EXPLOSIÓN Y ROTURA DE OTROS DISPOSITIVOS PRESURIZADOS ESPECIFICADOS, ÁREAS DE DEPORTE Y ATLETISMO",,,,0
W384,"EXPLOSIÓN Y ROTURA DE OTROS DISPOSITIVOS PRESURIZADOS ESPECIFICADOS, CALLES Y CARRETERAS",,,,0
W385,"EXPLOSIÓN Y ROTURA DE OTROS DISPOSITIVOS PRESURIZADOS ESPECIFICADOS, COMERCIO Y ÁREA DE SERVICIOS",,,,0
W386,"EXPLOSIÓN Y ROTURA DE OTROS DISPOSITIVOS PRESURIZADOS ESPECIFICADOS, ÁREA INDUSTRIAL Y DE LA CONSTRUCCIÓN",,,,0
W387,"EXPLOSIÓN Y ROTURA DE OTROS DISPOSITIVOS PRESURIZADOS ESPECIFICADOS, GRANJA",,,,0
W388,"EXPLOSIÓN Y ROTURA DE OTROS DISPOSITIVOS PRESURIZADOS ESPECIFICADOS, OTRO LUGAR ESPECIFICADO",,,,0
W389,"EXPLOSIÓN Y ROTURA DE OTROS DISPOSITIVOS PRESURIZADOS ESPECIFICADOS, LUGAR NO ESPECIFICADO",,,,0
W390,"EXPLOSIÓN DE FUEGOS ARTIFICIALES, VIVIENDA",,,,0
W391,"EXPLOSIÓN DE FUEGOS ARTIFICIALES, INSTITUCIÓN RESIDENCIAL",,,,0
W392,"EXPLOSIÓN DE FUEGOS ARTIFICIALES, ESCUELAS, OTRAS INSTITUCIONES Y ÁREAS ADMINISTRATIVAS PÚBLICAS",,,,0
W393,"EXPLOSIÓN DE FUEGOS ARTIFICIALES, ÁREAS DE DEPORTE Y ATLETISMO",,,,0
W394,"EXPLOSIÓN DE FUEGOS ARTIFICIALES, CALLES Y CARRETERAS",,,,0
W395,"EXPLOSIÓN DE FUEGOS ARTIFICIALES, COMERCIO Y ÁREA DE SERVICIOS",,,,0
W396,"EXPLOSIÓN DE FUEGOS ARTIFICIALES, ÁREA INDUSTRIAL Y DE LA CONSTRUCCIÓN",,,,0
W397,"EXPLOSIÓN DE FUEGOS ARTIFICIALES, GRANJA",,,,0
W398,"EXPLOSIÓN DE FUEGOS ARTIFICIALES, OTRO LUGAR ESPECIFICADO",,,,0
W399,"EXPLOSIÓN DE FUEGOS ARTIFICIALES, LUGAR NO ESPECIFICADO",,,,0
W400,"EXPLOSIÓN DE OTROS MATERIALES, VIVIENDA",,,,0
W401,"EXPLOSIÓN DE OTROS MATERIALES, INSTITUCIÓN RESIDENCIAL",,,,0
W402,"EXPLOSIÓN DE OTROS MATERIALES, ESCUELAS, OTRAS INSTITUCIONES Y ÁREAS ADMINISTRATIVAS PÚBLICAS",,,,0
W403,"EXPLOSIÓN DE OTROS MATERIALES, ÁREAS DE DEPORTE Y ATLETISMO",,,,0
W404,"EXPLOSIÓN DE OTROS MATERIALES, CALLES Y CARRETERAS",,,,0
W405,"EXPLOSIÓN DE OTROS MATERIALES, COMERCIO Y ÁREA DE SERVICIOS",,,,0
W406,"EXPLOSIÓN DE OTROS MATERIALES, ÁREA INDUSTRIAL Y DE LA CONSTRUCCIÓN",,,,0
W407,"EXPLOSIÓN DE OTROS MATERIALES, GRANJA",,,,0
W408,"EXPLOSIÓN DE OTROS MATERIALES, OTRO LUGAR ESPECIFICADO",,,,0
W409,"EXPLOSIÓN DE OTROS MATERIALES, LUGAR NO ESPECIFICADO",,,,0
W410,"EXPOSICIÓN A CHORRO DE ALTA PRESIÓN, VIVIENDA",,,,0
W411,"EXPOSICIÓN A CHORRO DE ALTA PRESIÓN, INSTITUCIÓN RESIDENCIAL",,,,0
W412,"EXPOSICIÓN A CHORRO DE ALTA PRESIÓN, ESCUELAS, OTRAS INSTITUCIONES Y ÁREAS ADMINISTRATIVAS PÚBLICAS",,,,0
W413,"EXPOSICIÓN A CHORRO DE ALTA PRESIÓN, ÁREAS DE DEPORTE Y ATLETISMO",,,,0
W414,"EXPOSICIÓN A CHORRO DE ALTA PRESIÓN, CALLES Y CARRETERAS",,,,0
W415,"EXPOSICIÓN A CHORRO DE ALTA PRESIÓN, COMERCIO Y ÁREA DE SERVICIOS",,,,0
W416,"EXPOSICIÓN A CHORRO DE ALTA PRESIÓN, ÁREA INDUSTRIAL Y DE LA CONSTRUCCIÓN",,,,0
W417,"EXPOSICIÓN A CHORRO DE ALTA PRESIÓN, GRANJA",,,,0
W418,"EXPOSICIÓN A CHORRO DE ALTA PRESIÓN, OTRO LUGAR ESPECIFICADO",,,,0
W419,"EXPOSICIÓN A CHORRO DE ALTA PRESIÓN, LUGAR NO ESPECIFICADO",,,,0
W420,"EXPOSICIÓN AL RUIDO, VIVIENDA",,,,0
W421,"EXPOSICIÓN AL RUIDO, INSTITUCIÓN RESIDENCIAL",,,,0
W422,"EXPOSICIÓN AL RUIDO, ESCUELAS, OTRAS INSTITUCIONES Y ÁREAS ADMINISTRATIVAS PÚBLICAS",,,,0
W423,"EXPOSICIÓN AL RUIDO, ÁREAS DE DEPORTE Y ATLETISMO",,,,0
W424,"EXPOSICIÓN AL RUIDO, CALLES Y CARRETERAS",,,,0
W425,"EXPOSICIÓN AL RUIDO, COMERCIO Y ÁREA DE SERVICIOS",,,,0
W426,"EXPOSICIÓN AL RUIDO, ÁREA INDUSTRIAL Y DE LA CONSTRUCCIÓN",,,,0
W427,"EXPOSICIÓN AL RUIDO, GRANJA",,,,0
W428,"EXPOSICIÓN AL RUIDO, OTRO LUGAR ESPECIFICADO",,,,0
W429,"EXPOSICIÓN AL RUIDO, LUGAR NO ESPECIFICADO",,,,0
W430,"EXPOSICIÓN A VIBRACIONES, VIVIENDA",,,,0
W431,"EXPOSICIÓN A VIBRACIONES, INSTITUCIÓN RESIDENCIAL",,,,0
W432,"EXPOSICIÓN A VIBRACIONES, ESCUELAS, OTRAS INSTITUCIONES Y ÁREAS ADMINISTRATIVAS PÚBLICAS",,,,0
W433,"EXPOSICIÓN A VIBRACIONES, ÁREAS DE DEPORTE Y ATLETISMO",,,,0
W434,"EXPOSICIÓN A VIBRACIONES, CALLES Y CARRETERAS",,,,0
W435,"EXPOSICIÓN A VIBRACIONES, COMERCIO Y ÁREA DE SERVICIOS",,,,0
W436,"EXPOSICIÓN A VIBRACIONES, ÁREA INDUSTRIAL Y DE LA CONSTRUCCIÓN",,,,0
W437,"EXPOSICIÓN A VIBRACIONES, GRANJA",,,,0
W438,"EXPOSICIÓN A VIBRACIONES, OTRO LUGAR ESPECIFICADO",,,,0
W439,"EXPOSICIÓN A VIBRACIONES, LUGAR NO ESPECIFICADO",,,,0
W440,"CUERPO EXTRAÑO QUE PENETRA POR EL OJO U ORIFICIO NATURAL, VIVIENDA",,,,0
W441,"CUERPO EXTRAÑO QUE PENETRA POR EL OJO U ORIFICIO NATURAL, INSTITUCIÓN RESIDENCIAL",,,,0
W442,"CUERPO EXTRAÑO QUE PENETRA POR EL OJO U ORIFICIO NATURAL, ESCUELAS, OTRAS INSTITUCIONES Y ÁREAS ADMINISTRATIVAS PÚBLICAS",,,,0
W443,"CUERPO EXTRAÑO QUE PENETRA POR EL OJO U ORIFICIO NATURAL, ÁREAS DE DEPORTE Y ATLETISMO",,,,0
W444,"CUERPO EXTRAÑO QUE PENETRA POR EL OJO U ORIFICIO NATURAL, CALLES Y CARRETERAS",,,,0
W445,"CUERPO EXTRAÑO QUE PENETRA POR EL OJO U ORIFICIO NATURAL, COMERCIO Y ÁREA DE SERVICIOS",,,,0
W446,"CUERPO EXTRAÑO QUE PENETRA POR EL OJO U ORIFICIO NATURAL, ÁREA INDUSTRIAL Y DE LA CONSTRUCCIÓN",,,,0
W447,"CUERPO EXTRAÑO QUE PENETRA POR EL OJO U ORIFICIO NATURAL, GRANJA",,,,0
W448,"CUERPO EXTRAÑO QUE PENETRA POR EL OJO U ORIFICIO NATURAL, OTRO LUGAR ESPECIFICADO",,,,0
W449,"CUERPO EXTRAÑO QUE PENETRA POR EL OJO U ORIFICIO NATURAL, LUGAR NO ESPECIFICADO",,,,0
W450,"CUERPO EXTRAÑO QUE PENETRA A TRAVÉS DE LA PIEL, VIVIENDA",,,,0
W451,"CUERPO EXTRAÑO QUE PENETRA A TRAVÉS DE LA PIEL, INSTITUCIÓN RESIDENCIAL",,,,0
W452,"CUERPO EXTRAÑO QUE PENETRA A TRAVÉS DE LA PIEL, ESCUELAS, OTRAS INSTITUCIONES Y ÁREAS ADMINISTRATIVAS PÚBLICAS",,,,0
W453,"CUERPO EXTRAÑO QUE PENETRA A TRAVÉS DE LA PIEL, ÁREAS DE DEPORTE Y ATLETISMO",,,,0
W454,"CUERPO EXTRAÑO QUE PENETRA A TRAVÉS DE LA PIEL, CALLES Y CARRETERAS",,,,0
W455,"CUERPO EXTRAÑO QUE PENETRA A TRAVÉS DE LA PIEL, COMERCIO Y ÁREA DE SERVICIOS",,,,0
W456,"CUERPO EXTRAÑO QUE PENETRA A TRAVÉS DE LA PIEL, ÁREA INDUSTRIAL Y DE LA CONSTRUCCIÓN",,,,0
W457,"CUERPO EXTRAÑO QUE PENETRA A TRAVÉS DE LA PIEL, GRANJA",,,,0
W458,"CUERPO EXTRAÑO QUE PENETRA A TRAVÉS DE LA PIEL, OTRO LUGAR ESPECIFICADO",,,,0
W459,"CUERPO EXTRAÑO QUE PENETRA A TRAVÉS DE LA PIEL, LUGAR NO ESPECIFICADO",,,,0
W460,"CONTACTO TRAUMÁTICO CON AGUJA HIPODÉRMICA, VIVIENDA",,,,0
W461,"CONTACTO TRAUMÁTICO CON AGUJA HIPODÉRMICA, INSTITUCIÓN RESIDENCIAL",,,,0
W462,"CONTACTO TRAUMÁTICO CON AGUJA HIPODÉRMICA, ESCUELAS, OTRAS INSTITUCIONES Y ÁREAS ADMINISTRATIVAS PÚBLICAS",,,,0
W463,"CONTACTO TRAUMÁTICO CON AGUJA HIPODÉRMICA, ÁREAS DE DEPORTE Y ATLETISMO",,,,0
W464,"CONTACTO TRAUMÁTICO CON AGUJA HIPODÉRMICA, CALLES Y CARRETERAS",,,,0
W465,"CONTACTO TRAUMÁTICO CON AGUJA HIPODÉRMICA, COMERCIO Y ÁREA DE SERVICIOS",,,,0
W466,"CONTACTO TRAUMÁTICO CON AGUJA HIPODÉRMICA, ÁREA INDUSTRIAL Y DE LA CONSTRUCCIÓN",,,,0
W467,"CONTACTO TRAUMÁTICO CON AGUJA HIPODÉRMICA, GRANJA",,,,0
W468,"CONTACTO TRAUMÁTICO CON AGUJA HIPODÉRMICA, OTRO LUGAR ESPECIFICADO",,,,0
W469,"CONTACTO TRAUMÁTICO CON AGUJA HIPODÉRMICA, LUGAR NO ESPECIFICADO",,,,0
W490,"EXPOSICIÓN A OTRAS FUERZAS MECÁNICAS INANIMADAS, Y LAS NO ESPECIFICADAS, VIVIENDA",,,,0
W491,"EXPOSICIÓN A OTRAS FUERZAS MECÁNICAS INANIMADAS, Y LAS NO ESPECIFICADAS, INSTITUCIÓN RESIDENCIAL",,,,0
W492,"EXPOSICIÓN A OTRAS FUERZAS MECÁNICAS INANIMADAS, Y LAS NO ESPECIFICADAS, ESCUELAS, OTRAS INSTITUCIONES Y ÁREAS ADMINISTRATIVAS PÚBLICAS",,,,0
W493,"EXPOSICIÓN A OTRAS FUERZAS MECÁNICAS INANIMADAS, Y LAS NO ESPECIFICADAS, ÁREAS DE DEPORTE Y ATLETISMO",,,,0
W494,"EXPOSICIÓN A OTRAS FUERZAS MECÁNICAS INANIMADAS, Y LAS NO ESPECIFICADAS, CALLES Y CARRETERAS",,,,0
W495,"EXPOSICIÓN A OTRAS FUERZAS MECÁNICAS INANIMADAS, Y LAS NO ESPECIFICADAS, COMERCIO Y ÁREA DE SERVICIOS",,,,0
W496,"EXPOSICIÓN A OTRAS FUERZAS MECÁNICAS INANIMADAS, Y LAS NO ESPECIFICADAS, ÁREA INDUSTRIAL Y DE LA CONSTRUCCIÓN",,,,0
W497,"EXPOSICIÓN A OTRAS FUERZAS MECÁNICAS INANIMADAS, Y LAS NO ESPECIFICADAS, GRANJA",,,,0
W498,"EXPOSICIÓN A OTRAS FUERZAS MECÁNICAS INANIMADAS, Y LAS NO ESPECIFICADAS, OTRO LUGAR ESPECIFICADO",,,,0
W499,"EXPOSICIÓN A OTRAS FUERZAS MECÁNICAS INANIMADAS, Y LAS NO ESPECIFICADAS, LUGAR NO ESPECIFICADO",,,,0
W500,"APORREO, GOLPE, MORDEDURA, PATADA, RASGUÑO O TORCEDURA INFLIGIDOS POR OTRA PERSONA, VIVIENDA",,,,0
W501,"APORREO, GOLPE, MORDEDURA, PATADA, RASGUÑO O TORCEDURA INFLIGIDOS POR OTRA PERSONA, INSTITUCIÓN RESIDENCIAL",,,,0
W502,"APORREO, GOLPE, MORDEDURA, PATADA, RASGUÑO O TORCEDURA INFLIGIDOS POR OTRA PERSONA, ESCUELAS, OTRAS INSTITUCIONES Y ÁREAS ADMINISTRATIVAS PÚBLICAS",,,,0
W503,"APORREO, GOLPE, MORDEDURA, PATADA, RASGUÑO O TORCEDURA INFLIGIDOS POR OTRA PERSONA, ÁREAS DE DEPORTE Y ATLETISMO",,,,0
W504,"APORREO, GOLPE, MORDEDURA, PATADA, RASGUÑO O TORCEDURA INFLIGIDOS POR OTRA PERSONA, CALLES Y CARRETERAS",,,,0
W505,"APORREO, GOLPE, MORDEDURA, PATADA, RASGUÑO O TORCEDURA INFLIGIDOS POR OTRA PERSONA, COMERCIO Y ÁREA DE SERVICIOS",,,,0
W506,"APORREO, GOLPE, MORDEDURA, PATADA, RASGUÑO O TORCEDURA INFLIGIDOS POR OTRA PERSONA, ÁREA INDUSTRIAL Y DE LA CONSTRUCCIÓN",,,,0
W507,"APORREO, GOLPE, MORDEDURA, PATADA, RASGUÑO O TORCEDURA INFLIGIDOS POR OTRA PERSONA, GRANJA",,,,0
W508,"APORREO, GOLPE, MORDEDURA, PATADA, RASGUÑO O TORCEDURA INFLIGIDOS POR OTRA PERSONA, OTRO LUGAR ESPECIFICADO",,,,0
W509,"APORREO, GOLPE, MORDEDURA, PATADA, RASGUÑO O TORCEDURA INFLIGIDOS POR OTRA PERSONA, LUGAR NO ESPECIFICADO",,,,0
W510,"CHOQUE O EMPELLÓN CONTRA OTRA PERSONA, VIVIENDA",,,,0
W511,"CHOQUE O EMPELLÓN CONTRA OTRA PERSONA, INSTITUCIÓN RESIDENCIAL",,,,0
W512,"CHOQUE O EMPELLÓN CONTRA OTRA PERSONA, ESCUELAS, OTRAS INSTITUCIONES Y ÁREAS ADMINISTRATIVAS PÚBLICAS",,,,0
W513,"CHOQUE O EMPELLÓN CONTRA OTRA PERSONA, ÁREAS DE DEPORTE Y ATLETISMO",,,,0
W514,"CHOQUE O EMPELLÓN CONTRA OTRA PERSONA, CALLES Y CARRETERAS",,,,0
W515,"CHOQUE O EMPELLÓN CONTRA OTRA PERSONA, COMERCIO Y ÁREA DE SERVICIOS",,,,0
W516,"CHOQUE O EMPELLÓN CONTRA OTRA PERSONA, ÁREA INDUSTRIAL Y DE LA CONSTRUCCIÓN",,,,0
W517,"CHOQUE O EMPELLÓN CONTRA OTRA PERSONA, GRANJA",,,,0
W518,"CHOQUE O EMPELLÓN CONTRA OTRA PERSONA, OTRO LUGAR ESPECIFICADO",,,,0
W519,"CHOQUE O EMPELLÓN CONTRA OTRA PERSONA, LUGAR NO ESPECIFICADO",,,,0
W520,"PERSONA APLASTADA, EMPUJADA O PISOTEADA POR UNA MULTITUD O ESTAMPIDA HUMANA, VIVIENDA",,,,0
W521,"PERSONA APLASTADA, EMPUJADA O PISOTEADA POR UNA MULTITUD O ESTAMPIDA HUMANA, INSTITUCIÓN RESIDENCIAL",,,,0
W522,"PERSONA APLASTADA, EMPUJADA O PISOTEADA POR UNA MULTITUD O ESTAMPIDA HUMANA, ESCUELAS, OTRAS INSTITUCIONES Y ÁREAS ADMINISTRATIVAS PÚBLICAS",,,,0
W523,"PERSONA APLASTADA, EMPUJADA O PISOTEADA POR UNA MULTITUD O ESTAMPIDA HUMANA, ÁREAS DE DEPORTE Y ATLETISMO",,,,0
W524,"PERSONA APLASTADA, EMPUJADA O PISOTEADA POR UNA MULTITUD O ESTAMPIDA HUMANA, CALLES Y CARRETERAS",,,,0
W525,"PERSONA APLASTADA, EMPUJADA O PISOTEADA POR UNA MULTITUD O ESTAMPIDA HUMANA, COMERCIO Y ÁREA DE SERVICIOS",,,,0
W526,"PERSONA APLASTADA, EMPUJADA O PISOTEADA POR UNA MULTITUD O ESTAMPIDA HUMANA, ÁREA INDUSTRIAL Y DE LA CONSTRUCCIÓN",,,,0
W527,"PERSONA APLASTADA, EMPUJADA O PISOTEADA POR UNA MULTITUD O ESTAMPIDA HUMANA, GRANJA",,,,0
W528,"PERSONA APLASTADA, EMPUJADA O PISOTEADA POR UNA MULTITUD O ESTAMPIDA HUMANA, OTRO LUGAR ESPECIFICADO",,,,0
W529,"PERSONA APLASTADA, EMPUJADA O PISOTEADA POR UNA MULTITUD O ESTAMPIDA HUMANA, LUGAR NO ESPECIFICADO",,,,0
W530,"MORDEDURA DE RATA, VIVIENDA",,,,0
W531,"MORDEDURA DE RATA, INSTITUCIÓN RESIDENCIAL",,,,0
W532,"MORDEDURA DE RATA, ESCUELAS, OTRAS INSTITUCIONES Y ÁREAS ADMINISTRATIVAS PÚBLICAS",,,,0
W533,"MORDEDURA DE RATA, ÁREAS DE DEPORTE Y ATLETISMO",,,,0
W534,"MORDEDURA DE RATA, CALLES Y CARRETERAS",,,,0
W535,"MORDEDURA DE RATA, COMERCIO Y ÁREA DE SERVICIOS",,,,0
W536,"MORDEDURA DE RATA, ÁREA INDUSTRIAL Y DE LA CONSTRUCCIÓN",,,,0
W537,"MORDEDURA DE RATA, GRANJA",,,,0
W538,"MORDEDURA DE RATA, OTRO LUGAR ESPECIFICADO",,,,0
W539,"MORDEDURA DE RATA, LUGAR NO ESPECIFICADO",,,,0
W540,"MORDEDURA O ATAQUE DE PERRO, VIVIENDA",,,,1
W541,"MORDEDURA O ATAQUE DE PERRO, INSTITUCIÓN RESIDENCIAL",,,,1
W542,"MORDEDURA O ATAQUE DE PERRO, ESCUELAS, OTRAS INSTITUCIONES Y ÁREAS ADMINISTRATIVAS PÚBLICAS",,,,1
W543,"MORDEDURA O ATAQUE DE PERRO, ÁREAS DE DEPORTE Y ATLETISMO",,,,1
W544,"MORDEDURA O ATAQUE DE PERRO, CALLES Y CARRETERAS",,,,1
W545,"MORDEDURA O ATAQUE DE PERRO, COMERCIO Y ÁREA DE SERVICIOS",,,,1
W546,"MORDEDURA O ATAQUE DE PERRO, ÁREA INDUSTRIAL Y DE LA CONSTRUCCIÓN",,,,1
W547,"MORDEDURA O ATAQUE DE PERRO, GRANJA",,,,1
W548,"MORDEDURA O ATAQUE DE PERRO, OTRO LUGAR ESPECIFICADO",,,,1
W549,"MORDEDURA O ATAQUE DE PERRO, LUGAR NO ESPECIFICADO",,,,1
W550,"MORDEDURA O ATAQUE DE OTROS MAMÍFEROS, VIVIENDA",,,,1
W551,"MORDEDURA O ATAQUE DE OTROS MAMÍFEROS, INSTITUCIÓN RESIDENCIAL",,,,1
W552,"MORDEDURA O ATAQUE DE OTROS MAMÍFEROS, ESCUELAS, OTRAS INSTITUCIONES Y ÁREAS ADMINISTRATIVAS PÚBLICAS",,,,1
W553,"MORDEDURA O ATAQUE DE OTROS MAMÍFEROS, ÁREAS DE DEPORTE Y ATLETISMO",,,,1
W554,"MORDEDURA O ATAQUE DE OTROS MAMÍFEROS, CALLES Y CARRETERAS",,,,1
W555,"MORDEDURA O ATAQUE DE OTROS MAMÍFEROS, COMERCIO Y ÁREA DE SERVICIOS",,,,1
W556,"MORDEDURA O ATAQUE DE OTROS MAMÍFEROS, ÁREA INDUSTRIAL Y DE LA CONSTRUCCIÓN",,,,1
W557,"MORDEDURA O ATAQUE DE OTROS MAMÍFEROS, GRANJA",,,,1
W558,"MORDEDURA O ATAQUE DE OTROS MAMÍFEROS, OTRO LUGAR ESPECIFICADO",,,,1
W559,"MORDEDURA O ATAQUE DE OTROS MAMÍFEROS, LUGAR NO ESPECIFICADO",,,,1
W560,"CONTACTO TRAUMÁTICO CON ANIMALES MARINOS, VIVIENDA",,,,0
W561,"CONTACTO TRAUMÁTICO CON ANIMALES MARINOS, INSTITUCIÓN RESIDENCIAL",,,,0
W562,"CONTACTO TRAUMÁTICO CON ANIMALES MARINOS, ESCUELAS, OTRAS INSTITUCIONES Y ÁREAS ADMINISTRATIVAS PÚBLICAS",,,,0
W563,"CONTACTO TRAUMÁTICO CON ANIMALES MARINOS, ÁREAS DE DEPORTE Y ATLETISMO",,,,0
W564,"CONTACTO TRAUMÁTICO CON ANIMALES MARINOS, CALLES Y CARRETERAS",,,,0
W565,"CONTACTO TRAUMÁTICO CON ANIMALES MARINOS, COMERCIO Y ÁREA DE SERVICIOS",,,,0
W566,"CONTACTO TRAUMÁTICO CON ANIMALES MARINOS, ÁREA INDUSTRIAL Y DE LA CONSTRUCCIÓN",,,,0
W567,"CONTACTO TRAUMÁTICO CON ANIMALES MARINOS, GRANJA",,,,0
W568,"CONTACTO TRAUMÁTICO CON ANIMALES MARINOS, OTRO LUGAR ESPECIFICADO",,,,0
W569,"CONTACTO TRAUMÁTICO CON ANIMALES MARINOS, LUGAR NO ESPECIFICADO",,,,0
W570,"MORDEDURA O PICADURA DE INSECTOS Y OTROS ARTRÓPODOS NO VENENOSOS, VIVIENDA",,,,0
W571,"MORDEDURA O PICADURA DE INSECTOS Y OTROS ARTRÓPODOS NO VENENOSOS, INSTITUCIÓN RESIDENCIAL",,,,0
W572,"MORDEDURA O PICADURA DE INSECTOS Y OTROS ARTRÓPODOS NO VENENOSOS, ESCUELAS, OTRAS INSTITUCIONES Y ÁREAS ADMINISTRATIVAS PÚBLICAS",,,,0
W573,"MORDEDURA O PICADURA DE INSECTOS Y OTROS ARTRÓPODOS NO VENENOSOS, ÁREAS DE DEPORTE Y ATLETISMO",,,,0
W574,"MORDEDURA O PICADURA DE INSECTOS Y OTROS ARTRÓPODOS NO VENENOSOS, CALLES Y CARRETERAS",,,,0
W575,"MORDEDURA O PICADURA DE INSECTOS Y OTROS ARTRÓPODOS NO VENENOSOS, COMERCIO Y ÁREA DE SERVICIOS",,,,0
W576,"MORDEDURA O PICADURA DE INSECTOS Y OTROS ARTRÓPODOS NO VENENOSOS, ÁREA INDUSTRIAL Y DE LA CONSTRUCCIÓN",,,,0
W577,"MORDEDURA O PICADURA DE INSECTOS Y OTROS ARTRÓPODOS NO VENENOSOS, GRANJA",,,,0
W578,"MORDEDURA O PICADURA DE INSECTOS Y OTROS ARTRÓPODOS NO VENENOSOS, OTRO LUGAR ESPECIFICADO",,,,0
W579,"MORDEDURA O PICADURA DE INSECTOS Y OTROS ARTRÓPODOS NO VENENOSOS, LUGAR NO ESPECIFICADO",,,,0
W580,"MORDEDURA O ATAQUE DE COCODRILO O CAIMÁN, VIVIENDA",,,,0
W581,"MORDEDURA O ATAQUE DE COCODRILO O CAIMÁN, INSTITUCIÓN RESIDENCIAL",,,,0
W582,"MORDEDURA O ATAQUE DE COCODRILO O CAIMÁN, ESCUELAS, OTRAS INSTITUCIONES Y ÁREAS ADMINISTRATIVAS PÚBLICAS",,,,0
W583,"MORDEDURA O ATAQUE DE COCODRILO O CAIMÁN, ÁREAS DE DEPORTE Y ATLETISMO",,,,0
W584,"MORDEDURA O ATAQUE DE COCODRILO O CAIMÁN, CALLES Y CARRETERAS",,,,0
W585,"MORDEDURA O ATAQUE DE COCODRILO O CAIMÁN, COMERCIO Y ÁREA DE SERVICIOS",,,,0
W586,"MORDEDURA O ATAQUE DE COCODRILO O CAIMÁN, ÁREA INDUSTRIAL Y DE LA CONSTRUCCIÓN",,,,0
W587,"MORDEDURA O ATAQUE DE COCODRILO O CAIMÁN, GRANJA",,,,0
W588,"MORDEDURA O ATAQUE DE COCODRILO O CAIMÁN, OTRO LUGAR ESPECIFICADO",,,,0
W589,"MORDEDURA O ATAQUE DE COCODRILO O CAIMÁN, LUGAR NO ESPECIFICADO",,,,0
W590,"MORDEDURA O APLASTAMIENTO POR OTROS REPTILES, VIVIENDA",,,,0
W591,"MORDEDURA O APLASTAMIENTO POR OTROS REPTILES, INSTITUCIÓN RESIDENCIAL",,,,0
W592,"MORDEDURA O APLASTAMIENTO POR OTROS REPTILES, ESCUELAS, OTRAS INSTITUCIONES Y ÁREAS ADMINISTRATIVAS PÚBLICAS",,,,0
W593,"MORDEDURA O APLASTAMIENTO POR OTROS REPTILES, ÁREAS DE DEPORTE Y ATLETISMO",,,,0
W594,"MORDEDURA O APLASTAMIENTO POR OTROS REPTILES, CALLES Y CARRETERAS",,,,0
W595,"MORDEDURA O APLASTAMIENTO POR OTROS REPTILES, COMERCIO Y ÁREA DE SERVICIOS",,,,0
W596,"MORDEDURA O APLASTAMIENTO POR OTROS REPTILES, ÁREA INDUSTRIAL Y DE LA CONSTRUCCIÓN",,,,0
W597,"MORDEDURA O APLASTAMIENTO POR OTROS REPTILES, GRANJA",,,,0
W598,"MORDEDURA O APLASTAMIENTO POR OTROS REPTILES, OTRO LUGAR ESPECIFICADO",,,,0
W599,"MORDEDURA O APLASTAMIENTO POR OTROS REPTILES, LUGAR NO ESPECIFICADO",,,,0
W600,"CONTACTO TRAUMÁTICO CON AGUIJONES, ESPINAS U HOJAS CORTANTES DE PLANTAS, VIVIENDA",,,,0
W601,"CONTACTO TRAUMÁTICO CON AGUIJONES, ESPINAS U HOJAS CORTANTES DE PLANTAS, INSTITUCIÓN RESIDENCIAL",,,,0
W602,"CONTACTO TRAUMÁTICO CON AGUIJONES, ESPINAS U HOJAS CORTANTES DE PLANTAS, ESCUELAS, OTRAS INSTITUCIONES Y ÁREAS ADMINISTRATIVAS PÚBLICAS",,,,0
W603,"CONTACTO TRAUMÁTICO CON AGUIJONES, ESPINAS U HOJAS CORTANTES DE PLANTAS, ÁREAS DE DEPORTE Y ATLETISMO",,,,0
W604,"CONTACTO TRAUMÁTICO CON AGUIJONES, ESPINAS U HOJAS CORTANTES DE PLANTAS, CALLES Y CARRETERAS",,,,0
W605,"CONTACTO TRAUMÁTICO CON AGUIJONES, ESPINAS U HOJAS CORTANTES DE PLANTAS, COMERCIO Y ÁREA DE SERVICIOS",,,,0
W606,"CONTACTO TRAUMÁTICO CON AGUIJONES, ESPINAS U HOJAS CORTANTES DE PLANTAS, ÁREA INDUSTRIAL Y DE LA CONSTRUCCIÓN",,,,0
W607,"CONTACTO TRAUMÁTICO CON AGUIJONES, ESPINAS U HOJAS CORTANTES DE PLANTAS, GRANJA",,,,0
W608,"CONTACTO TRAUMÁTICO CON AGUIJONES, ESPINAS U HOJAS CORTANTES DE PLANTAS, OTRO LUGAR ESPECIFICADO",,,,0
W609,"CONTACTO TRAUMÁTICO CON AGUIJONES, ESPINAS U HOJAS CORTANTES DE PLANTAS, LUGAR NO ESPECIFICADO",,,,0
W640,"EXPOSICIÓN A OTRAS FUERZAS MECÁNICAS ANIMADAS, Y LAS NO ESPECIFICADAS, VIVIENDA",,,,0
W641,"EXPOSICIÓN A OTRAS FUERZAS MECÁNICAS ANIMADAS, Y LAS NO ESPECIFICADAS, INSTITUCIÓN RESIDENCIAL",,,,0
W642,"EXPOSICIÓN A OTRAS FUERZAS MECÁNICAS ANIMADAS, Y LAS NO ESPECIFICADAS, ESCUELAS, OTRAS INSTITUCIONES Y ÁREAS ADMINISTRATIVAS PÚBLICAS",,,,0
W643,"EXPOSICIÓN A OTRAS FUERZAS MECÁNICAS ANIMADAS, Y LAS NO ESPECIFICADAS, ÁREAS DE DEPORTE Y ATLETISMO",,,,0
W644,"EXPOSICIÓN A OTRAS FUERZAS MECÁNICAS ANIMADAS, Y LAS NO ESPECIFICADAS, CALLES Y CARRETERAS",,,,0
W645,"EXPOSICIÓN A OTRAS FUERZAS MECÁNICAS ANIMADAS, Y LAS NO ESPECIFICADAS, COMERCIO Y ÁREA DE SERVICIOS",,,,0
W646,"EXPOSICIÓN A OTRAS FUERZAS MECÁNICAS ANIMADAS, Y LAS NO ESPECIFICADAS, ÁREA INDUSTRIAL Y DE LA CONSTRUCCIÓN",,,,0
W647,"EXPOSICIÓN A OTRAS FUERZAS MECÁNICAS ANIMADAS, Y LAS NO ESPECIFICADAS, GRANJA",,,,0
W648,"EXPOSICIÓN A OTRAS FUERZAS MECÁNICAS ANIMADAS, Y LAS NO ESPECIFICADAS, OTRO LUGAR ESPECIFICADO",,,,0
W649,"EXPOSICIÓN A OTRAS FUERZAS MECÁNICAS ANIMADAS, Y LAS NO ESPECIFICADAS, LUGAR NO ESPECIFICADO",,,,0
W650,"AHOGAMIENTO Y SUMERSIÓN MIENTRAS SE ESTÁ EN LA BAÑERA, VIVIENDA",,,,0
W651,"AHOGAMIENTO Y SUMERSIÓN MIENTRAS SE ESTÁ EN LA BAÑERA, INSTITUCIÓN RESIDENCIAL",,,,0
W652,"AHOGAMIENTO Y SUMERSIÓN MIENTRAS SE ESTÁ EN LA BAÑERA, ESCUELAS, OTRAS INSTITUCIONES Y ÁREAS ADMINISTRATIVAS PÚBLICAS",,,,0
W653,"AHOGAMIENTO Y SUMERSIÓN MIENTRAS SE ESTÁ EN LA BAÑERA, ÁREAS DE DEPORTE Y ATLETISMO",,,,0
W654,"AHOGAMIENTO Y SUMERSIÓN MIENTRAS SE ESTÁ EN LA BAÑERA, CALLES Y CARRETERAS",,,,0
W655,"AHOGAMIENTO Y SUMERSIÓN MIENTRAS SE ESTÁ EN LA BAÑERA, COMERCIO Y ÁREA DE SERVICIOS",,,,0
W656,"AHOGAMIENTO Y SUMERSIÓN MIENTRAS SE ESTÁ EN LA BAÑERA, ÁREA INDUSTRIAL Y DE LA CONSTRUCCIÓN",,,,0
W657,"AHOGAMIENTO Y SUMERSIÓN MIENTRAS SE ESTÁ EN LA BAÑERA, GRANJA",,,,0
W658,"AHOGAMIENTO Y SUMERSIÓN MIENTRAS SE ESTÁ EN LA BAÑERA, OTRO LUGAR ESPECIFICADO",,,,0
W659,"AHOGAMIENTO Y SUMERSIÓN MIENTRAS SE ESTÁ EN LA BAÑERA, LUGAR NO ESPECIFICADO",,,,0
W660,"AHOGAMIENTO Y SUMERSIÓN CONSECUTIVOS A CAÍDA EN LA BAÑERA, VIVIENDA",,,,0
W661,"AHOGAMIENTO Y SUMERSIÓN CONSECUTIVOS A CAÍDA EN LA BAÑERA, INSTITUCIÓN RESIDENCIAL",,,,0
W662,"AHOGAMIENTO Y SUMERSIÓN CONSECUTIVOS A CAÍDA EN LA BAÑERA, ESCUELAS, OTRAS INSTITUCIONES Y ÁREAS ADMINISTRATIVAS PÚBLICAS",,,,0
W663,"AHOGAMIENTO Y SUMERSIÓN CONSECUTIVOS A CAÍDA EN LA BAÑERA, ÁREAS DE DEPORTE Y ATLETISMO",,,,0
W664,"AHOGAMIENTO Y SUMERSIÓN CONSECUTIVOS A CAÍDA EN LA BAÑERA, CALLES Y CARRETERAS",,,,0
W665,"AHOGAMIENTO Y SUMERSIÓN CONSECUTIVOS A CAÍDA EN LA BAÑERA, COMERCIO Y ÁREA DE SERVICIOS",,,,0
W666,"AHOGAMIENTO Y SUMERSIÓN CONSECUTIVOS A CAÍDA EN LA BAÑERA, ÁREA INDUSTRIAL Y DE LA CONSTRUCCIÓN",,,,0
W667,"AHOGAMIENTO Y SUMERSIÓN CONSECUTIVOS A CAÍDA EN LA BAÑERA, GRANJA",,,,0
W668,"AHOGAMIENTO Y SUMERSIÓN CONSECUTIVOS A CAÍDA EN LA BAÑERA, OTRO LUGAR ESPECIFICADO",,,,0
W669,"AHOGAMIENTO Y SUMERSIÓN CONSECUTIVOS A CAÍDA EN LA BAÑERA, LUGAR NO ESPECIFICADO",,,,0
W670,"AHOGAMIENTO Y SUMERSIÓN MIENTRAS SE ESTÁ EN UNA PISCINA, VIVIENDA",,,,0
W671,"AHOGAMIENTO Y SUMERSIÓN MIENTRAS SE ESTÁ EN UNA PISCINA, INSTITUCIÓN RESIDENCIAL",,,,0
W672,"AHOGAMIENTO Y SUMERSIÓN MIENTRAS SE ESTÁ EN UNA PISCINA, ESCUELAS, OTRAS INSTITUCIONES Y ÁREAS ADMINISTRATIVAS PÚBLICAS",,,,0
W673,"AHOGAMIENTO Y SUMERSIÓN MIENTRAS SE ESTÁ EN UNA PISCINA, ÁREAS DE DEPORTE Y ATLETISMO",,,,0
W674,"AHOGAMIENTO Y SUMERSIÓN MIENTRAS SE ESTÁ EN UNA PISCINA, CALLES Y CARRETERAS",,,,0
W675,"AHOGAMIENTO Y SUMERSIÓN MIENTRAS SE ESTÁ EN UNA PISCINA, COMERCIO Y ÁREA DE SERVICIOS",,,,0
W676,"AHOGAMIENTO Y SUMERSIÓN MIENTRAS SE ESTÁ EN UNA PISCINA, ÁREA INDUSTRIAL Y DE LA CONSTRUCCIÓN",,,,0
W677,"AHOGAMIENTO Y SUMERSIÓN MIENTRAS SE ESTÁ EN UNA PISCINA, GRANJA",,,,0
W678,"AHOGAMIENTO Y SUMERSIÓN MIENTRAS SE ESTÁ EN UNA PISCINA, OTRO LUGAR ESPECIFICADO",,,,0
W679,"AHOGAMIENTO Y SUMERSIÓN MIENTRAS SE ESTÁ EN UNA PISCINA, LUGAR NO ESPECIFICADO",,,,0
W680,"AHOGAMIENTO Y SUMERSIÓN CONSECUTIVOS A CAÍDA EN UNA PISCINA, VIVIENDA",,,,0
W681,"AHOGAMIENTO Y SUMERSIÓN CONSECUTIVOS A CAÍDA EN UNA PISCINA, INSTITUCIÓN RESIDENCIAL",,,,0
W682,"AHOGAMIENTO Y SUMERSIÓN CONSECUTIVOS A CAÍDA EN UNA PISCINA, ESCUELAS, OTRAS INSTITUCIONES Y ÁREAS ADMINISTRATIVAS PÚBLICAS",,,,0
W683,"AHOGAMIENTO Y SUMERSIÓN CONSECUTIVOS A CAÍDA EN UNA PISCINA, ÁREAS DE DEPORTE Y ATLETISMO",,,,0
W684,"AHOGAMIENTO Y SUMERSIÓN CONSECUTIVOS A CAÍDA EN UNA PISCINA, CALLES Y CARRETERAS",,,,0
W685,"AHOGAMIENTO Y SUMERSIÓN CONSECUTIVOS A CAÍDA EN UNA PISCINA, COMERCIO Y ÁREA DE SERVICIOS",,,,0
W686,"AHOGAMIENTO Y SUMERSIÓN CONSECUTIVOS A CAÍDA EN UNA PISCINA, ÁREA INDUSTRIAL Y DE LA CONSTRUCCIÓN",,,,0
W687,"AHOGAMIENTO Y SUMERSIÓN CONSECUTIVOS A CAÍDA EN UNA PISCINA, GRANJA",,,,0
W688,"AHOGAMIENTO Y SUMERSIÓN CONSECUTIVOS A CAÍDA EN UNA PISCINA, OTRO LUGAR ESPECIFICADO",,,,0
W689,"AHOGAMIENTO Y SUMERSIÓN CONSECUTIVOS A CAÍDA EN UNA PISCINA, LUGAR NO ESPECIFICADO",,,,0
W690,"AHOGAMIENTO Y SUMERSIÓN MIENTRAS SE ESTÁ EN AGUAS NATURALES, VIVIENDA",,,,0
W691,"AHOGAMIENTO Y SUMERSIÓN MIENTRAS SE ESTÁ EN AGUAS NATURALES, INSTITUCIÓN RESIDENCIAL",,,,0
W692,"AHOGAMIENTO Y SUMERSIÓN MIENTRAS SE ESTÁ EN AGUAS NATURALES, ESCUELAS, OTRAS INSTITUCIONES Y ÁREAS ADMINISTRATIVAS PÚBLICAS",,,,0
W693,"AHOGAMIENTO Y SUMERSIÓN MIENTRAS SE ESTÁ EN AGUAS NATURALES, ÁREAS DE DEPORTE Y ATLETISMO",,,,0
W694,"AHOGAMIENTO Y SUMERSIÓN MIENTRAS SE ESTÁ EN AGUAS NATURALES, CALLES Y CARRETERAS",,,,0
W695,"AHOGAMIENTO Y SUMERSIÓN MIENTRAS SE ESTÁ EN AGUAS NATURALES, COMERCIO Y ÁREA DE SERVICIOS",,,,0
W696,"AHOGAMIENTO Y SUMERSIÓN MIENTRAS SE ESTÁ EN AGUAS NATURALES, ÁREA INDUSTRIAL Y DE LA CONSTRUCCIÓN",,,,0
W697,"AHOGAMIENTO Y SUMERSIÓN MIENTRAS SE ESTÁ EN AGUAS NATURALES, GRANJA",,,,0
W698,"AHOGAMIENTO Y SUMERSIÓN MIENTRAS SE ESTÁ EN AGUAS NATURALES, OTRO LUGAR ESPECIFICADO",,,,0
W699,"AHOGAMIENTO Y SUMERSIÓN MIENTRAS SE ESTÁ EN AGUAS NATURALES, LUGAR NO ESPECIFICADO",,,,0
W700,"AHOGAMIENTO Y SUMERSIÓN POSTERIOR A CAÍDA EN AGUAS NATURALES, VIVIENDA",,,,0
W701,"AHOGAMIENTO Y SUMERSIÓN POSTERIOR A CAÍDA EN AGUAS NATURALES, INSTITUCIÓN RESIDENCIAL",,,,0
W702,"AHOGAMIENTO Y SUMERSIÓN POSTERIOR A CAÍDA EN AGUAS NATURALES, ESCUELAS, OTRAS INSTITUCIONES Y ÁREAS ADMINISTRATIVAS PÚBLICAS",,,,0
W703,"AHOGAMIENTO Y SUMERSIÓN POSTERIOR A CAÍDA EN AGUAS NATURALES, ÁREAS DE DEPORTE Y ATLETISMO",,,,0
W704,"AHOGAMIENTO Y SUMERSIÓN POSTERIOR A CAÍDA EN AGUAS NATURALES, CALLES Y CARRETERAS",,,,0
W705,"AHOGAMIENTO Y SUMERSIÓN POSTERIOR A CAÍDA EN AGUAS NATURALES, COMERCIO Y ÁREA DE SERVICIOS",,,,0
W706,"AHOGAMIENTO Y SUMERSIÓN POSTERIOR A CAÍDA EN AGUAS NATURALES, ÁREA INDUSTRIAL Y DE LA CONSTRUCCIÓN",,,,0
W707,"AHOGAMIENTO Y SUMERSIÓN POSTERIOR A CAÍDA EN AGUAS NATURALES, GRANJA",,,,0
W708,"AHOGAMIENTO Y SUMERSIÓN POSTERIOR A CAÍDA EN AGUAS NATURALES, OTRO LUGAR ESPECIFICADO",,,,0
W709,"AHOGAMIENTO Y SUMERSIÓN POSTERIOR A CAÍDA EN AGUAS NATURALES, LUGAR NO ESPECIFICADO",,,,0
W730,"OTROS AHOGAMIENTOS Y SUMERSIONES ESPECIFICADOS, VIVIENDA",,,,0
W731,"OTROS AHOGAMIENTOS Y SUMERSIONES ESPECIFICADOS, INSTITUCIÓN RESIDENCIAL",,,,0
W732,"OTROS AHOGAMIENTOS Y SUMERSIONES ESPECIFICADOS, ESCUELAS, OTRAS INSTITUCIONES Y ÁREAS ADMINISTRATIVAS PÚBLICAS",,,,0
W733,"OTROS AHOGAMIENTOS Y SUMERSIONES ESPECIFICADOS, ÁREAS DE DEPORTE Y ATLETISMO",,,,0
W734,"OTROS AHOGAMIENTOS Y SUMERSIONES ESPECIFICADOS, CALLES Y CARRETERAS",,,,0
W735,"OTROS AHOGAMIENTOS Y SUMERSIONES ESPECIFICADOS, COMERCIO Y ÁREA DE SERVICIOS",,,,0
W736,"OTROS AHOGAMIENTOS Y SUMERSIONES ESPECIFICADOS, ÁREA INDUSTRIAL Y DE LA CONSTRUCCIÓN",,,,0
W737,"OTROS AHOGAMIENTOS Y SUMERSIONES ESPECIFICADOS, GRANJA",,,,0
W738,"OTROS AHOGAMIENTOS Y SUMERSIONES ESPECIFICADOS, OTRO LUGAR ESPECIFICADO",,,,0
W739,"OTROS AHOGAMIENTOS Y SUMERSIONES ESPECIFICADOS, LUGAR NO ESPECIFICADO",,,,0
W740,"AHOGAMIENTO Y SUMERSIÓN NO ESPECIFICADOS, VIVIENDA",,,,0
W741,"AHOGAMIENTO Y SUMERSIÓN NO ESPECIFICADOS, INSTITUCIÓN RESIDENCIAL",,,,0
W742,"AHOGAMIENTO Y SUMERSIÓN NO ESPECIFICADOS, ESCUELAS, OTRAS INSTITUCIONES Y ÁREAS ADMINISTRATIVAS PÚBLICAS",,,,0
W743,"AHOGAMIENTO Y SUMERSIÓN NO ESPECIFICADOS, ÁREAS DE DEPORTE Y ATLETISMO",,,,0
W744,"AHOGAMIENTO Y SUMERSIÓN NO ESPECIFICADOS, CALLES Y CARRETERAS",,,,0
W745,"AHOGAMIENTO Y SUMERSIÓN NO ESPECIFICADOS, COMERCIO Y ÁREA DE SERVICIOS",,,,0
W746,"AHOGAMIENTO Y SUMERSIÓN NO ESPECIFICADOS, ÁREA INDUSTRIAL Y DE LA CONSTRUCCIÓN",,,,0
W747,"AHOGAMIENTO Y SUMERSIÓN NO ESPECIFICADOS, GRANJA",,,,0
W748,"AHOGAMIENTO Y SUMERSIÓN NO ESPECIFICADOS, OTRO LUGAR ESPECIFICADO",,,,0
W749,"AHOGAMIENTO Y SUMERSIÓN NO ESPECIFICADOS, LUGAR NO ESPECIFICADO",,,,0
W750,"SOFOCACIÓN Y ESTRANGULAMIENTO ACCIDENTAL EN LA CAMA, VIVIENDA",,,,0
W751,"SOFOCACIÓN Y ESTRANGULAMIENTO ACCIDENTAL EN LA CAMA, INSTITUCIÓN RESIDENCIAL",,,,0
W752,"SOFOCACIÓN Y ESTRANGULAMIENTO ACCIDENTAL EN LA CAMA, ESCUELAS, OTRAS INSTITUCIONES Y ÁREAS ADMINISTRATIVAS PÚBLICAS",,,,0
W753,"SOFOCACIÓN Y ESTRANGULAMIENTO ACCIDENTAL EN LA CAMA, ÁREAS DE DEPORTE Y ATLETISMO",,,,0
W754,"SOFOCACIÓN Y ESTRANGULAMIENTO ACCIDENTAL EN LA CAMA, CALLES Y CARRETERAS",,,,0
W755,"SOFOCACIÓN Y ESTRANGULAMIENTO ACCIDENTAL EN LA CAMA, COMERCIO Y ÁREA DE SERVICIOS",,,,0
W756,"SOFOCACIÓN Y ESTRANGULAMIENTO ACCIDENTAL EN LA CAMA, ÁREA INDUSTRIAL Y DE LA CONSTRUCCIÓN",,,,0
W757,"SOFOCACIÓN Y ESTRANGULAMIENTO ACCIDENTAL EN LA CAMA, GRANJA",,,,0
W758,"SOFOCACIÓN Y ESTRANGULAMIENTO ACCIDENTAL EN LA CAMA, OTRO LUGAR ESPECIFICADO",,,,0
W759,"SOFOCACIÓN Y ESTRANGULAMIENTO ACCIDENTAL EN LA CAMA, LUGAR NO ESPECIFICADO",,,,0
W760,"OTROS ESTRANGULAMIENTOS Y AHORCAMIENTOS ACCIDENTALES, VIVIENDA",,,,0
W761,"OTROS ESTRANGULAMIENTOS Y AHORCAMIENTOS ACCIDENTALES, INSTITUCIÓN RESIDENCIAL",,,,0
W762,"OTROS ESTRANGULAMIENTOS Y AHORCAMIENTOS ACCIDENTALES, ESCUELAS, OTRAS INSTITUCIONES Y ÁREAS ADMINISTRATIVAS PÚBLICAS",,,,0
W763,"OTROS ESTRANGULAMIENTOS Y AHORCAMIENTOS ACCIDENTALES, ÁREAS DE DEPORTE Y ATLETISMO",,,,0
W764,"OTROS ESTRANGULAMIENTOS Y AHORCAMIENTOS ACCIDENTALES, CALLES Y CARRETERAS",,,,0
W765,"OTROS ESTRANGULAMIENTOS Y AHORCAMIENTOS ACCIDENTALES, COMERCIO Y ÁREA DE SERVICIOS",,,,0
W766,"OTROS ESTRANGULAMIENTOS Y AHORCAMIENTOS ACCIDENTALES, ÁREA INDUSTRIAL Y DE LA CONSTRUCCIÓN",,,,0
W767,"OTROS ESTRANGULAMIENTOS Y AHORCAMIENTOS ACCIDENTALES, GRANJA",,,,0
W768,"OTROS ESTRANGULAMIENTOS Y AHORCAMIENTOS ACCIDENTALES, OTRO LUGAR ESPECIFICADO",,,,0
W769,"OTROS ESTRANGULAMIENTOS Y AHORCAMIENTOS ACCIDENTALES, LUGAR NO ESPECIFICADO",,,,0
W770,"OBSTRUCCIÓN DE LA RESPIRACIÓN DEBIDA A HUNDIMIENTO, CAÍDA DE TIERRA U OTRAS SUSTANCIAS, VIVIENDA",,,,0
W771,"OBSTRUCCIÓN DE LA RESPIRACIÓN DEBIDA A HUNDIMIENTO, CAÍDA DE TIERRA U OTRAS SUSTANCIAS, INSTITUCIÓN RESIDENCIAL",,,,0
W772,"OBSTRUCCIÓN DE LA RESPIRACIÓN DEBIDA A HUNDIMIENTO, CAÍDA DE TIERRA U OTRAS SUSTANCIAS, ESCUELAS, OTRAS INSTITUCIONES Y ÁREAS ADMINISTRATIVAS PÚBLICAS",,,,0
W773,"OBSTRUCCIÓN DE LA RESPIRACIÓN DEBIDA A HUNDIMIENTO, CAÍDA DE TIERRA U OTRAS SUSTANCIAS, ÁREAS DE DEPORTE Y ATLETISMO",,,,0
W774,"OBSTRUCCIÓN DE LA RESPIRACIÓN DEBIDA A HUNDIMIENTO, CAÍDA DE TIERRA U OTRAS SUSTANCIAS, CALLES Y CARRETERAS",,,,0
W775,"OBSTRUCCIÓN DE LA RESPIRACIÓN DEBIDA A HUNDIMIENTO, CAÍDA DE TIERRA U OTRAS SUSTANCIAS, COMERCIO Y ÁREA DE SERVICIOS",,,,0
W776,"OBSTRUCCIÓN DE LA RESPIRACIÓN DEBIDA A HUNDIMIENTO, CAÍDA DE TIERRA U OTRAS SUSTANCIAS, ÁREA INDUSTRIAL Y DE LA CONSTRUCCIÓN",,,,0
W777,"OBSTRUCCIÓN DE LA RESPIRACIÓN DEBIDA A HUNDIMIENTO, CAÍDA DE TIERRA U OTRAS SUSTANCIAS, GRANJA",,,,0
W778,"OBSTRUCCIÓN DE LA RESPIRACIÓN DEBIDA A HUNDIMIENTO, CAÍDA DE TIERRA U OTRAS SUSTANCIAS, OTRO LUGAR ESPECIFICADO",,,,0
W779,"OBSTRUCCIÓN DE LA RESPIRACIÓN DEBIDA A HUNDIMIENTO, CAÍDA DE TIERRA U OTRAS SUSTANCIAS, LUGAR NO ESPECIFICADO",,,,0
W780,"INHALACIÓN DE CONTENIDOS GÁSTRICOS, VIVIENDA",,28,43800,0
W781,"INHALACIÓN DE CONTENIDOS GÁSTRICOS, INSTITUCIÓN RESIDENCIAL",,28,43800,0
W782,"INHALACIÓN DE CONTENIDOS GÁSTRICOS, ESCUELAS, OTRAS INSTITUCIONES Y ÁREAS ADMINISTRATIVAS PÚBLICAS",,28,43800,0
W783,"INHALACIÓN DE CONTENIDOS GÁSTRICOS, ÁREAS DE DEPORTE Y ATLETISMO",,28,43800,0
W784,"INHALACIÓN DE CONTENIDOS GÁSTRICOS, CALLES Y CARRETERAS",,28,43800,0
W785,"INHALACIÓN DE CONTENIDOS GÁSTRICOS, COMERCIO Y ÁREA DE SERVICIOS",,28,43800,0
W786,"INHALACIÓN DE CONTENIDOS GÁSTRICOS, ÁREA INDUSTRIAL Y DE LA CONSTRUCCIÓN",,28,43800,0
W787,"INHALACIÓN DE CONTENIDOS GÁSTRICOS, GRANJA",,28,43800,0
W788,"INHALACIÓN DE CONTENIDOS GÁSTRICOS, OTRO LUGAR ESPECIFICADO",,28,43800,0
W789,"INHALACIÓN DE CONTENIDOS GÁSTRICOS, LUGAR NO ESPECIFICADO",,28,43800,0
W790,"INHALACIÓN E INGESTIÓN DE ALIMENTO QUE CAUSA OBSTRUCCIÓN DE LAS VÍAS RESPIRATORIAS, VIVIENDA",,28,43800,0
W791,"INHALACIÓN E INGESTIÓN DE ALIMENTO QUE CAUSA OBSTRUCCIÓN DE LAS VÍAS RESPIRATORIAS, INSTITUCIÓN RESIDENCIAL",,28,43800,0
W792,"INHALACIÓN E INGESTIÓN DE ALIMENTO QUE CAUSA OBSTRUCCIÓN DE LAS VÍAS RESPIRATORIAS, ESCUELAS, OTRAS INSTITUCIONES Y ÁREAS ADMINISTRATIVAS PÚBLICAS",,28,43800,0
W793,"INHALACIÓN E INGESTIÓN DE ALIMENTO QUE CAUSA OBSTRUCCIÓN DE LAS VÍAS RESPIRATORIAS, ÁREAS DE DEPORTE Y ATLETISMO",,28,43800,0
W794,"INHALACIÓN E INGESTIÓN DE ALIMENTO QUE CAUSA OBSTRUCCIÓN DE LAS VÍAS RESPIRATORIAS, CALLES Y CARRETERAS",,28,43800,0
W795,"INHALACIÓN E INGESTIÓN DE ALIMENTO QUE CAUSA OBSTRUCCIÓN DE LAS VÍAS RESPIRATORIAS, COMERCIO Y ÁREA DE SERVICIOS",,28,43800,0
W796,"INHALACIÓN E INGESTIÓN DE ALIMENTO QUE CAUSA OBSTRUCCIÓN DE LAS VÍAS RESPIRATORIAS, ÁREA INDUSTRIAL Y DE LA CONSTRUCCIÓN",,28,43800,0
W797,"INHALACIÓN E INGESTIÓN DE ALIMENTO QUE CAUSA OBSTRUCCIÓN DE LAS VÍAS RESPIRATORIAS, GRANJA",,28,43800,0
W798,"INHALACIÓN E INGESTIÓN DE ALIMENTO QUE CAUSA OBSTRUCCIÓN DE LAS VÍAS RESPIRATORIAS, OTRO LUGAR ESPECIFICADO",,28,43800,0
W799,"INHALACIÓN E INGESTIÓN DE ALIMENTO QUE CAUSA OBSTRUCCIÓN DE LAS VÍAS RESPIRATORIAS, LUGAR NO ESPECIFICADO",,28,43800,0
W800,"INHALACIÓN E INGESTIÓN DE OTROS OBJETOS QUE CAUSAN OBSTRUCCIÓN DE LAS VÍAS RESPIRATORIAS, VIVIENDA",,,,0
W801,"INHALACIÓN E INGESTIÓN DE OTROS OBJETOS QUE CAUSAN OBSTRUCCIÓN DE LAS VÍAS RESPIRATORIAS, INSTITUCIÓN RESIDENCIAL",,,,0
W802,"INHALACIÓN E INGESTIÓN DE OTROS OBJETOS QUE CAUSAN OBSTRUCCIÓN DE LAS VÍAS RESPIRATORIAS, ESCUELAS, OTRAS INSTITUCIÓN Y ÁREAS ADMINISTRATIVAS PÚBLICAS",,,,0
W803,"INHALACIÓN E INGESTIÓN DE OTROS OBJETOS QUE CAUSAN OBSTRUCCIÓN DE LAS VÍAS RESPIRATORIAS, ÁREAS DE DEPORTE Y ATLETISMO",,,,0
W804,"INHALACIÓN E INGESTIÓN DE OTROS OBJETOS QUE CAUSAN OBSTRUCCIÓN DE LAS VÍAS RESPIRATORIAS, CALLES Y CARRETERAS",,,,0
W805,"INHALACIÓN E INGESTIÓN DE OTROS OBJETOS QUE CAUSAN OBSTRUCCIÓN DE LAS VÍAS RESPIRATORIAS, COMERCIO Y ÁREA DE SERVICIOS",,,,0
W806,"INHALACIÓN E INGESTIÓN DE OTROS OBJETOS QUE CAUSAN OBSTRUCCIÓN DE LAS VÍAS RESPIRATORIAS, ÁREA INDUSTRIAL Y DE LA CONSTRUCCIÓN",,,,0
W807,"INHALACIÓN E INGESTIÓN DE OTROS OBJETOS QUE CAUSAN OBSTRUCCIÓN DE LAS VÍAS RESPIRATORIAS, GRANJA",,,,0
W808,"INHALACIÓN E INGESTIÓN DE OTROS OBJETOS QUE CAUSAN OBSTRUCCIÓN DE LAS VÍAS RESPIRATORIAS, OTRO LUGAR ESPECIFICADO",,,,0
W809,"INHALACIÓN E INGESTIÓN DE OTROS OBJETOS QUE CAUSAN OBSTRUCCIÓN DE LAS VÍAS RESPIRATORIAS, LUGAR NO ESPECIFICADO",,,,0
W810,"CONFINADO O ATRAPADO EN UN AMBIENTE CON BAJO CONTENIDO DE OXIGENO, VIVIENDA",,,,0
W811,"CONFINADO O ATRAPADO EN UN AMBIENTE CON BAJO CONTENIDO DE OXIGENO, INSTITUCIÓN RESIDENCIAL",,,,0
W812,"CONFINADO O ATRAPADO EN UN AMBIENTE CON BAJO CONTENIDO DE OXIGENO, ESCUELAS, OTRAS INSTITUCIONES Y ÁREAS ADMINISTRATIVAS PÚBLICAS",,,,0
W813,"CONFINADO O ATRAPADO EN UN AMBIENTE CON BAJO CONTENIDO DE OXIGENO, ÁREAS DE DEPORTE Y ATLETISMO",,,,0
W814,"CONFINADO O ATRAPADO EN UN AMBIENTE CON BAJO CONTENIDO DE OXIGENO, CALLES Y CARRETERAS",,,,0
W815,"CONFINADO O ATRAPADO EN UN AMBIENTE CON BAJO CONTENIDO DE OXIGENO, COMERCIO Y ÁREA DE SERVICIOS",,,,0
W816,"CONFINADO O ATRAPADO EN UN AMBIENTE CON BAJO CONTENIDO DE OXIGENO, ÁREA INDUSTRIAL Y DE LA CONSTRUCCIÓN",,,,0
W817,"CONFINADO O ATRAPADO EN UN AMBIENTE CON BAJO CONTENIDO DE OXIGENO, GRANJA",,,,0
W818,"CONFINADO O ATRAPADO EN UN AMBIENTE CON BAJO CONTENIDO DE OXIGENO, OTRO LUGAR ESPECIFICADO",,,,0
W819,"CONFINADO O ATRAPADO EN UN AMBIENTE CON BAJO CONTENIDO DE OXIGENO, LUGAR NO ESPECIFICADO",,,,0
W830,"OTRAS OBSTRUCCIONES ESPECIFICADAS DE LA RESPIRACIÓN, VIVIENDA",,,,0
W831,"OTRAS OBSTRUCCIONES ESPECIFICADAS DE LA RESPIRACIÓN, INSTITUCIÓN RESIDENCIAL",,,,0
W832,"OTRAS OBSTRUCCIONES ESPECIFICADAS DE LA RESPIRACIÓN, ESCUELAS, OTRAS INSTITUCIONES Y ÁREAS ADMINISTRATIVAS PÚBLICAS",,,,0
W833,"OTRAS OBSTRUCCIONES ESPECIFICADAS DE LA RESPIRACIÓN, ÁREAS DE DEPORTE Y ATLETISMO",,,,0
W834,"OTRAS OBSTRUCCIONES ESPECIFICADAS DE LA RESPIRACIÓN, CALLES Y CARRETERAS",,,,0
W835,"OTRAS OBSTRUCCIONES ESPECIFICADAS DE LA RESPIRACIÓN, COMERCIO Y ÁREA DE SERVICIOS",,,,0
W836,"OTRAS OBSTRUCCIONES ESPECIFICADAS DE LA RESPIRACIÓN, ÁREA INDUSTRIAL Y DE LA CONSTRUCCIÓN",,,,0
W837,"OTRAS OBSTRUCCIONES ESPECIFICADAS DE LA RESPIRACIÓN, GRANJA",,,,0
W838,"OTRAS OBSTRUCCIONES ESPECIFICADAS DE LA RESPIRACIÓN, OTRO LUGAR ESPECIFICADO",,,,0
W839,"OTRAS OBSTRUCCIONES ESPECIFICADAS DE LA RESPIRACIÓN, LUGAR NO ESPECIFICADO",,,,0
W840,"OBSTRUCCIÓN NO ESPECIFICADA DE LA RESPIRACIÓN, VIVIENDA",,,,0
W841,"OBSTRUCCIÓN NO ESPECIFICADA DE LA RESPIRACIÓN, INSTITUCIÓN RESIDENCIAL",,,,0
W842,"OBSTRUCCIÓN NO ESPECIFICADA DE LA RESPIRACIÓN, ESCUELAS, OTRAS INSTITUCIONES Y ÁREAS ADMINISTRATIVAS PÚBLICAS",,,,0
W843,"OBSTRUCCIÓN NO ESPECIFICADA DE LA RESPIRACIÓN, ÁREAS DE DEPORTE Y ATLETISMO",,,,0
W844,"OBSTRUCCIÓN NO ESPECIFICADA DE LA RESPIRACIÓN, CALLES Y CARRETERAS",,,,0
W845,"OBSTRUCCIÓN NO ESPECIFICADA DE LA RESPIRACIÓN, COMERCIO Y ÁREA DE SERVICIOS",,,,0
W846,"OBSTRUCCIÓN NO ESPECIFICADA DE LA RESPIRACIÓN, ÁREA INDUSTRIAL Y DE LA CONSTRUCCIÓN",,,,0
W847,"OBSTRUCCIÓN NO ESPECIFICADA DE LA RESPIRACIÓN, GRANJA",,,,0
W848,"OBSTRUCCIÓN NO ESPECIFICADA DE LA RESPIRACIÓN, OTRO LUGAR ESPECIFICADO",,,,0
W849,"OBSTRUCCIÓN NO ESPECIFICADA DE LA RESPIRACIÓN, LUGAR NO ESPECIFICADO",,,,0
W850,"EXPOSICIÓN A LÍNEAS DE TRANSMISIÓN ELÉCTRICA, VIVIENDA",,,,0
W851,"EXPOSICIÓN A LÍNEAS DE TRANSMISIÓN ELÉCTRICA, INSTITUCIÓN RESIDENCIAL",,,,0
W852,"EXPOSICIÓN A LÍNEAS DE TRANSMISIÓN ELÉCTRICA, ESCUELAS, OTRAS INSTITUCIONES Y ÁREAS ADMINISTRATIVAS PÚBLICAS",,,,0
W853,"EXPOSICIÓN A LÍNEAS DE TRANSMISIÓN ELÉCTRICA, ÁREAS DE DEPORTE Y ATLETISMO",,,,0
W854,"EXPOSICIÓN A LÍNEAS DE TRANSMISIÓN ELÉCTRICA, CALLES Y CARRETERAS",,,,0
W855,"EXPOSICIÓN A LÍNEAS DE TRANSMISIÓN ELÉCTRICA, COMERCIO Y ÁREA DE SERVICIOS",,,,0
W856,"EXPOSICIÓN A LÍNEAS DE TRANSMISIÓN ELÉCTRICA, ÁREA INDUSTRIAL Y DE LA CONSTRUCCIÓN",,,,0
W857,"EXPOSICIÓN A LÍNEAS DE TRANSMISIÓN ELÉCTRICA, GRANJA",,,,0
W858,"EXPOSICIÓN A LÍNEAS DE TRANSMISIÓN ELÉCTRICA, OTRO LUGAR ESPECIFICADO",,,,0
W859,"EXPOSICIÓN A LÍNEAS DE TRANSMISIÓN ELÉCTRICA, LUGAR NO ESPECIFICADO",,,,0
W860,"EXPOSICIÓN A OTRAS CORRIENTES ELÉCTRICAS ESPECIFICADAS, VIVIENDA",,,,0
W861,"EXPOSICIÓN A OTRAS CORRIENTES ELÉCTRICAS ESPECIFICADAS, INSTITUCIÓN RESIDENCIAL",,,,0
W862,"EXPOSICIÓN A OTRAS CORRIENTES ELÉCTRICAS ESPECIFICADAS, ESCUELAS, OTRAS INSTITUCIONES Y ÁREAS ADMINISTRATIVAS PÚBLICAS",,,,0
W863,"EXPOSICIÓN A OTRAS CORRIENTES ELÉCTRICAS ESPECIFICADAS, ÁREAS DE DEPORTE Y ATLETISMO",,,,0
W864,"EXPOSICIÓN A OTRAS CORRIENTES ELÉCTRICAS ESPECIFICADAS, CALLES Y CARRETERAS",,,,0
W865,"EXPOSICIÓN A OTRAS CORRIENTES ELÉCTRICAS ESPECIFICADAS, COMERCIO Y ÁREA DE SERVICIOS",,,,0
W866,"EXPOSICIÓN A OTRAS CORRIENTES ELÉCTRICAS ESPECIFICADAS, ÁREA INDUSTRIAL Y DE LA CONSTRUCCIÓN",,,,0
W867,"EXPOSICIÓN A OTRAS CORRIENTES ELÉCTRICAS ESPECIFICADAS, GRANJA",,,,0
W868,"EXPOSICIÓN A OTRAS CORRIENTES ELÉCTRICAS ESPECIFICADAS, OTRO LUGAR ESPECIFICADO",,,,0
W869,"EXPOSICIÓN A OTRAS CORRIENTES ELÉCTRICAS ESPECIFICADAS, LUGAR NO ESPECIFICADO",,,,0
W870,"EXPOSICIÓN A CORRIENTE ELÉCTRICA NO ESPECIFICADA, VIVIENDA",,,,0
W871,"EXPOSICIÓN A CORRIENTE ELÉCTRICA NO ESPECIFICADA, INSTITUCIÓN RESIDENCIAL",,,,0
W872,"EXPOSICIÓN A CORRIENTE ELÉCTRICA NO ESPECIFICADA, ESCUELAS, OTRAS INSTITUCIONES Y ÁREAS ADMINISTRATIVAS PÚBLICAS",,,,0
W873,"EXPOSICIÓN A CORRIENTE ELÉCTRICA NO ESPECIFICADA, ÁREAS DE DEPORTE Y ATLETISMO",,,,0
W874,"EXPOSICIÓN A CORRIENTE ELÉCTRICA NO ESPECIFICADA, CALLES Y CARRETERAS",,,,0
W875,"EXPOSICIÓN A CORRIENTE ELÉCTRICA NO ESPECIFICADA, COMERCIO Y ÁREA DE SERVICIOS",,,,0
W876,"EXPOSICIÓN A CORRIENTE ELÉCTRICA NO ESPECIFICADA, ÁREA INDUSTRIAL Y DE LA CONSTRUCCIÓN",,,,0
W877,"EXPOSICIÓN A CORRIENTE ELÉCTRICA NO ESPECIFICADA, GRANJA",,,,0
W878,"EXPOSICIÓN A CORRIENTE ELÉCTRICA NO ESPECIFICADA, OTRO LUGAR ESPECIFICADO",,,,0
W879,"EXPOSICIÓN A CORRIENTE ELÉCTRICA NO ESPECIFICADA, LUGAR NO ESPECIFICADO",,,,0
W880,"EXPOSICIÓN A RADIACIÓN IONIZANTE, VIVIENDA",,,,0
W881,"EXPOSICIÓN A RADIACIÓN IONIZANTE, INSTITUCIÓN RESIDENCIAL",,,,0
W882,"EXPOSICIÓN A RADIACIÓN IONIZANTE, ESCUELAS, OTRAS INSTITUCIONES Y ÁREAS ADMINISTRATIVAS PÚBLICAS",,,,0
W883,"EXPOSICIÓN A RADIACIÓN IONIZANTE, ÁREAS DE DEPORTE Y ATLETISMO",,,,0
W884,"EXPOSICIÓN A RADIACIÓN IONIZANTE, CALLES Y CARRETERAS",,,,0
W885,"EXPOSICIÓN A RADIACIÓN IONIZANTE, COMERCIO Y ÁREA DE SERVICIOS",,,,0
W886,"EXPOSICIÓN A RADIACIÓN IONIZANTE, ÁREA INDUSTRIAL Y DE LA CONSTRUCCIÓN",,,,0
W887,"EXPOSICIÓN A RADIACIÓN IONIZANTE, GRANJA",,,,0
W888,"EXPOSICIÓN A RADIACIÓN IONIZANTE, OTRO LUGAR ESPECIFICADO",,,,0
W889,"EXPOSICIÓN A RADIACIÓN IONIZANTE, LUGAR NO ESPECIFICADO",,,,0
W890,"EXPOSICIÓN A FUENTE DE LUZ VISIBLE Y ULTRAVIOLETA, DE ORIGEN ARTIFICIAL, VIVIENDA",,,,0
W891,"EXPOSICIÓN A FUENTE DE LUZ VISIBLE Y ULTRAVIOLETA, DE ORIGEN ARTIFICIAL, INSTITUCIÓN RESIDENCIAL",,,,0
W892,"EXPOSICIÓN A FUENTE DE LUZ VISIBLE Y ULTRAVIOLETA, DE ORIGEN ARTIFICIAL, ESCUELAS, OTRAS INSTITUCIONES Y ÁREAS ADMINISTRATIVAS PÚBLICAS",,,,0
W893,"EXPOSICIÓN A FUENTE DE LUZ VISIBLE Y ULTRAVIOLETA, DE ORIGEN ARTIFICIAL, ÁREAS DE DEPORTE Y ATLETISMO",,,,0
W894,"EXPOSICIÓN A FUENTE DE LUZ VISIBLE Y ULTRAVIOLETA, DE ORIGEN ARTIFICIAL, CALLES Y CARRETERAS",,,,0
W895,"EXPOSICIÓN A FUENTE DE LUZ VISIBLE Y ULTRAVIOLETA, DE ORIGEN ARTIFICIAL, COMERCIO Y ÁREA DE SERVICIOS",,,,0
W896,"EXPOSICIÓN A FUENTE DE LUZ VISIBLE Y ULTRAVIOLETA, DE ORIGEN ARTIFICIAL, ÁREA INDUSTRIAL Y DE LA CONSTRUCCIÓN",,,,0
W897,"EXPOSICIÓN A FUENTE DE LUZ VISIBLE Y ULTRAVIOLETA, DE ORIGEN ARTIFICIAL, GRANJA",,,,0
W898,"EXPOSICIÓN A FUENTE DE LUZ VISIBLE Y ULTRAVIOLETA, DE ORIGEN ARTIFICIAL, OTRO LUGAR ESPECIFICADO",,,,0
W899,"EXPOSICIÓN A FUENTE DE LUZ VISIBLE Y ULTRAVIOLETA, DE ORIGEN ARTIFICIAL, LUGAR NO ESPECIFICADO",,,,0
W900,"EXPOSICIÓN A OTROS TIPOS DE RADIACIÓN NO IONIZANTE, VIVIENDA",,,,0
W901,"EXPOSICIÓN A OTROS TIPOS DE RADIACIÓN NO IONIZANTE, INSTITUCIÓN RESIDENCIAL",,,,0
W902,"EXPOSICIÓN A OTROS TIPOS DE RADIACIÓN NO IONIZANTE, ESCUELAS, OTRAS INSTITUCIONES Y ÁREAS ADMINISTRATIVAS PÚBLICAS",,,,0
W903,"EXPOSICIÓN A OTROS TIPOS DE RADIACIÓN NO IONIZANTE, ÁREAS DE DEPORTE Y ATLETISMO",,,,0
W904,"EXPOSICIÓN A OTROS TIPOS DE RADIACIÓN NO IONIZANTE, CALLES Y CARRETERAS",,,,0
W905,"EXPOSICIÓN A OTROS TIPOS DE RADIACIÓN NO IONIZANTE, COMERCIO Y ÁREA DE SERVICIOS",,,,0
W906,"EXPOSICIÓN A OTROS TIPOS DE RADIACIÓN NO IONIZANTE, ÁREA INDUSTRIAL Y DE LA CONSTRUCCIÓN",,,,0
W907,"EXPOSICIÓN A OTROS TIPOS DE RADIACIÓN NO IONIZANTE, GRANJA",,,,0
W908,"EXPOSICIÓN A OTROS TIPOS DE RADIACIÓN NO IONIZANTE, OTRO LUGAR ESPECIFICADO",,,,0
W909,"EXPOSICIÓN A OTROS TIPOS DE RADIACIÓN NO IONIZANTE, LUGAR NO ESPECIFICADO",,,,0
W910,"EXPOSICIÓN A RADIACIÓN DE TIPO NO ESPECIFICADO, VIVIENDA",,,,0
W911,"EXPOSICIÓN A RADIACIÓN DE TIPO NO ESPECIFICADO, INSTITUCIÓN RESIDENCIAL",,,,0
W912,"EXPOSICIÓN A RADIACIÓN DE TIPO NO ESPECIFICADO, ESCUELAS, OTRAS INSTITUCIONES Y ÁREAS ADMINISTRATIVAS PÚBLICAS",,,,0
W913,"EXPOSICIÓN A RADIACIÓN DE TIPO NO ESPECIFICADO, ÁREAS DE DEPORTE Y ATLETISMO",,,,0
W914,"EXPOSICIÓN A RADIACIÓN DE TIPO NO ESPECIFICADO, CALLES Y CARRETERAS",,,,0
W915,"EXPOSICIÓN A RADIACIÓN DE TIPO NO ESPECIFICADO, COMERCIO Y ÁREA DE SERVICIOS",,,,0
W916,"EXPOSICIÓN A RADIACIÓN DE TIPO NO ESPECIFICADO, ÁREA INDUSTRIAL Y DE LA CONSTRUCCIÓN",,,,0
W917,"EXPOSICIÓN A RADIACIÓN DE TIPO NO ESPECIFICADO, GRANJA",,,,0
W918,"EXPOSICIÓN A RADIACIÓN DE TIPO NO ESPECIFICADO, OTRO LUGAR ESPECIFICADO",,,,0
W919,"EXPOSICIÓN A RADIACIÓN DE TIPO NO ESPECIFICADO, LUGAR NO ESPECIFICADO",,,,0
W920,"EXPOSICIÓN A CALOR EXCESIVO DE ORIGEN ARTIFICIAL, VIVIENDA",,,,0
W921,"EXPOSICIÓN A CALOR EXCESIVO DE ORIGEN ARTIFICIAL, INSTITUCIÓN RESIDENCIAL",,,,0
W922,"EXPOSICIÓN A CALOR EXCESIVO DE ORIGEN ARTIFICIAL, ESCUELAS, OTRAS INSTITUCIONES Y ÁREAS ADMINISTRATIVAS PÚBLICAS",,,,0
W923,"EXPOSICIÓN A CALOR EXCESIVO DE ORIGEN ARTIFICIAL, ÁREAS DE DEPORTE Y ATLETISMO",,,,0
W924,"EXPOSICIÓN A CALOR EXCESIVO DE ORIGEN ARTIFICIAL, CALLES Y CARRETERAS",,,,0
W925,"EXPOSICIÓN A CALOR EXCESIVO DE ORIGEN ARTIFICIAL, COMERCIO Y ÁREA DE SERVICIOS",,,,0
W926,"EXPOSICIÓN A CALOR EXCESIVO DE ORIGEN ARTIFICIAL, ÁREA INDUSTRIAL Y DE LA CONSTRUCCIÓN",,,,0
W927,"EXPOSICIÓN A CALOR EXCESIVO DE ORIGEN ARTIFICIAL, GRANJA",,,,0
W928,"EXPOSICIÓN A CALOR EXCESIVO DE ORIGEN ARTIFICIAL, OTRO LUGAR ESPECIFICADO",,,,0
W929,"EXPOSICIÓN A CALOR EXCESIVO DE ORIGEN ARTIFICIAL, LUGAR NO ESPECIFICADO",,,,0
W930,"EXPOSICIÓN A FRÍO EXCESIVO DE ORIGEN ARTIFICIAL, VIVIENDA",,,,0
W931,"EXPOSICIÓN A FRÍO EXCESIVO DE ORIGEN ARTIFICIAL, INSTITUCIÓN RESIDENCIAL",,,,0
W932,"EXPOSICIÓN A FRÍO EXCESIVO DE ORIGEN ARTIFICIAL, ESCUELAS, OTRAS INSTITUCIONES Y ÁREAS ADMINISTRATIVAS PÚBLICAS",,,,0
W933,"EXPOSICIÓN A FRÍO EXCESIVO DE ORIGEN ARTIFICIAL, ÁREAS DE DEPORTE Y ATLETISMO",,,,0
W934,"EXPOSICIÓN A FRÍO EXCESIVO DE ORIGEN ARTIFICIAL, CALLES Y CARRETERAS",,,,0
W935,"EXPOSICIÓN A FRÍO EXCESIVO DE ORIGEN ARTIFICIAL, COMERCIO Y ÁREA DE SERVICIOS",,,,0
W936,"EXPOSICIÓN A FRÍO EXCESIVO DE ORIGEN ARTIFICIAL, ÁREA INDUSTRIAL Y DE LA CONSTRUCCIÓN",,,,0
W937,"EXPOSICIÓN A FRÍO EXCESIVO DE ORIGEN ARTIFICIAL, GRANJA",,,,0
W938,"EXPOSICIÓN A FRÍO EXCESIVO DE ORIGEN ARTIFICIAL, OTRO LUGAR ESPECIFICADO",,,,0
W939,"EXPOSICIÓN A FRÍO EXCESIVO DE ORIGEN ARTIFICIAL, LUGAR NO ESPECIFICADO",,,,0
W940,"EXPOSICIÓN A PRESIÓN DE AIRE ALTA Y BAJA Y A CAMBIOS EN LA PRESIÓN DEL AIRE, VIVIENDA",,,,0
W941,"EXPOSICIÓN A PRESIÓN DE AIRE ALTA Y BAJA Y A CAMBIOS EN LA PRESIÓN DEL AIRE, INSTITUCIÓN RESIDENCIAL",,,,0
W942,"EXPOSICIÓN A PRESIÓN DE AIRE ALTA Y BAJA Y A CAMBIOS EN LA PRESIÓN DEL AIRE, ESCUELAS, OTRAS INSTITUCIONES Y ÁREAS ADMINISTRATIVAS PÚBLICAS",,,,0
W943,"EXPOSICIÓN A PRESIÓN DE AIRE ALTA Y BAJA Y A CAMBIOS EN LA PRESIÓN DEL AIRE, ÁREAS DE DEPORTE Y ATLETISMO",,,,0
W944,"EXPOSICIÓN A PRESIÓN DE AIRE ALTA Y BAJA Y A CAMBIOS EN LA PRESIÓN DEL AIRE, CALLES Y CARRETERAS",,,,0
W945,"EXPOSICIÓN A PRESIÓN DE AIRE ALTA Y BAJA Y A CAMBIOS EN LA PRESIÓN DEL AIRE, COMERCIO Y ÁREA DE SERVICIOS",,,,0
W946,"EXPOSICIÓN A PRESIÓN DE AIRE ALTA Y BAJA Y A CAMBIOS EN LA PRESIÓN DEL AIRE, ÁREA INDUSTRIAL Y DE LA CONSTRUCCIÓN",,,,0
W947,"EXPOSICIÓN A PRESIÓN DE AIRE ALTA Y BAJA Y A CAMBIOS EN LA PRESIÓN DEL AIRE, GRANJA",,,,0
W948,"EXPOSICIÓN A PRESIÓN DE AIRE ALTA Y BAJA Y A CAMBIOS EN LA PRESIÓN DEL AIRE, OTRO LUGAR ESPECIFICADO",,,,0
W949,"EXPOSICIÓN A PRESIÓN DE AIRE ALTA Y BAJA Y A CAMBIOS EN LA PRESIÓN DEL AIRE, LUGAR NO ESPECIFICADO",,,,0
W990,"EXPOSICIÓN A OTROS FACTORES AMBIENTALES Y A LOS NO ESPECIFICADOS, DE ORIGEN ARTIFICIAL, VIVIENDA",,,,0
W991,"EXPOSICIÓN A OTROS FACTORES AMBIENTALES Y A LOS NO ESPECIFICADOS, DE ORIGEN ARTIFICIAL, INSTITUCIÓN RESIDENCIAL",,,,0
W992,"EXPOSICIÓN A OTROS FACTORES AMBIENTALES Y A LOS NO ESPECIFICADOS, DE ORIGEN ARTIFICIAL, ESCUELAS, OTRAS INSTITUCIONES Y ÁREAS ADMINISTRATIVAS PÚBLICAS",,,,0
W993,"EXPOSICIÓN A OTROS FACTORES AMBIENTALES Y A LOS NO ESPECIFICADOS, DE ORIGEN ARTIFICIAL, ÁREAS DE DEPORTE Y ATLETISMO",,,,0
W994,"EXPOSICIÓN A OTROS FACTORES AMBIENTALES Y A LOS NO ESPECIFICADOS, DE ORIGEN ARTIFICIAL, CALLES Y CARRETERAS",,,,0
W995,"EXPOSICIÓN A OTROS FACTORES AMBIENTALES Y A LOS NO ESPECIFICADOS, DE ORIGEN ARTIFICIAL, COMERCIO Y ÁREA DE SERVICIOS",,,,0
W996,"EXPOSICIÓN A OTROS FACTORES AMBIENTALES Y A LOS NO ESPECIFICADOS, DE ORIGEN ARTIFICIAL, ÁREA INDUSTRIAL Y DE LA CONSTRUCCIÓN",,,,0
W997,"EXPOSICIÓN A OTROS FACTORES AMBIENTALES Y A LOS NO ESPECIFICADOS, DE ORIGEN ARTIFICIAL, GRANJA",,,,0
W998,"EXPOSICIÓN A OTROS FACTORES AMBIENTALES Y A LOS NO ESPECIFICADOS, DE ORIGEN ARTIFICIAL, OTRO LUGAR ESPECIFICADO",,,,0
W999,"EXPOSICIÓN A OTROS FACTORES AMBIENTALES Y A LOS NO ESPECIFICADOS, DE ORIGEN ARTIFICIAL, LUGAR NO ESPECIFICADO",,,,0
X000,"EXPOSICIÓN A FUEGO NO CONTROLADO EN EDIFICIO U OTRA CONSTRUCCIÓN, VIVIENDA",,,,0
X001,"EXPOSICIÓN A FUEGO NO CONTROLADO EN EDIFICIO U OTRA CONSTRUCCIÓN, INSTITUCIÓN RESIDENCIAL",,,,0
X002,"EXPOSICIÓN A FUEGO NO CONTROLADO EN EDIFICIO U OTRA CONSTRUCCIÓN, ESCUELAS, OTRAS INSTITUCIONES Y ÁREAS ADMINISTRATIVAS PÚBLICAS",,,,0
X003,"EXPOSICIÓN A FUEGO NO CONTROLADO EN EDIFICIO U OTRA CONSTRUCCIÓN, ÁREAS DE DEPORTE Y ATLETISMO",,,,0
X004,"EXPOSICIÓN A FUEGO NO CONTROLADO EN EDIFICIO U OTRA CONSTRUCCIÓN, CALLES Y CARRETERAS",,,,0
X005,"EXPOSICIÓN A FUEGO NO CONTROLADO EN EDIFICIO U OTRA CONSTRUCCIÓN, COMERCIO Y ÁREA DE SERVICIOS",,,,0
X006,"EXPOSICIÓN A FUEGO NO CONTROLADO EN EDIFICIO U OTRA CONSTRUCCIÓN, ÁREA INDUSTRIAL Y DE LA CONSTRUCCIÓN",,,,0
X007,"EXPOSICIÓN A FUEGO NO CONTROLADO EN EDIFICIO U OTRA CONSTRUCCIÓN, GRANJA",,,,0
X008,"EXPOSICIÓN A FUEGO NO CONTROLADO EN EDIFICIO U OTRA CONSTRUCCIÓN, OTRO LUGAR ESPECIFICADO",,,,0
X009,"EXPOSICIÓN A FUEGO NO CONTROLADO EN EDIFICIO U OTRA CONSTRUCCIÓN, LUGAR NO ESPECIFICADO",,,,0
X010,"EXPOSICIÓN A FUEGO NO CONTROLADO EN LUGAR QUE NO ES EDIFICIO U OTRA CONSTRUCCIÓN, VIVIENDA",,,,0
X011,"EXPOSICIÓN A FUEGO NO CONTROLADO EN LUGAR QUE NO ES EDIFICIO U OTRA CONSTRUCCIÓN, INSTITUCIÓN RESIDENCIAL",,,,0
X012,"EXPOSICIÓN A FUEGO NO CONTROLADO EN LUGAR QUE NO ES EDIFICIO U OTRA CONSTRUCCIÓN, ESCUELAS, OTRAS INSTITUCIONES Y ÁREAS ADMINISTRATIVAS PÚBLICAS",,,,0
X013,"EXPOSICIÓN A FUEGO NO CONTROLADO EN LUGAR QUE NO ES EDIFICIO U OTRA CONSTRUCCIÓN, ÁREAS DE DEPORTE Y ATLETISMO",,,,0
X014,"EXPOSICIÓN A FUEGO NO CONTROLADO EN LUGAR QUE NO ES EDIFICIO U OTRA CONSTRUCCIÓN, CALLES Y CARRETERAS",,,,0
X015,"EXPOSICIÓN A FUEGO NO CONTROLADO EN LUGAR QUE NO ES EDIFICIO U OTRA CONSTRUCCIÓN, COMERCIO Y ÁREA DE SERVICIOS",,,,0
X016,"EXPOSICIÓN A FUEGO NO CONTROLADO EN LUGAR QUE NO ES EDIFICIO U OTRA CONSTRUCCIÓN, ÁREA INDUSTRIAL Y DE LA CONSTRUCCIÓN",,,,0
X017,"EXPOSICIÓN A FUEGO NO CONTROLADO EN LUGAR QUE NO ES EDIFICIO U OTRA CONSTRUCCIÓN, GRANJA",,,,0
X018,"EXPOSICIÓN A FUEGO NO CONTROLADO EN LUGAR QUE NO ES EDIFICIO U OTRA CONSTRUCCIÓN, OTRO LUGAR ESPECIFICADO",,,,0
X019,"EXPOSICIÓN A FUEGO NO CONTROLADO EN LUGAR QUE NO ES EDIFICIO U OTRA CONSTRUCCIÓN, LUGAR NO ESPECIFICADO",,,,0
X020,"EXPOSICIÓN A FUEGO CONTROLADO EN EDIFICIO U OTRA CONSTRUCCIÓN, VIVIENDA",,,,0
X021,"EXPOSICIÓN A FUEGO CONTROLADO EN EDIFICIO U OTRA CONSTRUCCIÓN, INSTITUCIÓN RESIDENCIAL",,,,0
X022,"EXPOSICIÓN A FUEGO CONTROLADO EN EDIFICIO U OTRA CONSTRUCCIÓN, ESCUELAS, OTRAS INSTITUCIONES Y ÁREAS ADMINISTRATIVAS PÚBLICAS",,,,0
X023,"EXPOSICIÓN A FUEGO CONTROLADO EN EDIFICIO U OTRA CONSTRUCCIÓN, ÁREAS DE DEPORTE Y ATLETISMO",,,,0
X024,"EXPOSICIÓN A FUEGO CONTROLADO EN EDIFICIO U OTRA CONSTRUCCIÓN, CALLES Y CARRETERAS",,,,0
X025,"EXPOSICIÓN A FUEGO CONTROLADO EN EDIFICIO U OTRA CONSTRUCCIÓN, COMERCIO Y ÁREA DE SERVICIOS",,,,0
X026,"EXPOSICIÓN A FUEGO CONTROLADO EN EDIFICIO U OTRA CONSTRUCCIÓN, ÁREA INDUSTRIAL Y DE LA CONSTRUCCIÓN",,,,0
X027,"EXPOSICIÓN A FUEGO CONTROLADO EN EDIFICIO U OTRA CONSTRUCCIÓN, GRANJA",,,,0
X028,"EXPOSICIÓN A FUEGO CONTROLADO EN EDIFICIO U OTRA CONSTRUCCIÓN, OTRO LUGAR ESPECIFICADO",,,,0
X029,"EXPOSICIÓN A FUEGO CONTROLADO EN EDIFICIO U OTRA CONSTRUCCIÓN, LUGAR NO ESPECIFICADO",,,,0
X030,"EXPOSICIÓN A FUEGO CONTROLADO EN LUGAR QUE NO ES EDIFICIO U OTRA CONSTRUCCIÓN, VIVIENDA",,,,0
X031,"EXPOSICIÓN A FUEGO CONTROLADO EN LUGAR QUE NO ES EDIFICIO U OTRA CONSTRUCCIÓN, INSTITUCIÓN RESIDENCIAL",,,,0
X032,"EXPOSICIÓN A FUEGO CONTROLADO EN LUGAR QUE NO ES EDIFICIO U OTRA CONSTRUCCIÓN, ESCUELAS, OTRAS INSTITUCIONES Y ÁREAS ADMINISTRATIVAS PÚBLICAS",,,,0
X033,"EXPOSICIÓN A FUEGO CONTROLADO EN LUGAR QUE NO ES EDIFICIO U OTRA CONSTRUCCIÓN, ÁREAS DE DEPORTE Y ATLETISMO",,,,0
X034,"EXPOSICIÓN A FUEGO CONTROLADO EN LUGAR QUE NO ES EDIFICIO U OTRA CONSTRUCCIÓN, CALLES Y CARRETERAS",,,,0
X035,"EXPOSICIÓN A FUEGO CONTROLADO EN LUGAR QUE NO ES EDIFICIO U OTRA CONSTRUCCIÓN, COMERCIO Y ÁREA DE SERVICIOS",,,,0
X036,"EXPOSICIÓN A FUEGO CONTROLADO EN LUGAR QUE NO ES EDIFICIO U OTRA CONSTRUCCIÓN, ÁREA INDUSTRIAL Y DE LA CONSTRUCCIÓN",,,,0
X037,"EXPOSICIÓN A FUEGO CONTROLADO EN LUGAR QUE NO ES EDIFICIO U OTRA CONSTRUCCIÓN, GRANJA",,,,0
X038,"EXPOSICIÓN A FUEGO CONTROLADO EN LUGAR QUE NO ES EDIFICIO U OTRA CONSTRUCCIÓN, OTRO LUGAR ESPECIFICADO",,,,0
X039,"EXPOSICIÓN A FUEGO CONTROLADO EN LUGAR QUE NO ES EDIFICIO U OTRA CONSTRUCCIÓN, LUGAR NO ESPECIFICADO",,,,0
X040,"EXPOSICIÓN A IGNICIÓN DE MATERIAL ALTAMENTE INFLAMABLE, VIVIENDA",,,,0
X041,"EXPOSICIÓN A IGNICIÓN DE MATERIAL ALTAMENTE INFLAMABLE, INSTITUCIÓN RESIDENCIAL",,,,0
X042,"EXPOSICIÓN A IGNICIÓN DE MATERIAL ALTAMENTE INFLAMABLE, ESCUELAS, OTRAS INSTITUCIONES Y ÁREAS ADMINISTRATIVAS PÚBLICAS",,,,0
X043,"EXPOSICIÓN A IGNICIÓN DE MATERIAL ALTAMENTE INFLAMABLE, ÁREAS DE DEPORTE Y ATLETISMO",,,,0
X044,"EXPOSICIÓN A IGNICIÓN DE MATERIAL ALTAMENTE INFLAMABLE, CALLES Y CARRETERAS",,,,0
X045,"EXPOSICIÓN A IGNICIÓN DE MATERIAL ALTAMENTE INFLAMABLE, COMERCIO Y ÁREA DE SERVICIOS",,,,0
X046,"EXPOSICIÓN A IGNICIÓN DE MATERIAL ALTAMENTE INFLAMABLE, ÁREA INDUSTRIAL Y DE LA CONSTRUCCIÓN",,,,0
X047,"EXPOSICIÓN A IGNICIÓN DE MATERIAL ALTAMENTE INFLAMABLE, GRANJA",,,,0
X048,"EXPOSICIÓN A IGNICIÓN DE MATERIAL ALTAMENTE INFLAMABLE, OTRO LUGAR ESPECIFICADO",,,,0
X049,"EXPOSICIÓN A IGNICIÓN DE MATERIAL ALTAMENTE INFLAMABLE, LUGAR NO ESPECIFICADO",,,,0
X050,"EXPOSICIÓN A IGNICIÓN O FUSIÓN DE ROPAS DE DORMIR, VIVIENDA",,,,0
X051,"EXPOSICIÓN A IGNICIÓN O FUSIÓN DE ROPAS DE DORMIR, INSTITUCIÓN RESIDENCIAL",,,,0
X052,"EXPOSICIÓN A IGNICIÓN O FUSIÓN DE ROPAS DE DORMIR, ESCUELAS, OTRAS INSTITUCIONES Y ÁREAS ADMINISTRATIVAS PÚBLICAS",,,,0
X053,"EXPOSICIÓN A IGNICIÓN O FUSIÓN DE ROPAS DE DORMIR, ÁREAS DE DEPORTE Y ATLETISMO",,,,0
X054,"EXPOSICIÓN A IGNICIÓN O FUSIÓN DE ROPAS DE DORMIR, CALLES Y CARRETERAS",,,,0
X055,"EXPOSICIÓN A IGNICIÓN O FUSIÓN DE ROPAS DE DORMIR, COMERCIO Y ÁREA DE SERVICIOS",,,,0
X056,"EXPOSICIÓN A IGNICIÓN O FUSIÓN DE ROPAS DE DORMIR, ÁREA INDUSTRIAL Y DE LA CONSTRUCCIÓN",,,,0
X057,"EXPOSICIÓN A IGNICIÓN O FUSIÓN DE ROPAS DE DORMIR, GRANJA",,,,0
X058,"EXPOSICIÓN A IGNICIÓN O FUSIÓN DE ROPAS DE DORMIR, OTRO LUGAR ESPECIFICADO",,,,0
X059,"EXPOSICIÓN A IGNICIÓN O FUSIÓN DE ROPAS DE DORMIR, LUGAR NO ESPECIFICADO",,,,0
X060,"EXPOSICIÓN A IGNICIÓN O FUSIÓN DE OTRAS ROPAS Y ACCESORIOS, VIVIENDA",,,,0
X061,"EXPOSICIÓN A IGNICIÓN O FUSIÓN DE OTRAS ROPAS Y ACCESORIOS, INSTITUCIÓN RESIDENCIAL",,,,0
X062,"EXPOSICIÓN A IGNICIÓN O FUSIÓN DE OTRAS ROPAS Y ACCESORIOS, ESCUELAS, OTRAS INSTITUCIONES Y ÁREAS ADMINISTRATIVAS PÚBLICAS",,,,0
X063,"EXPOSICIÓN A IGNICIÓN O FUSIÓN DE OTRAS ROPAS Y ACCESORIOS, ÁREAS DE DEPORTE Y ATLETISMO",,,,0
X064,"EXPOSICIÓN A IGNICIÓN O FUSIÓN DE OTRAS ROPAS Y ACCESORIOS, CALLES Y CARRETERAS",,,,0
X065,"EXPOSICIÓN A IGNICIÓN O FUSIÓN DE OTRAS ROPAS Y ACCESORIOS, COMERCIO Y ÁREA DE SERVICIOS",,,,0
X066,"EXPOSICIÓN A IGNICIÓN O FUSIÓN DE OTRAS ROPAS Y ACCESORIOS, ÁREA INDUSTRIAL Y DE LA CONSTRUCCIÓN",,,,0
X067,"EXPOSICIÓN A IGNICIÓN O FUSIÓN DE OTRAS ROPAS Y ACCESORIOS, GRANJA",,,,0
X068,"EXPOSICIÓN A IGNICIÓN O FUSIÓN DE OTRAS ROPAS Y ACCESORIOS, OTRO LUGAR ESPECIFICADO",,,,0
X069,"EXPOSICIÓN A IGNICIÓN O FUSIÓN DE OTRAS ROPAS Y ACCESORIOS, LUGAR NO ESPECIFICADO",,,,0
X080,"EXPOSICIÓN A OTROS HUMOS, FUEGOS O LLAMAS ESPECIFICADOS, VIVIENDA",,,,0
X081,"EXPOSICIÓN A OTROS HUMOS, FUEGOS O LLAMAS ESPECIFICADOS, INSTITUCIÓN RESIDENCIAL",,,,0
X082,"EXPOSICIÓN A OTROS HUMOS, FUEGOS O LLAMAS ESPECIFICADOS, ESCUELAS, OTRAS INSTITUCIONES Y ÁREAS ADMINISTRATIVAS PÚBLICAS",,,,0
X083,"EXPOSICIÓN A OTROS HUMOS, FUEGOS O LLAMAS ESPECIFICADOS, ÁREAS DE DEPORTE Y ATLETISMO",,,,0
X084,"EXPOSICIÓN A OTROS HUMOS, FUEGOS O LLAMAS ESPECIFICADOS, CALLES Y CARRETERAS",,,,0
X085,"EXPOSICIÓN A OTROS HUMOS, FUEGOS O LLAMAS ESPECIFICADOS, COMERCIO Y ÁREA DE SERVICIOS",,,,0
X086,"EXPOSICIÓN A OTROS HUMOS, FUEGOS O LLAMAS ESPECIFICADOS, ÁREA INDUSTRIAL Y DE LA CONSTRUCCIÓN",,,,0
X087,"EXPOSICIÓN A OTROS HUMOS, FUEGOS O LLAMAS ESPECIFICADOS, GRANJA",,,,0
X088,"EXPOSICIÓN A OTROS HUMOS, FUEGOS O LLAMAS ESPECIFICADOS, OTRO LUGAR ESPECIFICADO",,,,0
X089,"EXPOSICIÓN A OTROS HUMOS, FUEGOS O LLAMAS ESPECIFICADOS, LUGAR NO ESPECIFICADO",,,,0
X090,"EXPOSICIÓN A HUMOS, FUEGOS O LLAMAS NO ESPECIFICADOS, VIVIENDA",,,,0
X091,"EXPOSICIÓN A HUMOS, FUEGOS O LLAMAS NO ESPECIFICADOS, INSTITUCIÓN RESIDENCIAL",,,,0
X092,"EXPOSICIÓN A HUMOS, FUEGOS O LLAMAS NO ESPECIFICADOS, ESCUELAS, OTRAS INSTITUCIONES Y ÁREAS ADMINISTRATIVAS PÚBLICAS",,,,0
X093,"EXPOSICIÓN A HUMOS, FUEGOS O LLAMAS NO ESPECIFICADOS, ÁREAS DE DEPORTE Y ATLETISMO",,,,0
X094,"EXPOSICIÓN A HUMOS, FUEGOS O LLAMAS NO ESPECIFICADOS, CALLES Y CARRETERAS",,,,0
X095,"EXPOSICIÓN A HUMOS, FUEGOS O LLAMAS NO ESPECIFICADOS, COMERCIO Y ÁREA DE SERVICIOS",,,,0
X096,"EXPOSICIÓN A HUMOS, FUEGOS O LLAMAS NO ESPECIFICADOS, ÁREA INDUSTRIAL Y DE LA CONSTRUCCIÓN",,,,0
X097,"EXPOSICIÓN A HUMOS, FUEGOS O LLAMAS NO ESPECIFICADOS, GRANJA",,,,0
X098,"EXPOSICIÓN A HUMOS, FUEGOS O LLAMAS NO ESPECIFICADOS, OTRO LUGAR ESPECIFICADO",,,,0
X099,"EXPOSICIÓN A HUMOS, FUEGOS O LLAMAS NO ESPECIFICADOS, LUGAR NO ESPECIFICADO",,,,0
X100,"CONTACTO CON BEBIDAS, ALIMENTOS, GRASAS Y ACEITES PARA COCINAR, CALIENTES, VIVIENDA",,,,0
X101,"CONTACTO CON BEBIDAS, ALIMENTOS, GRASAS Y ACEITES PARA COCINAR, CALIENTES, INSTITUCIÓN RESIDENCIAL",,,,0
X102,"CONTACTO CON BEBIDAS, ALIMENTOS, GRASAS Y ACEITES PARA COCINAR, CALIENTES, ESCUELAS, OTRAS INSTITUCIONES Y ÁREAS ADMINISTRATIVAS PÚBLICAS",,,,0
X103,"CONTACTO CON BEBIDAS, ALIMENTOS, GRASAS Y ACEITES PARA COCINAR, CALIENTES, ÁREAS DE DEPORTE Y ATLETISMO",,,,0
X104,"CONTACTO CON BEBIDAS, ALIMENTOS, GRASAS Y ACEITES PARA COCINAR, CALIENTES, CALLES Y CARRETERAS",,,,0
X105,"CONTACTO CON BEBIDAS, ALIMENTOS, GRASAS Y ACEITES PARA COCINAR, CALIENTES, COMERCIO Y ÁREA DE SERVICIOS",,,,0
X106,"CONTACTO CON BEBIDAS, ALIMENTOS, GRASAS Y ACEITES PARA COCINAR, CALIENTES, ÁREA INDUSTRIAL Y DE LA CONSTRUCCIÓN",,,,0
X107,"CONTACTO CON BEBIDAS, ALIMENTOS, GRASAS Y ACEITES PARA COCINAR, CALIENTES, GRANJA",,,,0
X108,"CONTACTO CON BEBIDAS, ALIMENTOS, GRASAS Y ACEITES PARA COCINAR, CALIENTES, OTRO LUGAR ESPECIFICADO",,,,0
X109,"CONTACTO CON BEBIDAS, ALIMENTOS, GRASAS Y ACEITES PARA COCINAR, CALIENTES, LUGAR NO ESPECIFICADO",,,,0
X110,"CONTACTO CON AGUA CALIENTE CORRIENTE, VIVIENDA",,,,0
X111,"CONTACTO CON AGUA CALIENTE CORRIENTE, INSTITUCIÓN RESIDENCIAL",,,,0
X112,"CONTACTO CON AGUA CALIENTE CORRIENTE, ESCUELAS, OTRAS INSTITUCIONES Y ÁREAS ADMINISTRATIVAS PÚBLICAS",,,,0
X113,"CONTACTO CON AGUA CALIENTE CORRIENTE, ÁREAS DE DEPORTE Y ATLETISMO",,,,0
X114,"CONTACTO CON AGUA CALIENTE CORRIENTE, CALLES Y CARRETERAS",,,,0
X115,"CONTACTO CON AGUA CALIENTE CORRIENTE, COMERCIO Y ÁREA DE SERVICIOS",,,,0
X116,"CONTACTO CON AGUA CALIENTE CORRIENTE, ÁREA INDUSTRIAL Y DE LA CONSTRUCCIÓN",,,,0
X117,"CONTACTO CON AGUA CALIENTE CORRIENTE, GRANJA",,,,0
X118,"CONTACTO CON AGUA CALIENTE CORRIENTE, OTRO LUGAR ESPECIFICADO",,,,0
X119,"CONTACTO CON AGUA CALIENTE CORRIENTE, LUGAR NO ESPECIFICADO",,,,0
X120,"CONTACTO CON OTROS LÍQUIDOS CALIENTES, VIVIENDA",,,,0
X121,"CONTACTO CON OTROS LÍQUIDOS CALIENTES, INSTITUCIÓN RESIDENCIAL",,,,0
X122,"CONTACTO CON OTROS LÍQUIDOS CALIENTES, ESCUELAS, OTRAS INSTITUCIONES Y ÁREAS ADMINISTRATIVAS PÚBLICAS",,,,0
X123,"CONTACTO CON OTROS LÍQUIDOS CALIENTES, ÁREAS DE DEPORTE Y ATLETISMO",,,,0
X124,"CONTACTO CON OTROS LÍQUIDOS CALIENTES, CALLES Y CARRETERAS",,,,0
X125,"CONTACTO CON OTROS LÍQUIDOS CALIENTES, COMERCIO Y ÁREA DE SERVICIOS",,,,0
X126,"CONTACTO CON OTROS LÍQUIDOS CALIENTES, ÁREA INDUSTRIAL Y DE LA CONSTRUCCIÓN",,,,0
X127,"CONTACTO CON OTROS LÍQUIDOS CALIENTES, GRANJA",,,,0
X128,"CONTACTO CON OTROS LÍQUIDOS CALIENTES, OTRO LUGAR ESPECIFICADO",,,,0
X129,"CONTACTO CON OTROS LÍQUIDOS CALIENTES, LUGAR NO ESPECIFICADO",,,,0
X130,"CONTACTO CON VAPOR DE AGUA Y OTROS VAPORES CALIENTES, VIVIENDA",,,,0
X131,"CONTACTO CON VAPOR DE AGUA Y OTROS VAPORES CALIENTES, INSTITUCIÓN RESIDENCIAL",,,,0
X132,"CONTACTO CON VAPOR DE AGUA Y OTROS VAPORES CALIENTES, ESCUELAS, OTRAS INSTITUCIONES Y ÁREAS ADMINISTRATIVAS PÚBLICAS",,,,0
X133,"CONTACTO CON VAPOR DE AGUA Y OTROS VAPORES CALIENTES, ÁREAS DE DEPORTE Y ATLETISMO",,,,0
X134,"CONTACTO CON VAPOR DE AGUA Y OTROS VAPORES CALIENTES, CALLES Y CARRETERAS",,,,0
X135,"CONTACTO CON VAPOR DE AGUA Y OTROS VAPORES CALIENTES, COMERCIO Y ÁREA DE SERVICIOS",,,,0
X136,"CONTACTO CON VAPOR DE AGUA Y OTROS VAPORES CALIENTES, ÁREA INDUSTRIAL Y DE LA CONSTRUCCIÓN",,,,0
X137,"CONTACTO CON VAPOR DE AGUA Y OTROS VAPORES CALIENTES, GRANJA",,,,0
X138,"CONTACTO CON VAPOR DE AGUA Y OTROS VAPORES CALIENTES, OTRO LUGAR ESPECIFICADO",,,,0
X139,"CONTACTO CON VAPOR DE AGUA Y OTROS VAPORES CALIENTES, LUGAR NO ESPECIFICADO",,,,0
X140,"CONTACTO CON AIRE Y GASES CALIENTES, VIVIENDA",,,,0
X141,"CONTACTO CON AIRE Y GASES CALIENTES, INSTITUCIÓN RESIDENCIAL",,,,0
X142,"CONTACTO CON AIRE Y GASES CALIENTES, ESCUELAS, OTRAS INSTITUCIONES Y ÁREAS ADMINISTRATIVAS PÚBLICAS",,,,0
X143,"CONTACTO CON AIRE Y GASES CALIENTES, ÁREAS DE DEPORTE Y ATLETISMO",,,,0
X144,"CONTACTO CON AIRE Y GASES CALIENTES, CALLES Y CARRETERAS",,,,0
X145,"CONTACTO CON AIRE Y GASES CALIENTES, COMERCIO Y ÁREA DE SERVICIOS",,,,0
X146,"CONTACTO CON AIRE Y GASES CALIENTES, ÁREA INDUSTRIAL Y DE LA CONSTRUCCIÓN",,,,0
X147,"CONTACTO CON AIRE Y GASES CALIENTES, GRANJA",,,,0
X148,"CONTACTO CON AIRE Y GASES CALIENTES, OTRO LUGAR ESPECIFICADO",,,,0
X149,"CONTACTO CON AIRE Y GASES CALIENTES, LUGAR NO ESPECIFICADO",,,,0
X150,"CONTACTO CON UTENSILIOS DOMÉSTICOS CALIENTES, VIVIENDA",,,,0
X151,"CONTACTO CON UTENSILIOS DOMÉSTICOS CALIENTES, INSTITUCIÓN RESIDENCIAL",,,,0
X152,"CONTACTO CON UTENSILIOS DOMÉSTICOS CALIENTES, ESCUELAS, OTRAS INSTITUCIONES Y ÁREAS ADMINISTRATIVAS PÚBLICAS",,,,0
X153,"CONTACTO CON UTENSILIOS DOMÉSTICOS CALIENTES, ÁREAS DE DEPORTE Y ATLETISMO",,,,0
X154,"CONTACTO CON UTENSILIOS DOMÉSTICOS CALIENTES, CALLES Y CARRETERAS",,,,0
X155,"CONTACTO CON UTENSILIOS DOMÉSTICOS CALIENTES, COMERCIO Y ÁREA DE SERVICIOS",,,,0
X156,"CONTACTO CON UTENSILIOS DOMÉSTICOS CALIENTES, ÁREA INDUSTRIAL Y DE LA CONSTRUCCIÓN",,,,0
X157,"CONTACTO CON UTENSILIOS DOMÉSTICOS CALIENTES, GRANJA",,,,0
X158,"CONTACTO CON UTENSILIOS DOMÉSTICOS CALIENTES, OTRO LUGAR ESPECIFICADO",,,,0
X159,"CONTACTO CON UTENSILIOS DOMÉSTICOS CALIENTES, LUGAR NO ESPECIFICADO",,,,0
X160,"CONTACTO CON RADIADORES, CAÑERÍAS Y ARTEFACTOS PARA CALEFACCIÓN, CALIENTES, VIVIENDA",,,,0
X161,"CONTACTO CON RADIADORES, CAÑERÍAS Y ARTEFACTOS PARA CALEFACCIÓN, CALIENTES, INSTITUCIÓN RESIDENCIAL",,,,0
X162,"CONTACTO CON RADIADORES, CAÑERÍAS Y ARTEFACTOS PARA CALEFACCIÓN, CALIENTES, ESCUELAS, OTRAS INSTITUCIONES Y ÁREAS ADMINISTRATIVAS PÚBLICAS",,,,0
X163,"CONTACTO CON RADIADORES, CAÑERÍAS Y ARTEFACTOS PARA CALEFACCIÓN, CALIENTES, ÁREAS DE DEPORTE Y ATLETISMO",,,,0
X164,"CONTACTO CON RADIADORES, CAÑERÍAS Y ARTEFACTOS PARA CALEFACCIÓN, CALIENTES, CALLES Y CARRETERAS",,,,0
X165,"CONTACTO CON RADIADORES, CAÑERÍAS Y ARTEFACTOS PARA CALEFACCIÓN, CALIENTES, COMERCIO Y ÁREA DE SERVICIOS",,,,0
X166,"CONTACTO CON RADIADORES, CAÑERÍAS Y ARTEFACTOS PARA CALEFACCIÓN, CALIENTES, ÁREA INDUSTRIAL Y DE LA CONSTRUCCIÓN",,,,0
X167,"CONTACTO CON RADIADORES, CAÑERÍAS Y ARTEFACTOS PARA CALEFACCIÓN, CALIENTES, GRANJA",,,,0
X168,"CONTACTO CON RADIADORES, CAÑERÍAS Y ARTEFACTOS PARA CALEFACCIÓN, CALIENTES, OTRO LUGAR ESPECIFICADO",,,,0
X169,"CONTACTO CON RADIADORES, CAÑERÍAS Y ARTEFACTOS PARA CALEFACCIÓN, CALIENTES, LUGAR NO ESPECIFICADO",,,,0
X170,"CONTACTO CON MÁQUINAS, MOTORES Y HERRAMIENTAS CALIENTES, VIVIENDA",,,,0
X171,"CONTACTO CON MÁQUINAS, MOTORES Y HERRAMIENTAS CALIENTES, INSTITUCIÓN RESIDENCIAL",,,,0
X172,"CONTACTO CON MÁQUINAS, MOTORES Y HERRAMIENTAS CALIENTES, ESCUELAS, OTRAS INSTITUCIONES Y ÁREAS ADMINISTRATIVAS PÚBLICAS",,,,0
X173,"CONTACTO CON MÁQUINAS, MOTORES Y HERRAMIENTAS CALIENTES, ÁREAS DE DEPORTE Y ATLETISMO",,,,0
X174,"CONTACTO CON MÁQUINAS, MOTORES Y HERRAMIENTAS CALIENTES, CALLES Y CARRETERAS",,,,0
X175,"CONTACTO CON MÁQUINAS, MOTORES Y HERRAMIENTAS CALIENTES, COMERCIO Y ÁREA DE SERVICIOS",,,,0
X176,"CONTACTO CON MÁQUINAS, MOTORES Y HERRAMIENTAS CALIENTES, ÁREA INDUSTRIAL Y DE LA CONSTRUCCIÓN",,,,0
X177,"CONTACTO CON MÁQUINAS, MOTORES Y HERRAMIENTAS CALIENTES, GRANJA",,,,0
X178,"CONTACTO CON MÁQUINAS, MOTORES Y HERRAMIENTAS CALIENTES, OTRO LUGAR ESPECIFICADO",,,,0
X179,"CONTACTO CON MÁQUINAS, MOTORES Y HERRAMIENTAS CALIENTES, LUGAR NO ESPECIFICADO",,,,0
X180,"CONTACTO CON OTROS METALES CALIENTES, VIVIENDA",,,,0
X181,"CONTACTO CON OTROS METALES CALIENTES, INSTITUCIÓN RESIDENCIAL",,,,0
X182,"CONTACTO CON OTROS METALES CALIENTES, ESCUELAS, OTRAS INSTITUCIONES Y ÁREAS ADMINISTRATIVAS PÚBLICAS",,,,0
X183,"CONTACTO CON OTROS METALES CALIENTES, ÁREAS DE DEPORTE Y ATLETISMO",,,,0
X184,"CONTACTO CON OTROS METALES CALIENTES, CALLES Y CARRETERAS",,,,0
X185,"CONTACTO CON OTROS METALES CALIENTES, COMERCIO Y ÁREA DE SERVICIOS",,,,0
X186,"CONTACTO CON OTROS METALES CALIENTES, ÁREA INDUSTRIAL Y DE LA CONSTRUCCIÓN",,,,0
X187,"CONTACTO CON OTROS METALES CALIENTES, GRANJA",,,,0
X188,"CONTACTO CON OTROS METALES CALIENTES, OTRO LUGAR ESPECIFICADO",,,,0
X189,"CONTACTO CON OTROS METALES CALIENTES, LUGAR NO ESPECIFICADO",,,,0
X190,"CONTACTO CON OTRAS SUSTANCIAS CALIENTES, Y LAS NO ESPECIFICADAS, VIVIENDA",,,,0
X191,"CONTACTO CON OTRAS SUSTANCIAS CALIENTES, Y LAS NO ESPECIFICADAS, INSTITUCIÓN RESIDENCIAL",,,,0
X192,"CONTACTO CON OTRAS SUSTANCIAS CALIENTES, Y LAS NO ESPECIFICADAS, ESCUELAS, OTRAS INSTITUCIONES Y ÁREAS ADMINISTRATIVAS PÚBLICAS",,,,0
X193,"CONTACTO CON OTRAS SUSTANCIAS CALIENTES, Y LAS NO ESPECIFICADAS, ÁREAS DE DEPORTE Y ATLETISMO",,,,0
X194,"CONTACTO CON OTRAS SUSTANCIAS CALIENTES, Y LAS NO ESPECIFICADAS, CALLES Y CARRETERAS",,,,0
X195,"CONTACTO CON OTRAS SUSTANCIAS CALIENTES, Y LAS NO ESPECIFICADAS, COMERCIO Y ÁREA DE SERVICIOS",,,,0
X196,"CONTACTO CON OTRAS SUSTANCIAS CALIENTES, Y LAS NO ESPECIFICADAS, ÁREA INDUSTRIAL Y DE LA CONSTRUCCIÓN",,,,0
X197,"CONTACTO CON OTRAS SUSTANCIAS CALIENTES, Y LAS NO ESPECIFICADAS, GRANJA",,,,0
X198,"CONTACTO CON OTRAS SUSTANCIAS CALIENTES, Y LAS NO ESPECIFICADAS, OTRO LUGAR ESPECIFICADO",,,,0
X199,"CONTACTO CON OTRAS SUSTANCIAS CALIENTES, Y LAS NO ESPECIFICADAS, LUGAR NO ESPECIFICADO",,,,0
X200,"CONTACTO TRAUMÁTICO CON SERPIENTES Y LAGARTOS VENENOSOS, VIVIENDA",,,,1
X201,"CONTACTO TRAUMÁTICO CON SERPIENTES Y LAGARTOS VENENOSOS, INSTITUCIÓN RESIDENCIAL",,,,1
X202,"CONTACTO TRAUMÁTICO CON SERPIENTES Y LAGARTOS VENENOSOS, ESCUELAS, OTRAS INSTITUCIONES Y ÁREAS ADMINISTRATIVAS PÚBLICAS",,,,1
X203,"CONTACTO TRAUMÁTICO CON SERPIENTES Y LAGARTOS VENENOSOS, ÁREAS DE DEPORTE Y ATLETISMO",,,,1
X204,"CONTACTO TRAUMÁTICO CON SERPIENTES Y LAGARTOS VENENOSOS, CALLES Y CARRETERAS",,,,1
X205,"CONTACTO TRAUMÁTICO CON SERPIENTES Y LAGARTOS VENENOSOS, COMERCIO Y ÁREA DE SERVICIOS",,,,1
X206,"CONTACTO TRAUMÁTICO CON SERPIENTES Y LAGARTOS VENENOSOS, ÁREA INDUSTRIAL Y DE LA CONSTRUCCIÓN",,,,1
X207,"CONTACTO TRAUMÁTICO CON SERPIENTES Y LAGARTOS VENENOSOS, GRANJA",,,,1
X208,"CONTACTO TRAUMÁTICO CON SERPIENTES Y LAGARTOS VENENOSOS, OTRO LUGAR ESPECIFICADO",,,,1
X209,"CONTACTO TRAUMÁTICO CON SERPIENTES Y LAGARTOS VENENOSOS, LUGAR NO ESPECIFICADO",,,,1
X210,"CONTACTO TRAUMÁTICO CON ARAÑAS VENENOSAS, VIVIENDA",,,,1
X211,"CONTACTO TRAUMÁTICO CON ARAÑAS VENENOSAS, INSTITUCIÓN RESIDENCIAL",,,,1
X212,"CONTACTO TRAUMÁTICO CON ARAÑAS VENENOSAS, ESCUELAS, OTRAS INSTITUCIONES Y ÁREAS ADMINISTRATIVAS PÚBLICAS",,,,1
X213,"CONTACTO TRAUMÁTICO CON ARAÑAS VENENOSAS, ÁREAS DE DEPORTE Y ATLETISMO",,,,1
X214,"CONTACTO TRAUMÁTICO CON ARAÑAS VENENOSAS, CALLES Y CARRETERAS",,,,1
X215,"CONTACTO TRAUMÁTICO CON ARAÑAS VENENOSAS, COMERCIO Y ÁREA DE SERVICIOS",,,,1
X216,"CONTACTO TRAUMÁTICO CON ARAÑAS VENENOSAS, ÁREA INDUSTRIAL Y DE LA CONSTRUCCIÓN",,,,1
X217,"CONTACTO TRAUMÁTICO CON ARAÑAS VENENOSAS, GRANJA",,,,1
X218,"CONTACTO TRAUMÁTICO CON ARAÑAS VENENOSAS, OTRO LUGAR ESPECIFICADO",,,,1
X219,"CONTACTO TRAUMÁTICO CON ARAÑAS VENENOSAS, LUGAR NO ESPECIFICADO",,,,1
X220,"CONTACTO TRAUMÁTICO CON ESCORPIÓN, VIVIENDA",,,,1
X221,"CONTACTO TRAUMÁTICO CON ESCORPIÓN, INSTITUCIÓN RESIDENCIAL",,,,1
X222,"CONTACTO TRAUMÁTICO CON ESCORPIÓN, ESCUELAS, OTRAS INSTITUCIONES Y ÁREAS ADMINISTRATIVAS PÚBLICAS",,,,1
X223,"CONTACTO TRAUMÁTICO CON ESCORPIÓN, ÁREAS DE DEPORTE Y ATLETISMO",,,,1
X224,"CONTACTO TRAUMÁTICO CON ESCORPIÓN, CALLES Y CARRETERAS",,,,1
X225,"CONTACTO TRAUMÁTICO CON ESCORPIÓN, COMERCIO Y ÁREA DE SERVICIOS",,,,1
X226,"CONTACTO TRAUMÁTICO CON ESCORPIÓN, ÁREA INDUSTRIAL Y DE LA CONSTRUCCIÓN",,,,1
X227,"CONTACTO TRAUMÁTICO CON ESCORPIÓN, GRANJA",,,,1
X228,"CONTACTO TRAUMÁTICO CON ESCORPIÓN, OTRO LUGAR ESPECIFICADO",,,,1
X229,"CONTACTO TRAUMÁTICO CON ESCORPIÓN, LUGAR NO ESPECIFICADO",,,,1
X230,"CONTACTO TRAUMÁTICO CON AVISPONES, AVISPAS Y ABEJAS, VIVIENDA",,,,1
X231,"CONTACTO TRAUMÁTICO CON AVISPONES, AVISPAS Y ABEJAS, INSTITUCIÓN RESIDENCIAL",,,,1
X232,"CONTACTO TRAUMÁTICO CON AVISPONES, AVISPAS Y ABEJAS, ESCUELAS, OTRAS INSTITUCIONES Y ÁREAS ADMINISTRATIVAS PÚBLICAS",,,,1
X233,"CONTACTO TRAUMÁTICO CON AVISPONES, AVISPAS Y ABEJAS, ÁREAS DE DEPORTE Y ATLETISMO",,,,1
X234,"CONTACTO TRAUMÁTICO CON AVISPONES, AVISPAS Y ABEJAS, CALLES Y CARRETERAS",,,,1
X235,"CONTACTO TRAUMÁTICO CON AVISPONES, AVISPAS Y ABEJAS, COMERCIO Y ÁREA DE SERVICIOS",,,,1
X236,"CONTACTO TRAUMÁTICO CON AVISPONES, AVISPAS Y ABEJAS, ÁREA INDUSTRIAL Y DE LA CONSTRUCCIÓN",,,,1
X237,"CONTACTO TRAUMÁTICO CON AVISPONES, AVISPAS Y ABEJAS, GRANJA",,,,1
X238,"CONTACTO TRAUMÁTICO CON AVISPONES, AVISPAS Y ABEJAS, OTRO LUGAR ESPECIFICADO",,,,1
X239,"CONTACTO TRAUMÁTICO CON AVISPONES, AVISPAS Y ABEJAS, LUGAR NO ESPECIFICADO",,,,1
X240,"CONTACTO TRAUMÁTICO CON CENTÍPODOS Y MIRIÁPODOS VENENOSOS (TROPICALES), VIVIENDA",,,,0
X241,"CONTACTO TRAUMÁTICO CON CENTÍPODOS Y MIRIÁPODOS VENENOSOS (TROPICALES), INSTITUCIÓN RESIDENCIAL",,,,0
X242,"CONTACTO TRAUMÁTICO CON CENTÍPODOS Y MIRIÁPODOS VENENOSOS (TROPICALES), ESCUELAS, OTRAS INSTITUCIONES Y ÁREAS ADMINISTRATIVAS PÚBLICAS",,,,0
X243,"CONTACTO TRAUMÁTICO CON CENTÍPODOS Y MIRIÁPODOS VENENOSOS (TROPICALES), ÁREAS DE DEPORTE Y ATLETISMO",,,,0
X244,"CONTACTO TRAUMÁTICO CON CENTÍPODOS Y MIRIÁPODOS VENENOSOS (TROPICALES), CALLES Y CARRETERAS",,,,0
X245,"CONTACTO TRAUMÁTICO CON CENTÍPODOS Y MIRIÁPODOS VENENOSOS (TROPICALES), COMERCIO Y ÁREA DE SERVICIOS",,,,0
X246,"CONTACTO TRAUMÁTICO CON CENTÍPODOS Y MIRIÁPODOS VENENOSOS (TROPICALES), ÁREA INDUSTRIAL Y DE LA CONSTRUCCIÓN",,,,0
X247,"CONTACTO TRAUMÁTICO CON CENTÍPODOS Y MIRIÁPODOS VENENOSOS (TROPICALES), GRANJA",,,,0
X248,"CONTACTO TRAUMÁTICO CON CENTÍPODOS Y MIRIÁPODOS VENENOSOS (TROPICALES), OTRO LUGAR ESPECIFICADO",,,,0
X249,"CONTACTO TRAUMÁTICO CON CENTÍPODOS Y MIRIÁPODOS VENENOSOS (TROPICALES), LUGAR NO ESPECIFICADO",,,,0
X250,"CONTACTO TRAUMÁTICO CON OTROS ARTRÓPODOS VENENOSOS, VIVIENDA",,,,0
X251,"CONTACTO TRAUMÁTICO CON OTROS ARTRÓPODOS VENENOSOS, INSTITUCIÓN RESIDENCIAL",,,,0
X252,"CONTACTO TRAUMÁTICO CON OTROS ARTRÓPODOS VENENOSOS, ESCUELAS, OTRAS INSTITUCIONES Y ÁREAS ADMINISTRATIVAS PÚBLICAS",,,,0
X253,"CONTACTO TRAUMÁTICO CON OTROS ARTRÓPODOS VENENOSOS, ÁREAS DE DEPORTE Y ATLETISMO",,,,0
X254,"CONTACTO TRAUMÁTICO CON OTROS ARTRÓPODOS VENENOSOS, CALLES Y CARRETERAS",,,,0
X255,"CONTACTO TRAUMÁTICO CON OTROS ARTRÓPODOS VENENOSOS, COMERCIO Y ÁREA DE SERVICIOS",,,,0
X256,"CONTACTO TRAUMÁTICO CON OTROS ARTRÓPODOS VENENOSOS, ÁREA INDUSTRIAL Y DE LA CONSTRUCCIÓN",,,,0
X257,"CONTACTO TRAUMÁTICO CON OTROS ARTRÓPODOS VENENOSOS, GRANJA",,,,0
X258,"CONTACTO TRAUMÁTICO CON OTROS ARTRÓPODOS VENENOSOS, OTRO LUGAR ESPECIFICADO",,,,0
X259,"CONTACTO TRAUMÁTICO CON OTROS ARTRÓPODOS VENENOSOS, LUGAR NO ESPECIFICADO",,,,0
X260,"CONTACTO TRAUMÁTICO CON ANIMALES Y PLANTAS MARINAS VENENOSOS, VIVIENDA",,,,0
X261,"CONTACTO TRAUMÁTICO CON ANIMALES Y PLANTAS MARINAS VENENOSOS, INSTITUCIÓN RESIDENCIAL",,,,0
X262,"CONTACTO TRAUMÁTICO CON ANIMALES Y PLANTAS MARINAS VENENOSOS, ESCUELAS, OTRAS INSTITUCIONES Y ÁREAS ADMINISTRATIVAS PÚBLICAS",,,,0
X263,"CONTACTO TRAUMÁTICO CON ANIMALES Y PLANTAS MARINAS VENENOSOS, ÁREAS DE DEPORTE Y ATLETISMO",,,,0
X264,"CONTACTO TRAUMÁTICO CON ANIMALES Y PLANTAS MARINAS VENENOSOS, CALLES Y CARRETERAS",,,,0
X265,"CONTACTO TRAUMÁTICO CON ANIMALES Y PLANTAS MARINAS VENENOSOS, COMERCIO Y ÁREA DE SERVICIOS",,,,0
X266,"CONTACTO TRAUMÁTICO CON ANIMALES Y PLANTAS MARINAS VENENOSOS, ÁREA INDUSTRIAL Y DE LA CONSTRUCCIÓN",,,,0
X267,"CONTACTO TRAUMÁTICO CON ANIMALES Y PLANTAS MARINAS VENENOSOS, GRANJA",,,,0
X268,"CONTACTO TRAUMÁTICO CON ANIMALES Y PLANTAS MARINAS VENENOSOS, OTRO LUGAR ESPECIFICADO",,,,0
X269,"CONTACTO TRAUMÁTICO CON ANIMALES Y PLANTAS MARINAS VENENOSOS, LUGAR NO ESPECIFICADO",,,,0
X270,"CONTACTO TRAUMÁTICO CON OTROS ANIMALES VENENOSOS ESPECIFICADOS, VIVIENDA",,,,1
X271,"CONTACTO TRAUMÁTICO CON OTROS ANIMALES VENENOSOS ESPECIFICADOS, INSTITUCIÓN RESIDENCIAL",,,,1
X272,"CONTACTO TRAUMÁTICO CON OTROS ANIMALES VENENOSOS ESPECIFICADOS, ESCUELAS, OTRAS INSTITUCIONES Y ÁREAS ADMINISTRATIVAS PÚBLICAS",,,,0
X273,"CONTACTO TRAUMÁTICO CON OTROS ANIMALES VENENOSOS ESPECIFICADOS, ÁREAS DE DEPORTE Y ATLETISMO",,,,0
X274,"CONTACTO TRAUMÁTICO CON OTROS ANIMALES VENENOSOS ESPECIFICADOS, CALLES Y CARRETERAS",,,,0
X275,"CONTACTO TRAUMÁTICO CON OTROS ANIMALES VENENOSOS ESPECIFICADOS, COMERCIO Y ÁREA DE SERVICIOS",,,,0
X276,"CONTACTO TRAUMÁTICO CON OTROS ANIMALES VENENOSOS ESPECIFICADOS, ÁREA INDUSTRIAL Y DE LA CONSTRUCCIÓN",,,,0
X277,"CONTACTO TRAUMÁTICO CON OTROS ANIMALES VENENOSOS ESPECIFICADOS, GRANJA",,,,0
X278,"CONTACTO TRAUMÁTICO CON OTROS ANIMALES VENENOSOS ESPECIFICADOS, OTRO LUGAR ESPECIFICADO",,,,1
X279,"CONTACTO TRAUMÁTICO CON OTROS ANIMALES VENENOSOS ESPECIFICADOS, LUGAR NO ESPECIFICADO",,,,1
X280,"CONTACTO TRAUMÁTICO CON OTRAS PLANTAS VENENOSAS ESPECIFICADAS, VIVIENDA",,,,0
X281,"CONTACTO TRAUMÁTICO CON OTRAS PLANTAS VENENOSAS ESPECIFICADAS, INSTITUCIÓN RESIDENCIAL",,,,0
X282,"CONTACTO TRAUMÁTICO CON OTRAS PLANTAS VENENOSAS ESPECIFICADAS, ESCUELAS, OTRAS INSTITUCIONES Y ÁREAS ADMINISTRATIVAS PÚBLICAS",,,,0
X283,"CONTACTO TRAUMÁTICO CON OTRAS PLANTAS VENENOSAS ESPECIFICADAS, ÁREAS DE DEPORTE Y ATLETISMO",,,,0
X284,"CONTACTO TRAUMÁTICO CON OTRAS PLANTAS VENENOSAS ESPECIFICADAS, CALLES Y CARRETERAS",,,,0
X285,"CONTACTO TRAUMÁTICO CON OTRAS PLANTAS VENENOSAS ESPECIFICADAS, COMERCIO Y ÁREA DE SERVICIOS",,,,0
X286,"CONTACTO TRAUMÁTICO CON OTRAS PLANTAS VENENOSAS ESPECIFICADAS, ÁREA INDUSTRIAL Y DE LA CONSTRUCCIÓN",,,,0
X287,"CONTACTO TRAUMÁTICO CON OTRAS PLANTAS VENENOSAS ESPECIFICADAS, GRANJA",,,,0
X288,"CONTACTO TRAUMÁTICO CON OTRAS PLANTAS VENENOSAS ESPECIFICADAS, OTRO LUGAR ESPECIFICADO",,,,0
X289,"CONTACTO TRAUMÁTICO CON OTRAS PLANTAS VENENOSAS ESPECIFICADAS, LUGAR NO ESPECIFICADO",,,,0
X290,"CONTACTO TRAUMÁTICO CON ANIMALES Y PLANTAS VENENOSOS NO ESPECIFICADOS, VIVIENDA",,,,0
X291,"CONTACTO TRAUMÁTICO CON ANIMALES Y PLANTAS VENENOSOS NO ESPECIFICADOS, INSTITUCIÓN RESIDENCIAL",,,,0
X292,"CONTACTO TRAUMÁTICO CON ANIMALES Y PLANTAS VENENOSOS NO ESPECIFICADOS, ESCUELAS, OTRAS INSTITUCIONES Y ÁREAS ADMINISTRATIVAS PÚBLICAS",,,,0
X293,"CONTACTO TRAUMÁTICO CON ANIMALES Y PLANTAS VENENOSOS NO ESPECIFICADOS, ÁREAS DE DEPORTE Y ATLETISMO",,,,0
X294,"CONTACTO TRAUMÁTICO CON ANIMALES Y PLANTAS VENENOSOS NO ESPECIFICADOS, CALLES Y CARRETERAS",,,,0
X295,"CONTACTO TRAUMÁTICO CON ANIMALES Y PLANTAS VENENOSOS NO ESPECIFICADOS, COMERCIO Y ÁREA DE SERVICIOS",,,,0
X296,"CONTACTO TRAUMÁTICO CON ANIMALES Y PLANTAS VENENOSOS NO ESPECIFICADOS, ÁREA INDUSTRIAL Y DE LA CONSTRUCCIÓN",,,,0
X297,"CONTACTO TRAUMÁTICO CON ANIMALES Y PLANTAS VENENOSOS NO ESPECIFICADOS, GRANJA",,,,0
X298,"CONTACTO TRAUMÁTICO CON ANIMALES Y PLANTAS VENENOSOS NO ESPECIFICADOS, OTRO LUGAR ESPECIFICADO",,,,0
X299,"CONTACTO TRAUMÁTICO CON ANIMALES Y PLANTAS VENENOSOS NO ESPECIFICADOS, LUGAR NO ESPECIFICADO",,,,0
X300,"EXPOSICIÓN AL CALOR NATURAL EXCESIVO, VIVIENDA",,,,0
X301,"EXPOSICIÓN AL CALOR NATURAL EXCESIVO, INSTITUCIÓN RESIDENCIAL",,,,0
X302,"EXPOSICIÓN AL CALOR NATURAL EXCESIVO, ESCUELAS, OTRAS INSTITUCIONES Y ÁREAS ADMINISTRATIVAS PÚBLICAS",,,,0
X303,"EXPOSICIÓN AL CALOR NATURAL EXCESIVO, ÁREAS DE DEPORTE Y ATLETISMO",,,,0
X304,"EXPOSICIÓN AL CALOR NATURAL EXCESIVO, CALLES Y CARRETERAS",,,,0
X305,"EXPOSICIÓN AL CALOR NATURAL EXCESIVO, COMERCIO Y ÁREA DE SERVICIOS",,,,0
X306,"EXPOSICIÓN AL CALOR NATURAL EXCESIVO, ÁREA INDUSTRIAL Y DE LA CONSTRUCCIÓN",,,,0
X307,"EXPOSICIÓN AL CALOR NATURAL EXCESIVO, GRANJA",,,,0
X308,"EXPOSICIÓN AL CALOR NATURAL EXCESIVO, OTRO LUGAR ESPECIFICADO",,,,1
X309,"EXPOSICIÓN AL CALOR NATURAL EXCESIVO, LUGAR NO ESPECIFICADO",,,,1
X310,"EXPOSICIÓN AL FRÍO NATURAL EXCESIVO, VIVIENDA",,,,0
X311,"EXPOSICIÓN AL FRÍO NATURAL EXCESIVO, INSTITUCIÓN RESIDENCIAL",,,,0
X312,"EXPOSICIÓN AL FRÍO NATURAL EXCESIVO, ESCUELAS, OTRAS INSTITUCIONES Y ÁREAS ADMINISTRATIVAS PÚBLICAS",,,,0
X313,"EXPOSICIÓN AL FRÍO NATURAL EXCESIVO, ÁREAS DE DEPORTE Y ATLETISMO",,,,0
X314,"EXPOSICIÓN AL FRÍO NATURAL EXCESIVO, CALLES Y CARRETERAS",,,,0
X315,"EXPOSICIÓN AL FRÍO NATURAL EXCESIVO, COMERCIO Y ÁREA DE SERVICIOS",,,,0
X316,"EXPOSICIÓN AL FRÍO NATURAL EXCESIVO, ÁREA INDUSTRIAL Y DE LA CONSTRUCCIÓN",,,,0
X317,"EXPOSICIÓN AL FRÍO NATURAL EXCESIVO, GRANJA",,,,0
X318,"EXPOSICIÓN AL FRÍO NATURAL EXCESIVO, OTRO LUGAR ESPECIFICADO",,,,0
X319,"EXPOSICIÓN AL FRÍO NATURAL EXCESIVO, LUGAR NO ESPECIFICADO",,,,0
X320,"EXPOSICIÓN A RAYOS SOLARES, VIVIENDA",,,,0
X321,"EXPOSICIÓN A RAYOS SOLARES, INSTITUCIÓN RESIDENCIAL",,,,0
X322,"EXPOSICIÓN A RAYOS SOLARES, ESCUELAS, OTRAS INSTITUCIONES Y ÁREAS ADMINISTRATIVAS PÚBLICAS",,,,0
X323,"EXPOSICIÓN A RAYOS SOLARES, ÁREAS DE DEPORTE Y ATLETISMO",,,,0
X324,"EXPOSICIÓN A RAYOS SOLARES, CALLES Y CARRETERAS",,,,0
X325,"EXPOSICIÓN A RAYOS SOLARES, COMERCIO Y ÁREA DE SERVICIOS",,,,0
X326,"EXPOSICIÓN A RAYOS SOLARES, ÁREA INDUSTRIAL Y DE LA CONSTRUCCIÓN",,,,0
X327,"EXPOSICIÓN A RAYOS SOLARES, GRANJA",,,,0
X328,"EXPOSICIÓN A RAYOS SOLARES, OTRO LUGAR ESPECIFICADO",,,,0
X329,"EXPOSICIÓN A RAYOS SOLARES, LUGAR NO ESPECIFICADO",,,,0
X330,"VÍCTIMA DE RAYO, VIVIENDA",,,,0
X331,"VÍCTIMA DE RAYO, INSTITUCIÓN RESIDENCIAL",,,,0
X332,"VÍCTIMA DE RAYO, ESCUELAS, OTRAS INSTITUCIONES Y ÁREAS ADMINISTRATIVAS PÚBLICAS",,,,0
X333,"VÍCTIMA DE RAYO, ÁREAS DE DEPORTE Y ATLETISMO",,,,0
X334,"VÍCTIMA DE RAYO, CALLES Y CARRETERAS",,,,0
X335,"VÍCTIMA DE RAYO, COMERCIO Y ÁREA DE SERVICIOS",,,,0
X336,"VÍCTIMA DE RAYO, ÁREA INDUSTRIAL Y DE LA CONSTRUCCIÓN",,,,0
X337,"VÍCTIMA DE RAYO, GRANJA",,,,0
X338,"VÍCTIMA DE RAYO, OTRO LUGAR ESPECIFICADO",,,,0
X339,"VÍCTIMA DE RAYO, LUGAR NO ESPECIFICADO",,,,0
X340,VÍCTIMA DE MOVIMIENTOS CATACLÍSMICOS DE LA TIERRA CAUSADOS POR TERREMOTO,,,,0
X341,VÍCTIMA DE TSUNAMI,,,,0
X348,VÍCTIMA DE OTROS EFECTOS DE TERREMOTO ESPECIFICADOS,,,,0
X349,VÍCTIMA DE EFECTOS DE TERREMOTO NO ESPECIFICADOS,,,,0
X350,"VÍCTIMA DE ERUPCIÓN VOLCÁNICA, VIVIENDA",,,,0
X351,"VÍCTIMA DE ERUPCIÓN VOLCÁNICA, INSTITUCIÓN RESIDENCIAL",,,,0
X352,"VÍCTIMA DE ERUPCIÓN VOLCÁNICA, ESCUELAS, OTRAS INSTITUCIONES Y ÁREAS ADMINISTRATIVAS PÚBLICAS",,,,0
X353,"VÍCTIMA DE ERUPCIÓN VOLCÁNICA, ÁREAS DE DEPORTE Y ATLETISMO",,,,0
X354,"VÍCTIMA DE ERUPCIÓN VOLCÁNICA, CALLES Y CARRETERAS",,,,0
X355,"VÍCTIMA DE ERUPCIÓN VOLCÁNICA, COMERCIO Y ÁREA DE SERVICIOS",,,,0
X356,"VÍCTIMA DE ERUPCIÓN VOLCÁNICA, ÁREA INDUSTRIAL Y DE LA CONSTRUCCIÓN",,,,0
X357,"VÍCTIMA DE ERUPCIÓN VOLCÁNICA, GRANJA",,,,0
X358,"VÍCTIMA DE ERUPCIÓN VOLCÁNICA, OTRO LUGAR ESPECIFICADO",,,,0
X359,"VÍCTIMA DE ERUPCIÓN VOLCÁNICA, LUGAR NO ESPECIFICADO",,,,0
X360,"VÍCTIMA DE AVALANCHA, DERRUMBE Y OTROS MOVIMIENTOS DE TIERRA, VIVIENDA",,,,0
X361,"VÍCTIMA DE AVALANCHA, DERRUMBE Y OTROS MOVIMIENTOS DE TIERRA, INSTITUCIÓN RESIDENCIAL",,,,0
X362,"VÍCTIMA DE AVALANCHA, DERRUMBE Y OTROS MOVIMIENTOS DE TIERRA, ESCUELAS, OTRAS INSTITUCIONES Y ÁREAS ADMINISTRATIVAS PÚBLICAS",,,,0
X363,"VÍCTIMA DE AVALANCHA, DERRUMBE Y OTROS MOVIMIENTOS DE TIERRA, ÁREAS DE DEPORTE Y ATLETISMO",,,,0
X364,"VÍCTIMA DE AVALANCHA, DERRUMBE Y OTROS MOVIMIENTOS DE TIERRA, CALLES Y CARRETERAS",,,,0
X365,"VÍCTIMA DE AVALANCHA, DERRUMBE Y OTROS MOVIMIENTOS DE TIERRA, COMERCIO Y ÁREAS DE SERVICIO",,,,0
X366,"VÍCTIMA DE AVALANCHA, DERRUMBE Y OTROS MOVIMIENTOS DE TIERRA, ÁREA INDUSTRIAL Y DE LA CONSTRUCCIÓN",,,,0
X367,"VÍCTIMA DE AVALANCHA, DERRUMBE Y OTROS MOVIMIENTOS DE TIERRA, GRANJA",,,,0
X368,"VÍCTIMA DE AVALANCHA, DERRUMBE Y OTROS MOVIMIENTOS DE TIERRA, OTRO LUGAR ESPECIFICADO",,,,0
X369,"VÍCTIMA DE AVALANCHA, DERRUMBE Y OTROS MOVIMIENTOS DE TIERRA, LUGAR NO ESPECIFICADO",,,,0
X370,"VÍCTIMA DE TORMENTA CATACLÍSMICA, VIVIENDA",,,,0
X371,"VÍCTIMA DE TORMENTA CATACLÍSMICA, INSTITUCIÓN RESIDENCIAL",,,,0
X372,"VÍCTIMA DE TORMENTA CATACLÍSMICA, ESCUELAS, OTRAS INSTITUCIONES Y ÁREAS ADMINISTRATIVAS PÚBLICAS",,,,0
X373,"VÍCTIMA DE TORMENTA CATACLÍSMICA, ÁREAS DE DEPORTE Y ATLETISMO",,,,0
X374,"VÍCTIMA DE TORMENTA CATACLÍSMICA, CALLES Y CARRETERAS",,,,0
X375,"VÍCTIMA DE TORMENTA CATACLÍSMICA, COMERCIO Y ÁREA DE SERVICIOS",,,,0
X376,"VÍCTIMA DE TORMENTA CATACLÍSMICA, ÁREA INDUSTRIAL Y DE LA CONSTRUCCIÓN",,,,0
X377,"VÍCTIMA DE TORMENTA CATACLÍSMICA, GRANJA",,,,0
X378,"VÍCTIMA DE TORMENTA CATACLÍSMICA, OTRO LUGAR ESPECIFICADO",,,,0
X379,"VÍCTIMA DE TORMENTA CATACLÍSMICA, LUGAR NO ESPECIFICADO",,,,0
X380,"VÍCTIMA DE INUNDACIÓN, VIVIENDA",,,,0
X381,"VÍCTIMA DE INUNDACIÓN, INSTITUCIÓN RESIDENCIAL",,,,0
X382,"VÍCTIMA DE INUNDACIÓN, ESCUELAS, OTRAS INSTITUCIONES Y ÁREAS ADMINISTRATIVAS PÚBLICAS",,,,0
X383,"VÍCTIMA DE INUNDACIÓN, ÁREAS DE DEPORTE Y ATLETISMO",,,,0
X384,"VÍCTIMA DE INUNDACIÓN, CALLES Y CARRETERAS",,,,0
X385,"VÍCTIMA DE INUNDACIÓN, COMERCIO Y ÁREA DE SERVICIOS",,,,0
X386,"VÍCTIMA DE INUNDACIÓN, ÁREA INDUSTRIAL Y DE LA CONSTRUCCIÓN",,,,0
X387,"VÍCTIMA DE INUNDACIÓN, GRANJA",,,,0
X388,"VÍCTIMA DE INUNDACIÓN, OTRO LUGAR ESPECIFICADO",,,,0
X389,"VÍCTIMA DE INUNDACIÓN, LUGAR NO ESPECIFICADO",,,,0
X390,"EXPOSICIÓN A OTRAS FUERZAS DE LA NATURALEZA, Y LAS NO ESPECIFICADAS, VIVIENDA",,,,0
X391,"EXPOSICIÓN A OTRAS FUERZAS DE LA NATURALEZA, Y LAS NO ESPECIFICADAS, INSTITUCIÓN RESIDENCIAL",,,,0
X392,"EXPOSICIÓN A OTRAS FUERZAS DE LA NATURALEZA, Y LAS NO ESPECIFICADAS, ESCUELAS, OTRAS INSTITUCIONES Y ÁREAS ADMINISTRATIVAS PÚBLICAS",,,,0
X393,"EXPOSICIÓN A OTRAS FUERZAS DE LA NATURALEZA, Y LAS NO ESPECIFICADAS, ÁREAS DE DEPORTE Y ATLETISMO",,,,0
X394,"EXPOSICIÓN A OTRAS FUERZAS DE LA NATURALEZA, Y LAS NO ESPECIFICADAS, CALLES Y CARRETERAS",,,,0
X395,"EXPOSICIÓN A OTRAS FUERZAS DE LA NATURALEZA, Y LAS NO ESPECIFICADAS, COMERCIO Y ÁREA DE SERVICIOS",,,,0
X396,"EXPOSICIÓN A OTRAS FUERZAS DE LA NATURALEZA, Y LAS NO ESPECIFICADAS, ÁREA INDUSTRIAL Y DE LA CONSTRUCCIÓN",,,,0
X397,"EXPOSICIÓN A OTRAS FUERZAS DE LA NATURALEZA, Y LAS NO ESPECIFICADAS, GRANJA",,,,0
X398,"EXPOSICIÓN A OTRAS FUERZAS DE LA NATURALEZA, Y LAS NO ESPECIFICADAS, OTRO LUGAR ESPECIFICADO",,,,0
X399,"EXPOSICIÓN A OTRAS FUERZAS DE LA NATURALEZA, Y LAS NO ESPECIFICADAS, LUGAR NO ESPECIFICADO",,,,0
X400,"ENVENENAMIENTO ACCIDENTAL POR, Y EXPOSICIÓN A ANALGÉSICOS NO NARCÓTICOS, ANTIPIRÉTICOS Y ANTIRREUMÁTICOS, VIVIENDA",,,,0
X401,"ENVENENAMIENTO ACCIDENTAL POR, Y EXPOSICIÓN A ANALGÉSICOS NO NARCÓTICOS, ANTIPIRÉTICOS Y ANTIRREUMÁTICOS, INSTITUCIÓN RESIDENCIAL",,,,0
X402,"ENVENENAMIENTO ACCIDENTAL POR, Y EXPOSICIÓN A ANALGÉSICOS NO NARCÓTICOS, ANTIPIRÉTICOS Y ANTIRREUMÁTICOS, ESCUELAS, OTRAS INSTITUCIONES Y ÁREAS ADMINISTRATIVAS PÚBLICAS",,,,0
X403,"ENVENENAMIENTO ACCIDENTAL POR, Y EXPOSICIÓN A ANALGÉSICOS NO NARCÓTICOS, ANTIPIRÉTICOS Y ANTIRREUMÁTICOS, ÁREAS DE DEPORTE Y ATLETISMO",,,,0
X404,"ENVENENAMIENTO ACCIDENTAL POR, Y EXPOSICIÓN A ANALGÉSICOS NO NARCÓTICOS, ANTIPIRÉTICOS Y ANTIRREUMÁTICOS, CALLES Y CARRETERAS",,,,0
X405,"ENVENENAMIENTO ACCIDENTAL POR, Y EXPOSICIÓN A ANALGÉSICOS NO NARCÓTICOS, ANTIPIRÉTICOS Y ANTIRREUMÁTICOS, COMERCIO Y ÁREA DE SERVICIOS",,,,0
X406,"ENVENENAMIENTO ACCIDENTAL POR, Y EXPOSICIÓN A ANALGÉSICOS NO NARCÓTICOS, ANTIPIRÉTICOS Y ANTIRREUMÁTICOS, ÁREA INDUSTRIAL Y DE LA CONSTRUCCIÓN",,,,0
X407,"ENVENENAMIENTO ACCIDENTAL POR, Y EXPOSICIÓN A ANALGÉSICOS NO NARCÓTICOS, ANTIPIRÉTICOS Y ANTIRREUMÁTICOS, GRANJA",,,,0
X408,"ENVENENAMIENTO ACCIDENTAL POR, Y EXPOSICIÓN A ANALGÉSICOS NO NARCÓTICOS, ANTIPIRÉTICOS Y ANTIRREUMÁTICOS, OTRO LUGAR ESPECIFICADO",,,,0
X409,"ENVENENAMIENTO ACCIDENTAL POR, Y EXPOSICIÓN A ANALGÉSICOS NO NARCÓTICOS, ANTIPIRÉTICOS Y ANTIRREUMÁTICOS, LUGAR NO ESPECIFICADO",,,,0
X410,"ENVENENAMIENTO ACCIDENTAL POR, Y EXPOSICIÓN A DROGAS ANTIEPILÉPTICAS, SEDANTES, HIPNÓTICAS, ANTIPARKINSONIANAS Y PSICOTRÓPICAS, NO CLASIFICADAS EN OTRA PARTE, VIVIENDA",,,,0
X411,"ENVENENAMIENTO ACCIDENTAL POR, Y EXPOSICIÓN A DROGAS ANTIEPILÉPTICAS, SEDANTES, HIPNÓTICAS, ANTIPARKINSONIANAS Y PSICOTRÓPICAS, NO CLASIFICADAS EN OTRA PARTE, INSTITUCIÓN RESIDENCIAL",,,,0
X412,"ENVENENAMIENTO ACCIDENTAL POR, Y EXPOSICIÓN A DROGAS ANTIEPILÉPTICAS, SEDANTES, HIPNÓTICAS, ANTIPARKINSONIANAS Y PSICOTRÓPICAS, NO CLASIFICADAS EN OTRA PARTE, ESCUELAS, OTRAS INSTITUCIONES Y ÁREAS ADMINISTRATIVAS PÚBLICAS",,,,0
X413,"ENVENENAMIENTO ACCIDENTAL POR, Y EXPOSICIÓN A DROGAS ANTIEPILÉPTICAS, SEDANTES, HIPNÓTICAS, ANTIPARKINSONIANAS Y PSICOTRÓPICAS, NO CLASIFICADAS EN OTRA PARTE, ÁREAS DE DEPORTE Y ATLETISMO",,,,0
X414,"ENVENENAMIENTO ACCIDENTAL POR, Y EXPOSICIÓN A DROGAS ANTIEPILÉPTICAS, SEDANTES, HIPNÓTICAS, ANTIPARKINSONIANAS Y PSICOTRÓPICAS, NO CLASIFICADAS EN OTRA PARTE, CALLES Y CARRETERAS",,,,0
X415,"ENVENENAMIENTO ACCIDENTAL POR, Y EXPOSICIÓN A DROGAS ANTIEPILÉPTICAS, SEDANTES, HIPNÓTICAS, ANTIPARKINSONIANAS Y PSICOTRÓPICAS, NO CLASIFICADAS EN OTRA PARTE, COMERCIO Y ÁREA DE SERVICIOS",,,,0
X416,"ENVENENAMIENTO ACCIDENTAL POR, Y EXPOSICIÓN A DROGAS ANTIEPILÉPTICAS, SEDANTES, HIPNÓTICAS, ANTIPARKINSONIANAS Y PSICOTRÓPICAS, NO CLASIFICADAS EN OTRA PARTE, ÁREA INDUSTRIAL Y DE LA CONSTRUCCIÓN",,,,0
X417,"ENVENENAMIENTO ACCIDENTAL POR, Y EXPOSICIÓN A DROGAS ANTIEPILÉPTICAS, SEDANTES, HIPNÓTICAS, ANTIPARKINSONIANAS Y PSICOTRÓPICAS, NO CLASIFICADAS EN OTRA PARTE, GRANJA",,,,0
X418,"ENVENENAMIENTO ACCIDENTAL POR, Y EXPOSICIÓN A DROGAS ANTIEPILÉPTICAS, SEDANTES, HIPNÓTICAS, ANTIPARKINSONIANAS Y PSICOTRÓPICAS, NO CLASIFICADAS EN OTRA PARTE, OTRO LUGAR ESPECIFICADO",,,,0
X419,"ENVENENAMIENTO ACCIDENTAL POR, Y EXPOSICIÓN A DROGAS ANTIEPILÉPTICAS, SEDANTES, HIPNÓTICAS, ANTIPARKINSONIANAS Y PSICOTRÓPICAS, NO CLASIFICADAS EN OTRA PARTE, LUGAR NO ESPECIFICADO",,,,0
X420,"ENVENENAMIENTO ACCIDENTAL POR, Y EXPOSICIÓN A NARCÓTICOS Y PSICODISLÉPTICOS [ALUCINÓGENOS], NO CLASIFICADOS EN OTRA PARTE, VIVIENDA",,,,0
X421,"ENVENENAMIENTO ACCIDENTAL POR, Y EXPOSICIÓN A NARCÓTICOS Y PSICODISLÉPTICOS [ALUCINÓGENOS], NO CLASIFICADOS EN OTRA PARTE, INSTITUCIÓN RESIDENCIAL",,,,0
X422,"ENVENENAMIENTO ACCIDENTAL POR, Y EXPOSICIÓN A NARCÓTICOS Y PSICODISLÉPTICOS [ALUCINÓGENOS], NO CLASIFICADOS EN OTRA PARTE, ESCUELAS, OTRAS INSTITUCIONES Y ÁREAS ADMINISTRATIVAS PÚBLICAS",,,,0
X423,"ENVENENAMIENTO ACCIDENTAL POR, Y EXPOSICIÓN A NARCÓTICOS Y PSICODISLÉPTICOS [ALUCINÓGENOS], NO CLASIFICADOS EN OTRA PARTE, ÁREAS DE DEPORTE Y ATLETISMO",,,,0
X424,"ENVENENAMIENTO ACCIDENTAL POR, Y EXPOSICIÓN A NARCÓTICOS Y PSICODISLÉPTICOS [ALUCINÓGENOS], NO CLASIFICADOS EN OTRA PARTE, CALLES Y CARRETERAS",,,,0
X425,"ENVENENAMIENTO ACCIDENTAL POR, Y EXPOSICIÓN A NARCÓTICOS Y PSICODISLÉPTICOS [ALUCINÓGENOS], NO CLASIFICADOS EN OTRA PARTE, COMERCIO Y ÁREA DE SERVICIOS",,,,0
X426,"ENVENENAMIENTO ACCIDENTAL POR, Y EXPOSICIÓN A NARCÓTICOS Y PSICODISLÉPTICOS [ALUCINÓGENOS], NO CLASIFICADOS EN OTRA PARTE, ÁREA INDUSTRIAL Y DE LA CONSTRUCCIÓN",,,,0
X427,"ENVENENAMIENTO ACCIDENTAL POR, Y EXPOSICIÓN A NARCÓTICOS Y PSICODISLÉPTICOS [ALUCINÓGENOS], NO CLASIFICADOS EN OTRA PARTE, GRANJA",,,,0
X428,"ENVENENAMIENTO ACCIDENTAL POR, Y EXPOSICIÓN A NARCÓTICOS Y PSICODISLÉPTICOS [ALUCINÓGENOS], NO CLASIFICADOS EN OTRA PARTE, OTRO LUGAR ESPECIFICADO",,,,0
X429,"ENVENENAMIENTO ACCIDENTAL POR, Y EXPOSICIÓN A NARCÓTICOS Y PSICODISLÉPTICOS [ALUCINÓGENOS], NO CLASIFICADOS EN OTRA PARTE, LUGAR NO ESPECIFICADO",,,,0
X430,"ENVENENAMIENTO ACCIDENTAL POR, Y EXPOSICIÓN A OTRAS DROGAS QUE ACTÚAN SOBRE EL SISTEMA NERVIOSO AUTÓNOMO, VIVIENDA",,,,0
X431,"ENVENENAMIENTO ACCIDENTAL POR, Y EXPOSICIÓN A OTRAS DROGAS QUE ACTÚAN SOBRE EL SISTEMA NERVIOSO AUTÓNOMO, INSTITUCIÓN RESIDENCIAL",,,,0
X432,"ENVENENAMIENTO ACCIDENTAL POR, Y EXPOSICIÓN A OTRAS DROGAS QUE ACTÚAN SOBRE EL SISTEMA NERVIOSO AUTÓNOMO, ESCUELAS, OTRAS INSTITUCIONES Y ÁREAS ADMINISTRATIVAS PÚBLICAS",,,,0
X433,"ENVENENAMIENTO ACCIDENTAL POR, Y EXPOSICIÓN A OTRAS DROGAS QUE ACTÚAN SOBRE EL SISTEMA NERVIOSO AUTÓNOMO, ÁREAS DE DEPORTE Y ATLETISMO",,,,0
X434,"ENVENENAMIENTO ACCIDENTAL POR, Y EXPOSICIÓN A OTRAS DROGAS QUE ACTÚAN SOBRE EL SISTEMA NERVIOSO AUTÓNOMO, CALLES Y CARRETERAS",,,,0
X435,"ENVENENAMIENTO ACCIDENTAL POR, Y EXPOSICIÓN A OTRAS DROGAS QUE ACTÚAN SOBRE EL SISTEMA NERVIOSO AUTÓNOMO, COMERCIO Y ÁREA DE SERVICIOS",,,,0
X436,"ENVENENAMIENTO ACCIDENTAL POR, Y EXPOSICIÓN A OTRAS DROGAS QUE ACTÚAN SOBRE EL SISTEMA NERVIOSO AUTÓNOMO, ÁREA INDUSTRIAL Y DE LA CONSTRUCCIÓN",,,,0
X437,"ENVENENAMIENTO ACCIDENTAL POR, Y EXPOSICIÓN A OTRAS DROGAS QUE ACTÚAN SOBRE EL SISTEMA NERVIOSO AUTÓNOMO, GRANJA",,,,0
X438,"ENVENENAMIENTO ACCIDENTAL POR, Y EXPOSICIÓN A OTRAS DROGAS QUE ACTÚAN SOBRE EL SISTEMA NERVIOSO AUTÓNOMO, OTRO LUGAR ESPECIFICADO",,,,0
X439,"ENVENENAMIENTO ACCIDENTAL POR, Y EXPOSICIÓN A OTRAS DROGAS QUE ACTÚAN SOBRE EL SISTEMA NERVIOSO AUTÓNOMO, LUGAR NO ESPECIFICADO",,,,0
X440,"ENVENENAMIENTO ACCIDENTAL POR, Y EXPOSICIÓN A OTRAS DROGAS, MEDICAMENTOS Y SUSTANCIAS BIOLÓGICAS, Y LOS NO ESPECIFICADOS, VIVIENDA",,,,0
X441,"ENVENENAMIENTO ACCIDENTAL POR, Y EXPOSICIÓN A OTRAS DROGAS, MEDICAMENTOS Y SUSTANCIAS BIOLÓGICAS, Y LOS NO ESPECIFICADOS, INSTITUCIÓN RESIDENCIAL",,,,0
X442,"ENVENENAMIENTO ACCIDENTAL POR, Y EXPOSICIÓN A OTRAS DROGAS, MEDICAMENTOS Y SUSTANCIAS BIOLÓGICAS, Y LOS NO ESPECIFICADOS, ESCUELAS, OTRAS INSTITUCIONES Y ÁREAS ADMINISTRATIVAS PÚBLICAS",,,,0
X443,"ENVENENAMIENTO ACCIDENTAL POR, Y EXPOSICIÓN A OTRAS DROGAS, MEDICAMENTOS Y SUSTANCIAS BIOLÓGICAS, Y LOS NO ESPECIFICADOS, ÁREAS DE DEPORTE Y ATLETISMO",,,,0
X444,"ENVENENAMIENTO ACCIDENTAL POR, Y EXPOSICIÓN A OTRAS DROGAS, MEDICAMENTOS Y SUSTANCIAS BIOLÓGICAS, Y LOS NO ESPECIFICADOS, CALLES Y CARRETERAS",,,,0
X445,"ENVENENAMIENTO ACCIDENTAL POR, Y EXPOSICIÓN A OTRAS DROGAS, MEDICAMENTOS Y SUSTANCIAS BIOLÓGICAS, Y LOS NO ESPECIFICADOS, COMERCIO Y ÁREA DE SERVICIOS",,,,0
X446,"ENVENENAMIENTO ACCIDENTAL POR, Y EXPOSICIÓN A OTRAS DROGAS, MEDICAMENTOS Y SUSTANCIAS BIOLÓGICAS, Y LOS NO ESPECIFICADOS, ÁREA INDUSTRIAL Y DE LA CONSTRUCCIÓN",,,,0
X447,"ENVENENAMIENTO ACCIDENTAL POR, Y EXPOSICIÓN A OTRAS DROGAS, MEDICAMENTOS Y SUSTANCIAS BIOLÓGICAS, Y LOS NO ESPECIFICADOS, GRANJA",,,,0
X448,"ENVENENAMIENTO ACCIDENTAL POR, Y EXPOSICIÓN A OTRAS DROGAS, MEDICAMENTOS Y SUSTANCIAS BIOLÓGICAS, Y LOS NO ESPECIFICADOS, OTRO LUGAR ESPECIFICADO",,,,0
X449,"ENVENENAMIENTO ACCIDENTAL POR, Y EXPOSICIÓN A OTRAS DROGAS, MEDICAMENTOS Y SUSTANCIAS BIOLÓGICAS, Y LOS NO ESPECIFICADOS, LUGAR NO ESPECIFICADO",,,,0
X450,"ENVENENAMIENTO ACCIDENTAL POR, Y EXPOSICIÓN AL ALCOHOL, VIVIENDA",,,,0
X451,"ENVENENAMIENTO ACCIDENTAL POR, Y EXPOSICIÓN AL ALCOHOL, INSTITUCIÓN RESIDENCIAL",,,,0
X452,"ENVENENAMIENTO ACCIDENTAL POR, Y EXPOSICIÓN AL ALCOHOL, ESCUELAS, OTRAS INSTITUCIONES Y ÁREAS ADMINISTRATIVAS PÚBLICAS",,,,0
X453,"ENVENENAMIENTO ACCIDENTAL POR, Y EXPOSICIÓN AL ALCOHOL, ÁREAS DE DEPORTE Y ATLETISMO",,,,0
X454,"ENVENENAMIENTO ACCIDENTAL POR, Y EXPOSICIÓN AL ALCOHOL, CALLES Y CARRETERAS",,,,0
X455,"ENVENENAMIENTO ACCIDENTAL POR, Y EXPOSICIÓN AL ALCOHOL, COMERCIO Y ÁREA DE SERVICIOS",,,,0
X456,"ENVENENAMIENTO ACCIDENTAL POR, Y EXPOSICIÓN AL ALCOHOL, ÁREA INDUSTRIAL Y DE LA CONSTRUCCIÓN",,,,0
X457,"ENVENENAMIENTO ACCIDENTAL POR, Y EXPOSICIÓN AL ALCOHOL, GRANJA",,,,0
X458,"ENVENENAMIENTO ACCIDENTAL POR, Y EXPOSICIÓN AL ALCOHOL, OTRO LUGAR ESPECIFICADO",,,,0
X459,"ENVENENAMIENTO ACCIDENTAL POR, Y EXPOSICIÓN AL ALCOHOL, LUGAR NO ESPECIFICADO",,,,0
X460,"ENVENENAMIENTO ACCIDENTAL POR, Y EXPOSICIÓN A DISOLVENTES ORGÁNICOS E HIDROCARBUROS HALOGENADOS Y SUS VAPORES, VIVIENDA",,,,0
X461,"ENVENENAMIENTO ACCIDENTAL POR, Y EXPOSICIÓN A DISOLVENTES ORGÁNICOS E HIDROCARBUROS HALOGENADOS Y SUS VAPORES, INSTITUCIÓN RESIDENCIAL",,,,0
X462,"ENVENENAMIENTO ACCIDENTAL POR, Y EXPOSICIÓN A DISOLVENTES ORGÁNICOS E HIDROCARBUROS HALOGENADOS Y SUS VAPORES, ESCUELAS, OTRAS INSTITUCIONES Y ÁREAS ADMINISTRATIVAS PÚBLICAS",,,,0
X463,"ENVENENAMIENTO ACCIDENTAL POR, Y EXPOSICIÓN A DISOLVENTES ORGÁNICOS E HIDROCARBUROS HALOGENADOS Y SUS VAPORES, ÁREAS DE DEPORTE Y ATLETISMO",,,,0
X464,"ENVENENAMIENTO ACCIDENTAL POR, Y EXPOSICIÓN A DISOLVENTES ORGÁNICOS E HIDROCARBUROS HALOGENADOS Y SUS VAPORES, CALLES Y CARRETERAS",,,,0
X465,"ENVENENAMIENTO ACCIDENTAL POR, Y EXPOSICIÓN A DISOLVENTES ORGÁNICOS E HIDROCARBUROS HALOGENADOS Y SUS VAPORES, COMERCIO Y ÁREA DE SERVICIOS",,,,0
X466,"ENVENENAMIENTO ACCIDENTAL POR, Y EXPOSICIÓN A DISOLVENTES ORGÁNICOS E HIDROCARBUROS HALOGENADOS Y SUS VAPORES, ÁREA INDUSTRIAL Y DE LA CONSTRUCCIÓN",,,,0
X467,"ENVENENAMIENTO ACCIDENTAL POR, Y EXPOSICIÓN A DISOLVENTES ORGÁNICOS E HIDROCARBUROS HALOGENADOS Y SUS VAPORES, GRANJA",,,,0
X468,"ENVENENAMIENTO ACCIDENTAL POR, Y EXPOSICIÓN A DISOLVENTES ORGÁNICOS E HIDROCARBUROS HALOGENADOS Y SUS VAPORES, OTRO LUGAR ESPECIFICADO",,,,0
X469,"ENVENENAMIENTO ACCIDENTAL POR, Y EXPOSICIÓN A DISOLVENTES ORGÁNICOS E HIDROCARBUROS HALOGENADOS Y SUS VAPORES, LUGAR NO ESPECIFICADO",,,,0
X470,"ENVENENAMIENTO ACCIDENTAL POR, Y EXPOSICIÓN A MONOXIDO DE CARBONO DE COMBUSTIÓN DE ESCAPE DE MOTOR",,,,0
X471,"ENVENENAMIENTO ACCIDENTAL POR, Y EXPOSICIÓN A MONOXIDO DE CARBONO POR GAS DOMÉSTICO",,,,0
X472,"ENVENENAMIENTO ACCIDENTAL POR, Y EXPOSICIÓN A MONOXIDO DE CARBONO DE OTROS COMBUSTIBLES DOMÉSTICOS",,,,0
X473,"ENVENENAMIENTO ACCIDENTAL POR, Y EXPOSICIÓN A MONOXIDO DE CARBONO DE OTRAS FUENTES",,,,0
X474,"ENVENENAMIENTO ACCIDENTAL POR, Y EXPOSICIÓN A MONOXIDO DE CARBONO DE FUENTES INESPECÍFICAS",,,,0
X478,ENVENENAMIENTO ACCIDENTAL DE OTROS GASES Y VAPORES ESPECIFICADOS,,,,0
X479,ENVENENAMIENTO ACCIDENTAL POR GASES Y VAPORES SIN ESPECIFICAR,,,,0
X480,"ENVENENAMIENTO ACCIDENTAL POR, Y EXPOSICIÓN A PLAGUICIDAS, VIVIENDA",,,,0
X481,"ENVENENAMIENTO ACCIDENTAL POR, Y EXPOSICIÓN A PLAGUICIDAS, INSTITUCIÓN RESIDENCIAL",,,,0
X482,"ENVENENAMIENTO ACCIDENTAL POR, Y EXPOSICIÓN A PLAGUICIDAS, ESCUELAS, OTRAS INSTITUCIONES Y ÁREAS ADMINISTRATIVAS PÚBLICAS",,,,0
X483,"ENVENENAMIENTO ACCIDENTAL POR, Y EXPOSICIÓN A PLAGUICIDAS, ÁREAS DE DEPORTE Y ATLETISMO",,,,0
X484,"ENVENENAMIENTO ACCIDENTAL POR, Y EXPOSICIÓN A PLAGUICIDAS, CALLES Y CARRETERAS",,,,0
X485,"ENVENENAMIENTO ACCIDENTAL POR, Y EXPOSICIÓN A PLAGUICIDAS, COMERCIO Y ÁREA DE SERVICIOS",,,,0
X486,"ENVENENAMIENTO ACCIDENTAL POR, Y EXPOSICIÓN A PLAGUICIDAS, ÁREA INDUSTRIAL Y DE LA CONSTRUCCIÓN",,,,0
X487,"ENVENENAMIENTO ACCIDENTAL POR, Y EXPOSICIÓN A PLAGUICIDAS, GRANJA",,,,0
X488,"ENVENENAMIENTO ACCIDENTAL POR, Y EXPOSICIÓN A PLAGUICIDAS, OTRO LUGAR ESPECIFICADO",,,,0
X489,"ENVENENAMIENTO ACCIDENTAL POR, Y EXPOSICIÓN A PLAGUICIDAS, LUGAR NO ESPECIFICADO",,,,0
X490,"ENVENENAMIENTO ACCIDENTAL POR, Y EXPOSICIÓN A OTROS PRODUCTOS QUÍMICOS Y SUSTANCIAS NOCIVAS, Y LOS NO ESPECIFICADOS, VIVIENDA",,,,0
X491,"ENVENENAMIENTO ACCIDENTAL POR, Y EXPOSICIÓN A OTROS PRODUCTOS QUÍMICOS Y SUSTANCIAS NOCIVAS, Y LOS NO ESPECIFICADOS, INSTITUCIÓN RESIDENCIAL",,,,0
X492,"ENVENENAMIENTO ACCIDENTAL POR, Y EXPOSICIÓN A OTROS PRODUCTOS QUÍMICOS Y SUSTANCIAS NOCIVAS, Y LOS NO ESPECIFICADOS, ESCUELAS, OTRAS INSTITUCIONES Y ÁREAS ADMINISTRATIVAS PÚBLICAS",,,,0
X493,"ENVENENAMIENTO ACCIDENTAL POR, Y EXPOSICIÓN A OTROS PRODUCTOS QUÍMICOS Y SUSTANCIAS NOCIVAS, Y LOS NO ESPECIFICADOS, ÁREAS DE DEPORTE Y ATLETISMO",,,,0
X494,"ENVENENAMIENTO ACCIDENTAL POR, Y EXPOSICIÓN A OTROS PRODUCTOS QUÍMICOS Y SUSTANCIAS NOCIVAS, Y LOS NO ESPECIFICADOS, CALLES Y CARRETERAS",,,,0
X495,"ENVENENAMIENTO ACCIDENTAL POR, Y EXPOSICIÓN A OTROS PRODUCTOS QUÍMICOS Y SUSTANCIAS NOCIVAS, Y LOS NO ESPECIFICADOS, COMERCIO Y ÁREA DE SERVICIOS",,,,0
X496,"ENVENENAMIENTO ACCIDENTAL POR, Y EXPOSICIÓN A OTROS PRODUCTOS QUÍMICOS Y SUSTANCIAS NOCIVAS, Y LOS NO ESPECIFICADOS, ÁREA INDUSTRIAL Y DE LA CONSTRUCCIÓN",,,,0
X497,"ENVENENAMIENTO ACCIDENTAL POR, Y EXPOSICIÓN A OTROS PRODUCTOS QUÍMICOS Y SUSTANCIAS NOCIVAS, Y LOS NO ESPECIFICADOS, GRANJA",,,,0
X498,"ENVENENAMIENTO ACCIDENTAL POR, Y EXPOSICIÓN A OTROS PRODUCTOS QUÍMICOS Y SUSTANCIAS NOCIVAS, Y LOS NO ESPECIFICADOS, OTRO LUGAR ESPECIFICADO",,,,0
X499,"ENVENENAMIENTO ACCIDENTAL POR, Y EXPOSICIÓN A OTROS PRODUCTOS QUÍMICOS Y SUSTANCIAS NOCIVAS, Y LOS NO ESPECIFICADOS, LUGAR NO ESPECIFICADO",,,,0
X500,"EXCESO DE ESFUERZO Y MOVIMIENTOS EXTENUANTES Y REPETITIVOS, VIVIENDA",,,,0
X501,"EXCESO DE ESFUERZO Y MOVIMIENTOS EXTENUANTES Y REPETITIVOS, INSTITUCIÓN RESIDENCIAL",,,,0
X502,"EXCESO DE ESFUERZO Y MOVIMIENTOS EXTENUANTES Y REPETITIVOS, ESCUELAS, OTRAS INSTITUCIONES Y ÁREAS ADMINISTRATIVAS PÚBLICAS",,,,0
X503,"EXCESO DE ESFUERZO Y MOVIMIENTOS EXTENUANTES Y REPETITIVOS, ÁREAS DE DEPORTE Y ATLETISMO",,,,0
X504,"EXCESO DE ESFUERZO Y MOVIMIENTOS EXTENUANTES Y REPETITIVOS, CALLES Y CARRETERAS",,,,0
X505,"EXCESO DE ESFUERZO Y MOVIMIENTOS EXTENUANTES Y REPETITIVOS, COMERCIO Y ÁREA DE SERVICIOS",,,,0
X506,"EXCESO DE ESFUERZO Y MOVIMIENTOS EXTENUANTES Y REPETITIVOS, ÁREA INDUSTRIAL Y DE LA CONSTRUCCIÓN",,,,0
X507,"EXCESO DE ESFUERZO Y MOVIMIENTOS EXTENUANTES Y REPETITIVOS, GRANJA",,,,0
X508,"EXCESO DE ESFUERZO Y MOVIMIENTOS EXTENUANTES Y REPETITIVOS, OTRO LUGAR ESPECIFICADO",,,,0
X509,"EXCESO DE ESFUERZO Y MOVIMIENTOS EXTENUANTES Y REPETITIVOS, LUGAR NO ESPECIFICADO",,,,0
X510,"VIAJES Y DESPLAZAMIENTOS, VIVIENDA",,,,0
X511,"VIAJES Y DESPLAZAMIENTOS, INSTITUCIÓN RESIDENCIAL",,,,0
X512,"VIAJES Y DESPLAZAMIENTOS, ESCUELAS, OTRAS INSTITUCIONES Y ÁREAS ADMINISTRATIVAS PÚBLICAS",,,,0
X513,"VIAJES Y DESPLAZAMIENTOS, ÁREAS DE DEPORTE Y ATLETISMO",,,,0
X514,"VIAJES Y DESPLAZAMIENTOS, CALLES Y CARRETERAS",,,,0
X515,"VIAJES Y DESPLAZAMIENTOS, COMERCIO Y ÁREA DE SERVICIOS",,,,0
X516,"VIAJES Y DESPLAZAMIENTOS, ÁREA INDUSTRIAL Y DE LA CONSTRUCCIÓN",,,,0
X517,"VIAJES Y DESPLAZAMIENTOS, GRANJA",,,,0
X518,"VIAJES Y DESPLAZAMIENTOS, OTRO LUGAR ESPECIFICADO",,,,0
X519,"VIAJES Y DESPLAZAMIENTOS, LUGAR NO ESPECIFICADO",,,,0
X520,"PERMANENCIA PROLONGADA EN AMBIENTE SIN GRAVEDAD, VIVIENDA",,,,0
X521,"PERMANENCIA PROLONGADA EN AMBIENTE SIN GRAVEDAD, INSTITUCIÓN RESIDENCIAL",,,,0
X522,"PERMANENCIA PROLONGADA EN AMBIENTE SIN GRAVEDAD, ESCUELAS, OTRAS INSTITUCIONES Y ÁREAS ADMINISTRATIVAS PÚBLICAS",,,,0
X523,"PERMANENCIA PROLONGADA EN AMBIENTE SIN GRAVEDAD, ÁREAS DE DEPORTE Y ATLETISMO",,,,0
X524,"PERMANENCIA PROLONGADA EN AMBIENTE SIN GRAVEDAD, CALLES Y CARRETERAS",,,,0
X525,"PERMANENCIA PROLONGADA EN AMBIENTE SIN GRAVEDAD, COMERCIO Y ÁREA DE SERVICIOS",,,,0
X526,"PERMANENCIA PROLONGADA EN AMBIENTE SIN GRAVEDAD, ÁREA INDUSTRIAL Y DE LA CONSTRUCCIÓN",,,,0
X527,"PERMANENCIA PROLONGADA EN AMBIENTE SIN GRAVEDAD, GRANJA",,,,0
X528,"PERMANENCIA PROLONGADA EN AMBIENTE SIN GRAVEDAD, OTRO LUGAR ESPECIFICADO",,,,0
X529,"PERMANENCIA PROLONGADA EN AMBIENTE SIN GRAVEDAD, LUGAR NO ESPECIFICADO",,,,0
X530,"PRIVACIÓN DE ALIMENTOS, VIVIENDA",,,,0
X531,"PRIVACIÓN DE ALIMENTOS, INSTITUCIÓN RESIDENCIAL",,,,0
X532,"PRIVACIÓN DE ALIMENTOS, ESCUELAS, OTRAS INSTITUCIONES Y ÁREAS ADMINISTRATIVAS PÚBLICAS",,,,0
X533,"PRIVACIÓN DE ALIMENTOS, ÁREAS DE DEPORTE Y ATLETISMO",,,,0
X534,"PRIVACIÓN DE ALIMENTOS, CALLES Y CARRETERAS",,,,0
X535,"PRIVACIÓN DE ALIMENTOS, COMERCIO Y ÁREA DE SERVICIOS",,,,0
X536,"PRIVACIÓN DE ALIMENTOS, ÁREA INDUSTRIAL Y DE LA CONSTRUCCIÓN",,,,0
X537,"PRIVACIÓN DE ALIMENTOS, GRANJA",,,,0
X538,"PRIVACIÓN DE ALIMENTOS, OTRO LUGAR ESPECIFICADO",,,,0
X539,"PRIVACIÓN DE ALIMENTOS, LUGAR NO ESPECIFICADO",,,,0
X540,"PRIVACIÓN DE AGUA, VIVIENDA",,,,0
X541,"PRIVACIÓN DE AGUA, INSTITUCIÓN RESIDENCIAL",,,,0
X542,"PRIVACIÓN DE AGUA, ESCUELAS, OTRAS INSTITUCIONES Y ÁREAS ADMINISTRATIVAS PÚBLICAS",,,,0
X543,"PRIVACIÓN DE AGUA, ÁREAS DE DEPORTE Y ATLETISMO",,,,0
X544,"PRIVACIÓN DE AGUA, CALLES Y CARRETERAS",,,,0
X545,"PRIVACIÓN DE AGUA, COMERCIO Y ÁREA DE SERVICIOS",,,,0
X546,"PRIVACIÓN DE AGUA, ÁREA INDUSTRIAL Y DE LA CONSTRUCCIÓN",,,,0
X547,"PRIVACIÓN DE AGUA, GRANJA",,,,0
X548,"PRIVACIÓN DE AGUA, OTRO LUGAR ESPECIFICADO",,,,0
X549,"PRIVACIÓN DE AGUA, LUGAR NO ESPECIFICADO",,,,0
X570,"PRIVACIÓN NO ESPECIFICADA, VIVIENDA",,,,0
X571,"PRIVACIÓN NO ESPECIFICADA, INSTITUCIÓN RESIDENCIAL",,,,0
X572,"PRIVACIÓN NO ESPECIFICADA, ESCUELAS, OTRAS INSTITUCIONES Y ÁREAS ADMINISTRATIVAS PÚBLICAS",,,,0
X573,"PRIVACIÓN NO ESPECIFICADA, ÁREAS DE DEPORTE Y ATLETISMO",,,,0
X574,"PRIVACIÓN NO ESPECIFICADA, CALLES Y CARRETERAS",,,,0
X575,"PRIVACIÓN NO ESPECIFICADA, COMERCIO Y ÁREA DE SERVICIOS",,,,0
X576,"PRIVACIÓN NO ESPECIFICADA, ÁREA INDUSTRIAL Y DE LA CONSTRUCCIÓN",,,,0
X577,"PRIVACIÓN NO ESPECIFICADA, GRANJA",,,,0
X578,"PRIVACIÓN NO ESPECIFICADA, OTRO LUGAR ESPECIFICADO",,,,0
X579,"PRIVACIÓN NO ESPECIFICADA, LUGAR NO ESPECIFICADO",,,,0
X580,"EXPOSICIÓN A OTROS FACTORES ESPECIFICADOS, VIVIENDA",,,,0
X581,"EXPOSICIÓN A OTROS FACTORES ESPECIFICADOS, INSTITUCIÓN RESIDENCIAL",,,,0
X582,"EXPOSICIÓN A OTROS FACTORES ESPECIFICADOS, ESCUELAS, OTRAS INSTITUCIONES Y ÁREAS ADMINISTRATIVAS PÚBLICAS",,,,0
X583,"EXPOSICIÓN A OTROS FACTORES ESPECIFICADOS, ÁREAS DE DEPORTE Y ATLETISMO",,,,0
X584,"EXPOSICIÓN A OTROS FACTORES ESPECIFICADOS, CALLES Y CARRETERAS",,,,0
X585,"EXPOSICIÓN A OTROS FACTORES ESPECIFICADOS, COMERCIO Y ÁREA DE SERVICIOS",,,,0
X586,"EXPOSICIÓN A OTROS FACTORES ESPECIFICADOS, ÁREA INDUSTRIAL Y DE LA CONSTRUCCIÓN",,,,0
X587,"EXPOSICIÓN A OTROS FACTORES ESPECIFICADOS, GRANJA",,,,0
X588,"EXPOSICIÓN A OTROS FACTORES ESPECIFICADOS, OTRO LUGAR ESPECIFICADO",,,,0
X589,"EXPOSICIÓN A OTROS FACTORES ESPECIFICADOS, LUGAR NO ESPECIFICADO",,,,0
X590,"EXPOSICIÓN A FACTORES NO ESPECIFICADOS, QUE CAUSAN FRACTURA",,,,0
X599,EXPOSICIÓN A FACTORES NO ESPECIFICADOS QUE CAUSAN OTRAS LESIONES Y LAS NO ESPECIFICADAS,,,,0
X600,"ENVENENAMIENTO AUTOINFLIGIDO INTENCIONALMENTE POR, Y EXPOSICIÓN A ANALGÉSICOS NO NARCÓTICOS, ANTIPIRÉTICOS Y ANTIRREUMÁTICOS, VIVIENDA",,2920,43800,0
X601,"ENVENENAMIENTO AUTOINFLIGIDO INTENCIONALMENTE POR, Y EXPOSICIÓN A ANALGÉSICOS NO NARCÓTICOS, ANTIPIRÉTICOS Y ANTIRREUMÁTICOS, INSTITUCIÓN RESIDENCIAL",,2920,43800,0
X602,"ENVENENAMIENTO AUTOINFLIGIDO INTENCIONALMENTE POR, Y EXPOSICIÓN A ANALGÉSICOS NO NARCÓTICOS, ANTIPIRÉTICOS Y ANTIRREUMÁTICOS, ESCUELAS, OTRAS INSTITUCIONES Y ÁREAS ADMINISTRATIVAS PÚBLICAS",,2920,43800,0
X603,"ENVENENAMIENTO AUTOINFLIGIDO INTENCIONALMENTE POR, Y EXPOSICIÓN A ANALGÉSICOS NO NARCÓTICOS, ANTIPIRÉTICOS Y ANTIRREUMÁTICOS, ÁREAS DE DEPORTE Y ATLETISMO",,2920,43800,0
X604,"ENVENENAMIENTO AUTOINFLIGIDO INTENCIONALMENTE POR, Y EXPOSICIÓN A ANALGÉSICOS NO NARCÓTICOS, ANTIPIRÉTICOS Y ANTIRREUMÁTICOS, CALLES Y CARRETERAS",,2920,43800,0
X605,"ENVENENAMIENTO AUTOINFLIGIDO INTENCIONALMENTE POR, Y EXPOSICIÓN A ANALGÉSICOS NO NARCÓTICOS, ANTIPIRÉTICOS Y ANTIRREUMÁTICOS, COMERCIO Y ÁREA DE SERVICIOS",,2920,43800,0
X606,"ENVENENAMIENTO AUTOINFLIGIDO INTENCIONALMENTE POR, Y EXPOSICIÓN A ANALGÉSICOS NO NARCÓTICOS, ANTIPIRÉTICOS Y ANTIRREUMÁTICOS, ÁREA INDUSTRIAL Y DE LA CONSTRUCCIÓN",,2920,43800,0
X607,"ENVENENAMIENTO AUTOINFLIGIDO INTENCIONALMENTE POR, Y EXPOSICIÓN A ANALGÉSICOS NO NARCÓTICOS, ANTIPIRÉTICOS Y ANTIRREUMÁTICOS, GRANJA",,2920,43800,0
X608,"ENVENENAMIENTO AUTOINFLIGIDO INTENCIONALMENTE POR, Y EXPOSICIÓN A ANALGÉSICOS NO NARCÓTICOS, ANTIPIRÉTICOS Y ANTIRREUMÁTICOS, OTRO LUGAR ESPECIFICADO",,2920,43800,0
X609,"ENVENENAMIENTO AUTOINFLIGIDO INTENCIONALMENTE POR, Y EXPOSICIÓN A ANALGÉSICOS NO NARCÓTICOS, ANTIPIRÉTICOS Y ANTIRREUMÁTICOS, LUGAR NO ESPECIFICADO",,2920,43800,0
X610,"ENVENENAMIENTO AUTOINFLIGIDO INTENCIONALMENTE POR, Y EXPOSICIÓN A DROGAS ANTIEPILÉPTICAS, SEDANTES, HIPNÓTICAS, ANTIPARKINSONIANAS Y PSICOTRÓPICAS, NO CLASIFICADAS EN OTRA PARTE, VIVIENDA",,2920,43800,0
X611,"ENVENENAMIENTO AUTOINFLIGIDO INTENCIONALMENTE POR, Y EXPOSICIÓN A DROGAS ANTIEPILÉPTICAS, SEDANTES, HIPNÓTICAS, ANTIPARKINSONIANAS Y PSICOTRÓPICAS, NO CLASIFICADAS EN OTRA PARTE, INSTITUCIÓN RESIDENCIAL",,2920,43800,0
X612,"ENVENENAMIENTO AUTOINFLIGIDO INTENCIONALMENTE POR, Y EXPOSICIÓN A DROGAS ANTIEPILÉPTICAS, SEDANTES, HIPNÓTICAS, ANTIPARKINSONIANAS Y PSICOTRÓPICAS, NO CLASIFICADAS EN OTRA PARTE, ESCUELAS, OTRAS INSTITUCIONES Y ÁREAS ADMINISTRATIVAS PÚBLICAS",,2920,43800,0
X613,"ENVENENAMIENTO AUTOINFLIGIDO INTENCIONALMENTE POR, Y EXPOSICIÓN A DROGAS ANTIEPILÉPTICAS, SEDANTES, HIPNÓTICAS, ANTIPARKINSONIANAS Y PSICOTRÓPICAS, NO CLASIFICADAS EN OTRA PARTE, ÁREAS DE DEPORTE Y ATLETISMO",,2920,43800,0
X614,"ENVENENAMIENTO AUTOINFLIGIDO INTENCIONALMENTE POR, Y EXPOSICIÓN A DROGAS ANTIEPILÉPTICAS, SEDANTES, HIPNÓTICAS, ANTIPARKINSONIANAS Y PSICOTRÓPICAS, NO CLASIFICADAS EN OTRA PARTE, CALLES Y CARRETERAS",,2920,43800,0
X615,"ENVENENAMIENTO AUTOINFLIGIDO INTENCIONALMENTE POR, Y EXPOSICIÓN A DROGAS ANTIEPILÉPTICAS, SEDANTES, HIPNÓTICAS, ANTIPARKINSONIANAS Y PSICOTRÓPICAS, NO CLASIFICADAS EN OTRA PARTE, COMERCIO Y ÁREA DE SERVICIOS",,2920,43800,0
X616,"ENVENENAMIENTO AUTOINFLIGIDO INTENCIONALMENTE POR, Y EXPOSICIÓN A DROGAS ANTIEPILÉPTICAS, SEDANTES, HIPNÓTICAS, ANTIPARKINSONIANAS Y PSICOTRÓPICAS, NO CLASIFICADAS EN OTRA PARTE, ÁREA INDUSTRIAL Y DE LA CONSTRUCCIÓN",,2920,43800,0
X617,"ENVENENAMIENTO AUTOINFLIGIDO INTENCIONALMENTE POR, Y EXPOSICIÓN A DROGAS ANTIEPILÉPTICAS, SEDANTES, HIPNÓTICAS, ANTIPARKINSONIANAS Y PSICOTRÓPICAS, NO CLASIFICADAS EN OTRA PARTE, GRANJA",,2920,43800,0
X618,"ENVENENAMIENTO AUTOINFLIGIDO INTENCIONALMENTE POR, Y EXPOSICIÓN A DROGAS ANTIEPILÉPTICAS, SEDANTES, HIPNÓTICAS, ANTIPARKINSONIANAS Y PSICOTRÓPICAS, NO CLASIFICADAS EN OTRA PARTE, OTRO LUGAR ESPECIFICADO",,2920,43800,0
X619,"ENVENENAMIENTO AUTOINFLIGIDO INTENCIONALMENTE POR, Y EXPOSICIÓN A DROGAS ANTIEPILÉPTICAS, SEDANTES, HIPNÓTICAS, ANTIPARKINSONIANAS Y PSICOTRÓPICAS, NO CLASIFICADAS EN OTRA PARTE, LUGAR NO ESPECIFICADO",,2920,43800,0
X620,"ENVENENAMIENTO AUTOINFLIGIDO INTENCIONALMENTE POR, Y EXPOSICIÓN A NARCÓTICOS Y PSICODISLÉPTICOS [ALUCINÓGENOS], NO CLASIFICADOS EN OTRA PARTE, VIVIENDA",,2920,43800,0
X621,"ENVENENAMIENTO AUTOINFLIGIDO INTENCIONALMENTE POR, Y EXPOSICIÓN A NARCÓTICOS Y PSICODISLÉPTICOS [ALUCINÓGENOS], NO CLASIFICADOS EN OTRA PARTE, INSTITUCIÓN RESIDENCIAL",,2920,43800,0
X622,"ENVENENAMIENTO AUTOINFLIGIDO INTENCIONALMENTE POR, Y EXPOSICIÓN A NARCÓTICOS Y PSICODISLÉPTICOS [ALUCINÓGENOS], NO CLASIFICADOS EN OTRA PARTE, ESCUELAS, OTRAS INSTITUCIONES Y ÁREAS ADMINISTRATIVAS PÚBLICAS",,2920,43800,0
X623,"ENVENENAMIENTO AUTOINFLIGIDO INTENCIONALMENTE POR, Y EXPOSICIÓN A NARCÓTICOS Y PSICODISLÉPTICOS [ALUCINÓGENOS], NO CLASIFICADOS EN OTRA PARTE, ÁREAS DE DEPORTE Y ATLETISMO",,2920,43800,0
X624,"ENVENENAMIENTO AUTOINFLIGIDO INTENCIONALMENTE POR, Y EXPOSICIÓN A NARCÓTICOS Y PSICODISLÉPTICOS [ALUCINÓGENOS], NO CLASIFICADOS EN OTRA PARTE, CALLES Y CARRETERAS",,2920,43800,0
X625,"ENVENENAMIENTO AUTOINFLIGIDO INTENCIONALMENTE POR, Y EXPOSICIÓN A NARCÓTICOS Y PSICODISLÉPTICOS [ALUCINÓGENOS], NO CLASIFICADOS EN OTRA PARTE, COMERCIO Y ÁREA DE SERVICIOS",,2920,43800,0
X626,"ENVENENAMIENTO AUTOINFLIGIDO INTENCIONALMENTE POR, Y EXPOSICIÓN A NARCÓTICOS Y PSICODISLÉPTICOS [ALUCINÓGENOS], NO CLASIFICADOS EN OTRA PARTE, ÁREA INDUSTRIAL Y DE LA CONSTRUCCIÓN",,2920,43800,0
X627,"ENVENENAMIENTO AUTOINFLIGIDO INTENCIONALMENTE POR, Y EXPOSICIÓN A NARCÓTICOS Y PSICODISLÉPTICOS [ALUCINÓGENOS], NO CLASIFICADOS EN OTRA PARTE, GRANJA",,2920,43800,0
X628,"ENVENENAMIENTO AUTOINFLIGIDO INTENCIONALMENTE POR, Y EXPOSICIÓN A NARCÓTICOS Y PSICODISLÉPTICOS [ALUCINÓGENOS], NO CLASIFICADOS EN OTRA PARTE, OTRO LUGAR ESPECIFICADO",,2920,43800,0
X629,"ENVENENAMIENTO AUTOINFLIGIDO INTENCIONALMENTE POR, Y EXPOSICIÓN A NARCÓTICOS Y PSICODISLÉPTICOS [ALUCINÓGENOS], NO CLASIFICADOS EN OTRA PARTE, LUGAR NO ESPECIFICADO",,2920,43800,0
X630,"ENVENENAMIENTO AUTOINFLIGIDO INTENCIONALMENTE POR, Y EXPOSICIÓN A OTRAS DROGAS QUE ACTÚAN SOBRE EL SISTEMA NERVIOSO AUTÓNOMO, VIVIENDA",,2920,43800,0
X631,"ENVENENAMIENTO AUTOINFLIGIDO INTENCIONALMENTE POR, Y EXPOSICIÓN A OTRAS DROGAS QUE ACTÚAN SOBRE EL SISTEMA NERVIOSO AUTÓNOMO, INSTITUCIÓN RESIDENCIAL",,2920,43800,0
X632,"ENVENENAMIENTO AUTOINFLIGIDO INTENCIONALMENTE POR, Y EXPOSICIÓN A OTRAS DROGAS QUE ACTÚAN SOBRE EL SISTEMA NERVIOSO AUTÓNOMO, ESCUELAS, OTRAS INSTITUCIONES Y ÁREAS ADMINISTRATIVAS PÚBLICAS",,2920,43800,0
X633,"ENVENENAMIENTO AUTOINFLIGIDO INTENCIONALMENTE POR, Y EXPOSICIÓN A OTRAS DROGAS QUE ACTÚAN SOBRE EL SISTEMA NERVIOSO AUTÓNOMO, ÁREAS DE DEPORTE Y ATLETISMO",,2920,43800,0
X634,"ENVENENAMIENTO AUTOINFLIGIDO INTENCIONALMENTE POR, Y EXPOSICIÓN A OTRAS DROGAS QUE ACTÚAN SOBRE EL SISTEMA NERVIOSO AUTÓNOMO, CALLES Y CARRETERAS",,2920,43800,0
X635,"ENVENENAMIENTO AUTOINFLIGIDO INTENCIONALMENTE POR, Y EXPOSICIÓN A OTRAS DROGAS QUE ACTÚAN SOBRE EL SISTEMA NERVIOSO AUTÓNOMO, COMERCIO Y ÁREA DE SERVICIOS",,2920,43800,0
X636,"ENVENENAMIENTO AUTOINFLIGIDO INTENCIONALMENTE POR, Y EXPOSICIÓN A OTRAS DROGAS QUE ACTÚAN SOBRE EL SISTEMA NERVIOSO AUTÓNOMO, ÁREA INDUSTRIAL Y DE LA CONSTRUCCIÓN",,2920,43800,0
X637,"ENVENENAMIENTO AUTOINFLIGIDO INTENCIONALMENTE POR, Y EXPOSICIÓN A OTRAS DROGAS QUE ACTÚAN SOBRE EL SISTEMA NERVIOSO AUTÓNOMO, GRANJA",,2920,43800,0
X638,"ENVENENAMIENTO AUTOINFLIGIDO INTENCIONALMENTE POR, Y EXPOSICIÓN A OTRAS DROGAS QUE ACTÚAN SOBRE EL SISTEMA NERVIOSO AUTÓNOMO, OTRO LUGAR ESPECIFICADO",,2920,43800,0
X639,"ENVENENAMIENTO AUTOINFLIGIDO INTENCIONALMENTE POR, Y EXPOSICIÓN A OTRAS DROGAS QUE ACTÚAN SOBRE EL SISTEMA NERVIOSO AUTÓNOMO, LUGAR NO ESPECIFICADO",,2920,43800,0
X640,"ENVENENAMIENTO AUTOINFLIGIDO INTENCIONALMENTE POR, Y EXPOSICIÓN A OTRAS DROGAS, MEDICAMENTOS Y SUSTANCIAS BIOLÓGICAS, Y LOS NO ESPECIFICADOS, VIVIENDA",,2920,43800,0
X641,"ENVENENAMIENTO AUTOINFLIGIDO INTENCIONALMENTE POR, Y EXPOSICIÓN A OTRAS DROGAS, MEDICAMENTOS Y SUSTANCIAS BIOLÓGICAS, Y LOS NO ESPECIFICADOS, INSTITUCIÓN RESIDENCIAL",,2920,43800,0
X642,"ENVENENAMIENTO AUTOINFLIGIDO INTENCIONALMENTE POR, Y EXPOSICIÓN A OTRAS DROGAS, MEDICAMENTOS Y SUSTANCIAS BIOLÓGICAS, Y LOS NO ESPECIFICADOS, ESCUELAS, OTRAS INSTITUCIONES Y ÁREAS ADMINISTRATIVAS PÚBLICAS",,2920,43800,0
X643,"ENVENENAMIENTO AUTOINFLIGIDO INTENCIONALMENTE POR, Y EXPOSICIÓN A OTRAS DROGAS, MEDICAMENTOS Y SUSTANCIAS BIOLÓGICAS, Y LOS NO ESPECIFICADOS, ÁREAS DE DEPORTE Y ATLETISMO",,2920,43800,0
X644,"ENVENENAMIENTO AUTOINFLIGIDO INTENCIONALMENTE POR, Y EXPOSICIÓN A OTRAS DROGAS, MEDICAMENTOS Y SUSTANCIAS BIOLÓGICAS, Y LOS NO ESPECIFICADOS, CALLES Y CARRETERAS",,2920,43800,0
X645,"ENVENENAMIENTO AUTOINFLIGIDO INTENCIONALMENTE POR, Y EXPOSICIÓN A OTRAS DROGAS, MEDICAMENTOS Y SUSTANCIAS BIOLÓGICAS, Y LOS NO ESPECIFICADOS, COMERCIO Y ÁREA DE SERVICIOS",,2920,43800,0
X646,"ENVENENAMIENTO AUTOINFLIGIDO INTENCIONALMENTE POR, Y EXPOSICIÓN A OTRAS DROGAS, MEDICAMENTOS Y SUSTANCIAS BIOLÓGICAS, Y LOS NO ESPECIFICADOS, ÁREA INDUSTRIAL Y DE LA CONSTRUCCIÓN",,2920,43800,0
X647,"ENVENENAMIENTO AUTOINFLIGIDO INTENCIONALMENTE POR, Y EXPOSICIÓN A OTRAS DROGAS, MEDICAMENTOS Y SUSTANCIAS BIOLÓGICAS, Y LOS NO ESPECIFICADOS, GRANJA",,2920,43800,0
X648,"ENVENENAMIENTO AUTOINFLIGIDO INTENCIONALMENTE POR, Y EXPOSICIÓN A OTRAS DROGAS, MEDICAMENTOS Y SUSTANCIAS BIOLÓGICAS, Y LOS NO ESPECIFICADOS, OTRO LUGAR ESPECIFICADO",,2920,43800,0
X649,"ENVENENAMIENTO AUTOINFLIGIDO INTENCIONALMENTE POR, Y EXPOSICIÓN A OTRAS DROGAS, MEDICAMENTOS Y SUSTANCIAS BIOLÓGICAS, Y LOS NO ESPECIFICADOS, LUGAR NO ESPECIFICADO",,2920,43800,0
X650,"ENVENENAMIENTO AUTOINFLIGIDO INTENCIONALMENTE POR, Y EXPOSICIÓN AL ALCOHOL, VIVIENDA",,2920,43800,0
X651,"ENVENENAMIENTO AUTOINFLIGIDO INTENCIONALMENTE POR, Y EXPOSICIÓN AL ALCOHOL, INSTITUCIÓN RESIDENCIAL",,2920,43800,0
X652,"ENVENENAMIENTO AUTOINFLIGIDO INTENCIONALMENTE POR, Y EXPOSICIÓN AL ALCOHOL, ESCUELAS, OTRAS INSTITUCIONES Y ÁREAS ADMINISTRATIVAS PÚBLICAS",,2920,43800,0
X653,"ENVENENAMIENTO AUTOINFLIGIDO INTENCIONALMENTE POR, Y EXPOSICIÓN AL ALCOHOL, ÁREAS DE DEPORTE Y ATLETISMO",,2920,43800,0
X654,"ENVENENAMIENTO AUTOINFLIGIDO INTENCIONALMENTE POR, Y EXPOSICIÓN AL ALCOHOL, CALLES Y CARRETERAS",,2920,43800,0
X655,"ENVENENAMIENTO AUTOINFLIGIDO INTENCIONALMENTE POR, Y EXPOSICIÓN AL ALCOHOL, COMERCIO Y ÁREA DE SERVICIOS",,2920,43800,0
X656,"ENVENENAMIENTO AUTOINFLIGIDO INTENCIONALMENTE POR, Y EXPOSICIÓN AL ALCOHOL, ÁREA INDUSTRIAL Y DE LA CONSTRUCCIÓN",,2920,43800,0
X657,"ENVENENAMIENTO AUTOINFLIGIDO INTENCIONALMENTE POR, Y EXPOSICIÓN AL ALCOHOL, GRANJA",,2920,43800,0
X658,"ENVENENAMIENTO AUTOINFLIGIDO INTENCIONALMENTE POR, Y EXPOSICIÓN AL ALCOHOL, OTRO LUGAR ESPECIFICADO",,2920,43800,0
X659,"ENVENENAMIENTO AUTOINFLIGIDO INTENCIONALMENTE POR, Y EXPOSICIÓN AL ALCOHOL, LUGAR NO ESPECIFICADO",,2920,43800,0
X660,"ENVENENAMIENTO AUTOINFLIGIDO INTENCIONALMENTE POR, Y EXPOSICIÓN A DISOLVENTES ORGÁNICOS E HIDROCARBUROS HALOGENADOS Y SUS VAPORES, VIVIENDA",,2920,43800,0
X661,"ENVENENAMIENTO AUTOINFLIGIDO INTENCIONALMENTE POR, Y EXPOSICIÓN A DISOLVENTES ORGÁNICOS E HIDROCARBUROS HALOGENADOS Y SUS VAPORES, INSTITUCIÓN RESIDENCIAL",,2920,43800,0
X662,"ENVENENAMIENTO AUTOINFLIGIDO INTENCIONALMENTE POR, Y EXPOSICIÓN A DISOLVENTES ORGÁNICOS E HIDROCARBUROS HALOGENADOS Y SUS VAPORES, ESCUELAS, OTRAS INSTITUCIONES Y ÁREAS ADMINISTRATIVAS PÚBLICAS",,2920,43800,0
X663,"ENVENENAMIENTO AUTOINFLIGIDO INTENCIONALMENTE POR, Y EXPOSICIÓN A DISOLVENTES ORGÁNICOS E HIDROCARBUROS HALOGENADOS Y SUS VAPORES, ÁREAS DE DEPORTE Y ATLETISMO",,2920,43800,0
X664,"ENVENENAMIENTO AUTOINFLIGIDO INTENCIONALMENTE POR, Y EXPOSICIÓN A DISOLVENTES ORGÁNICOS E HIDROCARBUROS HALOGENADOS Y SUS VAPORES, CALLES Y CARRETERAS",,2920,43800,0
X665,"ENVENENAMIENTO AUTOINFLIGIDO INTENCIONALMENTE POR, Y EXPOSICIÓN A DISOLVENTES ORGÁNICOS E HIDROCARBUROS HALOGENADOS Y SUS VAPORES, COMERCIO Y ÁREA DE SERVICIOS",,2920,43800,0
X666,"ENVENENAMIENTO AUTOINFLIGIDO INTENCIONALMENTE POR, Y EXPOSICIÓN A DISOLVENTES ORGÁNICOS E HIDROCARBUROS HALOGENADOS Y SUS VAPORES, ÁREA INDUSTRIAL Y DE LA CONSTRUCCIÓN",,2920,43800,0
X667,"ENVENENAMIENTO AUTOINFLIGIDO INTENCIONALMENTE POR, Y EXPOSICIÓN A DISOLVENTES ORGÁNICOS E HIDROCARBUROS HALOGENADOS Y SUS VAPORES, GRANJA",,2920,43800,0
X668,"ENVENENAMIENTO AUTOINFLIGIDO INTENCIONALMENTE POR, Y EXPOSICIÓN A DISOLVENTES ORGÁNICOS E HIDROCARBUROS HALOGENADOS Y SUS VAPORES, OTRO LUGAR ESPECIFICADO",,2920,43800,0
X669,"ENVENENAMIENTO AUTOINFLIGIDO INTENCIONALMENTE POR, Y EXPOSICIÓN A DISOLVENTES ORGÁNICOS E HIDROCARBUROS HALOGENADOS Y SUS VAPORES, LUGAR NO ESPECIFICADO",,2920,43800,0
X670,"ENVENENAMIENTO AUTOINFLIGIDO INTENCIONALMENTE POR, Y EXPOSICIÓN A OTROS GASES Y VAPORES, VIVIENDA",,2920,43800,0
X671,"ENVENENAMIENTO AUTOINFLIGIDO INTENCIONALMENTE POR, Y EXPOSICIÓN A OTROS GASES Y VAPORES, INSTITUCIÓN RESIDENCIAL",,2920,43800,0
X672,"ENVENENAMIENTO AUTOINFLIGIDO INTENCIONALMENTE POR, Y EXPOSICIÓN A OTROS GASES Y VAPORES, ESCUELAS, OTRAS INSTITUCIONES Y ÁREAS ADMINISTRATIVAS PÚBLICAS",,2920,43800,0
X673,"ENVENENAMIENTO AUTOINFLIGIDO INTENCIONALMENTE POR, Y EXPOSICIÓN A OTROS GASES Y VAPORES, ÁREAS DE DEPORTE Y ATLETISMO",,2920,43800,0
X674,"ENVENENAMIENTO AUTOINFLIGIDO INTENCIONALMENTE POR, Y EXPOSICIÓN A OTROS GASES Y VAPORES, CALLES Y CARRETERAS",,2920,43800,0
X675,"ENVENENAMIENTO AUTOINFLIGIDO INTENCIONALMENTE POR, Y EXPOSICIÓN A OTROS GASES Y VAPORES, COMERCIO Y ÁREA DE SERVICIOS",,2920,43800,0
X676,"ENVENENAMIENTO AUTOINFLIGIDO INTENCIONALMENTE POR, Y EXPOSICIÓN A OTROS GASES Y VAPORES, ÁREA INDUSTRIAL Y DE LA CONSTRUCCIÓN",,2920,43800,0
X677,"ENVENENAMIENTO AUTOINFLIGIDO INTENCIONALMENTE POR, Y EXPOSICIÓN A OTROS GASES Y VAPORES, GRANJA",,2920,43800,0
X678,"ENVENENAMIENTO AUTOINFLIGIDO INTENCIONALMENTE POR, Y EXPOSICIÓN A OTROS GASES Y VAPORES, OTRO LUGAR ESPECIFICADO",,2920,43800,0
X679,"ENVENENAMIENTO AUTOINFLIGIDO INTENCIONALMENTE POR, Y EXPOSICIÓN A OTROS GASES Y VAPORES, LUGAR NO ESPECIFICADO",,2920,43800,0
X680,"ENVENENAMIENTO AUTOINFLIGIDO INTENCIONALMENTE POR, Y EXPOSICIÓN A PLAGUICIDAS, VIVIENDA",,2920,43800,0
X681,"ENVENENAMIENTO AUTOINFLIGIDO INTENCIONALMENTE POR, Y EXPOSICIÓN A PLAGUICIDAS, INSTITUCIÓN RESIDENCIAL",,2920,43800,0
X682,"ENVENENAMIENTO AUTOINFLIGIDO INTENCIONALMENTE POR, Y EXPOSICIÓN A PLAGUICIDAS, ESCUELAS, OTRAS INSTITUCIONES Y ÁREAS ADMINISTRATIVAS PÚBLICAS",,2920,43800,0
X683,"ENVENENAMIENTO AUTOINFLIGIDO INTENCIONALMENTE POR, Y EXPOSICIÓN A PLAGUICIDAS, ÁREAS DE DEPORTE Y ATLETISMO",,2920,43800,0
X684,"ENVENENAMIENTO AUTOINFLIGIDO INTENCIONALMENTE POR, Y EXPOSICIÓN A PLAGUICIDAS, CALLES Y CARRETERAS",,2920,43800,0
X685,"ENVENENAMIENTO AUTOINFLIGIDO INTENCIONALMENTE POR, Y EXPOSICIÓN A PLAGUICIDAS, COMERCIO Y ÁREA DE SERVICIOS",,2920,43800,0
X686,"ENVENENAMIENTO AUTOINFLIGIDO INTENCIONALMENTE POR, Y EXPOSICIÓN A PLAGUICIDAS, ÁREA INDUSTRIAL Y DE LA CONSTRUCCIÓN",,2920,43800,0
X687,"ENVENENAMIENTO AUTOINFLIGIDO INTENCIONALMENTE POR, Y EXPOSICIÓN A PLAGUICIDAS, GRANJA",,2920,43800,0
X688,"ENVENENAMIENTO AUTOINFLIGIDO INTENCIONALMENTE POR, Y EXPOSICIÓN A PLAGUICIDAS, OTRO LUGAR ESPECIFICADO",,2920,43800,0
X689,"ENVENENAMIENTO AUTOINFLIGIDO INTENCIONALMENTE POR, Y EXPOSICIÓN A PLAGUICIDAS, LUGAR NO ESPECIFICADO",,2920,43800,0
X690,"ENVENENAMIENTO AUTOINFLIGIDO INTENCIONALMENTE POR, Y EXPOSICIÓN A OTROS PRODUCTOS QUÍMICOS Y SUSTANCIAS NOCIVAS, Y LOS NO ESPECIFICADOS, VIVIENDA",,2920,43800,0
X691,"ENVENENAMIENTO AUTOINFLIGIDO INTENCIONALMENTE POR, Y EXPOSICIÓN A OTROS PRODUCTOS QUÍMICOS Y SUSTANCIAS NOCIVAS, Y LOS NO ESPECIFICADOS, INSTITUCIÓN RESIDENCIAL",,2920,43800,0
X692,"ENVENENAMIENTO AUTOINFLIGIDO INTENCIONALMENTE POR, Y EXPOSICIÓN A OTROS PRODUCTOS QUÍMICOS Y SUSTANCIAS NOCIVAS, Y LOS NO ESPECIFICADOS, ESCUELAS, OTRAS INSTITUCIONES Y ÁREAS ADMINISTRATIVAS PÚBLICAS",,2920,43800,0
X693,"ENVENENAMIENTO AUTOINFLIGIDO INTENCIONALMENTE POR, Y EXPOSICIÓN A OTROS PRODUCTOS QUÍMICOS Y SUSTANCIAS NOCIVAS, Y LOS NO ESPECIFICADOS, ÁREAS DE DEPORTE Y ATLETISMO",,2920,43800,0
X694,"ENVENENAMIENTO AUTOINFLIGIDO INTENCIONALMENTE POR, Y EXPOSICIÓN A OTROS PRODUCTOS QUÍMICOS Y SUSTANCIAS NOCIVAS, Y LOS NO ESPECIFICADOS, CALLES Y CARRETERAS",,2920,43800,0
X695,"ENVENENAMIENTO AUTOINFLIGIDO INTENCIONALMENTE POR, Y EXPOSICIÓN A OTROS PRODUCTOS QUÍMICOS Y SUSTANCIAS NOCIVAS, Y LOS NO ESPECIFICADOS, COMERCIO Y ÁREA DE SERVICIOS",,2920,43800,0
X696,"ENVENENAMIENTO AUTOINFLIGIDO INTENCIONALMENTE POR, Y EXPOSICIÓN A OTROS PRODUCTOS QUÍMICOS Y SUSTANCIAS NOCIVAS, Y LOS NO ESPECIFICADOS, ÁREA INDUSTRIAL Y DE LA CONSTRUCCIÓN",,2920,43800,0
X697,"ENVENENAMIENTO AUTOINFLIGIDO INTENCIONALMENTE POR, Y EXPOSICIÓN A OTROS PRODUCTOS QUÍMICOS Y SUSTANCIAS NOCIVAS, Y LOS NO ESPECIFICADOS, GRANJA",,2920,43800,0
X698,"ENVENENAMIENTO AUTOINFLIGIDO INTENCIONALMENTE POR, Y EXPOSICIÓN A OTROS PRODUCTOS QUÍMICOS Y SUSTANCIAS NOCIVAS, Y LOS NO ESPECIFICADOS, OTRO LUGAR ESPECIFICADO",,2920,43800,0
X699,"ENVENENAMIENTO AUTOINFLIGIDO INTENCIONALMENTE POR, Y EXPOSICIÓN A OTROS PRODUCTOS QUÍMICOS Y SUSTANCIAS NOCIVAS, Y LOS NO ESPECIFICADOS, LUGAR NO ESPECIFICADO",,2920,43800,0
X700,"LESIÓN AUTOINFLIGIDA INTENCIONALMENTE POR AHORCAMIENTO, ESTRANGULAMIENTO O SOFOCACIÓN VIVIENDA",,2920,43800,0
X701,"LESIÓN AUTOINFLIGIDA INTENCIONALMENTE POR AHORCAMIENTO, ESTRANGULAMIENTO O SOFOCACIÓN, INSTITUCIÓN RESIDENCIAL",,2920,43800,0
X702,"LESIÓN AUTOINFLIGIDA INTENCIONALMENTE POR AHORCAMIENTO, ESTRANGULAMIENTO O SOFOCACIÓN, ESCUELAS, OTRAS INSTITUCIONES Y ÁREAS ADMINISTRATIVAS PÚBLICAS",,2920,43800,0
X703,"LESIÓN AUTOINFLIGIDA INTENCIONALMENTE POR AHORCAMIENTO, ESTRANGULAMIENTO O SOFOCACIÓN, ÁREAS DE DEPORTE Y ATLETISMO",,2920,43800,0
X704,"LESIÓN AUTOINFLIGIDA INTENCIONALMENTE POR AHORCAMIENTO, ESTRANGULAMIENTO O SOFOCACIÓN, CALLES Y CARRETERAS",,2920,43800,0
X705,"LESIÓN AUTOINFLIGIDA INTENCIONALMENTE POR AHORCAMIENTO, ESTRANGULAMIENTO O SOFOCACIÓN, COMERCIO Y ÁREA DE SERVICIOS",,2920,43800,0
X706,"LESIÓN AUTOINFLIGIDA INTENCIONALMENTE POR AHORCAMIENTO, ESTRANGULAMIENTO O SOFOCACIÓN, ÁREA INDUSTRIAL Y DE LA CONSTRUCCIÓN",,2920,43800,0
X707,"LESIÓN AUTOINFLIGIDA INTENCIONALMENTE POR AHORCAMIENTO, ESTRANGULAMIENTO O SOFOCACIÓN, GRANJA",,2920,43800,0
X708,"LESIÓN AUTOINFLIGIDA INTENCIONALMENTE POR AHORCAMIENTO, ESTRANGULAMIENTO O SOFOCACIÓN, OTRO LUGAR ESPECIFICADO",,2920,43800,0
X709,"LESIÓN AUTOINFLIGIDA INTENCIONALMENTE POR AHORCAMIENTO, ESTRANGULAMIENTO O SOFOCACIÓN, LUGAR NO ESPECIFICADO",,2920,43800,0
X710,"LESIÓN AUTOINFLIGIDA INTENCIONALMENTE POR AHOGAMIENTO, Y SUMERSIÓN, VIVIENDA",,2920,43800,0
X711,"LESIÓN AUTOINFLIGIDA INTENCIONALMENTE POR AHOGAMIENTO, Y SUMERSIÓN, INSTITUCIÓN RESIDENCIAL",,2920,43800,0
X712,"LESIÓN AUTOINFLIGIDA INTENCIONALMENTE POR AHOGAMIENTO, Y SUMERSIÓN, ESCUELAS, OTRAS INSTITUCIONES Y ÁREAS ADMINISTRATIVAS PÚBLICAS",,2920,43800,0
X713,"LESIÓN AUTOINFLIGIDA INTENCIONALMENTE POR AHOGAMIENTO, Y SUMERSIÓN, ÁREAS DE DEPORTE Y ATLETISMO",,2920,43800,0
X714,"LESIÓN AUTOINFLIGIDA INTENCIONALMENTE POR AHOGAMIENTO, Y SUMERSIÓN, CALLES Y CARRETERAS",,2920,43800,0
X715,"LESIÓN AUTOINFLIGIDA INTENCIONALMENTE POR AHOGAMIENTO, Y SUMERSIÓN, COMERCIO Y ÁREA DE SERVICIOS",,2920,43800,0
X716,"LESIÓN AUTOINFLIGIDA INTENCIONALMENTE POR AHOGAMIENTO Y SUMERSIÓN, ÁREA INDUSTRIAL Y DE LA CONSTRUCCIÓN",,2920,43800,0
X717,"LESIÓN AUTOINFLIGIDA INTENCIONALMENTE POR AHOGAMIENTO Y SUMERSIÓN, GRANJA",,2920,43800,0
X718,"LESIÓN AUTOINFLIGIDA INTENCIONALMENTE POR AHOGAMIENTO Y SUMERSIÓN, OTRO LUGAR ESPECIFICADO",,2920,43800,0
X719,"LESIÓN AUTOINFLIGIDA INTENCIONALMENTE POR AHOGAMIENTO Y SUMERSIÓN, LUGAR NO ESPECIFICADO",,2920,43800,0
X720,"LESIÓN AUTOINFLIGIDA INTENCIONALMENTE POR DISPARO DE ARMA CORTA, VIVIENDA",,2920,43800,0
X721,"LESIÓN AUTOINFLIGIDA INTENCIONALMENTE POR DISPARO DE ARMA CORTA, INSTITUCIÓN RESIDENCIAL",,2920,43800,0
X722,"LESIÓN AUTOINFLIGIDA INTENCIONALMENTE POR DISPARO DE ARMA CORTA, ESCUELAS, OTRAS INSTITUCIONES Y ÁREAS ADMINISTRATIVAS PÚBLICAS",,2920,43800,0
X723,"LESIÓN AUTOINFLIGIDA INTENCIONALMENTE POR DISPARO DE ARMA CORTA, ÁREAS DE DEPORTE Y ATLETISMO",,2920,43800,0
X724,"LESIÓN AUTOINFLIGIDA INTENCIONALMENTE POR DISPARO DE ARMA CORTA, CALLES Y CARRETERAS",,2920,43800,0
X725,"LESIÓN AUTOINFLIGIDA INTENCIONALMENTE POR DISPARO DE ARMA CORTA, COMERCIO Y ÁREA DE SERVICIOS",,2920,43800,0
X726,"LESIÓN AUTOINFLIGIDA INTENCIONALMENTE POR DISPARO DE ARMA CORTA, ÁREA INDUSTRIAL Y DE LA CONSTRUCCIÓN",,2920,43800,0
X727,"LESIÓN AUTOINFLIGIDA INTENCIONALMENTE POR DISPARO DE ARMA CORTA, GRANJA",,2920,43800,0
X728,"LESIÓN AUTOINFLIGIDA INTENCIONALMENTE POR DISPARO DE ARMA CORTA, OTRO LUGAR ESPECIFICADO",,2920,43800,0
X729,"LESIÓN AUTOINFLIGIDA INTENCIONALMENTE POR DISPARO DE ARMA CORTA, LUGAR NO ESPECIFICADO",,2920,43800,0
X730,"LESIÓN AUTOINFLIGIDA INTENCIONALMENTE POR DISPARO DE RIFLE, ESCOPETA Y ARMA LARGA, VIVIENDA",,2920,43800,0
X731,"LESIÓN AUTOINFLIGIDA INTENCIONALMENTE POR DISPARO DE RIFLE, ESCOPETA Y ARMA LARGA, INSTITUCIÓN RESIDENCIAL",,2920,43800,0
X732,"LESIÓN AUTOINFLIGIDA INTENCIONALMENTE POR DISPARO DE RIFLE, ESCOPETA Y ARMA LARGA, ESCUELAS, OTRAS INSTITUCIONES Y ÁREAS ADMINISTRATIVAS PÚBLICAS",,2920,43800,0
X733,"LESIÓN AUTOINFLIGIDA INTENCIONALMENTE POR DISPARO DE RIFLE, ESCOPETA Y ARMA LARGA, ÁREAS DE DEPORTE Y ATLETISMO",,2920,43800,0
X734,"LESIÓN AUTOINFLIGIDA INTENCIONALMENTE POR DISPARO DE RIFLE, ESCOPETA Y ARMA LARGA, CALLES Y CARRETERAS",,2920,43800,0
X735,"LESIÓN AUTOINFLIGIDA INTENCIONALMENTE POR DISPARO DE RIFLE, ESCOPETA Y ARMA LARGA, COMERCIO Y ÁREA DE SERVICIOS",,2920,43800,0
X736,"LESIÓN AUTOINFLIGIDA INTENCIONALMENTE POR DISPARO DE RIFLE, ESCOPETA Y ARMA LARGA, ÁREA INDUSTRIAL Y DE LA CONSTRUCCIÓN",,2920,43800,0
X737,"LESIÓN AUTOINFLIGIDA INTENCIONALMENTE POR DISPARO DE RIFLE, ESCOPETA Y ARMA LARGA, GRANJA",,2920,43800,0
X738,"LESIÓN AUTOINFLIGIDA INTENCIONALMENTE POR DISPARO DE RIFLE, ESCOPETA Y ARMA LARGA, OTRO LUGAR ESPECIFICADO",,2920,43800,0
X739,"LESIÓN AUTOINFLIGIDA INTENCIONALMENTE POR DISPARO DE RIFLE, ESCOPETA Y ARMA LARGA, LUGAR NO ESPECIFICADO",,2920,43800,0
X740,"LESIÓN AUTOINFLIGIDA INTENCIONALMENTE POR DISPARO DE OTRAS ARMAS DE FUEGO, Y LAS NO ESPECIFICADAS, VIVIENDA",,2920,43800,0
X741,"LESIÓN AUTOINFLIGIDA INTENCIONALMENTE POR DISPARO DE OTRAS ARMAS DE FUEGO, Y LAS NO ESPECIFICADAS, INSTITUCIÓN RESIDENCIAL",,2920,43800,0
X742,"LESIÓN AUTOINFLIGIDA INTENCIONALMENTE POR DISPARO DE OTRAS ARMAS DE FUEGO, Y LAS NO ESPECIFICADAS, ESCUELAS, OTRAS INSTITUCIONES Y ÁREAS ADMINISTRATIVAS PÚBLICAS",,2920,43800,0
X743,"LESIÓN AUTOINFLIGIDA INTENCIONALMENTE POR DISPARO DE OTRAS ARMAS DE FUEGO, Y LAS NO ESPECIFICADAS, ÁREAS DE DEPORTE Y ATLETISMO",,2920,43800,0
X744,"LESIÓN AUTOINFLIGIDA INTENCIONALMENTE POR DISPARO DE OTRAS ARMAS DE FUEGO, Y LAS NO ESPECIFICADAS, CALLES Y CARRETERAS",,2920,43800,0
X745,"LESIÓN AUTOINFLIGIDA INTENCIONALMENTE POR DISPARO DE OTRAS ARMAS DE FUEGO, Y LAS NO ESPECIFICADAS, COMERCIO Y ÁREA DE SERVICIOS",,2920,43800,0
X746,"LESIÓN AUTOINFLIGIDA INTENCIONALMENTE POR DISPARO DE OTRAS ARMAS DE FUEGO, Y LAS NO ESPECIFICADAS, ÁREA INDUSTRIAL Y DE LA CONSTRUCCIÓN",,2920,43800,0
X747,"LESIÓN AUTOINFLIGIDA INTENCIONALMENTE POR DISPARO DE OTRAS ARMAS DE FUEGO, Y LAS NO ESPECIFICADAS, GRANJA",,2920,43800,0
X748,"LESIÓN AUTOINFLIGIDA INTENCIONALMENTE POR DISPARO DE OTRAS ARMAS DE FUEGO, Y LAS NO ESPECIFICADAS, OTRO LUGAR ESPECIFICADO",,2920,43800,0
X749,"LESIÓN AUTOINFLIGIDA INTENCIONALMENTE POR DISPARO DE OTRAS ARMAS DE FUEGO, Y LAS NO ESPECIFICADAS, LUGAR NO ESPECIFICADO",,2920,43800,0
X750,"LESIÓN AUTOINFLIGIDA INTENCIONALMENTE POR MATERIAL EXPLOSIVO, VIVIENDA",,2920,43800,0
X751,"LESIÓN AUTOINFLIGIDA INTENCIONALMENTE POR MATERIAL EXPLOSIVO, INSTITUCIÓN RESIDENCIAL",,2920,43800,0
X752,"LESIÓN AUTOINFLIGIDA INTENCIONALMENTE POR MATERIAL EXPLOSIVO, ESCUELAS, OTRAS INSTITUCIONES Y ÁREAS ADMINISTRATIVAS PÚBLICAS",,2920,43800,0
X753,"LESIÓN AUTOINFLIGIDA INTENCIONALMENTE POR MATERIAL EXPLOSIVO, ÁREAS DE DEPORTE Y ATLETISMO",,2920,43800,0
X754,"LESIÓN AUTOINFLIGIDA INTENCIONALMENTE POR MATERIAL EXPLOSIVO, CALLES Y CARRETERAS",,2920,43800,0
X755,"LESIÓN AUTOINFLIGIDA INTENCIONALMENTE POR MATERIAL EXPLOSIVO, COMERCIO Y ÁREA DE SERVICIOS",,2920,43800,0
X756,"LESIÓN AUTOINFLIGIDA INTENCIONALMENTE POR MATERIAL EXPLOSIVO, ÁREA INDUSTRIAL Y DE LA CONSTRUCCIÓN",,2920,43800,0
X757,"LESIÓN AUTOINFLIGIDA INTENCIONALMENTE POR MATERIAL EXPLOSIVO, GRANJA",,2920,43800,0
X758,"LESIÓN AUTOINFLIGIDA INTENCIONALMENTE POR MATERIAL EXPLOSIVO, OTRO LUGAR ESPECIFICADO",,2920,43800,0
X759,"LESIÓN AUTOINFLIGIDA INTENCIONALMENTE POR MATERIAL EXPLOSIVO, LUGAR NO ESPECIFICADO",,2920,43800,0
X760,"LESIÓN AUTOINFLIGIDA INTENCIONALMENTE POR HUMO, FUEGO Y LLAMAS, VIVIENDA",,2920,43800,0
X761,"LESIÓN AUTOINFLIGIDA INTENCIONALMENTE POR HUMO, FUEGO Y LLAMAS, INSTITUCIÓN RESIDENCIAL",,2920,43800,0
X762,"LESIÓN AUTOINFLIGIDA INTENCIONALMENTE POR HUMO, FUEGO Y LLAMAS, ESCUELAS, OTRAS INSTITUCIONES Y ÁREAS ADMINISTRATIVAS PÚBLICAS",,2920,43800,0
X763,"LESIÓN AUTOINFLIGIDA INTENCIONALMENTE POR HUMO, FUEGO Y LLAMAS, ÁREAS DE DEPORTE Y ATLETISMO",,2920,43800,0
X764,"LESIÓN AUTOINFLIGIDA INTENCIONALMENTE POR HUMO, FUEGO Y LLAMAS, CALLES Y CARRETERAS",,2920,43800,0
X765,"LESIÓN AUTOINFLIGIDA INTENCIONALMENTE POR HUMO, FUEGO Y LLAMAS, COMERCIO Y ÁREA DE SERVICIOS",,2920,43800,0
X766,"LESIÓN AUTOINFLIGIDA INTENCIONALMENTE POR HUMO, FUEGO Y LLAMAS, ÁREA INDUSTRIAL Y DE LA CONSTRUCCIÓN",,2920,43800,0
X767,"LESIÓN AUTOINFLIGIDA INTENCIONALMENTE POR HUMO, FUEGO Y LLAMAS, GRANJA",,2920,43800,0
X768,"LESIÓN AUTOINFLIGIDA INTENCIONALMENTE POR HUMO, FUEGO Y LLAMAS, OTRO LUGAR ESPECIFICADO",,2920,43800,0
X769,"LESIÓN AUTOINFLIGIDA INTENCIONALMENTE POR HUMO, FUEGO Y LLAMAS, LUGAR NO ESPECIFICADO",,2920,43800,0
X770,"LESIÓN AUTOINFLIGIDA INTENCIONALMENTE POR VAPOR DE AGUA, VAPORES Y OBJETOS CALIENTES, VIVIENDA",,2920,43800,0
X771,"LESIÓN AUTOINFLIGIDA INTENCIONALMENTE POR VAPOR DE AGUA, VAPORES Y OBJETOS CALIENTES, INSTITUCIÓN RESIDENCIAL",,2920,43800,0
X772,"LESIÓN AUTOINFLIGIDA INTENCIONALMENTE POR VAPOR DE AGUA, VAPORES Y OBJETOS CALIENTES, ESCUELAS, OTRAS INSTITUCIONES Y ÁREAS ADMINISTRATIVAS PÚBLICAS",,2920,43800,0
X773,"LESIÓN AUTOINFLIGIDA INTENCIONALMENTE POR VAPOR DE AGUA, VAPORES Y OBJETOS CALIENTES, ÁREAS DE DEPORTE Y ATLETISMO",,2920,43800,0
X774,"LESIÓN AUTOINFLIGIDA INTENCIONALMENTE POR VAPOR DE AGUA, VAPORES Y OBJETOS CALIENTES, CALLES Y CARRETERAS",,2920,43800,0
X775,"LESIÓN AUTOINFLIGIDA INTENCIONALMENTE POR VAPOR DE AGUA, VAPORES Y OBJETOS CALIENTES, COMERCIO Y ÁREA DE SERVICIOS",,2920,43800,0
X776,"LESIÓN AUTOINFLIGIDA INTENCIONALMENTE POR VAPOR DE AGUA, VAPORES Y OBJETOS CALIENTES, ÁREA INDUSTRIAL Y DE LA CONSTRUCCIÓN",,2920,43800,0
X777,"LESIÓN AUTOINFLIGIDA INTENCIONALMENTE POR VAPOR DE AGUA, VAPORES Y OBJETOS CALIENTES, GRANJA",,2920,43800,0
X778,"LESIÓN AUTOINFLIGIDA INTENCIONALMENTE POR VAPOR DE AGUA, VAPORES Y OBJETOS CALIENTES, OTRO LUGAR ESPECIFICADO",,2920,43800,0
X779,"LESIÓN AUTOINFLIGIDA INTENCIONALMENTE POR VAPOR DE AGUA, VAPORES Y OBJETOS CALIENTES, LUGAR NO ESPECIFICADO",,2920,43800,0
X780,"LESIÓN AUTOINFLIGIDA INTENCIONALMENTE POR OBJETO CORTANTE, VIVIENDA",,2920,43800,0
X781,"LESIÓN AUTOINFLIGIDA INTENCIONALMENTE POR OBJETO CORTANTE, INSTITUCIÓN RESIDENCIAL",,2920,43800,0
X782,"LESIÓN AUTOINFLIGIDA INTENCIONALMENTE POR OBJETO CORTANTE, ESCUELAS, OTRAS INSTITUCIONES Y ÁREAS ADMINISTRATIVAS PÚBLICAS",,2920,43800,0
X783,"LESIÓN AUTOINFLIGIDA INTENCIONALMENTE POR OBJETO CORTANTE, ÁREAS DE DEPORTE Y ATLETISMO",,2920,43800,0
X784,"LESIÓN AUTOINFLIGIDA INTENCIONALMENTE POR OBJETO CORTANTE, CALLES Y CARRETERAS",,2920,43800,0
X785,"LESIÓN AUTOINFLIGIDA INTENCIONALMENTE POR OBJETO CORTANTE, COMERCIO Y ÁREA DE SERVICIOS",,2920,43800,0
X786,"LESIÓN AUTOINFLIGIDA INTENCIONALMENTE POR OBJETO CORTANTE, ÁREA INDUSTRIAL Y DE LA CONSTRUCCIÓN",,2920,43800,0
X787,"LESIÓN AUTOINFLIGIDA INTENCIONALMENTE POR OBJETO CORTANTE, GRANJA",,2920,43800,0
X788,"LESIÓN AUTOINFLIGIDA INTENCIONALMENTE POR OBJETO CORTANTE, OTRO LUGAR ESPECIFICADO",,2920,43800,0
X789,"LESIÓN AUTOINFLIGIDA INTENCIONALMENTE POR OBJETO CORTANTE, LUGAR NO ESPECIFICADO",,2920,43800,0
X790,"LESIÓN AUTOINFLIGIDA INTENCIONALMENTE POR OBJETO ROMO O SIN FILO, VIVIENDA",,2920,43800,0
X791,"LESIÓN AUTOINFLIGIDA INTENCIONALMENTE POR OBJETO ROMO O SIN FILO, INSTITUCIÓN RESIDENCIAL",,2920,43800,0
X792,"LESIÓN AUTOINFLIGIDA INTENCIONALMENTE POR OBJETO ROMO O SIN FILO, ESCUELAS, OTRAS INSTITUCIONES Y ÁREAS ADMINISTRATIVAS PÚBLICAS",,2920,43800,0
X793,"LESIÓN AUTOINFLIGIDA INTENCIONALMENTE POR OBJETO ROMO O SIN FILO, ÁREAS DE DEPORTE Y ATLETISMO",,2920,43800,0
X794,"LESIÓN AUTOINFLIGIDA INTENCIONALMENTE POR OBJETO ROMO O SIN FILO, CALLES Y CARRETERAS",,2920,43800,0
X795,"LESIÓN AUTOINFLIGIDA INTENCIONALMENTE POR OBJETO ROMO O SIN FILO, COMERCIO Y ÁREA DE SERVICIOS",,2920,43800,0
X796,"LESIÓN AUTOINFLIGIDA INTENCIONALMENTE POR OBJETO ROMO O SIN FILO, ÁREA INDUSTRIAL Y DE LA CONSTRUCCIÓN",,2920,43800,0
X797,"LESIÓN AUTOINFLIGIDA INTENCIONALMENTE POR OBJETO ROMO O SIN FILO, GRANJA",,2920,43800,0
X798,"LESIÓN AUTOINFLIGIDA INTENCIONALMENTE POR OBJETO ROMO O SIN FILO, OTRO LUGAR ESPECIFICADO",,2920,43800,0
X799,"LESIÓN AUTOINFLIGIDA INTENCIONALMENTE POR OBJETO ROMO O SIN FILO, LUGAR NO ESPECIFICADO",,2920,43800,0
X800,"LESIÓN AUTOINFLIGIDA INTENCIONALMENTE AL SALTAR DESDE UN LUGAR ELEVADO, VIVIENDA",,2920,43800,0
X801,"LESIÓN AUTOINFLIGIDA INTENCIONALMENTE AL SALTAR DESDE UN LUGAR ELEVADO, INSTITUCIÓN RESIDENCIAL",,2920,43800,0
X802,"LESIÓN AUTOINFLIGIDA INTENCIONALMENTE AL SALTAR DESDE UN LUGAR ELEVADO, ESCUELAS, OTRAS INSTITUCIONES Y ÁREAS ADMINISTRATIVAS PÚBLICAS",,2920,43800,0
X803,"LESIÓN AUTOINFLIGIDA INTENCIONALMENTE AL SALTAR DESDE UN LUGAR ELEVADO, ÁREAS DE DEPORTE Y ATLETISMO",,2920,43800,0
X804,"LESIÓN AUTOINFLIGIDA INTENCIONALMENTE AL SALTAR DESDE UN LUGAR ELEVADO, CALLES Y CARRETERAS",,2920,43800,0
X805,"LESIÓN AUTOINFLIGIDA INTENCIONALMENTE AL SALTAR DESDE UN LUGAR ELEVADO, COMERCIO Y ÁREA DE SERVICIOS",,2920,43800,0
X806,"LESIÓN AUTOINFLIGIDA INTENCIONALMENTE AL SALTAR DESDE UN LUGAR ELEVADO, ÁREA INDUSTRIAL Y DE LA CONSTRUCCIÓN",,2920,43800,0
X807,"LESIÓN AUTOINFLIGIDA INTENCIONALMENTE AL SALTAR DESDE UN LUGAR ELEVADO, GRANJA",,2920,43800,0
X808,"LESIÓN AUTOINFLIGIDA INTENCIONALMENTE AL SALTAR DESDE UN LUGAR ELEVADO, OTRO LUGAR ESPECIFICADO",,2920,43800,0
X809,"LESIÓN AUTOINFLIGIDA INTENCIONALMENTE AL SALTAR DESDE UN LUGAR ELEVADO, LUGAR NO ESPECIFICADO",,2920,43800,0
X810,"LESIÓN AUTOINFLIGIDA INTENCIONALMENTE POR ARROJARSE O COLOCARSE DELANTE DE OBJETO EN MOVIMIENTO, VIVIENDA",,2920,43800,0
X811,"LESIÓN AUTOINFLIGIDA INTENCIONALMENTE POR ARROJARSE O COLOCARSE DELANTE DE OBJETO EN MOVIMIENTO, INSTITUCIÓN RESIDENCIAL",,2920,43800,0
X812,"LESIÓN AUTOINFLIGIDA INTENCIONALMENTE POR ARROJARSE O COLOCARSE DELANTE DE OBJETO EN MOVIMIENTO, ESCUELAS, OTRAS INSTITUCIONES Y ÁREAS ADMINISTRATIVAS PÚBLICAS",,2920,43800,0
X813,"LESIÓN AUTOINFLIGIDA INTENCIONALMENTE POR ARROJARSE O COLOCARSE DELANTE DE OBJETO EN MOVIMIENTO, ÁREAS DE DEPORTE Y ATLETISMO",,2920,43800,0
X814,"LESIÓN AUTOINFLIGIDA INTENCIONALMENTE POR ARROJARSE O COLOCARSE DELANTE DE OBJETO EN MOVIMIENTO, CALLES Y CARRETERAS",,2920,43800,0
X815,"LESIÓN AUTOINFLIGIDA INTENCIONALMENTE POR ARROJARSE O COLOCARSE DELANTE DE OBJETO EN MOVIMIENTO, COMERCIO Y ÁREA DE SERVICIOS",,2920,43800,0
X816,"LESIÓN AUTOINFLIGIDA INTENCIONALMENTE POR ARROJARSE O COLOCARSE DELANTE DE OBJETO EN MOVIMIENTO, ÁREA INDUSTRIAL Y DE LA CONSTRUCCIÓN",,2920,43800,0
X817,"LESIÓN AUTOINFLIGIDA INTENCIONALMENTE POR ARROJARSE O COLOCARSE DELANTE DE OBJETO EN MOVIMIENTO, GRANJA",,2920,43800,0
X818,"LESIÓN AUTOINFLIGIDA INTENCIONALMENTE POR ARROJARSE O COLOCARSE DELANTE DE OBJETO EN MOVIMIENTO, OTRO LUGAR ESPECIFICADO",,2920,43800,0
X819,"LESIÓN AUTOINFLIGIDA INTENCIONALMENTE POR ARROJARSE O COLOCARSE DELANTE DE OBJETO EN MOVIMIENTO, LUGAR NO ESPECIFICADO",,2920,43800,0
X820,"LESIÓN AUTOINFLIGIDA INTENCIONALMENTE POR COLISIÓN DE VEHÍCULO DE MOTOR, VIVIENDA",,2920,43800,0
X821,"LESIÓN AUTOINFLIGIDA INTENCIONALMENTE POR COLISIÓN DE VEHÍCULO DE MOTOR, INSTITUCIÓN RESIDENCIAL",,2920,43800,0
X822,"LESIÓN AUTOINFLIGIDA INTENCIONALMENTE POR COLISIÓN DE VEHÍCULO DE MOTOR, ESCUELAS, OTRAS INSTITUCIONES Y ÁREAS ADMINISTRATIVAS PÚBLICAS",,2920,43800,0
X823,"LESIÓN AUTOINFLIGIDA INTENCIONALMENTE POR COLISIÓN DE VEHÍCULO DE MOTOR, ÁREAS DE DEPORTE Y ATLETISMO",,2920,43800,0
X824,"LESIÓN AUTOINFLIGIDA INTENCIONALMENTE POR COLISIÓN DE VEHÍCULO DE MOTOR, CALLES Y CARRETERAS",,2920,43800,0
X825,"LESIÓN AUTOINFLIGIDA INTENCIONALMENTE POR COLISIÓN DE VEHÍCULO DE MOTOR, COMERCIO Y ÁREA DE SERVICIOS",,2920,43800,0
X826,"LESIÓN AUTOINFLIGIDA INTENCIONALMENTE POR COLISIÓN DE VEHÍCULO DE MOTOR, ÁREA INDUSTRIAL Y DE LA CONSTRUCCIÓN",,2920,43800,0
X827,"LESIÓN AUTOINFLIGIDA INTENCIONALMENTE POR COLISIÓN DE VEHÍCULO DE MOTOR, GRANJA",,2920,43800,0
X828,"LESIÓN AUTOINFLIGIDA INTENCIONALMENTE POR COLISIÓN DE VEHÍCULO DE MOTOR, OTRO LUGAR ESPECIFICADO",,2920,43800,0
X829,"LESIÓN AUTOINFLIGIDA INTENCIONALMENTE POR COLISIÓN DE VEHÍCULO DE MOTOR, LUGAR NO ESPECIFICADO",,2920,43800,0
X830,"LESIÓN AUTOINFLIGIDA INTENCIONALMENTE POR OTROS MEDIOS ESPECIFICADOS, VIVIENDA",,2920,43800,0
X831,"LESIÓN AUTOINFLIGIDA INTENCIONALMENTE POR OTROS MEDIOS ESPECIFICADOS, INSTITUCIÓN RESIDENCIAL",,2920,43800,0
X832,"LESIÓN AUTOINFLIGIDA INTENCIONALMENTE POR OTROS MEDIOS ESPECIFICADOS, ESCUELAS, OTRAS INSTITUCIONES Y ÁREAS ADMINISTRATIVAS PÚBLICAS",,2920,43800,0
X833,"LESIÓN AUTOINFLIGIDA INTENCIONALMENTE POR OTROS MEDIOS ESPECIFICADOS, ÁREAS DE DEPORTE Y ATLETISMO",,2920,43800,0
X834,"LESIÓN AUTOINFLIGIDA INTENCIONALMENTE POR OTROS MEDIOS ESPECIFICADOS, CALLES Y CARRETERAS",,2920,43800,0
X835,"LESIÓN AUTOINFLIGIDA INTENCIONALMENTE POR OTROS MEDIOS ESPECIFICADOS, COMERCIO Y ÁREA DE SERVICIOS",,2920,43800,0
X836,"LESIÓN AUTOINFLIGIDA INTENCIONALMENTE POR OTROS MEDIOS ESPECIFICADOS, ÁREA INDUSTRIAL Y DE LA CONSTRUCCIÓN",,2920,43800,0
X837,"LESIÓN AUTOINFLIGIDA INTENCIONALMENTE POR OTROS MEDIOS ESPECIFICADOS, GRANJA",,2920,43800,0
X838,"LESIÓN AUTOINFLIGIDA INTENCIONALMENTE POR OTROS MEDIOS ESPECIFICADOS, OTRO LUGAR ESPECIFICADO",,2920,43800,0
X839,"LESIÓN AUTOINFLIGIDA INTENCIONALMENTE POR OTROS MEDIOS ESPECIFICADOS, LUGAR NO ESPECIFICADO",,2920,43800,0
X840,"LESIÓN AUTOINFLIGIDA INTENCIONALMENTE POR MEDIOS NO ESPECIFICADOS, VIVIENDA",,2920,43800,0
X841,"LESIÓN AUTOINFLIGIDA INTENCIONALMENTE POR MEDIOS NO ESPECIFICADOS, INSTITUCIÓN RESIDENCIAL",,2920,43800,0
X842,"LESIÓN AUTOINFLIGIDA INTENCIONALMENTE POR MEDIOS NO ESPECIFICADOS, ESCUELAS, OTRAS INSTITUCIONES Y ÁREAS ADMINISTRATIVAS PÚBLICAS",,2920,43800,0
X843,"LESIÓN AUTOINFLIGIDA INTENCIONALMENTE POR MEDIOS NO ESPECIFICADOS, ÁREAS DE DEPORTE Y ATLETISMO",,2920,43800,0
X844,"LESIÓN AUTOINFLIGIDA INTENCIONALMENTE POR MEDIOS NO ESPECIFICADOS, CALLES Y CARRETERAS",,2920,43800,0
X845,"LESIÓN AUTOINFLIGIDA INTENCIONALMENTE POR MEDIOS NO ESPECIFICADOS, COMERCIO Y ÁREA DE SERVICIOS",,2920,43800,0
X846,"LESIÓN AUTOINFLIGIDA INTENCIONALMENTE POR MEDIOS NO ESPECIFICADOS, ÁREA INDUSTRIAL Y DE LA CONSTRUCCIÓN",,2920,43800,0
X847,"LESIÓN AUTOINFLIGIDA INTENCIONALMENTE POR MEDIOS NO ESPECIFICADOS, GRANJA",,2920,43800,0
X848,"LESIÓN AUTOINFLIGIDA INTENCIONALMENTE POR MEDIOS NO ESPECIFICADOS, OTRO LUGAR ESPECIFICADO",,2920,43800,0
X849,"LESIÓN AUTOINFLIGIDA INTENCIONALMENTE POR MEDIOS NO ESPECIFICADOS, LUGAR NO ESPECIFICADO",,2920,43800,0
X850,"AGRESIÓN CON DROGAS, MEDICAMENTOS Y SUSTANCIAS BIOLÓGICAS, VIVIENDA",,,,0
X851,"AGRESIÓN CON DROGAS, MEDICAMENTOS Y SUSTANCIAS BIOLÓGICAS, INSTITUCIÓN RESIDENCIAL",,,,0
X852,"AGRESIÓN CON DROGAS, MEDICAMENTOS Y SUSTANCIAS BIOLÓGICAS, ESCUELAS, OTRAS INSTITUCIONES Y ÁREAS ADMINISTRATIVAS PÚBLICAS",,,,0
X853,"AGRESIÓN CON DROGAS, MEDICAMENTOS Y SUSTANCIAS BIOLÓGICAS, ÁREAS DE DEPORTE Y ATLETISMO",,,,0
X854,"AGRESIÓN CON DROGAS, MEDICAMENTOS Y SUSTANCIAS BIOLÓGICAS, CALLES Y CARRETERAS",,,,0
X855,"AGRESIÓN CON DROGAS, MEDICAMENTOS Y SUSTANCIAS BIOLÓGICAS, COMERCIO Y ÁREA DE SERVICIOS",,,,0
X856,"AGRESIÓN CON DROGAS, MEDICAMENTOS Y SUSTANCIAS BIOLÓGICAS, ÁREA INDUSTRIAL Y DE LA CONSTRUCCIÓN",,,,0
X857,"AGRESIÓN CON DROGAS, MEDICAMENTOS Y SUSTANCIAS BIOLÓGICAS, GRANJA",,,,0
X858,"AGRESIÓN CON DROGAS, MEDICAMENTOS Y SUSTANCIAS BIOLÓGICAS, OTRO LUGAR ESPECIFICADO",,,,0
X859,"AGRESIÓN CON DROGAS, MEDICAMENTOS Y SUSTANCIAS BIOLÓGICAS, LUGAR NO ESPECIFICADO",,,,0
X860,"AGRESIÓN CON SUSTANCIA CORROSIVA, VIVIENDA",,,,0
X861,"AGRESIÓN CON SUSTANCIA CORROSIVA, INSTITUCIÓN RESIDENCIAL",,,,0
X862,"AGRESIÓN CON SUSTANCIA CORROSIVA, ESCUELAS, OTRAS INSTITUCIONES Y ÁREAS ADMINISTRATIVAS PÚBLICAS",,,,0
X863,"AGRESIÓN CON SUSTANCIA CORROSIVA, ÁREAS DE DEPORTE Y ATLETISMO",,,,0
X864,"AGRESIÓN CON SUSTANCIA CORROSIVA, CALLES Y CARRETERAS",,,,0
X865,"AGRESIÓN CON SUSTANCIA CORROSIVA, COMERCIO Y ÁREA DE SERVICIOS",,,,0
X866,"AGRESIÓN CON SUSTANCIA CORROSIVA, ÁREA INDUSTRIAL Y DE LA CONSTRUCCIÓN",,,,0
X867,"AGRESIÓN CON SUSTANCIA CORROSIVA, GRANJA",,,,0
X868,"AGRESIÓN CON SUSTANCIA CORROSIVA, OTRO LUGAR ESPECIFICADO",,,,0
X869,"AGRESIÓN CON SUSTANCIA CORROSIVA, LUGAR NO ESPECIFICADO",,,,0
X870,"AGRESIÓN CON PLAGUICIDAS, VIVIENDA",,,,0
X871,"AGRESIÓN CON PLAGUICIDAS, INSTITUCIÓN RESIDENCIAL",,,,0
X872,"AGRESIÓN CON PLAGUICIDAS, ESCUELAS, OTRAS INSTITUCIONES Y ÁREAS ADMINISTRATIVAS PÚBLICAS",,,,0
X873,"AGRESIÓN CON PLAGUICIDAS, ÁREAS DE DEPORTE Y ATLETISMO",,,,0
X874,"AGRESIÓN CON PLAGUICIDAS, CALLES Y CARRETERAS",,,,0
X875,"AGRESIÓN CON PLAGUICIDAS, COMERCIO Y ÁREA DE SERVICIOS",,,,0
X876,"AGRESIÓN CON PLAGUICIDAS, ÁREA INDUSTRIAL Y DE LA CONSTRUCCIÓN",,,,0
X877,"AGRESIÓN CON PLAGUICIDAS, GRANJA",,,,0
X878,"AGRESIÓN CON PLAGUICIDAS, OTRO LUGAR ESPECIFICADO",,,,0
X879,"AGRESIÓN CON PLAGUICIDAS, LUGAR NO ESPECIFICADO",,,,0
X880,"AGRESIÓN CON GASES Y VAPORES, VIVIENDA",,,,0
X881,"AGRESIÓN CON GASES Y VAPORES, INSTITUCIÓN RESIDENCIAL",,,,0
X882,"AGRESIÓN CON GASES Y VAPORES, ESCUELAS, OTRAS INSTITUCIONES Y ÁREAS ADMINISTRATIVAS PÚBLICAS",,,,0
X883,"AGRESIÓN CON GASES Y VAPORES, ÁREAS DE DEPORTE Y ATLETISMO",,,,0
X884,"AGRESIÓN CON GASES Y VAPORES, CALLES Y CARRETERAS",,,,0
X885,"AGRESIÓN CON GASES Y VAPORES, COMERCIO Y ÁREA DE SERVICIOS",,,,0
X886,"AGRESIÓN CON GASES Y VAPORES, ÁREA INDUSTRIAL Y DE LA CONSTRUCCIÓN",,,,0
X887,"AGRESIÓN CON GASES Y VAPORES, GRANJA",,,,0
X888,"AGRESIÓN CON GASES Y VAPORES, OTRO LUGAR ESPECIFICADO",,,,0
X889,"AGRESIÓN CON GASES Y VAPORES, LUGAR NO ESPECIFICADO",,,,0
X890,"AGRESIÓN CON OTROS PRODUCTOS QUÍMICOS Y SUSTANCIAS NOCIVAS ESPECIFICADAS, VIVIENDA",,,,0
X891,"AGRESIÓN CON OTROS PRODUCTOS QUÍMICOS Y SUSTANCIAS NOCIVAS ESPECIFICADAS, INSTITUCIÓN RESIDENCIAL",,,,0
X892,"AGRESIÓN CON OTROS PRODUCTOS QUÍMICOS Y SUSTANCIAS NOCIVAS ESPECIFICADAS, ESCUELAS, OTRAS INSTITUCIONES Y ÁREAS ADMINISTRATIVAS PÚBLICAS",,,,0
X893,"AGRESIÓN CON OTROS PRODUCTOS QUÍMICOS Y SUSTANCIAS NOCIVAS ESPECIFICADAS, ÁREAS DE DEPORTE Y ATLETISMO",,,,0
X894,"AGRESIÓN CON OTROS PRODUCTOS QUÍMICOS Y SUSTANCIAS NOCIVAS ESPECIFICADAS, CALLES Y CARRETERAS",,,,0
X895,"AGRESIÓN CON OTROS PRODUCTOS QUÍMICOS Y SUSTANCIAS NOCIVAS ESPECIFICADAS, COMERCIO Y ÁREA DE SERVICIOS",,,,0
X896,"AGRESIÓN CON OTROS PRODUCTOS QUÍMICOS Y SUSTANCIAS NOCIVAS ESPECIFICADAS, ÁREA INDUSTRIAL Y DE LA CONSTRUCCIÓN",,,,0
X897,"AGRESIÓN CON OTROS PRODUCTOS QUÍMICOS Y SUSTANCIAS NOCIVAS ESPECIFICADAS, GRANJA",,,,0
X898,"AGRESIÓN CON OTROS PRODUCTOS QUÍMICOS Y SUSTANCIAS NOCIVAS ESPECIFICADAS, OTRO LUGAR ESPECIFICADO",,,,0
X899,"AGRESIÓN CON OTROS PRODUCTOS QUÍMICOS Y SUSTANCIAS NOCIVAS ESPECIFICADAS, LUGAR NO ESPECIFICADO",,,,0
X900,"AGRESIÓN CON PRODUCTOS QUÍMICOS Y SUSTANCIAS NOCIVAS NO ESPECIFICADAS, VIVIENDA",,,,0
X901,"AGRESIÓN CON PRODUCTOS QUÍMICOS Y SUSTANCIAS NOCIVAS NO ESPECIFICADAS, INSTITUCIÓN RESIDENCIAL",,,,0
X902,"AGRESIÓN CON PRODUCTOS QUÍMICOS Y SUSTANCIAS NOCIVAS NO ESPECIFICADAS, ESCUELAS, OTRAS INSTITUCIONES Y ÁREAS ADMINISTRATIVAS PÚBLICAS",,,,0
X903,"AGRESIÓN CON PRODUCTOS QUÍMICOS Y SUSTANCIAS NOCIVAS NO ESPECIFICADAS, ÁREAS DE DEPORTE Y ATLETISMO",,,,0
X904,"AGRESIÓN CON PRODUCTOS QUÍMICOS Y SUSTANCIAS NOCIVAS NO ESPECIFICADAS, CALLES Y CARRETERAS",,,,0
X905,"AGRESIÓN CON PRODUCTOS QUÍMICOS Y SUSTANCIAS NOCIVAS NO ESPECIFICADAS, COMERCIO Y ÁREA DE SERVICIOS",,,,0
X906,"AGRESIÓN CON PRODUCTOS QUÍMICOS Y SUSTANCIAS NOCIVAS NO ESPECIFICADAS, ÁREA INDUSTRIAL Y DE LA CONSTRUCCIÓN",,,,0
X907,"AGRESIÓN CON PRODUCTOS QUÍMICOS Y SUSTANCIAS NOCIVAS NO ESPECIFICADAS, GRANJA",,,,0
X908,"AGRESIÓN CON PRODUCTOS QUÍMICOS Y SUSTANCIAS NOCIVAS NO ESPECIFICADAS, OTRO LUGAR ESPECIFICADO",,,,0
X909,"AGRESIÓN CON PRODUCTOS QUÍMICOS Y SUSTANCIAS NOCIVAS NO ESPECIFICADAS, LUGAR NO ESPECIFICADO",,,,0
X910,"AGRESIÓN POR AHORCAMIENTO, ESTRANGULAMIENTO Y SOFOCACIÓN, VIVIENDA",,,,0
X911,"AGRESIÓN POR AHORCAMIENTO, ESTRANGULAMIENTO Y SOFOCACIÓN, INSTITUCIÓN RESIDENCIAL",,,,0
X912,"AGRESIÓN POR AHORCAMIENTO, ESTRANGULAMIENTO Y SOFOCACIÓN, ESCUELAS, OTRAS INSTITUCIONES Y ÁREAS ADMINISTRATIVAS PÚBLICAS",,,,0
X913,"AGRESIÓN POR AHORCAMIENTO, ESTRANGULAMIENTO Y SOFOCACIÓN, ÁREAS DE DEPORTE Y ATLETISMO",,,,0
X914,"AGRESIÓN POR AHORCAMIENTO, ESTRANGULAMIENTO Y SOFOCACIÓN, CALLES Y CARRETERAS",,,,0
X915,"AGRESIÓN POR AHORCAMIENTO, ESTRANGULAMIENTO Y SOFOCACIÓN, COMERCIO Y ÁREA DE SERVICIOS",,,,0
X916,"AGRESIÓN POR AHORCAMIENTO, ESTRANGULAMIENTO Y SOFOCACIÓN, ÁREA INDUSTRIAL Y DE LA CONSTRUCCIÓN",,,,0
X917,"AGRESIÓN POR AHORCAMIENTO, ESTRANGULAMIENTO Y SOFOCACIÓN, GRANJA",,,,0
X918,"AGRESIÓN POR AHORCAMIENTO, ESTRANGULAMIENTO Y SOFOCACIÓN, OTRO LUGAR ESPECIFICADO",,,,0
X919,"AGRESIÓN POR AHORCAMIENTO, ESTRANGULAMIENTO Y SOFOCACIÓN, LUGAR NO ESPECIFICADO",,,,0
X920,"AGRESIÓN POR AHOGAMIENTO Y SUMERSIÓN, VIVIENDA",,,,0
X921,"AGRESIÓN POR AHOGAMIENTO Y SUMERSIÓN, INSTITUCIÓN RESIDENCIAL",,,,0
X922,"AGRESIÓN POR AHOGAMIENTO Y SUMERSIÓN, ESCUELAS, OTRAS INSTITUCIONES Y ÁREAS ADMINISTRATIVAS PÚBLICAS",,,,0
X923,"AGRESIÓN POR AHOGAMIENTO Y SUMERSIÓN, ÁREAS DE DEPORTE Y ATLETISMO",,,,0
X924,"AGRESIÓN POR AHOGAMIENTO Y SUMERSIÓN, CALLES Y CARRETERAS",,,,0
X925,"AGRESIÓN POR AHOGAMIENTO Y SUMERSIÓN, COMERCIO Y ÁREA DE SERVICIOS",,,,0
X926,"AGRESIÓN POR AHOGAMIENTO Y SUMERSIÓN, ÁREA INDUSTRIAL Y DE LA CONSTRUCCIÓN",,,,0
X927,"AGRESIÓN POR AHOGAMIENTO Y SUMERSIÓN, GRANJA",,,,0
X928,"AGRESIÓN POR AHOGAMIENTO Y SUMERSIÓN, OTRO LUGAR ESPECIFICADO",,,,0
X929,"AGRESIÓN POR AHOGAMIENTO Y SUMERSIÓN, LUGAR NO ESPECIFICADO",,,,0
X930,"AGRESIÓN CON DISPARO DE ARMA CORTA, VIVIENDA",,,,0
X931,"AGRESIÓN CON DISPARO DE ARMA CORTA, INSTITUCIÓN RESIDENCIAL",,,,0
X932,"AGRESIÓN CON DISPARO DE ARMA CORTA, ESCUELAS, OTRAS INSTITUCIONES Y ÁREAS ADMINISTRATIVAS PÚBLICAS",,,,0
X933,"AGRESIÓN CON DISPARO DE ARMA CORTA, ÁREAS DE DEPORTE Y ATLETISMO",,,,0
X934,"AGRESIÓN CON DISPARO DE ARMA CORTA, CALLES Y CARRETERAS",,,,0
X935,"AGRESIÓN CON DISPARO DE ARMA CORTA, COMERCIO Y ÁREA DE SERVICIOS",,,,0
X936,"AGRESIÓN CON DISPARO DE ARMA CORTA, ÁREA INDUSTRIAL Y DE LA CONSTRUCCIÓN",,,,0
X937,"AGRESIÓN CON DISPARO DE ARMA CORTA, GRANJA",,,,0
X938,"AGRESIÓN CON DISPARO DE ARMA CORTA, OTRO LUGAR ESPECIFICADO",,,,0
X939,"AGRESIÓN CON DISPARO DE ARMA CORTA, LUGAR NO ESPECIFICADO",,,,0
X940,"AGRESIÓN CON DISPARO DE RIFLE, ESCOPETA Y ARMA LARGA, VIVIENDA",,,,0
X941,"AGRESIÓN CON DISPARO DE RIFLE, ESCOPETA Y ARMA LARGA, INSTITUCIÓN RESIDENCIAL",,,,0
X942,"AGRESIÓN CON DISPARO DE RIFLE, ESCOPETA Y ARMA LARGA, ESCUELAS, OTRAS INSTITUCIONES Y ÁREAS ADMINISTRATIVAS PÚBLICAS",,,,0
X943,"AGRESIÓN CON DISPARO DE RIFLE, ESCOPETA Y ARMA LARGA, ÁREAS DE DEPORTE Y ATLETISMO",,,,0
X944,"AGRESIÓN CON DISPARO DE RIFLE, ESCOPETA Y ARMA LARGA, CALLES Y CARRETERAS",,,,0
X945,"AGRESIÓN CON DISPARO DE RIFLE, ESCOPETA Y ARMA LARGA, COMERCIO Y ÁREA DE SERVICIOS",,,,0
X946,"AGRESIÓN CON DISPARO DE RIFLE, ESCOPETA Y ARMA LARGA, ÁREA INDUSTRIAL Y DE LA CONSTRUCCIÓN",,,,0
X947,"AGRESIÓN CON DISPARO DE RIFLE, ESCOPETA Y ARMA LARGA, GRANJA",,,,0
X948,"AGRESIÓN CON DISPARO DE RIFLE, ESCOPETA Y ARMA LARGA, OTRO LUGAR ESPECIFICADO",,,,0
X949,"AGRESIÓN CON DISPARO DE RIFLE, ESCOPETA Y ARMA LARGA, LUGAR NO ESPECIFICADO",,,,0
X950,"AGRESIÓN CON DISPARO DE OTRAS ARMAS DE FUEGO, Y LAS NO ESPECIFICADAS, VIVIENDA",,,,0
X951,"AGRESIÓN CON DISPARO DE OTRAS ARMAS DE FUEGO, Y LAS NO ESPECIFICADAS, INSTITUCIÓN RESIDENCIAL",,,,0
X952,"AGRESIÓN CON DISPARO DE OTRAS ARMAS DE FUEGO, Y LAS NO ESPECIFICADAS, ESCUELAS, OTRAS INSTITUCIONES Y ÁREAS ADMINISTRATIVAS PÚBLICAS",,,,0
X953,"AGRESIÓN CON DISPARO DE OTRAS ARMAS DE FUEGO, Y LAS NO ESPECIFICADAS, ÁREAS DE DEPORTE Y ATLETISMO",,,,0
X954,"AGRESIÓN CON DISPARO DE OTRAS ARMAS DE FUEGO, Y LAS NO ESPECIFICADAS, CALLES Y CARRETERAS",,,,0
X955,"AGRESIÓN CON DISPARO DE OTRAS ARMAS DE FUEGO, Y LAS NO ESPECIFICADAS, COMERCIO Y ÁREA DE SERVICIOS",,,,0
X956,"AGRESIÓN CON DISPARO DE OTRAS ARMAS DE FUEGO, Y LAS NO ESPECIFICADAS, ÁREA INDUSTRIAL Y DE LA CONSTRUCCIÓN",,,,0
X957,"AGRESIÓN CON DISPARO DE OTRAS ARMAS DE FUEGO, Y LAS NO ESPECIFICADAS, GRANJA",,,,0
X958,"AGRESIÓN CON DISPARO DE OTRAS ARMAS DE FUEGO, Y LAS NO ESPECIFICADAS, OTRO LUGAR ESPECIFICADO",,,,0
X959,"AGRESIÓN CON DISPARO DE OTRAS ARMAS DE FUEGO, Y LAS NO ESPECIFICADAS, LUGAR NO ESPECIFICADO",,,,0
X960,"AGRESIÓN CON MATERIAL EXPLOSIVO, VIVIENDA",,,,0
X961,"AGRESIÓN CON MATERIAL EXPLOSIVO, INSTITUCIÓN RESIDENCIAL",,,,0
X962,"AGRESIÓN CON MATERIAL EXPLOSIVO, ESCUELAS, OTRAS INSTITUCIONES Y ÁREAS ADMINISTRATIVAS PÚBLICAS",,,,0
X963,"AGRESIÓN CON MATERIAL EXPLOSIVO, ÁREAS DE DEPORTE Y ATLETISMO",,,,0
X964,"AGRESIÓN CON MATERIAL EXPLOSIVO, CALLES Y CARRETERAS",,,,0
X965,"AGRESIÓN CON MATERIAL EXPLOSIVO, COMERCIO Y ÁREA DE SERVICIOS",,,,0
X966,"AGRESIÓN CON MATERIAL EXPLOSIVO, ÁREA INDUSTRIAL Y DE LA CONSTRUCCIÓN",,,,0
X967,"AGRESIÓN CON MATERIAL EXPLOSIVO, GRANJA",,,,0
X968,"AGRESIÓN CON MATERIAL EXPLOSIVO, OTRO LUGAR ESPECIFICADO",,,,0
X969,"AGRESIÓN CON MATERIAL EXPLOSIVO, LUGAR NO ESPECIFICADO",,,,0
X970,"AGRESIÓN CON HUMO, FUEGO Y LLAMAS, VIVIENDA",,,,0
X971,"AGRESIÓN CON HUMO, FUEGO Y LLAMAS, INSTITUCIÓN RESIDENCIAL",,,,0
X972,"AGRESIÓN CON HUMO, FUEGO Y LLAMAS, ESCUELAS, OTRAS INSTITUCIONES Y ÁREAS ADMINISTRATIVAS PÚBLICAS",,,,0
X973,"AGRESIÓN CON HUMO, FUEGO Y LLAMAS, ÁREAS DE DEPORTE Y ATLETISMO",,,,0
X974,"AGRESIÓN CON HUMO, FUEGO Y LLAMAS, CALLES Y CARRETERAS",,,,0
X975,"AGRESIÓN CON HUMO, FUEGO Y LLAMAS, COMERCIO Y ÁREA DE SERVICIOS",,,,0
X976,"AGRESIÓN CON HUMO, FUEGO Y LLAMAS, ÁREA INDUSTRIAL Y DE LA CONSTRUCCIÓN",,,,0
X977,"AGRESIÓN CON HUMO, FUEGO Y LLAMAS, GRANJA",,,,0
X978,"AGRESIÓN CON HUMO, FUEGO Y LLAMAS, OTRO LUGAR ESPECIFICADO",,,,0
X979,"AGRESIÓN CON HUMO, FUEGO Y LLAMAS, LUGAR NO ESPECIFICADO",,,,0
X980,"AGRESIÓN CON VAPOR DE AGUA, VAPORES Y OBJETOS CALIENTES, VIVIENDA",,,,0
X981,"AGRESIÓN CON VAPOR DE AGUA, VAPORES Y OBJETOS CALIENTES, INSTITUCIÓN RESIDENCIAL",,,,0
X982,"AGRESIÓN CON VAPOR DE AGUA, VAPORES Y OBJETOS CALIENTES, ESCUELAS, OTRAS INSTITUCIONES Y ÁREAS ADMINISTRATIVAS PÚBLICAS",,,,0
X983,"AGRESIÓN CON VAPOR DE AGUA, VAPORES Y OBJETOS CALIENTES, ÁREAS DE DEPORTE Y ATLETISMO",,,,0
X984,"AGRESIÓN CON VAPOR DE AGUA, VAPORES Y OBJETOS CALIENTES, CALLES Y CARRETERAS",,,,0
X985,"AGRESIÓN CON VAPOR DE AGUA, VAPORES Y OBJETOS CALIENTES, COMERCIO Y ÁREA DE SERVICIOS",,,,0
X986,"AGRESIÓN CON VAPOR DE AGUA, VAPORES Y OBJETOS CALIENTES, ÁREA INDUSTRIAL Y DE LA CONSTRUCCIÓN",,,,0
X987,"AGRESIÓN CON VAPOR DE AGUA, VAPORES Y OBJETOS CALIENTES, GRANJA",,,,0
X988,"AGRESIÓN CON VAPOR DE AGUA, VAPORES Y OBJETOS CALIENTES, OTRO LUGAR ESPECIFICADO",,,,0
X989,"AGRESIÓN CON VAPOR DE AGUA, VAPORES Y OBJETOS CALIENTES, LUGAR NO ESPECIFICADO",,,,0
X990,"AGRESIÓN CON OBJETO CORTANTE, VIVIENDA",,,,0
X991,"AGRESIÓN CON OBJETO CORTANTE, INSTITUCIÓN RESIDENCIAL",,,,0
X992,"AGRESIÓN CON OBJETO CORTANTE, ESCUELAS, OTRAS INSTITUCIONES Y ÁREAS ADMINISTRATIVAS PÚBLICAS",,,,0
X993,"AGRESIÓN CON OBJETO CORTANTE, ÁREAS DE DEPORTE Y ATLETISMO",,,,0
X994,"AGRESIÓN CON OBJETO CORTANTE, CALLES Y CARRETERAS",,,,0
X995,"AGRESIÓN CON OBJETO CORTANTE, COMERCIO Y ÁREA DE SERVICIOS",,,,0
X996,"AGRESIÓN CON OBJETO CORTANTE, ÁREA INDUSTRIAL Y DE LA CONSTRUCCIÓN",,,,0
X997,"AGRESIÓN CON OBJETO CORTANTE, GRANJA",,,,0
X998,"AGRESIÓN CON OBJETO CORTANTE, OTRO LUGAR ESPECIFICADO",,,,0
X999,"AGRESIÓN CON OBJETO CORTANTE, LUGAR NO ESPECIFICADO",,,,0
Y000,"AGRESIÓN CON OBJETO ROMO O SIN FILO, VIVIENDA",,,,0
Y001,"AGRESIÓN CON OBJETO ROMO O SIN FILO, INSTITUCIÓN RESIDENCIAL",,,,0
Y002,"AGRESIÓN CON OBJETO ROMO O SIN FILO, ESCUELAS, OTRAS INSTITUCIONES Y ÁREAS ADMINISTRATIVAS PÚBLICAS",,,,0
Y003,"AGRESIÓN CON OBJETO ROMO O SIN FILO, ÁREAS DE DEPORTE Y ATLETISMO",,,,0
Y004,"AGRESIÓN CON OBJETO ROMO O SIN FILO, CALLES Y CARRETERAS",,,,0
Y005,"AGRESIÓN CON OBJETO ROMO O SIN FILO, COMERCIO Y ÁREA DE SERVICIOS",,,,0
Y006,"AGRESIÓN CON OBJETO ROMO O SIN FILO, ÁREA INDUSTRIAL Y DE LA CONSTRUCCIÓN",,,,0
Y007,"AGRESIÓN CON OBJETO ROMO O SIN FILO, GRANJA",,,,0
Y008,"AGRESIÓN CON OBJETO ROMO O SIN FILO, OTRO LUGAR ESPECIFICADO",,,,0
Y009,"AGRESIÓN CON OBJETO ROMO O SIN FILO, LUGAR NO ESPECIFICADO",,,,0
Y010,"AGRESIÓN POR EMPUJÓN DESDE UN LUGAR ELEVADO, VIVIENDA",,,,0
Y011,"AGRESIÓN POR EMPUJÓN DESDE UN LUGAR ELEVADO, INSTITUCIÓN RESIDENCIAL",,,,0
Y012,"AGRESIÓN POR EMPUJÓN DESDE UN LUGAR ELEVADO, ESCUELAS, OTRAS INSTITUCIONES Y ÁREAS ADMINISTRATIVAS PÚBLICAS",,,,0
Y013,"AGRESIÓN POR EMPUJÓN DESDE UN LUGAR ELEVADO, ÁREAS DE DEPORTE Y ATLETISMO",,,,0
Y014,"AGRESIÓN POR EMPUJÓN DESDE UN LUGAR ELEVADO, CALLES Y CARRETERAS",,,,0
Y015,"AGRESIÓN POR EMPUJÓN DESDE UN LUGAR ELEVADO, COMERCIO Y ÁREA DE SERVICIOS",,,,0
Y016,"AGRESIÓN POR EMPUJÓN DESDE UN LUGAR ELEVADO, ÁREA INDUSTRIAL Y DE LA CONSTRUCCIÓN",,,,0
Y017,"AGRESIÓN POR EMPUJÓN DESDE UN LUGAR ELEVADO, GRANJA",,,,0
Y018,"AGRESIÓN POR EMPUJÓN DESDE UN LUGAR ELEVADO, OTRO LUGAR ESPECIFICADO",,,,0
Y019,"AGRESIÓN POR EMPUJÓN DESDE UN LUGAR ELEVADO, LUGAR NO ESPECIFICADO",,,,0
Y020,"AGRESIÓN POR EMPUJAR O COLOCAR A LA VÍCTIMA DELANTE DE OBJETO EN MOVIMIENTO, VIVIENDA",,,,0
Y021,"AGRESIÓN POR EMPUJAR O COLOCAR A LA VÍCTIMA DELANTE DE OBJETO EN MOVIMIENTO, INSTITUCIÓN RESIDENCIAL",,,,0
Y022,"AGRESIÓN POR EMPUJAR O COLOCAR A LA VÍCTIMA DELANTE DE OBJETO EN MOVIMIENTO, ESCUELAS, OTRAS INSTITUCIONES Y ÁREAS ADMINISTRATIVAS PÚBLICAS",,,,0
Y023,"AGRESIÓN POR EMPUJAR O COLOCAR A LA VÍCTIMA DELANTE DE OBJETO EN MOVIMIENTO, ÁREAS DE DEPORTE Y ATLETISMO",,,,0
Y024,"AGRESIÓN POR EMPUJAR O COLOCAR A LA VÍCTIMA DELANTE DE OBJETO EN MOVIMIENTO, CALLES Y CARRETERAS",,,,0
Y025,"AGRESIÓN POR EMPUJAR O COLOCAR A LA VÍCTIMA DELANTE DE OBJETO EN MOVIMIENTO, COMERCIO Y ÁREA DE SERVICIOS",,,,0
Y026,"AGRESIÓN POR EMPUJAR O COLOCAR A LA VÍCTIMA DELANTE DE OBJETO EN MOVIMIENTO, ÁREA INDUSTRIAL Y DE LA CONSTRUCCIÓN",,,,0
Y027,"AGRESIÓN POR EMPUJAR O COLOCAR A LA VÍCTIMA DELANTE DE OBJETO EN MOVIMIENTO, GRANJA",,,,0
Y028,"AGRESIÓN POR EMPUJAR O COLOCAR A LA VÍCTIMA DELANTE DE OBJETO EN MOVIMIENTO, OTRO LUGAR ESPECIFICADO",,,,0
Y029,"AGRESIÓN POR EMPUJAR O COLOCAR A LA VÍCTIMA DELANTE DE OBJETO EN MOVIMIENTO, LUGAR NO ESPECIFICADO",,,,0
Y030,"AGRESIÓN POR COLISIÓN DE VEHÍCULO DE MOTOR, VIVIENDA",,,,0
Y031,"AGRESIÓN POR COLISIÓN DE VEHÍCULO DE MOTOR, INSTITUCIÓN RESIDENCIAL",,,,0
Y032,"AGRESIÓN POR COLISIÓN DE VEHÍCULO DE MOTOR, ESCUELAS, OTRAS INSTITUCIONES Y ÁREAS ADMINISTRATIVAS PÚBLICAS",,,,0
Y033,"AGRESIÓN POR COLISIÓN DE VEHÍCULO DE MOTOR, ÁREAS DE DEPORTE Y ATLETISMO",,,,0
Y034,"AGRESIÓN POR COLISIÓN DE VEHÍCULO DE MOTOR, CALLES Y CARRETERAS",,,,0
Y035,"AGRESIÓN POR COLISIÓN DE VEHÍCULO DE MOTOR, COMERCIO Y ÁREA DE SERVICIOS",,,,0
Y036,"AGRESIÓN POR COLISIÓN DE VEHÍCULO DE MOTOR, ÁREA INDUSTRIAL Y DE LA CONSTRUCCIÓN",,,,0
Y037,"AGRESIÓN POR COLISIÓN DE VEHÍCULO DE MOTOR, GRANJA",,,,0
Y038,"AGRESIÓN POR COLISIÓN DE VEHÍCULO DE MOTOR, OTRO LUGAR ESPECIFICADO",,,,0
Y039,"AGRESIÓN POR COLISIÓN DE VEHÍCULO DE MOTOR, LUGAR NO ESPECIFICADO",,,,0
Y040,"AGRESIÓN CON FUERZA CORPORAL, VIVIENDA",,,,0
Y041,"AGRESIÓN CON FUERZA CORPORAL, INSTITUCIÓN RESIDENCIAL",,,,0
Y042,"AGRESIÓN CON FUERZA CORPORAL, ESCUELAS, OTRAS INSTITUCIONES Y ÁREAS ADMINISTRATIVAS PÚBLICAS",,,,0
Y043,"AGRESIÓN CON FUERZA CORPORAL, ÁREAS DE DEPORTE Y ATLETISMO",,,,0
Y044,"AGRESIÓN CON FUERZA CORPORAL, CALLES Y CARRETERAS",,,,0
Y045,"AGRESIÓN CON FUERZA CORPORAL, COMERCIO Y ÁREA DE SERVICIOS",,,,0
Y046,"AGRESIÓN CON FUERZA CORPORAL, ÁREA INDUSTRIAL Y DE LA CONSTRUCCIÓN",,,,0
Y047,"AGRESIÓN CON FUERZA CORPORAL, GRANJA",,,,0
Y048,"AGRESIÓN CON FUERZA CORPORAL, OTRO LUGAR ESPECIFICADO",,,,0
Y049,"AGRESIÓN CON FUERZA CORPORAL, LUGAR NO ESPECIFICADO",,,,0
Y050,"AGRESIÓN SEXUAL CON FUERZA CORPORAL, VIVIENDA",,,,0
Y051,"AGRESIÓN SEXUAL CON FUERZA CORPORAL, INSTITUCIÓN RESIDENCIAL",,,,0
Y052,"AGRESIÓN SEXUAL CON FUERZA CORPORAL, ESCUELAS, OTRAS INSTITUCIONES Y ÁREAS ADMINISTRATIVAS PÚBLICAS",,,,0
Y053,"AGRESIÓN SEXUAL CON FUERZA CORPORAL, ÁREAS DE DEPORTE Y ATLETISMO",,,,0
Y054,"AGRESIÓN SEXUAL CON FUERZA CORPORAL, CALLES Y CARRETERAS",,,,0
Y055,"AGRESIÓN SEXUAL CON FUERZA CORPORAL, COMERCIO Y ÁREA DE SERVICIOS",,,,0
Y056,"AGRESIÓN SEXUAL CON FUERZA CORPORAL, ÁREA INDUSTRIAL Y DE LA CONSTRUCCIÓN",,,,0
Y057,"AGRESIÓN SEXUAL CON FUERZA CORPORAL, GRANJA",,,,0
Y058,"AGRESIÓN SEXUAL CON FUERZA CORPORAL, OTRO LUGAR ESPECIFICADO",,,,0
Y059,"AGRESIÓN SEXUAL CON FUERZA CORPORAL, LUGAR NO ESPECIFICADO",,,,0
Y060,NEGLIGENCIA Y ABANDONO POR ESPOSO O PAREJA,,,,0
Y061,NEGLIGENCIA Y ABANDONO POR PADRE O MADRE,,,,0
Y062,NEGLIGENCIA Y ABANDONO POR CONOCIDO O AMIGO,,,,0
Y068,NEGLIGENCIA Y ABANDONO POR OTRA PERSONA ESPECIFICADA,,,,0
Y069,NEGLIGENCIA Y ABANDONO POR PERSONA NO ESPECIFICADA,,,,0
Y070,OTROS MALTRATOS POR ESPOSO O PAREJA,,,,1
Y071,OTROS MALTRATOS POR PADRE O MADRE,,,,1
Y072,OTROS MALTRATOS POR CONOCIDO O AMIGO,,,,1
Y073,OTROS MALTRATOS POR AUTORIDADES OFICIALES,,,,0
Y078,OTROS MALTRATOS POR OTRA PERSONA ESPECIFICADA,,,,0
Y079,OTROS MALTRATOS POR PERSONA NO ESPECIFICADA,,,,0
Y080,"AGRESIÓN POR OTROS MEDIOS ESPECIFICADOS, VIVIENDA",,,,0
Y081,"AGRESIÓN POR OTROS MEDIOS ESPECIFICADOS, INSTITUCIÓN RESIDENCIAL",,,,0
Y082,"AGRESIÓN POR OTROS MEDIOS ESPECIFICADOS, ESCUELAS, OTRAS INSTITUCIONES Y ÁREAS ADMINISTRATIVAS PÚBLICAS",,,,0
Y083,"AGRESIÓN POR OTROS MEDIOS ESPECIFICADOS, ÁREAS DE DEPORTE Y ATLETISMO",,,,0
Y084,"AGRESIÓN POR OTROS MEDIOS ESPECIFICADOS, CALLES Y CARRETERAS",,,,0
Y085,"AGRESIÓN POR OTROS MEDIOS ESPECIFICADOS, COMERCIO Y ÁREA DE SERVICIOS",,,,0
Y086,"AGRESIÓN POR OTROS MEDIOS ESPECIFICADOS, ÁREA INDUSTRIAL Y DE LA CONSTRUCCIÓN",,,,0
Y087,"AGRESIÓN POR OTROS MEDIOS ESPECIFICADOS, GRANJA",,,,0
Y088,"AGRESIÓN POR OTROS MEDIOS ESPECIFICADOS, OTRO LUGAR ESPECIFICADO",,,,0
Y089,"AGRESIÓN POR OTROS MEDIOS ESPECIFICADOS, LUGAR NO ESPECIFICADO",,,,0
Y090,"AGRESIÓN POR MEDIOS NO ESPECIFICADOS, VIVIENDA",,,,0
Y091,"AGRESIÓN POR MEDIOS NO ESPECIFICADOS, INSTITUCIÓN RESIDENCIAL",,,,0
Y092,"AGRESIÓN POR MEDIOS NO ESPECIFICADOS, ESCUELAS, OTRAS INSTITUCIONES Y ÁREAS ADMINISTRATIVAS PÚBLICAS",,,,0
Y093,"AGRESIÓN POR MEDIOS NO ESPECIFICADOS, ÁREAS DE DEPORTE Y ATLETISMO",,,,0
Y094,"AGRESIÓN POR MEDIOS NO ESPECIFICADOS, CALLES Y CARRETERAS",,,,0
Y095,"AGRESIÓN POR MEDIOS NO ESPECIFICADOS, COMERCIO Y ÁREA DE SERVICIOS",,,,0
Y096,"AGRESIÓN POR MEDIOS NO ESPECIFICADOS, ÁREA INDUSTRIAL Y DE LA CONSTRUCCIÓN",,,,0
Y097,"AGRESIÓN POR MEDIOS NO ESPECIFICADOS, GRANJA",,,,0
Y098,"AGRESIÓN POR MEDIOS NO ESPECIFICADOS, OTRO LUGAR ESPECIFICADO",,,,0
Y099,"AGRESIÓN POR MEDIOS NO ESPECIFICADOS, LUGAR NO ESPECIFICADO",,,,0
Y100,"ENVENENAMIENTO POR, Y EXPOSICIÓN A ANALGÉSICOS NO NARCÓTICOS, ANTIPIRÉTICOS Y ANTIRREUMÁTICOS, DE INTENCIÓN NO DETERMINADA, VIVIENDA",,,,0
Y101,"ENVENENAMIENTO POR, Y EXPOSICIÓN A ANALGÉSICOS NO NARCÓTICOS, ANTIPIRÉTICOS Y ANTIRREUMÁTICOS, DE INTENCIÓN NO DETERMINADA, INSTITUCIÓN RESIDENCIAL",,,,0
Y102,"ENVENENAMIENTO POR, Y EXPOSICIÓN A ANALGÉSICOS NO NARCÓTICOS, ANTIPIRÉTICOS Y ANTIRREUMÁTICOS, DE INTENCIÓN NO DETERMINADA, ESCUELAS, OTRAS INSTITUCIONES Y ÁREAS ADMINISTRATIVAS PÚBLICAS",,,,0
Y103,"ENVENENAMIENTO POR, Y EXPOSICIÓN A ANALGÉSICOS NO NARCÓTICOS, ANTIPIRÉTICOS Y ANTIRREUMÁTICOS, DE INTENCIÓN NO DETERMINADA, ÁREAS DE DEPORTE Y ATLETISMO",,,,0
Y104,"ENVENENAMIENTO POR, Y EXPOSICIÓN A ANALGÉSICOS NO NARCÓTICOS, ANTIPIRÉTICOS Y ANTIRREUMÁTICOS, DE INTENCIÓN NO DETERMINADA, CALLES Y CARRETERAS",,,,0
Y105,"ENVENENAMIENTO POR, Y EXPOSICIÓN A ANALGÉSICOS NO NARCÓTICOS, ANTIPIRÉTICOS Y ANTIRREUMÁTICOS, DE INTENCIÓN NO DETERMINADA, COMERCIO Y ÁREA DE SERVICIOS",,,,0
Y106,"ENVENENAMIENTO POR, Y EXPOSICIÓN A ANALGÉSICOS NO NARCÓTICOS, ANTIPIRÉTICOS Y ANTIRREUMÁTICOS, DE INTENCIÓN NO DETERMINADA, ÁREA INDUSTRIAL Y DE LA CONSTRUCCIÓN",,,,0
Y107,"ENVENENAMIENTO POR, Y EXPOSICIÓN A ANALGÉSICOS NO NARCÓTICOS, ANTIPIRÉTICOS Y ANTIRREUMÁTICOS, DE INTENCIÓN NO DETERMINADA, GRANJA",,,,0
Y108,"ENVENENAMIENTO POR, Y EXPOSICIÓN A ANALGÉSICOS NO NARCÓTICOS, ANTIPIRÉTICOS Y ANTIRREUMÁTICOS, DE INTENCIÓN NO DETERMINADA, OTRO LUGAR ESPECIFICADO",,,,0
Y109,"ENVENENAMIENTO POR, Y EXPOSICIÓN A ANALGÉSICOS NO NARCÓTICOS, ANTIPIRÉTICOS Y ANTIRREUMÁTICOS, DE INTENCIÓN NO DETERMINADA, LUGAR NO ESPECIFICADO",,,,0
Y110,"ENVENENAMIENTO POR, Y EXPOSICIÓN A DROGAS ANTIEPILÉPTICAS, SEDANTES, HIPNÓTICAS, ANTIPARKINSONIANAS Y PSICOTRÓPICAS, NO CLASIFICADAS EN OTRA PARTE, DE INTENCIÓN NO DETERMINADA, VIVIENDA",,,,0
Y111,"ENVENENAMIENTO POR, Y EXPOSICIÓN A DROGAS ANTIEPILÉPTICAS, SEDANTES, HIPNÓTICAS, ANTIPARKINSONIANAS Y PSICOTRÓPICAS, NO CLASIFICADAS EN OTRA PARTE, DE INTENCIÓN NO DETERMINADA, INSTITUCIÓN RESIDENCIAL",,,,0
Y112,"ENVENENAMIENTO POR, Y EXPOSICIÓN A DROGAS ANTIEPILÉPTICAS, SEDANTES, HIPNÓTICAS, ANTIPARKINSONIANAS Y PSICOTRÓPICAS, NO CLASIFICADAS EN OTRA PARTE, DE INTENCIÓN NO DETERMINADA, ESCUELAS, OTRAS INSTITUCIONES Y ÁREAS ADMINISTRATIVAS PÚBLICAS",,,,0
Y113,"ENVENENAMIENTO POR, Y EXPOSICIÓN A DROGAS ANTIEPILÉPTICAS, SEDANTES, HIPNÓTICAS, ANTIPARKINSONIANAS Y PSICOTRÓPICAS, NO CLASIFICADAS EN OTRA PARTE, DE INTENCIÓN NO DETERMINADA, ÁREAS DE DEPORTE Y ATLETISMO",,,,0
Y114,"ENVENENAMIENTO POR, Y EXPOSICIÓN A DROGAS ANTIEPILÉPTICAS, SEDANTES, HIPNÓTICAS, ANTIPARKINSONIANAS Y PSICOTRÓPICAS, NO CLASIFICADAS EN OTRA PARTE, DE INTENCIÓN NO DETERMINADA, CALLES Y CARRETERAS",,,,0
Y115,"ENVENENAMIENTO POR, Y EXPOSICIÓN A DROGAS ANTIEPILÉPTICAS, SEDANTES, HIPNÓTICAS, ANTIPARKINSONIANAS Y PSICOTRÓPICAS, NO CLASIFICADAS EN OTRA PARTE, DE INTENCIÓN NO DETERMINADA, COMERCIO Y ÁREA DE SERVICIOS",,,,0
Y116,"ENVENENAMIENTO POR, Y EXPOSICIÓN A DROGAS ANTIEPILÉPTICAS, SEDANTES, HIPNÓTICAS, ANTIPARKINSONIANAS Y PSICOTRÓPICAS, NO CLASIFICADAS EN OTRA PARTE, DE INTENCIÓN NO DETERMINADA, ÁREA INDUSTRIAL Y DE LA CONSTRUCCIÓN",,,,0
Y117,"ENVENENAMIENTO POR, Y EXPOSICIÓN A DROGAS ANTIEPILÉPTICAS, SEDANTES, HIPNÓTICAS, ANTIPARKINSONIANAS Y PSICOTRÓPICAS, NO CLASIFICADAS EN OTRA PARTE, DE INTENCIÓN NO DETERMINADA, GRANJA",,,,0
Y118,"ENVENENAMIENTO POR, Y EXPOSICIÓN A DROGAS ANTIEPILÉPTICAS, SEDANTES, HIPNÓTICAS, ANTIPARKINSONIANAS Y PSICOTRÓPICAS, NO CLASIFICADAS EN OTRA PARTE, DE INTENCIÓN NO DETERMINADA, OTRO LUGAR ESPECIFICADO",,,,0
Y119,"ENVENENAMIENTO POR, Y EXPOSICIÓN A DROGAS ANTIEPILÉPTICAS, SEDANTES, HIPNÓTICAS, ANTIPARKINSONIANAS Y PSICOTRÓPICAS, NO CLASIFICADAS EN OTRA PARTE, DE INTENCIÓN NO DETERMINADA, LUGAR NO ESPECIFICADO",,,,0
Y120,"ENVENENAMIENTO POR, Y EXPOSICIÓN A NARCÓTICOS Y PSICODISLÉPTICOS [ALUCINÓGENOS], NO CLASIFICADOS EN OTRA PARTE, DE INTENCIÓN NO DETERMINADA, VIVIENDA",,,,0
Y121,"ENVENENAMIENTO POR, Y EXPOSICIÓN A NARCÓTICOS Y PSICODISLÉPTICOS [ALUCINÓGENOS], NO CLASIFICADOS EN OTRA PARTE, DE INTENCIÓN NO DETERMINADA, INSTITUCIÓN RESIDENCIAL",,,,0
Y122,"ENVENENAMIENTO POR, Y EXPOSICIÓN A NARCÓTICOS Y PSICODISLÉPTICOS [ALUCINÓGENOS], NO CLASIFICADOS EN OTRA PARTE, DE INTENCIÓN NO DETERMINADA, ESCUELAS, OTRAS INSTITUCIONES Y ÁREAS ADMINISTRATIVAS PÚBLICAS",,,,0
Y123,"ENVENENAMIENTO POR, Y EXPOSICIÓN A NARCÓTICOS Y PSICODISLÉPTICOS [ALUCINÓGENOS], NO CLASIFICADOS EN OTRA PARTE, DE INTENCIÓN NO DETERMINADA, ÁREAS DE DEPORTE Y ATLETISMO",,,,0
Y124,"ENVENENAMIENTO POR, Y EXPOSICIÓN A NARCÓTICOS Y PSICODISLÉPTICOS [ALUCINÓGENOS], NO CLASIFICADOS EN OTRA PARTE, DE INTENCIÓN NO DETERMINADA, CALLES Y CARRETERAS",,,,0
Y125,"ENVENENAMIENTO POR, Y EXPOSICIÓN A NARCÓTICOS Y PSICODISLÉPTICOS [ALUCINÓGENOS], NO CLASIFICADOS EN OTRA PARTE, DE INTENCIÓN NO DETERMINADA, COMERCIO Y ÁREA DE SERVICIOS",,,,0
Y126,"ENVENENAMIENTO POR, Y EXPOSICIÓN A NARCÓTICOS Y PSICODISLÉPTICOS [ALUCINÓGENOS], NO CLASIFICADOS EN OTRA PARTE, DE INTENCIÓN NO DETERMINADA, ÁREA INDUSTRIAL Y DE LA CONSTRUCCIÓN",,,,0
Y127,"ENVENENAMIENTO POR, Y EXPOSICIÓN A NARCÓTICOS Y PSICODISLÉPTICOS [ALUCINÓGENOS], NO CLASIFICADOS EN OTRA PARTE, DE INTENCIÓN NO DETERMINADA, GRANJA",,,,0
Y128,"ENVENENAMIENTO POR, Y EXPOSICIÓN A NARCÓTICOS Y PSICODISLÉPTICOS [ALUCINÓGENOS], NO CLASIFICADOS EN OTRA PARTE, DE INTENCIÓN NO DETERMINADA, OTRO LUGAR ESPECIFICADO",,,,0
Y129,"ENVENENAMIENTO POR, Y EXPOSICIÓN A NARCÓTICOS Y PSICODISLÉPTICOS [ALUCINÓGENOS], NO CLASIFICADOS EN OTRA PARTE, DE INTENCIÓN NO DETERMINADA, LUGAR NO ESPECIFICADO",,,,0
Y130,"ENVENENAMIENTO POR, Y EXPOSICIÓN A OTRAS DROGAS QUE ACTÚAN SOBRE EL SISTEMA NERVIOSO AUTÓNOMO, DE INTENCIÓN NO DETERMINADA, VIVIENDA",,,,0
Y131,"ENVENENAMIENTO POR, Y EXPOSICIÓN A OTRAS DROGAS QUE ACTÚAN SOBRE EL SISTEMA NERVIOSO AUTÓNOMO, DE INTENCIÓN NO DETERMINADA, INSTITUCIÓN RESIDENCIAL",,,,0
Y132,"ENVENENAMIENTO POR, Y EXPOSICIÓN A OTRAS DROGAS QUE ACTÚAN SOBRE EL SISTEMA NERVIOSO AUTÓNOMO, DE INTENCIÓN NO DETERMINADA, ESCUELAS, OTRAS INSTITUCIONES Y ÁREAS ADMINISTRATIVAS PÚBLICAS",,,,0
Y133,"ENVENENAMIENTO POR, Y EXPOSICIÓN A OTRAS DROGAS QUE ACTÚAN SOBRE EL SISTEMA NERVIOSO AUTÓNOMO, DE INTENCIÓN NO DETERMINADA, ÁREAS DE DEPORTE Y ATLETISMO",,,,0
Y134,"ENVENENAMIENTO POR, Y EXPOSICIÓN A OTRAS DROGAS QUE ACTÚAN SOBRE EL SISTEMA NERVIOSO AUTÓNOMO, DE INTENCIÓN NO DETERMINADA, CALLES Y CARRETERAS",,,,0
Y135,"ENVENENAMIENTO POR, Y EXPOSICIÓN A OTRAS DROGAS QUE ACTÚAN SOBRE EL SISTEMA NERVIOSO AUTÓNOMO, DE INTENCIÓN NO DETERMINADA, COMERCIO Y ÁREA DE SERVICIOS",,,,0
Y136,"ENVENENAMIENTO POR, Y EXPOSICIÓN A OTRAS DROGAS QUE ACTÚAN SOBRE EL SISTEMA NERVIOSO AUTÓNOMO, DE INTENCIÓN NO DETERMINADA, ÁREA INDUSTRIAL Y DE LA CONSTRUCCIÓN",,,,0
Y137,"ENVENENAMIENTO POR, Y EXPOSICIÓN A OTRAS DROGAS QUE ACTÚAN SOBRE EL SISTEMA NERVIOSO AUTÓNOMO, DE INTENCIÓN NO DETERMINADA, GRANJA",,,,0
Y138,"ENVENENAMIENTO POR, Y EXPOSICIÓN A OTRAS DROGAS QUE ACTÚAN SOBRE EL SISTEMA NERVIOSO AUTÓNOMO, DE INTENCIÓN NO DETERMINADA, OTRO LUGAR ESPECIFICADO",,,,0
Y139,"ENVENENAMIENTO POR, Y EXPOSICIÓN A OTRAS DROGAS QUE ACTÚAN SOBRE EL SISTEMA NERVIOSO AUTÓNOMO, DE INTENCIÓN NO DETERMINADA, LUGAR NO ESPECIFICADO",,,,0
Y140,"ENVENENAMIENTO POR, Y EXPOSICIÓN A OTRAS DROGAS, MEDICAMENTOS Y SUSTANCIAS BIOLÓGICAS, Y LAS NO ESPECIFICADAS, DE INTENCIÓN NO DETERMINADA, VIVIENDA",,,,0
Y141,"ENVENENAMIENTO POR, Y EXPOSICIÓN A OTRAS DROGAS, MEDICAMENTOS Y SUSTANCIAS BIOLÓGICAS, Y LAS NO ESPECIFICADAS, DE INTENCIÓN NO DETERMINADA, INSTITUCIÓN RESIDENCIAL",,,,0
Y142,"ENVENENAMIENTO POR, Y EXPOSICIÓN A OTRAS DROGAS, MEDICAMENTOS Y SUSTANCIAS BIOLÓGICAS, Y LAS NO ESPECIFICADAS, DE INTENCIÓN NO DETERMINADA, ESCUELAS, OTRAS INSTITUCIONES Y ÁREAS ADMINISTRATIVAS PÚBLICAS",,,,0
Y143,"ENVENENAMIENTO POR, Y EXPOSICIÓN A OTRAS DROGAS, MEDICAMENTOS Y SUSTANCIAS BIOLÓGICAS, Y LAS NO ESPECIFICADAS, DE INTENCIÓN NO DETERMINADA, ÁREAS DE DEPORTE Y ATLETISMO",,,,0
Y144,"ENVENENAMIENTO POR, Y EXPOSICIÓN A OTRAS DROGAS, MEDICAMENTOS Y SUSTANCIAS BIOLÓGICAS, Y LAS NO ESPECIFICADAS, DE INTENCIÓN NO DETERMINADA, CALLES Y CARRETERAS",,,,0
Y145,"ENVENENAMIENTO POR, Y EXPOSICIÓN A OTRAS DROGAS, MEDICAMENTOS Y SUSTANCIAS BIOLÓGICAS, Y LAS NO ESPECIFICADAS, DE INTENCIÓN NO DETERMINADA, COMERCIO Y ÁREA DE SERVICIOS",,,,0
Y146,"ENVENENAMIENTO POR, Y EXPOSICIÓN A OTRAS DROGAS, MEDICAMENTOS Y SUSTANCIAS BIOLÓGICAS, Y LAS NO ESPECIFICADAS, DE INTENCIÓN NO DETERMINADA, ÁREA INDUSTRIAL Y DE LA CONSTRUCCIÓN",,,,0
Y147,"ENVENENAMIENTO POR, Y EXPOSICIÓN A OTRAS DROGAS, MEDICAMENTOS Y SUSTANCIAS BIOLÓGICAS, Y LAS NO ESPECIFICADAS, DE INTENCIÓN NO DETERMINADA, GRANJA",,,,0
Y148,"ENVENENAMIENTO POR, Y EXPOSICIÓN A OTRAS DROGAS, MEDICAMENTOS Y SUSTANCIAS BIOLÓGICAS, Y LAS NO ESPECIFICADAS, DE INTENCIÓN NO DETERMINADA, OTRO LUGAR ESPECIFICADO",,,,0
Y149,"ENVENENAMIENTO POR, Y EXPOSICIÓN A OTRAS DROGAS, MEDICAMENTOS Y SUSTANCIAS BIOLÓGICAS, Y LAS NO ESPECIFICADAS, DE INTENCIÓN NO DETERMINADA, LUGAR NO ESPECIFICADO",,,,0
Y150,"ENVENENAMIENTO POR, Y EXPOSICIÓN AL ALCOHOL, DE INTENCIÓN NO DETERMINADA, VIVIENDA",,,,0
Y151,"ENVENENAMIENTO POR, Y EXPOSICIÓN AL ALCOHOL, DE INTENCIÓN NO DETERMINADA, INSTITUCIÓN RESIDENCIAL",,,,0
Y152,"ENVENENAMIENTO POR, Y EXPOSICIÓN AL ALCOHOL, DE INTENCIÓN NO DETERMINADA, ESCUELAS, OTRAS INSTITUCIONES Y ÁREAS ADMINISTRATIVAS PÚBLICAS",,,,0
Y153,"ENVENENAMIENTO POR, Y EXPOSICIÓN AL ALCOHOL, DE INTENCIÓN NO DETERMINADA, ÁREAS DE DEPORTE Y ATLETISMO",,,,0
Y154,"ENVENENAMIENTO POR, Y EXPOSICIÓN AL ALCOHOL, DE INTENCIÓN NO DETERMINADA, CALLES Y CARRETERAS",,,,0
Y155,"ENVENENAMIENTO POR, Y EXPOSICIÓN AL ALCOHOL, DE INTENCIÓN NO DETERMINADA, COMERCIO Y ÁREA DE SERVICIOS",,,,0
Y156,"ENVENENAMIENTO POR, Y EXPOSICIÓN AL ALCOHOL, DE INTENCIÓN NO DETERMINADA, ÁREA INDUSTRIAL Y DE LA CONSTRUCCIÓN",,,,0
Y157,"ENVENENAMIENTO POR, Y EXPOSICIÓN AL ALCOHOL, DE INTENCIÓN NO DETERMINADA, GRANJA",,,,0
Y158,"ENVENENAMIENTO POR, Y EXPOSICIÓN AL ALCOHOL, DE INTENCIÓN NO DETERMINADA, OTRO LUGAR ESPECIFICADO",,,,0
Y159,"ENVENENAMIENTO POR, Y EXPOSICIÓN AL ALCOHOL, DE INTENCIÓN NO DETERMINADA, LUGAR NO ESPECIFICADO",,,,0
Y160,"ENVENENAMIENTO POR, Y EXPOSICIÓN A DISOLVENTES ORGÁNICOS E HIDROCARBUROS HALOGENADOS Y SUS VAPORES, DE INTENCIÓN NO DETERMINADA, VIVIENDA",,,,0
Y161,"ENVENENAMIENTO POR, Y EXPOSICIÓN A DISOLVENTES ORGÁNICOS E HIDROCARBUROS HALOGENADOS Y SUS VAPORES, DE INTENCIÓN NO DETERMINADA, INSTITUCIÓN RESIDENCIAL",,,,0
Y162,"ENVENENAMIENTO POR, Y EXPOSICIÓN A DISOLVENTES ORGÁNICOS E HIDROCARBUROS HALOGENADOS Y SUS VAPORES, DE INTENCIÓN NO DETERMINADA, ESCUELAS, OTRAS INSTITUCIONES Y ÁREAS ADMINISTRATIVAS PÚBLICAS",,,,0
Y163,"ENVENENAMIENTO POR, Y EXPOSICIÓN A DISOLVENTES ORGÁNICOS E HIDROCARBUROS HALOGENADOS Y SUS VAPORES, DE INTENCIÓN NO DETERMINADA, ÁREAS DE DEPORTE Y ATLETISMO",,,,0
Y164,"ENVENENAMIENTO POR, Y EXPOSICIÓN A DISOLVENTES ORGÁNICOS E HIDROCARBUROS HALOGENADOS Y SUS VAPORES, DE INTENCIÓN NO DETERMINADA, CALLES Y CARRETERAS",,,,0
Y165,"ENVENENAMIENTO POR, Y EXPOSICIÓN A DISOLVENTES ORGÁNICOS E HIDROCARBUROS HALOGENADOS Y SUS VAPORES, DE INTENCIÓN NO DETERMINADA, COMERCIO Y ÁREA DE SERVICIOS",,,,0
Y166,"ENVENENAMIENTO POR, Y EXPOSICIÓN A DISOLVENTES ORGÁNICOS E HIDROCARBUROS HALOGENADOS Y SUS VAPORES, DE INTENCIÓN NO DETERMINADA, ÁREA INDUSTRIAL Y DE LA CONSTRUCCIÓN",,,,0
Y167,"ENVENENAMIENTO POR, Y EXPOSICIÓN A DISOLVENTES ORGÁNICOS E HIDROCARBUROS HALOGENADOS Y SUS VAPORES, DE INTENCIÓN NO DETERMINADA, GRANJA",,,,0
Y168,"ENVENENAMIENTO POR, Y EXPOSICIÓN A DISOLVENTES ORGÁNICOS E HIDROCARBUROS HALOGENADOS Y SUS VAPORES, DE INTENCIÓN NO DETERMINADA, OTRO LUGAR ESPECIFICADO",,,,0
Y169,"ENVENENAMIENTO POR, Y EXPOSICIÓN A DISOLVENTES ORGÁNICOS E HIDROCARBUROS HALOGENADOS Y SUS VAPORES, DE INTENCIÓN NO DETERMINADA, LUGAR NO ESPECIFICADO",,,,0
Y170,"ENVENENAMIENTO POR, Y EXPOSICIÓN A OTROS GASES Y VAPORES, DE INTENCIÓN NO DETERMINADA, VIVIENDA",,,,0
Y171,"ENVENENAMIENTO POR, Y EXPOSICIÓN A OTROS GASES Y VAPORES, DE INTENCIÓN NO DETERMINADA, INSTITUCIÓN RESIDENCIAL",,,,0
Y172,"ENVENENAMIENTO POR, Y EXPOSICIÓN A OTROS GASES Y VAPORES, DE INTENCIÓN NO DETERMINADA, ESCUELAS, OTRAS INSTITUCIONES Y ÁREAS ADMINISTRATIVAS PÚBLICAS",,,,0
Y173,"ENVENENAMIENTO POR, Y EXPOSICIÓN A OTROS GASES Y VAPORES, DE INTENCIÓN NO DETERMINADA, ÁREAS DE DEPORTE Y ATLETISMO",,,,0
Y174,"ENVENENAMIENTO POR, Y EXPOSICIÓN A OTROS GASES Y VAPORES, DE INTENCIÓN NO DETERMINADA, CALLES Y CARRETERAS",,,,0
Y175,"ENVENENAMIENTO POR, Y EXPOSICIÓN A OTROS GASES Y VAPORES, DE INTENCIÓN NO DETERMINADA, COMERCIO Y ÁREA DE SERVICIOS",,,,0
Y176,"ENVENENAMIENTO POR, Y EXPOSICIÓN A OTROS GASES Y VAPORES, DE INTENCIÓN NO DETERMINADA, ÁREA INDUSTRIAL Y DE LA CONSTRUCCIÓN",,,,0
Y177,"ENVENENAMIENTO POR, Y EXPOSICIÓN A OTROS GASES Y VAPORES, DE INTENCIÓN NO DETERMINADA, GRANJA",,,,0
Y178,"ENVENENAMIENTO POR, Y EXPOSICIÓN A OTROS GASES Y VAPORES, DE INTENCIÓN NO DETERMINADA, OTRO LUGAR ESPECIFICADO",,,,0
Y179,"ENVENENAMIENTO POR, Y EXPOSICIÓN A OTROS GASES Y VAPORES, DE INTENCIÓN NO DETERMINADA, LUGAR NO ESPECIFICADO",,,,0
Y180,"ENVENENAMIENTO POR, Y EXPOSICIÓN A PLAGUICIDAS, DE INTENCIÓN NO DETERMINADA, VIVIENDA",,,,0
Y181,"ENVENENAMIENTO POR, Y EXPOSICIÓN A PLAGUICIDAS, DE INTENCIÓN NO DETERMINADA, INSTITUCIÓN RESIDENCIAL",,,,0
Y182,"ENVENENAMIENTO POR, Y EXPOSICIÓN A PLAGUICIDAS, DE INTENCIÓN NO DETERMINADA, ESCUELAS, OTRAS INSTITUCIONES Y ÁREAS ADMINISTRATIVAS PÚBLICAS",,,,0
Y183,"ENVENENAMIENTO POR, Y EXPOSICIÓN A PLAGUICIDAS, DE INTENCIÓN NO DETERMINADA, ÁREAS DE DEPORTE Y ATLETISMO",,,,0
Y184,"ENVENENAMIENTO POR, Y EXPOSICIÓN A PLAGUICIDAS, DE INTENCIÓN NO DETERMINADA, CALLES Y CARRETERAS",,,,0
Y185,"ENVENENAMIENTO POR, Y EXPOSICIÓN A PLAGUICIDAS, DE INTENCIÓN NO DETERMINADA, COMERCIO Y ÁREA DE SERVICIOS",,,,0
Y186,"ENVENENAMIENTO POR, Y EXPOSICIÓN A PLAGUICIDAS, DE INTENCIÓN NO DETERMINADA, ÁREA INDUSTRIAL Y DE LA CONSTRUCCIÓN",,,,0
Y187,"ENVENENAMIENTO POR, Y EXPOSICIÓN A PLAGUICIDAS, DE INTENCIÓN NO DETERMINADA, GRANJA",,,,0
Y188,"ENVENENAMIENTO POR, Y EXPOSICIÓN A PLAGUICIDAS, DE INTENCIÓN NO DETERMINADA, OTRO LUGAR ESPECIFICADO",,,,0
Y189,"ENVENENAMIENTO POR, Y EXPOSICIÓN A PLAGUICIDAS, DE INTENCIÓN NO DETERMINADA, LUGAR NO ESPECIFICADO",,,,0
Y190,"ENVENENAMIENTO POR, Y EXPOSICIÓN A OTROS PRODUCTOS QUÍMICOS Y SUSTANCIAS NOCIVAS, Y LOS NO ESPECIFICADOS, DE INTENCIÓN NO DETERMINADA, VIVIENDA",,,,0
Y191,"ENVENENAMIENTO POR, Y EXPOSICIÓN A OTROS PRODUCTOS QUÍMICOS Y SUSTANCIAS NOCIVAS, Y LOS NO ESPECIFICADOS, DE INTENCIÓN NO DETERMINADA, INSTITUCIÓN RESIDENCIAL",,,,0
Y192,"ENVENENAMIENTO POR, Y EXPOSICIÓN A OTROS PRODUCTOS QUÍMICOS Y SUSTANCIAS NOCIVAS, Y LOS NO ESPECIFICADOS, DE INTENCIÓN NO DETERMINADA, ESCUELAS, OTRAS INSTITUCIONES Y ÁREAS ADMINISTRATIVAS PÚBLICAS",,,,0
Y193,"ENVENENAMIENTO POR, Y EXPOSICIÓN A OTROS PRODUCTOS QUÍMICOS Y SUSTANCIAS NOCIVAS, Y LOS NO ESPECIFICADOS, DE INTENCIÓN NO DETERMINADA, ÁREAS DE DEPORTE Y ATLETISMO",,,,0
Y194,"ENVENENAMIENTO POR, Y EXPOSICIÓN A OTROS PRODUCTOS QUÍMICOS Y SUSTANCIAS NOCIVAS, Y LOS NO ESPECIFICADOS, DE INTENCIÓN NO DETERMINADA, CALLES Y CARRETERAS",,,,0
Y195,"ENVENENAMIENTO POR, Y EXPOSICIÓN A OTROS PRODUCTOS QUÍMICOS Y SUSTANCIAS NOCIVAS, Y LOS NO ESPECIFICADOS, DE INTENCIÓN NO DETERMINADA, COMERCIO Y ÁREA DE SERVICIOS",,,,0
Y196,"ENVENENAMIENTO POR, Y EXPOSICIÓN A OTROS PRODUCTOS QUÍMICOS Y SUSTANCIAS NOCIVAS, Y LOS NO ESPECIFICADOS, DE INTENCIÓN NO DETERMINADA, ÁREA INDUSTRIAL Y DE LA CONSTRUCCIÓN",,,,0
Y197,"ENVENENAMIENTO POR, Y EXPOSICIÓN A OTROS PRODUCTOS QUÍMICOS Y SUSTANCIAS NOCIVAS, Y LOS NO ESPECIFICADOS, DE INTENCIÓN NO DETERMINADA, GRANJA",,,,0
Y198,"ENVENENAMIENTO POR, Y EXPOSICIÓN A OTROS PRODUCTOS QUÍMICOS Y SUSTANCIAS NOCIVAS, Y LOS NO ESPECIFICADOS, DE INTENCIÓN NO DETERMINADA, OTRO LUGAR ESPECIFICADO",,,,0
Y199,"ENVENENAMIENTO POR, Y EXPOSICIÓN A OTROS PRODUCTOS QUÍMICOS Y SUSTANCIAS NOCIVAS, Y LOS NO ESPECIFICADOS, DE INTENCIÓN NO DETERMINADA, LUGAR NO ESPECIFICADO",,,,0
Y200,"AHORCAMIENTO, ESTRANGULAMIENTO Y SOFOCACIÓN, DE INTENCIÓN NO DETERMINADA, VIVIENDA",,,,0
Y201,"AHORCAMIENTO, ESTRANGULAMIENTO Y SOFOCACIÓN, DE INTENCIÓN NO DETERMINADA, INSTITUCIÓN RESIDENCIAL",,,,0
Y202,"AHORCAMIENTO, ESTRANGULAMIENTO Y SOFOCACIÓN, DE INTENCIÓN NO DETERMINADA, ESCUELAS, OTRAS INSTITUCIONES Y ÁREAS ADMINISTRATIVAS PÚBLICAS",,,,0
Y203,"AHORCAMIENTO, ESTRANGULAMIENTO Y SOFOCACIÓN, DE INTENCIÓN NO DETERMINADA, ÁREAS DE DEPORTE Y ATLETISMO",,,,0
Y204,"AHORCAMIENTO, ESTRANGULAMIENTO Y SOFOCACIÓN, DE INTENCIÓN NO DETERMINADA, CALLES Y CARRETERAS",,,,0
Y205,"AHORCAMIENTO, ESTRANGULAMIENTO Y SOFOCACIÓN, DE INTENCIÓN NO DETERMINADA, COMERCIO Y ÁREA DE SERVICIOS",,,,0
Y206,"AHORCAMIENTO, ESTRANGULAMIENTO Y SOFOCACIÓN, DE INTENCIÓN NO DETERMINADA, ÁREA INDUSTRIAL Y DE LA CONSTRUCCIÓN",,,,0
Y207,"AHORCAMIENTO, ESTRANGULAMIENTO Y SOFOCACIÓN, DE INTENCIÓN NO DETERMINADA, GRANJA",,,,0
Y208,"AHORCAMIENTO, ESTRANGULAMIENTO Y SOFOCACIÓN, DE INTENCIÓN NO DETERMINADA, OTRO LUGAR ESPECIFICADO",,,,0
Y209,"AHORCAMIENTO, ESTRANGULAMIENTO Y SOFOCACIÓN, DE INTENCIÓN NO DETERMINADA, LUGAR NO ESPECIFICADO",,,,0
Y210,"AHOGAMIENTO Y SUMERSIÓN, DE INTENCIÓN NO DETERMINADA, VIVIENDA",,,,0
Y211,"AHOGAMIENTO Y SUMERSIÓN, DE INTENCIÓN NO DETERMINADA, INSTITUCIÓN RESIDENCIAL",,,,0
Y212,"AHOGAMIENTO Y SUMERSIÓN, DE INTENCIÓN NO DETERMINADA, ESCUELAS, OTRAS INSTITUCIONES Y ÁREAS ADMINISTRATIVAS PÚBLICAS",,,,0
Y213,"AHOGAMIENTO Y SUMERSIÓN, DE INTENCIÓN NO DETERMINADA, ÁREAS DE DEPORTE Y ATLETISMO",,,,0
Y214,"AHOGAMIENTO Y SUMERSIÓN, DE INTENCIÓN NO DETERMINADA, CALLES Y CARRETERAS",,,,0
Y215,"AHOGAMIENTO Y SUMERSIÓN, DE INTENCIÓN NO DETERMINADA, COMERCIO Y ÁREA DE SERVICIOS",,,,0
Y216,"AHOGAMIENTO Y SUMERSIÓN, DE INTENCIÓN NO DETERMINADA, ÁREA INDUSTRIAL Y DE LA CONSTRUCCIÓN",,,,0
Y217,"AHOGAMIENTO Y SUMERSIÓN, DE INTENCIÓN NO DETERMINADA, GRANJA",,,,0
Y218,"AHOGAMIENTO Y SUMERSIÓN, DE INTENCIÓN NO DETERMINADA, OTRO LUGAR ESPECIFICADO",,,,0
Y219,"AHOGAMIENTO Y SUMERSIÓN, DE INTENCIÓN NO DETERMINADA, LUGAR NO ESPECIFICADO",,,,0
Y220,"DISPARO DE ARMA CORTA, DE INTENCIÓN NO DETERMINADA, VIVIENDA",,,,0
Y221,"DISPARO DE ARMA CORTA, DE INTENCIÓN NO DETERMINADA, INSTITUCIÓN RESIDENCIAL",,,,0
Y222,"DISPARO DE ARMA CORTA, DE INTENCIÓN NO DETERMINADA, ESCUELAS, OTRAS INSTITUCIONES Y ÁREAS ADMINISTRATIVAS PÚBLICAS",,,,0
Y223,"DISPARO DE ARMA CORTA, DE INTENCIÓN NO DETERMINADA, ÁREAS DE DEPORTE Y ATLETISMO",,,,0
Y224,"DISPARO DE ARMA CORTA, DE INTENCIÓN NO DETERMINADA, CALLES Y CARRETERAS",,,,0
Y225,"DISPARO DE ARMA CORTA, DE INTENCIÓN NO DETERMINADA, COMERCIO Y ÁREA DE SERVICIOS",,,,0
Y226,"DISPARO DE ARMA CORTA, DE INTENCIÓN NO DETERMINADA, ÁREA INDUSTRIAL Y DE LA CONSTRUCCIÓN",,,,0
Y227,"DISPARO DE ARMA CORTA, DE INTENCIÓN NO DETERMINADA, GRANJA",,,,0
Y228,"DISPARO DE ARMA CORTA, DE INTENCIÓN NO DETERMINADA, OTRO LUGAR ESPECIFICADO",,,,0
Y229,"DISPARO DE ARMA CORTA, DE INTENCIÓN NO DETERMINADA, LUGAR NO ESPECIFICADO",,,,0
Y230,"DISPARO DE RIFLE, ESCOPETA Y ARMA LARGA, DE INTENCIÓN NO DETERMINADA, VIVIENDA",,,,0
Y231,"DISPARO DE RIFLE, ESCOPETA Y ARMA LARGA, DE INTENCIÓN NO DETERMINADA, INSTITUCIÓN RESIDENCIAL",,,,0
Y232,"DISPARO DE RIFLE, ESCOPETA Y ARMA LARGA, DE INTENCIÓN NO DETERMINADA, ESCUELAS, OTRAS INSTITUCIONES Y ÁREAS ADMINISTRATIVAS PÚBLICAS",,,,0
Y233,"DISPARO DE RIFLE, ESCOPETA Y ARMA LARGA, DE INTENCIÓN NO DETERMINADA, ÁREAS DE DEPORTE Y ATLETISMO",,,,0
Y234,"DISPARO DE RIFLE, ESCOPETA Y ARMA LARGA, DE INTENCIÓN NO DETERMINADA, CALLES Y CARRETERAS",,,,0
Y235,"DISPARO DE RIFLE, ESCOPETA Y ARMA LARGA, DE INTENCIÓN NO DETERMINADA, COMERCIO Y ÁREA DE SERVICIOS",,,,0
Y236,"DISPARO DE RIFLE, ESCOPETA Y ARMA LARGA, DE INTENCIÓN NO DETERMINADA, ÁREA INDUSTRIAL Y DE LA CONSTRUCCIÓN",,,,0
Y237,"DISPARO DE RIFLE, ESCOPETA Y ARMA LARGA, DE INTENCIÓN NO DETERMINADA, GRANJA",,,,0
Y238,"DISPARO DE RIFLE, ESCOPETA Y ARMA LARGA, DE INTENCIÓN NO DETERMINADA, OTRO LUGAR ESPECIFICADO",,,,0
Y239,"DISPARO DE RIFLE, ESCOPETA Y ARMA LARGA, DE INTENCIÓN NO DETERMINADA, LUGAR NO ESPECIFICADO",,,,0
Y240,"DISPARO DE OTRAS ARMAS DE FUEGO Y LAS NO ESPECIFICADAS, DE INTENCIÓN NO DETERMINADA, VIVIENDA",,,,0
Y241,"DISPARO DE OTRAS ARMAS DE FUEGO, Y LAS NO ESPECIFICADAS, DE INTENCIÓN NO DETERMINADA, INSTITUCIÓN RESIDENCIAL",,,,0
Y242,"DISPARO DE OTRAS ARMAS DE FUEGO, Y LAS NO ESPECIFICADAS, DE INTENCIÓN NO DETERMINADA, ESCUELAS, OTRAS INSTITUCIONES Y ÁREAS ADMINISTRATIVAS PÚBLICAS",,,,0
Y243,"DISPARO DE OTRAS ARMAS DE FUEGO, Y LAS NO ESPECIFICADAS, DE INTENCIÓN NO DETERMINADA, ÁREAS DE DEPORTE Y ATLETISMO",,,,0
Y244,"DISPARO DE OTRAS ARMAS DE FUEGO, Y LAS NO ESPECIFICADAS, DE INTENCIÓN NO DETERMINADA, CALLES Y CARRETERAS",,,,0
Y245,"DISPARO DE OTRAS ARMAS DE FUEGO, Y LAS NO ESPECIFICADAS, DE INTENCIÓN NO DETERMINADA, COMERCIO Y ÁREA DE SERVICIOS",,,,0
Y246,"DISPARO DE OTRAS ARMAS DE FUEGO, Y LAS NO ESPECIFICADAS, DE INTENCIÓN NO DETERMINADA, ÁREA INDUSTRIAL Y DE LA CONSTRUCCIÓN",,,,0
Y247,"DISPARO DE OTRAS ARMAS DE FUEGO, Y LAS NO ESPECIFICADAS, DE INTENCIÓN NO DETERMINADA, GRANJA",,,,0
Y248,"DISPARO DE OTRAS ARMAS DE FUEGO, Y LAS NO ESPECIFICADAS, DE INTENCIÓN NO DETERMINADA, OTRO LUGAR ESPECIFICADO",,,,0
Y249,"DISPARO DE OTRAS ARMAS DE FUEGO, Y LAS NO ESPECIFICADAS, DE INTENCIÓN NO DETERMINADA, LUGAR NO ESPECIFICADO",,,,0
Y250,"CONTACTO TRAUMÁTICO CON MATERIAL EXPLOSIVO, DE INTENCIÓN NO DETERMINADA, VIVIENDA",,,,0
Y251,"CONTACTO TRAUMÁTICO CON MATERIAL EXPLOSIVO, DE INTENCIÓN NO DETERMINADA, INSTITUCIÓN RESIDENCIAL",,,,0
Y252,"CONTACTO TRAUMÁTICO CON MATERIAL EXPLOSIVO, DE INTENCIÓN NO DETERMINADA, ESCUELAS, OTRAS INSTITUCIONES Y ÁREAS ADMINISTRATIVAS PÚBLICAS",,,,0
Y253,"CONTACTO TRAUMÁTICO CON MATERIAL EXPLOSIVO, DE INTENCIÓN NO DETERMINADA, ÁREAS DE DEPORTE Y ATLETISMO",,,,0
Y254,"CONTACTO TRAUMÁTICO CON MATERIAL EXPLOSIVO, DE INTENCIÓN NO DETERMINADA, CALLES Y CARRETERAS",,,,0
Y255,"CONTACTO TRAUMÁTICO CON MATERIAL EXPLOSIVO, DE INTENCIÓN NO DETERMINADA, COMERCIO Y ÁREA DE SERVICIOS",,,,0
Y256,"CONTACTO TRAUMÁTICO CON MATERIAL EXPLOSIVO, DE INTENCIÓN NO DETERMINADA, ÁREA INDUSTRIAL Y DE LA CONSTRUCCIÓN",,,,0
Y257,"CONTACTO TRAUMÁTICO CON MATERIAL EXPLOSIVO, DE INTENCIÓN NO DETERMINADA, GRANJA",,,,0
Y258,"CONTACTO TRAUMÁTICO CON MATERIAL EXPLOSIVO, DE INTENCIÓN NO DETERMINADA, OTRO LUGAR ESPECIFICADO",,,,0
Y259,"CONTACTO TRAUMÁTICO CON MATERIAL EXPLOSIVO, DE INTENCIÓN NO DETERMINADA, LUGAR NO ESPECIFICADO",,,,0
Y260,"EXPOSICIÓN AL HUMO, FUEGO Y LLAMAS, DE INTENCIÓN NO DETERMINADA, VIVIENDA",,,,0
Y261,"EXPOSICIÓN AL HUMO, FUEGO Y LLAMAS, DE INTENCIÓN NO DETERMINADA, INSTITUCIÓN RESIDENCIAL",,,,0
Y262,"EXPOSICIÓN AL HUMO, FUEGO Y LLAMAS, DE INTENCIÓN NO DETERMINADA, ESCUELAS, OTRAS INSTITUCIONES Y ÁREAS ADMINISTRATIVAS PÚBLICAS",,,,0
Y263,"EXPOSICIÓN AL HUMO, FUEGO Y LLAMAS, DE INTENCIÓN NO DETERMINADA, ÁREAS DE DEPORTE Y ATLETISMO",,,,0
Y264,"EXPOSICIÓN AL HUMO, FUEGO Y LLAMAS, DE INTENCIÓN NO DETERMINADA, CALLES Y CARRETERAS",,,,0
Y265,"EXPOSICIÓN AL HUMO, FUEGO Y LLAMAS, DE INTENCIÓN NO DETERMINADA, COMERCIO Y ÁREA DE SERVICIOS",,,,0
Y266,"EXPOSICIÓN AL HUMO, FUEGO Y LLAMAS, DE INTENCIÓN NO DETERMINADA, ÁREA INDUSTRIAL Y DE LA CONSTRUCCIÓN",,,,0
Y267,"EXPOSICIÓN AL HUMO, FUEGO Y LLAMAS, DE INTENCIÓN NO DETERMINADA, GRANJA",,,,0
Y268,"EXPOSICIÓN AL HUMO, FUEGO Y LLAMAS, DE INTENCIÓN NO DETERMINADA, OTRO LUGAR ESPECIFICADO",,,,0
Y269,"EXPOSICIÓN AL HUMO, FUEGO Y LLAMAS, DE INTENCIÓN NO DETERMINADA, LUGAR NO ESPECIFICADO",,,,0
Y270,"CONTACTO CON VAPOR DE AGUA, VAPORES Y OBJETOS CALIENTES, DE INTENCIÓN NO DETERMINADA, VIVIENDA",,,,0
Y271,"CONTACTO CON VAPOR DE AGUA, VAPORES Y OBJETOS CALIENTES, DE INTENCIÓN NO DETERMINADA, INSTITUCIÓN RESIDENCIAL",,,,0
Y272,"CONTACTO CON VAPOR DE AGUA, VAPORES Y OBJETOS CALIENTES, DE INTENCIÓN NO DETERMINADA, ESCUELAS, OTRAS INSTITUCIONES Y ÁREAS ADMINISTRATIVAS PÚBLICAS",,,,0
Y273,"CONTACTO CON VAPOR DE AGUA, VAPORES Y OBJETOS CALIENTES, DE INTENCIÓN NO DETERMINADA, ÁREAS DE DEPORTE Y ATLETISMO",,,,0
Y274,"CONTACTO CON VAPOR DE AGUA, VAPORES Y OBJETOS CALIENTES, DE INTENCIÓN NO DETERMINADA, CALLES Y CARRETERAS",,,,0
Y275,"CONTACTO CON VAPOR DE AGUA, VAPORES Y OBJETOS CALIENTES, DE INTENCIÓN NO DETERMINADA, COMERCIO Y ÁREA DE SERVICIOS",,,,0
Y276,"CONTACTO CON VAPOR DE AGUA, VAPORES Y OBJETOS CALIENTES, DE INTENCIÓN NO DETERMINADA, ÁREA INDUSTRIAL Y DE LA CONSTRUCCIÓN",,,,0
Y277,"CONTACTO CON VAPOR DE AGUA, VAPORES Y OBJETOS CALIENTES, DE INTENCIÓN NO DETERMINADA, GRANJA",,,,0
Y278,"CONTACTO CON VAPOR DE AGUA, VAPORES Y OBJETOS CALIENTES, DE INTENCIÓN NO DETERMINADA, OTRO LUGAR ESPECIFICADO",,,,0
Y279,"CONTACTO CON VAPOR DE AGUA, VAPORES Y OBJETOS CALIENTES, DE INTENCIÓN NO DETERMINADA, LUGAR NO ESPECIFICADO",,,,0
Y280,"CONTACTO TRAUMÁTICO CON OBJETO CORTANTE, DE INTENCIÓN NO DETERMINADA, VIVIENDA",,,,0
Y281,"CONTACTO TRAUMÁTICO CON OBJETO CORTANTE, DE INTENCIÓN NO DETERMINADA, INSTITUCIÓN RESIDENCIAL",,,,0
Y282,"CONTACTO TRAUMÁTICO CON OBJETO CORTANTE, DE INTENCIÓN NO DETERMINADA, ESCUELAS, OTRAS INSTITUCIONES Y ÁREAS ADMINISTRATIVAS PÚBLICAS",,,,0
Y283,"CONTACTO TRAUMÁTICO CON OBJETO CORTANTE, DE INTENCIÓN NO DETERMINADA, ÁREAS DE DEPORTE Y ATLETISMO",,,,0
Y284,"CONTACTO TRAUMÁTICO CON OBJETO CORTANTE, DE INTENCIÓN NO DETERMINADA, CALLES Y CARRETERAS",,,,0
Y285,"CONTACTO TRAUMÁTICO CON OBJETO CORTANTE, DE INTENCIÓN NO DETERMINADA, COMERCIO Y ÁREA DE SERVICIOS",,,,0
Y286,"CONTACTO TRAUMÁTICO CON OBJETO CORTANTE, DE INTENCIÓN NO DETERMINADA, ÁREA INDUSTRIAL Y DE LA CONSTRUCCIÓN",,,,0
Y287,"CONTACTO TRAUMÁTICO CON OBJETO CORTANTE, DE INTENCIÓN NO DETERMINADA, GRANJA",,,,0
Y288,"CONTACTO TRAUMÁTICO CON OBJETO CORTANTE, DE INTENCIÓN NO DETERMINADA, OTRO LUGAR ESPECIFICADO",,,,0
Y289,"CONTACTO TRAUMÁTICO CON OBJETO CORTANTE, DE INTENCIÓN NO DETERMINADA, LUGAR NO ESPECIFICADO",,,,0
Y290,"CONTACTO TRAUMÁTICO CON OBJETO ROMO O SIN FILO, DE INTENCIÓN NO DETERMINADA, VIVIENDA",,,,0
Y291,"CONTACTO TRAUMÁTICO CON OBJETO ROMO O SIN FILO, DE INTENCIÓN NO DETERMINADA, INSTITUCIÓN RESIDENCIAL",,,,0
Y292,"CONTACTO TRAUMÁTICO CON OBJETO ROMO O SIN FILO, DE INTENCIÓN NO DETERMINADA, ESCUELAS, OTRAS INSTITUCIONES Y ÁREAS ADMINISTRATIVAS PÚBLICAS",,,,0
Y293,"CONTACTO TRAUMÁTICO CON OBJETO ROMO O SIN FILO, DE INTENCIÓN NO DETERMINADA, ÁREAS DE DEPORTE Y ATLETISMO",,,,0
Y294,"CONTACTO TRAUMÁTICO CON OBJETO ROMO O SIN FILO, DE INTENCIÓN NO DETERMINADA, CALLES Y CARRETERAS",,,,0
Y295,"CONTACTO TRAUMÁTICO CON OBJETO ROMO O SIN FILO, DE INTENCIÓN NO DETERMINADA, COMERCIO Y ÁREA DE SERVICIOS",,,,0
Y296,"CONTACTO TRAUMÁTICO CON OBJETO ROMO O SIN FILO, DE INTENCIÓN NO DETERMINADA, ÁREA INDUSTRIAL Y DE LA CONSTRUCCIÓN",,,,0
Y297,"CONTACTO TRAUMÁTICO CON OBJETO ROMO O SIN FILO, DE INTENCIÓN NO DETERMINADA, GRANJA",,,,0
Y298,"CONTACTO TRAUMÁTICO CON OBJETO ROMO O SIN FILO, DE INTENCIÓN NO DETERMINADA, OTRO LUGAR ESPECIFICADO",,,,0
Y299,"CONTACTO TRAUMÁTICO CON OBJETO ROMO O SIN FILO, DE INTENCIÓN NO DETERMINADA, LUGAR NO ESPECIFICADO",,,,0
Y300,"CAÍDA, SALTO O EMPUJÓN DESDE LUGAR ELEVADO, DE INTENCIÓN NO DETERMINADA, VIVIENDA",,,,0
Y301,"CAÍDA, SALTO O EMPUJÓN DESDE LUGAR ELEVADO, DE INTENCIÓN NO DETERMINADA, INSTITUCIÓN RESIDENCIAL",,,,0
Y302,"CAÍDA, SALTO O EMPUJÓN DESDE LUGAR ELEVADO, DE INTENCIÓN NO DETERMINADA, ESCUELAS, OTRAS INSTITUCIONES Y ÁREAS ADMINISTRATIVAS PÚBLICAS",,,,0
Y303,"CAÍDA, SALTO O EMPUJÓN DESDE LUGAR ELEVADO, DE INTENCIÓN NO DETERMINADA, ÁREAS DE DEPORTE Y ATLETISMO",,,,0
Y304,"CAÍDA, SALTO O EMPUJÓN DESDE LUGAR ELEVADO, DE INTENCIÓN NO DETERMINADA, CALLES Y CARRETERAS",,,,0
Y305,"CAÍDA, SALTO O EMPUJÓN DESDE LUGAR ELEVADO, DE INTENCIÓN NO DETERMINADA, COMERCIO Y ÁREA DE SERVICIOS",,,,0
Y306,"CAÍDA, SALTO O EMPUJÓN DESDE LUGAR ELEVADO, DE INTENCIÓN NO DETERMINADA, ÁREA INDUSTRIAL Y DE LA CONSTRUCCIÓN",,,,0
Y307,"CAÍDA, SALTO O EMPUJÓN DESDE LUGAR ELEVADO, DE INTENCIÓN NO DETERMINADA, GRANJA",,,,0
Y308,"CAÍDA, SALTO O EMPUJÓN DESDE LUGAR ELEVADO, DE INTENCIÓN NO DETERMINADA, OTRO LUGAR ESPECIFICADO",,,,0
Y309,"CAÍDA, SALTO O EMPUJÓN DESDE LUGAR ELEVADO, DE INTENCIÓN NO DETERMINADA, LUGAR NO ESPECIFICADO",,,,0
Y310,"CAÍDA, PERMANENCIA O CARRERA DELANTE O HACIA OBJETO EN MOVIMIENTO, DE INTENCIÓN NO DETERMINADA, VIVIENDA",,,,0
Y311,"CAÍDA, PERMANENCIA O CARRERA DELANTE O HACIA OBJETO EN MOVIMIENTO, DE INTENCIÓN NO DETERMINADA, INSTITUCIÓN RESIDENCIAL",,,,0
Y312,"CAÍDA, PERMANENCIA O CARRERA DELANTE O HACIA OBJETO EN MOVIMIENTO, DE INTENCIÓN NO DETERMINADA, ESCUELAS, OTRAS INSTITUCIONES Y ÁREAS ADMINISTRATIVAS PÚBLICAS",,,,0
Y313,"CAÍDA, PERMANENCIA O CARRERA DELANTE O HACIA OBJETO EN MOVIMIENTO, DE INTENCIÓN NO DETERMINADA, ÁREAS DE DEPORTE Y ATLETISMO",,,,0
Y314,"CAÍDA, PERMANENCIA O CARRERA DELANTE O HACIA OBJETO EN MOVIMIENTO, DE INTENCIÓN NO DETERMINADA, CALLES Y CARRETERAS",,,,0
Y315,"CAÍDA, PERMANENCIA O CARRERA DELANTE O HACIA OBJETO EN MOVIMIENTO, DE INTENCIÓN NO DETERMINADA, COMERCIO Y ÁREA DE SERVICIOS",,,,0
Y316,"CAÍDA, PERMANENCIA O CARRERA DELANTE O HACIA OBJETO EN MOVIMIENTO, DE INTENCIÓN NO DETERMINADA, ÁREA INDUSTRIAL Y DE LA CONSTRUCCIÓN",,,,0
Y317,"CAÍDA, PERMANENCIA O CARRERA DELANTE O HACIA OBJETO EN MOVIMIENTO, DE INTENCIÓN NO DETERMINADA, GRANJA",,,,0
Y318,"CAÍDA, PERMANENCIA O CARRERA DELANTE O HACIA OBJETO EN MOVIMIENTO, DE INTENCIÓN NO DETERMINADA, OTRO LUGAR ESPECIFICADO",,,,0
Y319,"CAÍDA, PERMANENCIA O CARRERA DELANTE O HACIA OBJETO EN MOVIMIENTO, DE INTENCIÓN NO DETERMINADA, LUGAR NO ESPECIFICADO",,,,0
Y320,"COLISIÓN DE VEHÍCULO DE MOTOR, DE INTENCIÓN NO DETERMINADA, VIVIENDA",,,,0
Y321,"COLISIÓN DE VEHÍCULO DE MOTOR, DE INTENCIÓN NO DETERMINADA, INSTITUCIÓN RESIDENCIAL",,,,0
Y322,"COLISIÓN DE VEHÍCULO DE MOTOR, DE INTENCIÓN NO DETERMINADA, ESCUELAS, OTRAS INSTITUCIONES Y ÁREAS ADMINISTRATIVAS PÚBLICAS",,,,0
Y323,"COLISIÓN DE VEHÍCULO DE MOTOR, DE INTENCIÓN NO DETERMINADA, ÁREAS DE DEPORTE Y ATLETISMO",,,,0
Y324,"COLISIÓN DE VEHÍCULO DE MOTOR, DE INTENCIÓN NO DETERMINADA, CALLES Y CARRETERAS",,,,0
Y325,"COLISIÓN DE VEHÍCULO DE MOTOR, DE INTENCIÓN NO DETERMINADA, COMERCIO Y ÁREA DE SERVICIOS",,,,0
Y326,"COLISIÓN DE VEHÍCULO DE MOTOR, DE INTENCIÓN NO DETERMINADA, ÁREA INDUSTRIAL Y DE LA CONSTRUCCIÓN",,,,0
Y327,"COLISIÓN DE VEHÍCULO DE MOTOR, DE INTENCIÓN NO DETERMINADA, GRANJA",,,,0
Y328,"COLISIÓN DE VEHÍCULO DE MOTOR, DE INTENCIÓN NO DETERMINADA, OTRO LUGAR ESPECIFICADO",,,,0
Y329,"COLISIÓN DE VEHÍCULO DE MOTOR, DE INTENCIÓN NO DETERMINADA, LUGAR NO ESPECIFICADO",,,,0
Y330,"OTROS EVENTOS ESPECIFICADOS, DE INTENCIÓN NO DETERMINADA, VIVIENDA",,,,0
Y331,"OTROS EVENTOS ESPECIFICADOS, DE INTENCIÓN NO DETERMINADA, INSTITUCIÓN RESIDENCIAL",,,,0
Y332,"OTROS EVENTOS ESPECIFICADOS, DE INTENCIÓN NO DETERMINADA, ESCUELAS, OTRAS INSTITUCIONES Y ÁREAS ADMINISTRATIVAS PÚBLICAS",,,,0
Y333,"OTROS EVENTOS ESPECIFICADOS, DE INTENCIÓN NO DETERMINADA, ÁREAS DE DEPORTE Y ATLETISMO",,,,0
Y334,"OTROS EVENTOS ESPECIFICADOS, DE INTENCIÓN NO DETERMINADA, CALLES Y CARRETERAS",,,,0
Y335,"OTROS EVENTOS ESPECIFICADOS, DE INTENCIÓN NO DETERMINADA, COMERCIO Y ÁREA DE SERVICIOS",,,,0
Y336,"OTROS EVENTOS ESPECIFICADOS, DE INTENCIÓN NO DETERMINADA, ÁREA INDUSTRIAL Y DE LA CONSTRUCCIÓN",,,,0
Y337,"OTROS EVENTOS ESPECIFICADOS, DE INTENCIÓN NO DETERMINADA, GRANJA",,,,0
Y338,"OTROS EVENTOS ESPECIFICADOS, DE INTENCIÓN NO DETERMINADA, OTRO LUGAR ESPECIFICADO",,,,0
Y339,"OTROS EVENTOS ESPECIFICADOS, DE INTENCIÓN NO DETERMINADA, LUGAR NO ESPECIFICADO",,,,0
Y340,"EVENTO NO ESPECIFICADO, DE INTENCIÓN NO DETERMINADA, VIVIENDA",,,,0
Y341,"EVENTO NO ESPECIFICADO, DE INTENCIÓN NO DETERMINADA, INSTITUCIÓN RESIDENCIAL",,,,0
Y342,"EVENTO NO ESPECIFICADO, DE INTENCIÓN NO DETERMINADA, ESCUELAS, OTRAS INSTITUCIONES Y ÁREAS ADMINISTRATIVAS PÚBLICAS",,,,0
Y343,"EVENTO NO ESPECIFICADO, DE INTENCIÓN NO DETERMINADA, ÁREAS DE DEPORTE Y ATLETISMO",,,,0
Y344,"EVENTO NO ESPECIFICADO, DE INTENCIÓN NO DETERMINADA, CALLES Y CARRETERAS",,,,0
Y345,"EVENTO NO ESPECIFICADO, DE INTENCIÓN NO DETERMINADA, COMERCIO Y ÁREA DE SERVICIOS",,,,0
Y346,"EVENTO NO ESPECIFICADO, DE INTENCIÓN NO DETERMINADA, ÁREA INDUSTRIAL Y DE LA CONSTRUCCIÓN",,,,0
Y347,"EVENTO NO ESPECIFICADO, DE INTENCIÓN NO DETERMINADA, GRANJA",,,,0
Y348,"EVENTO NO ESPECIFICADO, DE INTENCIÓN NO DETERMINADA, OTRO LUGAR ESPECIFICADO",,,,0
Y349,"EVENTO NO ESPECIFICADO, DE INTENCIÓN NO DETERMINADA, LUGAR NO ESPECIFICADO",,,,0
Y350,INTERVENCIÓN LEGAL CON DISPARO DE ARMA DE FUEGO,,,,0
Y351,INTERVENCIÓN LEGAL CON EXPLOSIVOS,,,,0
Y352,INTERVENCIÓN LEGAL CON GAS,,,,0
Y353,INTERVENCIÓN LEGAL CON OBJETOS ROMOS O SIN FILO,,,,0
Y354,INTERVENCIÓN LEGAL CON OBJETOS CORTANTES,,,,0
Y355,EJECUCIÓN LEGAL,,,,0
Y356,INTERVENCIÓN LEGAL CON OTROS MEDIOS ESPECIFICADOS,,,,0
Y357,"INTERVENCIÓN LEGAL, MEDIOS NO ESPECIFICADOS",,,,0
Y400,EFECTOS ADVERSOS DE PENICILINAS,,,,0
Y401,EFECTOS ADVERSOS DE CEFALOSPORINAS Y OTROS ANTIBIÓTICOS BETA-LACTÁMICOS,,,,0
Y402,EFECTOS ADVERSOS DEL GRUPO DE CLORAMFENICOL,,,,0
Y403,EFECTOS ADVERSOS DE LOS MACRÓLIDOS,,,,0
Y404,EFECTOS ADVERSOS DE TETRACICLINAS,,,,0
Y405,EFECTOS ADVERSOS DE AMINOGLUCÓSIDOS,,,,0
Y406,EFECTOS ADVERSOS DE RIFAMICINAS,,,,0
Y407,EFECTOS ADVERSOS DE ANTIBIÓTICOS ANTIMICÓTICOS USADOS SISTÉMICAMENTE,,,,0
Y408,EFECTOS ADVERSOS DE OTROS ANTIBIÓTICOS SISTÉMICOS,,,,0
Y409,EFECTOS ADVERSOS DE ANTIBIÓTICO SISTÉMICO NO ESPECIFICADO,,,,0
Y410,EFECTOS ADVERSOS DE SULFONAMIDAS,,,,0
Y411,EFECTOS ADVERSOS DE DROGAS ANTIMICOBACTERIANAS,,,,0
Y412,EFECTOS ADVERSOS DE DROGAS ANTIPALÚDICAS Y AGENTES QUE ACTÚAN SOBRE OTROS PROTOZOARIOS DE LA SANGRE,,,,0
Y413,EFECTOS ADVERSOS DE OTRAS DROGAS ANTIPROTOZOARIAS,,,,0
Y414,EFECTOS ADVERSOS DE ANTIHELMÍNTICOS,,,,0
Y415,EFECTOS ADVERSOS DE DROGAS ANTIVIRALES,,,,0
Y418,EFECTOS ADVERSOS DE OTROS ANTIINFECCIOSOS Y ANTIPARASTARIOS SISTÉMICOS ESPECIFICADOS,,,,0
Y419,EFECTOS ADVERSOS DE ANTIINFECCIOSOS Y ANTIPARASITARIOS SISTÉMICOS NO ESPECIFICADOS,,,,0
Y420,EFECTOS ADVERSOS DE GLUCOCORTICOIDES Y ANÁLOGOS SINTÉTICOS,,,,0
Y421,EFECTOS ADVERSOS DE HORMONAS TIROIDEAS Y SUSTITUTOS,,,,0
Y422,EFECTOS ADVERSOS DE DROGAS ANTITIROIDEAS,,,,0
Y423,EFECTOS ADVERSOS DE DROGAS HIPOGLUCEMIANTES ORALES E INSULINA [ANTIDIABÉTICAS],,,,0
Y424,EFECTOS ADVERSOS DE ANTICONCEPTIVOS ORALES,,,,0
Y425,EFECTOS ADVERSOS DE OTROS ESTRÓGENOS Y PROGESTÁGENOS,,,,0
Y426,"EFECTOS ADVERSOS DE ANTIGONADOTROPINAS, ANTIESTRÓGENOS Y ANTIANDRÓGENOS, NO CLASIFICADOS EN OTRA PARTE",,,,0
Y427,EFECTOS ADVERSOS DE ANDRÓGENOS Y CONGÉNERES ANABÓLICOS,,,,0
Y428,EFECTOS ADVERSOS DE OTRAS HORMONAS Y SUS SUSTITUTOS SINTÉTICOS Y LAS NO ESPECIFICADAS,,,,0
Y429,EFECTOS ADVERSOS DE OTRAS HORMONAS ANTAGONISTAS Y LAS NO ESPECIFICADAS,,,,0
Y430,EFECTOS ADVERSOS DE ANTIALÉRGICOS Y ANTIEMÉTICOS,,,,0
Y431,EFECTOS ADVERSOS DE ANTIMETABOLITOS ANTINEOPLÁSICOS,,,,0
Y432,EFECTOS ADVERSOS DE PRODUCTOS NATURALES ANTINEOPLÁSICOS,,,,0
Y433,EFECTOS ADVERSOS DE OTRAS DROGAS ANTINEOPLÁSICAS,,,,0
Y434,EFECTOS ADVERSOS DE AGENTES INMUNOSUPRESORES,,,,0
Y435,EFECTOS ADVERSOS DE AGENTES ACIDIFICANTES Y ALCALINIZANTES,,,,0
Y436,EFECTOS ADVERSOS DE ENZIMAS NO CLASIFICADAS EN OTRA PARTE,,,,0
Y438,EFECTOS ADVERSOS DE OTROS AGENTES SISTÉMICOS PRIMARIOS NO CLASIFICADOS EN OTRA PARTE,,,,0
Y439,EFECTOS ADVERSOS DE AGENTE SISTÉMICO PRIMARIO NO ESPECIFICADO,,,,0
Y440,EFECTOS ADVERSOS DE PREPARACIONES CON HIERRO Y OTROS PREPARADOS CONTRA LA ANEMIA HIPOCRÓMICA,,,,0
Y441,"EFECTOS ADVERSOS DE VITAMINA B12, ÁCIDO FÓLICO Y OTROS PREPARADOS CONTRA LA ANEMIA MEGALOBLÁSTICA",,,,0
Y442,EFECTOS ADVERSOS DE ANTICOAGULANTES,,,,0
Y443,"EFECTOS ADVERSOS DE ANTAGONISTAS DE ANTICOAGULANTES, VITAMINA K Y OTROS COAGULANTES",,,,0
Y444,EFECTOS ADVERSOS DE DROGAS ANTITROMBÓTICAS [INHIBIDORAS DE LA AGREGACIÓN PLAQUETARIA],,,,0
Y445,EFECTOS ADVERSOS DE DROGAS TROMBOLÍTICAS,,,,0
Y446,EFECTOS ADVERSOS DE SANGRE NATURAL Y PRODUCTOS SANGUÍNEOS,,,,0
Y447,EFECTOS ADVERSOS DE LOS SUSTITUTOS DEL PLASMA,,,,0
Y449,"EFECTOS ADVERSOS DE OTROS AGENTES QUE AFECTAN LOS CONSTITUYENTES DE LA SANGRE, Y LOS NO ESPECIFICADOS",,,,0
Y450,EFECTOS ADVERSOS DE OPIÁCEOS Y ANALGÉSICOS RELACIONADOS,,,,0
Y451,EFECTOS ADVERSOS DE SALICILATOS,,,,0
Y452,EFECTOS ADVERSOS DE DERIVADOS DEL ÁCIDO PROPIÓNICO,,,,0
Y453,EFECTOS ADVERSOS DE OTRAS DROGAS ANTIINFLAMATORIAS NO ESTEROIDES [DAINE],,,,0
Y454,EFECTOS ADVERSOS DE LOS ANTIRREUMÁTICOS,,,,0
Y455,EFECTOS ADVERSOS DE LOS DERIVADOS DEL 4-AMINOFENOL,,,,0
Y458,EFECTOS ADVERSOS DE OTROS ANALGÉSICOS Y ANTIPIRÉTICOS,,,,0
Y459,"EFECTOS ADVERSOS DE DROGAS ANALGÉSICAS, ANTIPIRÉTICAS Y ANTIINFLAMATORIAS NO ESPECIFICADAS",,,,0
Y460,EFECTOS ADVERSOS DE SUCCINAMIDAS,,,,0
Y461,EFECTOS ADVERSOS DE OXAZOLIDINADIONAS,,,,0
Y462,EFECTOS ADVERSOS DE DERIVADOS DE LA HIDANTOÍNA,,,,0
Y463,EFECTOS ADVERSOS DE DESOXIBARBITÚRICOS,,,,0
Y464,EFECTOS ADVERSOS DE IMINOESTILBENOS,,,,0
Y465,EFECTOS ADVERSOS DEL ÁCIDO VALPROICO,,,,0
Y466,"EFECTOS ADVERSOS DE OTROS ANTIEPILÉPTICOS, Y LOS NO ESPECIFICADOS",,,,0
Y467,EFECTOS ADVERSOS DE DROGAS ANTIPARKINSONIANAS,,,,0
Y468,EFECTOS ADVERSOS DE DROGAS ANTIESPÁSTICAS,,,,0
Y470,"EFECTOS ADVERSOS DE BARBITÚRICOS, NO CLASIFICADOS EN OTRA PARTE",,,,0
Y471,EFECTOS ADVERSOS DE BENZODIAZEPINAS,,,,0
Y472,EFECTOS ADVERSOS DE DERIVADOS CLORALES,,,,0
Y473,EFECTOS ADVERSOS DE PARALDEHÍDO,,,,0
Y474,EFECTOS ADVERSOS DE COMPUESTOS DEL BROMO,,,,0
Y475,"EFECTOS ADVERSOS DE MEZCLAS SEDANTES E HIPNÓTICAS, NO CLASIFICADOS EN OTRA PARTE",,,,0
Y478,"EFECTOS ADVERSOS DE OTRAS DROGAS SEDANTES, HIPNÓTICAS Y ANSIOLÍTICAS",,,,0
Y479,"EFECTOS ADVERSOS DE DROGAS SEDANTES, HIPNÓTICAS Y ANSIOLÍTICAS NO ESPECIFICADAS",,,,0
Y480,EFECTOS ADVERSOS DE GASES ANESTÉSICOS POR INHALACIÓN,,,,0
Y481,EFECTOS ADVERSOS DE GASES ANESTÉSICOS PARENTERALES,,,,0
Y482,"EFECTOS ADVERSOS DE OTROS GASES ANESTÉSICOS GENERALES, Y LOS NO ESPECIFICADOS",,,,0
Y483,EFECTOS ADVERSOS DE GASES ANESTÉSICOS LOCALES,,,,0
Y484,EFECTOS ADVERSOS DE ANESTÉSICOS NO ESPECIFICADOS,,,,0
Y485,EFECTOS ADVERSOS DE GASES TERAPÉUTICOS,,,,0
Y490,EFECTOS ADVERSOS DE ANTIDEPRESIVOS TRICÍCLICOS Y TETRACÍCLICOS,,,,0
Y491,EFECTOS ADVERSOS DE ANTIDEPRESIVOS INHIBIDORES DE LA MONOAMINOOXIDASA,,,,0
Y492,"EFECTOS ADVERSOS DE OTROS ANTIDEPRESIVOS, Y LOS NO ESPECIFICADOS",,,,0
Y493,EFECTOS ADVERSOS DE ANTIPSICÓTICOS Y NEUROLÉPTICOS FENOTIAZÍNICOS,,,,0
Y494,EFECTOS ADVERSOS DE NEUROLÉPTICOS DE LA BUTIROFENONA Y TIOXANTINA,,,,0
Y495,EFECTOS ADVERSOS DE OTROS ANTIPSICÓTICOS Y NEUROLÉPTICOS,,,,0
Y496,EFECTOS ADVERSOS DE PSICODISLÉPTICOS [ALUCINÓGENOS],,,,0
Y497,EFECTOS ADVERSOS DE PSICOESTIMULANTES CON ABUSO POTENCIAL,,,,0
Y498,"EFECTOS ADVERSOS DE OTRAS DROGAS PSICOTRÓPICAS, NO CLASIFICADAS EN OTRA PARTE",,,,0
Y499,EFECTOS ADVERSOS DE DROGAS PSICOTRÓPICAS NO ESPECIFICADAS,,,,0
Y500,EFECTOS ADVERSOS DE ANALÉPTICOS,,,,0
Y501,EFECTOS ADVERSOS DE ANTAGONISTAS DE OPIÁCEOS,,,,0
Y502,"EFECTOS ADVERSOS DE METILXANTINAS, NO CLASIFICADOS EN OTRA PARTE",,,,0
Y508,EFECTOS ADVERSOS DE OTROS ESTIMULANTES DEL SISTEMA NERVIOSO CENTRAL,,,,0
Y509,EFECTOS ADVERSOS DE ESTIMULANTE NO ESPECIFICADO DEL SISTEMA NERVIOSO CENTRAL,,,,0
Y510,EFECTOS ADVERSOS DE AGENTES ANTICOLINESTERASA,,,,0
Y511,EFECTOS ADVERSOS DE OTROS PARASIMPATICOMIMÉTICOS [COLINÉRGICOS],,,,0
Y512,"EFECTOS ADVERSOS DE DROGAS BLOQUEADORAS GANGLIONARES, NO CLASIFICADAS EN OTRA PARTE",,,,0
Y513,"EFECTOS ADVERSOS DE PARASIMPATICOLÍTICOS [ANTICOLINÉRGICOS Y ANTIMUSCARÍNICOS] Y ESPASMOLÍTICOS, NO CLASIFICADOS EN OTRA PARTE",,,,0
Y514,"EFECTOS ADVERSOS DE AGONISTAS [ESTIMULANTES] PREDOMINANTEMENTE ALFA-ADRENÉRGICOS, NO CLASIFICADOS EN OTRA PARTE",,,,0
Y515,"EFECTOS ADVERSOS DE AGONISTAS [ESTIMULANTES] PREDOMINANTEMENTE BETA-ADRENÉRGICOS, NO CLASIFICADOS EN OTRA PARTE",,,,0
Y516,"EFECTOS ADVERSOS DE ANTAGONISTAS [BLOQUEADORES] ALFA-ADRENÉRGICOS, NO CLASIFICADOS EN OTRA PARTE",,,,0
Y517,"EFECTOS ADVERSOS DE ANTAGONISTAS [BLOQUEADORES] BETA-ADRENÉRGICOS, NO CLASIFICADOS EN OTRA PARTE",,,,0
Y518,"EFECTOS ADVERSOS DE AGENTES BLOQUEADORES NEURO-ADRENÉRGICOS QUE ACTÚAN CENTRALMENTE, NO CLASIFICADOS EN OTRA PARTE",,,,0
Y519,"EFECTOS ADVERSOS OTRAS DROGAS QUE AFECTAN PRIMARIAMENTE EL SISTEMA NERVIOSO AUTÓNOMO, Y LAS NO ESPECIFICADAS",,,,0
Y520,EFECTOS ADVERSOS DE GLUCÓSIDOS CARDIOTÓNICOS Y DROGAS DE ACCIÓN SIMILAR,,,,0
Y521,EFECTOS ADVERSOS DE BLOQUEADORES DEL CANAL DEL CALCIO,,,,0
Y522,"EFECTOS ADVERSOS DE OTRAS DROGAS ANTIARRÍTMICAS, NO CLASIFICADAS EN OTRA PARTE",,,,0
Y523,"EFECTOS ADVERSOS DE VASODILATADORES CORONARIOS, NO CLASIFICADOS EN OTRA PARTE",,,,0
Y524,EFECTOS ADVERSOS DE INHIBIDORES DE ENZIMA CONVERTIDORA ANGIOTENSINA,,,,0
Y525,"EFECTOS ADVERSOS DE OTRAS DROGAS ANTIHIPERTENCIVAS, NO CLASIFICADAS EN OTRA PARTE",,,,0
Y526,EFECTOS ADVERSOS DE DROGAS ANTIHIPERLIPIDÉMICAS Y ANTIARTERIOSCLERÓTICAS,,,,0
Y527,EFECTOS ADVERSOS DE VASODILATADORES PERIFÉRICOS,,,,0
Y528,"EFECTOS ADVERSOS DE DROGAS ANTIVARICOSAS, INCLUSIVE AGENTES ESCLEROSANTES",,,,0
Y529,"EFECTOS ADVERSOS OTROS AGENTES QUE AFECTAN PRIMARIAMENTE EL SISTEMA CARDIOVASCULAR, Y LOS NO ESPECIFICADOS",,,,0
Y530,EFECTOS ADVERSOS DE BLOQUEADORES DE LOS RECEPTORES H2 DE HISTAMINA,,,,0
Y531,EFECTOS ADVERSOS OTRAS DROGAS ANTIÁCIDAS E INHIBIDORAS DE LA SECRECIÓN GÁSTRICA,,,,0
Y532,EFECTOS ADVERSOS DE LAXANTES ESTIMULANTES,,,,0
Y533,EFECTOS ADVERSOS DE LAXANTES SALINOS Y OSMÓTICOS,,,,0
Y534,EFECTOS ADVERSOS DE OTROS LAXANTES,,,,0
Y535,EFECTOS ADVERSOS DE DIGESTIVOS,,,,0
Y536,EFECTOS ADVERSOS DE DROGAS ANTIDIARREICAS,,,,0
Y537,EFECTOS ADVERSOS DE EMÉTICOS,,,,0
Y538,EFECTOS ADVERSOS DE OTROS AGENTES QUE AFECTAN PRIMARIAMENTE AL SISTEMA GASTROINTESTINAL,,,,0
Y539,"EFECTOS ADVERSOS DE OTROS AGENTES QUE AFECTAN EL SISTEMA GASTROINTESTINAL, NO ESPECIFICADOS",,,,0
Y540,EFECTOS ADVERSOS DE MINERALOCORTICOIDES,,,,0
Y541,EFECTOS ADVERSOS DE LOS BLOQUEADORES DE MINERALOCORTICOIDES [ANTAGONISTAS DE LA ALDOSTERONA],,,,0
Y542,EFECTOS ADVERSOS DE LOS INHIBIDORES DE LA ANHIDRASA CARBÓNICA,,,,0
Y543,EFECTOS ADVERSOS DE LOS DERIVADOS DE LA BENZOTIADIAZINA,,,,0
Y544,"EFECTOS ADVERSOS DE DIURÉTICOS DE ASA [""HIGH-CEILING""]",,,,0
Y545,EFECTOS ADVERSOS DE OTROS DIURÉTICOS,,,,0
Y546,"EFECTOS ADVERSOS DE AGENTES ELECTROLÍTICOS, CALÓRICOS Y DEL EQUILIBRIO HÍDRICO",,,,0
Y547,EFECTOS ADVERSOS DE AGENTES QUE AFECTAN LA CALCIFICACIÓN,,,,0
Y548,EFECTOS ADVERSOS DE AGENTES QUE AFECTAN EL METABOLISMO DEL ÁCIDO ÚRICO,,,,0
Y549,"EFECTOS ADVERSOS DE SALES MINERALES, NO CLASIFICADAS EN OTRA PARTE",,,,0
Y550,EFECTOS ADVERSOS DE DROGAS OXITÓCICAS,,,,0
Y551,EFECTOS ADVERSOS DE RELAJANTES DE LOS MÚSCULOS ESTRIADOS [AGENTES BLOQUEADORES NEUROMUSCULARES],,,,0
Y552,"EFECTOS ADVERSOS DE OTROS AGENTES QUE ACTÚAN PRIMARIAMENTE SOBRE LOS MÚSCULOS, Y LOS NO ESPECIFICADOS",,,,0
Y553,EFECTOS ADVERSOS DE ANTITUSÍGENOS,,,,0
Y554,EFECTOS ADVERSOS DE EXPECTORANTES,,,,0
Y555,EFECTOS ADVERSOS DE DROGAS CONTRA EL RESFRIADO COMÚN,,,,0
Y556,"EFECTOS ADVERSOS DE ANTIASMÁTICOS, NO CLASIFICADOS EN OTRA PARTE",,,,0
Y557,"EFECTOS ADVERSOS DE OTROS AGENTES QUE ACTÚAN PRIMARIAMENTE SOBRE EL SISTEMA RESPIRATORIO, Y LOS NO ESPECIFICADOS",,,,0
Y560,"EFECTOS ADVERSOS DE DROGAS ANTIMICÓTICAS, ANTIINFECCIOSAS, Y ANTIINFLAMATORIAS DE USO LOCAL, NO CLASIFICADAS EN OTRA PARTE",,,,0
Y561,EFECTOS ADVERSOS DE ANTIPRURIGINOSOS,,,,0
Y562,EFECTOS ADVERSOS DE ASTRINGENTES Y DETERGENTES LOCALES,,,,0
Y563,"EFECTOS ADVERSOS DE EMOLIENTES, DEMULCENTES Y PROTECTORES",,,,0
Y564,"EFECTOS ADVERSOS DE DROGAS Y PREPARADOS QUERATOLÍTICOS, QUERATOPLÁSTICOS Y OTROS PARA EL TRATAMIENTO DEL CABELLO",,,,0
Y565,EFECTOS ADVERSOS DE DROGAS Y PREPARADOS OFTALMOLÓGICOS,,,,0
Y566,EFECTOS ADVERSOS DE DROGAS Y PREPARADOS OTORRINOLARINGOLÓGICOS,,,,0
Y567,"EFECTOS ADVERSOS DE DROGAS DENTALES, DE APLICACIÓN TÓPICA",,,,0
Y568,EFECTOS ADVERSOS DE OTROS AGENTES TÓPICOS,,,,0
Y569,EFECTOS ADVERSOS DE OTROS AGENTES TÓPICOS NO ESPECIFICADOS,,,,0
Y570,EFECTOS ADVERSOS DE DEPRESORES DEL APETITO [ANORÉXICOS],,,,0
Y571,EFECTOS ADVERSOS DE DROGAS LIPOTRÓPICAS,,,,0
Y572,"EFECTOS ADVERSOS DE ANTÍDOTOS Y AGENTES QUELANTES, NO CLASIFICADOS EN OTRA PARTE",,,,0
Y573,EFECTOS ADVERSOS DE DISUASIVOS DEL ALCOHOL,,,,0
Y574,EFECTOS ADVERSOS DE EXCIPIENTES FARMACÉUTICOS,,,,0
Y575,EFECTOS ADVERSOS DE MEDIOS DE CONTRASTE PARA RAYOS X,,,,0
Y576,EFECTOS ADVERSOS DE OTROS AGENTES DIAGNÓSTICOS,,,,0
Y577,"EFECTOS ADVERSOS DE VITAMINAS, NO CLASIFICADAS EN OTRA PARTE",,,,0
Y578,EFECTOS ADVERSOS DE OTRAS DROGAS Y MEDICAMENTOS,,,,0
Y579,EFECTOS ADVERSOS DE DROGAS O MEDICAMENTOS NO ESPECIFICADOS,,,,0
Y580,EFECTOS ADVERSOS DE LA VACUNA BCG,,,,1
Y581,EFECTOS ADVERSOS DE LA VACUNA TIFOIDEA Y PARATIFOIDEA,,,,1
Y582,EFECTOS ADVERSOS DE LA VACUNA CONTRA EL CÓLERA,,,,1
Y583,EFECTOS ADVERSOS DE LA VACUNA CONTRA LA PESTE,,,,1
Y584,EFECTOS ADVERSOS DE LA VACUNA CONTRA EL TÉTANOS,,,,1
Y585,EFECTOS ADVERSOS DE LA VACUNA CONTRA LA DIFTERIA,,,,1
Y586,"EFECTOS ADVERSOS DE LA VACUNA CONTRA TOS FERINA, INCLUSIVE COMBINACIONES CON COMPONENTE PERTUSIS",,,,1
Y588,"EFECTOS ADVERSOS DE VACUNAS BACTERIANAS MIXTAS, EXCEPTO COMBINACIONES CON UN COMPONENTE PERTUSIS",,,,1
Y589,"EFECTOS ADVERSOS DE OTRAS VACUNAS BACTERIANAS, Y LAS NO ESPECIFICADAS",,,,1
Y590,EFECTOS ADVERSOS DE VACUNAS VIRALES,,,,1
Y591,EFECTOS ADVERSOS DE VACUNAS CONTRA RICKETTSSIAS,,,,1
Y592,EFECTOS ADVERSOS DE VACUNAS ANTIPROTOZOARIAS,,,,1
Y593,EFECTOS ADVERSOS DE LA INMUNOGLOBULINA,,,,1
Y598,EFECTOS ADVERSOS DE OTRAS VACUNAS Y SUSTANCIAS BIOLÓGICAS ESPECIFICADAS,,,,1
Y599,EFECTOS ADVERSOS DE VACUNAS O SUSTANCIAS BIOLÓGICAS NO ESPECIFICADAS,,,,1
Y600,INCIDENTE DURANTE OPERACIÓN QUIRÚRGICA,,,,0
Y601,INCIDENTE DURANTE INFUSIÓN O TRANSFUSIÓN,,,,0
Y602,INCIDENTE DURANTE DIÁLISIS RENAL U OTRA PERFUCIÓN,,,,0
Y603,INCIDENTE DURANTE INYECCIÓN O INMUNIZACIÓN,,,,0
Y604,INCIDENTE DURANTE EXAMEN ENDOSCÓPICO,,,,0
Y605,INCIDENTE DURANTE CATETERIZACIÓN CARDÍACA,,,,0
Y606,"INCIDENTE DURANTE ASPIRACIÓN, PUNCIÓN Y OTRA CATETERIZACIÓN",,,,0
Y607,INCIDENTE DURANTE ADMINISTRACIÓN DE ENEMA,,,,0
Y608,INCIDENTE DURANTE OTRAS ATENCIONES MÉDICAS Y QUIRÚRGICAS,,,,0
Y609,INCIDENTE DURANTE ATENCIÓN MÉDICA Y QUIRÚRGICA NO ESPECIFICADA,,,,0
Y610,OBJETO EXTRAÑO DEJADO ACCIDENTALMENTE EN EL CUERPO DURANTE OPERACIÓN QUIRÚRGICA,,,,0
Y611,OBJETO EXTRAÑO DEJADO ACCIDENTALMENTE EN EL CUERPO DURANTE INFUSIÓN O TRANSFUSIÓN,,,,0
Y612,OBJETO EXTRAÑO DEJADO ACCIDENTALMENTE EN EL CUERPO DURANTE DIÁLISIS RENAL U OTRA PERFUSIÓN,,,,0
Y613,OBJETO EXTRAÑO DEJADO ACCIDENTALMENTE EN EL CUERPO DURANTE INYECCIÓN O INMUNIZACIÓN,,,,0
Y614,OBJETO EXTRAÑO DEJADO ACCIDENTALMENTE EN EL CUERPO DURANTE EXAMEN ENDOSCÓPICO,,,,0
Y615,OBJETO EXTRAÑO DEJADO ACCIDENTALMENTE EN EL CUERPO DURANTE CATETERIZACIÓN CARDÍACA,,,,0
Y616,"OBJETO EXTRAÑO DEJADO ACCIDENTALMENTE EN EL CUERPO DURANTE ASPIRACIÓN, PUNCIÓN Y OTRA CATETERIZACIÓN",,,,0
Y617,OBJETO EXTRAÑO DEJADO ACCIDENTALMENTE EN EL CUERPO DURANTE REMOCIÓN DE CATÉTER O TAPONAMIENTO,,,,0
Y618,OBJETO EXTRAÑO DEJADO ACCIDENTALMENTE EN EL CUERPO DURANTE OTRAS ATENCIONES MÉDICAS Y QUIRÚRGICAS,,,,0
Y619,OBJETO EXTRAÑO DEJADO ACCIDENTALMENTE EN EL CUERPO DURANTE ATENCIÓN MÉDICA Y QUIRÚRGICA NO ESPECIFICADA,,,,0
Y620,FALLAS EN LA ESTERILIZACIÓN DURANTE OPERACIÓN QUIRÚRGICA,,,,0
Y621,FALLAS EN LA ESTERILIZACIÓN DURANTE INFUSIÓN O TRANSFUSIÓN,,,,0
Y622,FALLAS EN LA ESTERILIZACIÓN DURANTE DIÁLISIS RENAL U OTRA PERFUSIÓN,,,,0
Y623,FALLAS EN LA ESTERILIZACIÓN DURANTE INYECCIÓN O INMUNIZACIÓN,,,,0
Y624,FALLAS EN LA ESTERILIZACIÓN DURANTE EXAMEN ENDOSCÓPICO,,,,0
Y625,FALLAS EN LA ESTERILIZACIÓN DURANTE CATETERIZACIÓN CARDÍACA,,,,0
Y626,"FALLAS EN LA ESTERILIZACIÓN DURANTE ASPIRACIÓN, PUNCIÓN Y OTRA CATETERIZACIÓN",,,,0
Y628,FALLAS EN LA ESTERILIZACIÓN DURANTE OTRAS ATENCIONES MÉDICAS Y QUIRÚRGICAS,,,,0
Y629,FALLAS EN LA ESTERILIZACIÓN DURANTE ATENCIÓN MÉDICA Y QUIRÚRGICA NO ESPECIFICADA,,,,0
Y630,EXCESIVA CANTIDAD DE SANGRE U OTRO LÍQUIDO ADMINISTRADO DURANTE UNA INFUSIÓN O TRANSFUSIÓN,,,,0
Y631,DILUCIÓN INCORRECTA DE LÍQUIDO DURANTE UNA INFUSIÓN,,,,0
Y632,SOBREDOSIS DE RADIACIÓN ADMINISTRADA DURANTE TERAPIA,,,,0
Y633,EXPOSICIÓN INADVERTIDA DEL PACIENTE A RADIACIÓN DURANTE ATENCIÓN MÉDICA,,,,0
Y634,FALLA EN LA DOSIFICACIÓN EN ELECTROCHOQUE O EN CHOQUE INSULÍNICO,,,,0
Y635,"FALLA EN EL CONTROL DE TEMPERATURA, EN TAPONAMIENTOS Y APLICACIONES LOCALES",,,,0
Y636,"NO ADMINISTRACIÓN DE DROGAS, MEDICAMENTOS O SUSTANCIAS BIOLÓGICAS NECESARIAS",,,,0
Y638,FALLA EN LA DOSIFICACIÓN DURANTE OTRAS ATENCIONES MÉDICAS Y QUIRÚRGICAS,,,,0
Y639,FALLA EN LA DOSIFICACIÓN DURANTE ATENCIÓN MÉDICA Y QUIRÚRGICA NO ESPECIFICADA,,,,0
Y640,MEDICAMENTO O SUSTANCIA BIOLÓGICA CONTAMINADO EN INFUSIÓN O TRANSFUSIÓN,,,,0
Y641,"MEDICAMENTO O SUSTANCIA BIOLÓGICA CONTAMINADO, INYECTADO O USADO PARA INMUNIZACIÓN",,,,0
Y648,"MEDICAMENTO O SUSTANCIA BIOLÓGICA CONTAMINADO, ADMINISTRADO POR OTROS MEDIOS",,,,0
Y649,"MEDICAMENTO O SUSTANCIA BIOLÓGICA CONTAMINADO, ADMINISTRADO POR MEDIOS NO ESPECIFICADOS",,,,0
Y650,SANGRE INCOMPATIBLE USADA EN TRANSFUSIÓN,,,,0
Y651,LÍQUIDO ERRÓNEO USADO EN INFUSIÓN,,,,0
Y652,FALLA EN LA SUTURA O LIGADURA DURANTE OPERACIÓN QUIRÚRGICA,,,,0
Y653,TUBO ENDOTRAQUEAL COLOCADO ERRÓNEAMENTE DURANTE PROCEDIMIENTO ANESTÉSICO,,,,0
Y654,FALLA EN LA INTRODUCCIÓN O REMOCIÓN DE OTRO TUBO O INSTRUMENTO,,,,0
Y655,REALIZACIÓN DE UNA OPERACIÓN INADECUADA,,,,0
Y658,OTROS INCIDENTES ESPECIFICADOS DURANTE LA ATENCIÓN MÉDICA Y QUIRÚRGICA,,,,0
Y66,NO ADMINISTRACIÓN DE LA ATENCIÓN MÉDICA Y QUIRÚRGICA,,,,0
Y69,INCIDENTES NO ESPECIFICADOS DURANTE LA ATENCIÓN MÉDICA Y QUIRÚRGICA,,,,0
Y700,"DISPOSITIVOS DE ANESTESIOLOGÍA ASOCIADOS CON INCIDENTES ADVERSOS, DISPOSITIVOS DE DIAGNÓSTICO Y MONITOREO",,,,0
Y701,"DISPOSITIVOS DE ANESTESIOLOGÍA ASOCIADOS CON INCIDENTES ADVERSOS, DISPOSITIVOS TERAPÉUTICOS (NO QUIRÚRGICOS) Y DE REHABILITACIÓN",,,,0
Y702,"DISPOSITIVOS DE ANESTESIOLOGÍA ASOCIADOS CON INCIDENTES ADVERSOS, DISPOSITIVOS PROTÉSICOS Y OTROS IMPLANTES, MATERIALES Y ACCESORIOS",,,,0
Y703,"DISPOSITIVOS DE ANESTESIOLOGÍA ASOCIADOS CON INCIDENTES ADVERSOS, INSTRUMENTOS QUIRÚRGICOS, DISPOSITIVOS Y MATERIALES (INCLUSIVE SUTURAS)",,,,0
Y708,"DISPOSITIVOS DE ANESTESIOLOGÍA ASOCIADOS CON INCIDENTES ADVERSOS, DISPOSITIVOS DIVERSOS, NO CLASIFICADOS EN OTRA PARTE",,,,0
Y710,"DISPOSITIVOS CARDIOVASCULARES ASOCIADOS CON INCIDENTES ADVERSOS, DISPOSITIVOS DE DIAGNÓSTICO Y MONITOREO",,,,0
Y711,"DISPOSITIVOS CARDIOVASCULARES ASOCIADOS CON INCIDENTES ADVERSOS, DISPOSITIVOS TERAPÉUTICOS (NO QUIRÚRGICOS) Y DE REHABILITACIÓN",,,,0
Y712,"DISPOSITIVOS CARDIOVASCULARES ASOCIADOS CON INCIDENTES ADVERSOS, DISPOSITIVOS PROTÉSICOS Y OTROS IMPLANTES, MATERIALES Y ACCESORIOS",,,,0
Y713,"DISPOSITIVOS CARDIOVASCULARES ASOCIADOS CON INCIDENTES ADVERSOS, INSTRUMENTOS QUIRÚRGICOS, DISPOSITIVOS Y MATERIALES (INCLUSIVE SUTURAS)",,,,0
Y718,"DISPOSITIVOS CARDIOVASCULARES ASOCIADOS CON INCIDENTES ADVERSOS, DISPOSITIVOS DIVERSOS, NO CLASIFICADOS EN OTRA PARTE",,,,0
Y720,"DISPOSITIVOS OTORRINOLARINGOLÓGICOS ASOCIADOS CON INCIDENTES ADVERSOS, DISPOSITIVOS DE DIAGNÓSTICO Y MONITOREO",,,,0
Y721,"DISPOSITIVOS OTORRINOLARINGOLÓGICOS ASOCIADOS CON INCIDENTES ADVERSOS, DISPOSITIVOS TERAPÉUTICOS (NO QUIRÚRGICOS) Y DE REHABILITACIÓN",,,,0
Y722,"DISPOSITIVOS OTORRINOLARINGOLÓGICOS ASOCIADOS CON INCIDENTES ADVERSOS, DISPOSITIVOS PROTÉSICOS Y OTROS IMPLANTES, MATERIALES Y ACCESORIOS",,,,0
Y723,"DISPOSITIVOS OTORRINOLARINGOLÓGICOS ASOCIADOS CON INCIDENTES ADVERSOS, INSTRUMENTOS QUIRÚRGICOS, DISPOSITIVOS Y MATERIALES (INCLUSIVE SUTURAS)",,,,0
Y728,"DISPOSITIVOS OTORRINOLARINGOLÓGICOS ASOCIADOS CON INCIDENTES ADVERSOS, DISPOSITIVOS DIVERSOS, NO CLASIFICADOS EN OTRA PARTE",,,,0
Y730,"DISPOSITIVOS DE GASTROENTEROLOGÍA Y UROLOGÍA ASOCIADOS CON INCIDENTES ADVERSOS, DISPOSITIVOS DE DIAGNÓSTICO Y MONITOREO",,,,0
Y731,"DISPOSITIVOS DE GASTROENTEROLOGÍA Y UROLOGÍA ASOCIADOS CON INCIDENTES ADVERSOS, DISPOSITIVOS TERAPÉUTICOS (NO QUIRÚRGICOS) Y DE REHABILITACIÓN",,,,0
Y732,"DISPOSITIVOS DE GASTROENTEROLOGÍA Y UROLOGÍA ASOCIADOS CON INCIDENTES ADVERSOS, DISPOSITIVOS PROTÉSICOS Y OTROS IMPLANTES, MATERIALES Y ACCESORIOS",,,,0
Y733,"DISPOSITIVOS DE GASTROENTEROLOGÍA Y UROLOGÍA ASOCIADOS CON INCIDENTES ADVERSOS, INSTRUMENTOS QUIRÚRGICOS, DISPOSITIVOS Y MATERIALES (INCLUSIVE SUTURAS)",,,,0
Y738,"DISPOSITIVOS DE GASTROENTEROLOGÍA Y UROLOGÍA ASOCIADOS CON INCIDENTES ADVERSOS, DISPOSITIVOS DIVERSOS, NO CLASIFICADOS EN OTRA PARTE",,,,0
Y740,"DISPOSITIVOS PARA USO HOSPITALARIO GENERAL Y PERSONAL ASOCIADOS CON INCIDENTES ADVERSOS, DISPOSITIVOS DE DIAGNÓSTICO Y MONITOREO",,,,0
Y741,"DISPOSITIVOS PARA USO HOSPITALARIO GENERAL Y PERSONAL ASOCIADOS CON INCIDENTES ADVERSOS, DISPOSITIVOS TERAPÉUTICOS (NO QUIRÚRGICOS) Y DE REHABILITACIÓN",,,,0
Y742,"DISPOSITIVOS PARA USO HOSPITALARIO GENERAL Y PERSONAL ASOCIADOS CON INCIDENTES ADVERSOS, DISPOSITIVOS PROTÉSICOS Y OTROS IMPLANTES, MATERIALES Y ACCESORIOS",,,,0
Y743,"DISPOSITIVOS PARA USO HOSPITALARIO GENERAL Y PERSONAL ASOCIADOS CON INCIDENTES ADVERSOS, INSTRUMENTOS QUIRÚRGICOS, DISPOSITIVOS Y MATERIALES (INCLUSIVE SUTURAS)",,,,0
Y748,"DISPOSITIVOS PARA USO HOSPITALARIO GENERAL Y PERSONAL ASOCIADOS CON INCIDENTES ADVERSOS, DISPOSITIVOS DIVERSOS, NO CLASIFICADOS EN OTRA PARTE",,,,0
Y750,"DISPOSITIVOS NEUROLÓGICOS ASOCIADOS CON INCIDENTES ADVERSOS, DISPOSITIVOS DE DIAGNÓSTICO Y MONITOREO",,,,0
Y751,"DISPOSITIVOS NEUROLÓGICOS ASOCIADOS CON INCIDENTES ADVERSOS, DISPOSITIVOS TERAPÉUTICOS (NO QUIRÚRGICOS) Y DE REHABILITACIÓN",,,,0
Y752,"DISPOSITIVOS NEUROLÓGICOS ASOCIADOS CON INCIDENTES ADVERSOS, DISPOSITIVOS PROTÉSICOS Y OTROS IMPLANTES, MATERIALES Y ACCESORIOS",,,,0
Y753,"DISPOSITIVOS NEUROLÓGICOS ASOCIADOS CON INCIDENTES ADVERSOS, INSTRUMENTOS QUIRÚRGICOS, DISPOSITIVOS Y MATERIALES (INCLUSIVE SUTURAS)",,,,0
Y758,"DISPOSITIVOS NEUROLÓGICOS ASOCIADOS CON INCIDENTES ADVERSOS, DISPOSITIVOS DIVERSOS, NO CLASIFICADOS EN OTRA PARTE",,,,0
Y760,"DISPOSITIVOS GINECOLÓGICOS Y OBSTÉTRICOS ASOCIADOS CON INCIDENTES ADVERSOS, DISPOSITIVOS DE DIAGNÓSTICO Y MONITOREO",F,3650,43800,0
Y761,"DISPOSITIVOS GINECOLÓGICOS Y OBSTÉTRICOS ASOCIADOS CON INCIDENTES ADVERSOS, DISPOSITIVOS TERAPÉUTICOS (NO QUIRÚRGICOS) Y DE REHABILITACIÓN",F,3650,43800,0
Y762,"DISPOSITIVOS GINECOLÓGICOS Y OBSTÉTRICOS ASOCIADOS CON INCIDENTES ADVERSOS, DISPOSITIVOS PROTÉSICOS Y OTROS IMPLANTES, MATERIALES Y ACCESORIOS",F,3650,43800,0
Y763,"DISPOSITIVOS GINECOLÓGICOS Y OBSTÉTRICOS ASOCIADOS CON INCIDENTES ADVERSOS, INSTRUMENTOS QUIRÚRGICOS, DISPOSITIVOS Y MATERIALES (INCLUSIVE SUTURAS)",F,3650,43800,0
Y768,"DISPOSITIVOS GINECOLÓGICOS Y OBSTÉTRICOS ASOCIADOS CON INCIDENTES ADVERSOS, DISPOSITIVOS DIVERSOS, NO CLASIFICADOS EN OTRA PARTE",F,3650,43800,0
Y770,"DISPOSITIVOS OFTÁLMICOS ASOCIADOS CON INCIDENTES ADVERSOS, DISPOSITIVOS DE DIAGNÓSTICO Y MONITOREO",,,,0
Y771,"DISPOSITIVOS OFTÁLMICOS ASOCIADOS CON INCIDENTES ADVERSOS, DISPOSITIVOS TERAPÉUTICOS (NO QUIRÚRGICOS) Y DE REHABILITACIÓN",,,,0
Y772,"DISPOSITIVOS OFTÁLMICOS ASOCIADOS CON INCIDENTES ADVERSOS, DISPOSITIVOS PROTÉSICOS Y OTROS IMPLANTES, MATERIALES Y ACCESORIOS",,,,0
Y773,"DISPOSITIVOS OFTÁLMICOS ASOCIADOS CON INCIDENTES ADVERSOS, INSTRUMENTOS QUIRÚRGICOS, DISPOSITIVOS Y MATERIALES (INCLUSIVE SUTURAS)",,,,0
Y778,"DISPOSITIVOS OFTÁLMICOS ASOCIADOS CON INCIDENTES ADVERSOS, DISPOSITIVOS DIVERSOS, NO CLASIFICADOS EN OTRA PARTE",,,,0
Y780,"APARATOS RADIOLÓGICOS ASOCIADOS CON INCIDENTES ADVERSOS, DISPOSITIVOS DE DIAGNÓSTICO Y MONITOREO",,,,0
Y781,"APARATOS RADIOLÓGICOS ASOCIADOS CON INCIDENTES ADVERSOS, DISPOSITIVOS TERAPÉUTICOS (NO QUIRÚRGICOS) Y DE REHABILITACIÓN",,,,0
Y782,"APARATOS RADIOLÓGICOS ASOCIADOS CON INCIDENTES ADVERSOS, DISPOSITIVOS PROTÉSICOS Y OTROS IMPLANTES, MATERIALES Y ACCESORIOS",,,,0
Y783,"APARATOS RADIOLÓGICOS ASOCIADOS CON INCIDENTES ADVERSOS, INSTRUMENTOS QUIRÚRGICOS, DISPOSITIVOS Y MATERIALES (INCLUSIVE SUTURAS)",,,,0
Y788,"APARATOS RADIOLÓGICOS ASOCIADOS CON INCIDENTES ADVERSOS, DISPOSITIVOS DIVERSOS, NO CLASIFICADOS EN OTRA PARTE",,,,0
Y790,"DISPOSITIVOS ORTOPÉDICOS ASOCIADOS CON INCIDENTES ADVERSOS, DISPOSITIVOS DE DIAGNÓSTICO Y MONITOREO",,,,0
Y791,"DISPOSITIVOS ORTOPÉDICOS ASOCIADOS CON INCIDENTES ADVERSOS, DISPOSITIVOS TERAPÉUTICOS (NO QUIRÚRGICOS) Y DE REHABILITACIÓN",,,,0
Y792,"DISPOSITIVOS ORTOPÉDICOS ASOCIADOS CON INCIDENTES ADVERSOS, DISPOSITIVOS PROTÉSICOS Y OTROS IMPLANTES, MATERIALES Y ACCESORIOS",,,,0
Y793,"DISPOSITIVOS ORTOPÉDICOS ASOCIADOS CON INCIDENTES ADVERSOS, INSTRUMENTOS QUIRÚRGICOS, DISPOSITIVOS Y MATERIALES (INCLUSIVE SUTURAS)",,,,0
Y798,"DISPOSITIVOS ORTOPÉDICOS ASOCIADOS CON INCIDENTES ADVERSOS, DISPOSITIVOS DIVERSOS, NO CLASIFICADOS EN OTRA PARTE",,,,0
Y800,"APARATOS DE MEDICINA FÍSICA ASOCIADOS CON INCIDENTES ADVERSOS, DISPOSITIVOS DE DIAGNÓSTICO Y MONITOREO",,,,0
Y801,"APARATOS DE MEDICINA FÍSICA ASOCIADOS CON INCIDENTES ADVERSOS, DISPOSITIVOS TERAPÉUTICOS (NO QUIRÚRGICOS) Y DE REHABILITACIÓN",,,,0
Y802,"APARATOS DE MEDICINA FÍSICA ASOCIADOS CON INCIDENTES ADVERSOS, DISPOSITIVOS PROTÉSICOS Y OTROS IMPLANTES, MATERIALES Y ACCESORIOS",,,,0
Y803,"APARATOS DE MEDICINA FÍSICA ASOCIADOS CON INCIDENTES ADVERSOS, INSTRUMENTOS QUIRÚRGICOS, DISPOSITIVOS Y MATERIALES (INCLUSIVE SUTURAS)",,,,0
Y808,"APARATOS DE MEDICINA FÍSICA ASOCIADOS CON INCIDENTES ADVERSOS, DISPOSITIVOS DIVERSOS, NO CLASIFICADOS EN OTRA PARTE",,,,0
Y810,"DISPOSITIVOS DE CIRUGÍA GENERAL Y PLÁSTICA ASOCIADOS CON INCIDENTES ADVERSOS, DISPOSITIVOS DE DIAGNÓSTICO Y MONITOREO",,,,0
Y811,"DISPOSITIVOS DE CIRUGÍA GENERAL Y PLÁSTICA ASOCIADOS CON INCIDENTES ADVERSOS, DISPOSITIVOS TERAPÉUTICOS (NO QUIRÚRGICOS) Y DE REHABILITACIÓN",,,,0
Y812,"DISPOSITIVOS DE CIRUGÍA GENERAL Y PLÁSTICA ASOCIADOS CON INCIDENTES ADVERSOS, DISPOSITIVOS PROTÉSICOS Y OTROS IMPLANTES, MATERIALES Y ACCESORIOS",,,,0
Y813,"DISPOSITIVOS DE CIRUGÍA GENERAL Y PLÁSTICA ASOCIADOS CON INCIDENTES ADVERSOS, INSTRUMENTOS QUIRÚRGICOS, DISPOSITIVOS Y MATERIALES (INCLUSIVE SUTURAS)",,,,0
Y818,"DISPOSITIVOS DE CIRUGÍA GENERAL Y PLÁSTICA ASOCIADOS CON INCIDENTES ADVERSOS, DISPOSITIVOS DIVERSOS, NO CLASIFICADOS EN OTRA PARTE",,,,0
Y820,"OTROS DISPOSITIVOS MÉDICOS, Y LOS NO ESPECIFICADOS, ASOCIADOS CON INCIDENTES ADVERSOS, DISPOSITIVOS DE DIAGNÓSTICO Y MONITOREO",,,,0
Y821,"OTROS DISPOSITIVOS MÉDICOS, Y LOS NO ESPECIFICADOS, ASOCIADOS CON INCIDENTES ADVERSOS, DISPOSITIVOS TERAPÉUTICOS (NO QUIRÚRGICOS) Y DE REHABILITACIÓN",,,,0
Y822,"OTROS DISPOSITIVOS MÉDICOS, Y LOS NO ESPECIFICADOS, ASOCIADOS CON INCIDENTES ADVERSOS, DISPOSITIVOS PROTÉSICOS Y OTROS IMPLANTES, MATERIALES Y ACCESORIOS",,,,0
Y823,"OTROS DISPOSITIVOS MÉDICOS, Y LOS NO ESPECIFICADOS, ASOCIADOS CON INCIDENTES ADVERSOS, INSTRUMENTOS QUIRÚRGICOS, DISPOSITIVOS Y MATERIALES (INCLUSIVE SUTURAS)",,,,0
Y828,"OTROS DISPOSITIVOS MÉDICOS, Y LOS NO ESPECIFICADOS, ASOCIADOS CON INCIDENTES ADVERSOS, DISPOSITIVOS DIVERSOS, NO CLASIFICADOS EN OTRA PARTE",,,,0
Y830,OPERACIÓN QUIRÚRGICA CON TRASPLANTE DE UN ÓRGANO COMPLETO,,,,0
Y831,OPERACIÓN QUIRÚRGICA CON IMPLANTE DE UN DISPOSITIVO ARTIFICIAL INTERNO,,,,0
Y832,"OPERACIÓN QUIRÚRGICA CON ANASTOMOSIS, DERIVACIÓN O INJERTO",,,,0
Y833,OPERACIÓN QUIRÚRGICA CON FORMACIÓN DE ESTOMA EXTERNO,,,,0
Y834,OTRA CIRUGÍA RECONSTRUCTIVA,,,,0
Y835,AMPUTACIÓN DE MIEMBRO(S),,,,0
Y836,REMOCIÓN DE OTRO ÓRGANO (PARCIAL) (TOTAL),,,,0
Y838,OTROS PROCEDIMIENTOS QUIRÚRGICOS,,,,0
Y839,PROCEDIMIENTO QUIRÚRGICO NO ESPECIFICADO,,,,0
Y840,CATETERIZACIÓN CARDÍACA,,,,0
Y841,DIÁLISIS RENAL,,,,0
Y842,PROCEDIMIENTO RADIOLÓGICO Y RADIOTERAPIA,,,,0
Y843,TERAPIA POR CHOQUE,,,,0
Y844,ASPIRACIÓN DE LÍQUIDOS,,,,0
Y845,INSERCIÓN DE SONDA GÁSTRICA O DUODENAL,,,,0
Y846,CATETERIZACIÓN URINARIA,,,,0
Y847,MUESTRA DE SANGRE,,,,0
Y848,OTROS PROCEDIMIENTOS MÉDICOS,,,,0
Y849,PROCEDIMIENTO MÉDICO NO ESPECIFICADO,,,,0
Y850,SECUELAS DE ACCIDENTE DE VEHÍCULO DE MOTOR,,,,0
Y859,"SECUELAS DE OTROS ACCIDENTES DE TRANSPORTE, Y LOS NO ESPECIFICADOS",,,,0
Y86,SECUELAS DE OTROS ACCIDENTES,,,,0
Y870,SECUELAS DE LESIONES AUTOINFLIGIDAS,,,,0
Y871,SECUELAS DE AGRESIONES,,,,0
Y872,SECUELAS DE EVENTOS DE INTENCIÓN NO DETERMINADA,,,,0
Y880,"SECUELAS DE EFECTOS ADVERSOS CAUSADOS POR DROGAS, MEDICAMENTOS Y SUSTANCIAS BIOLÓGICAS EN SU USO TERAPÉUTICO",,,,0
Y881,SECUELAS DE INCIDENTES OCURRIDOS AL PACIENTE DURANTE PROCEDIMIENTOS MÉDICOS Y QUIRÚRGICOS,,,,0
Y882,SECUELAS DE INCIDENTES ADVERSOS ASOCIADOS CON DISPOSITIVOS MÉDICOS EN USO DIAGNÓSTICO Y TERAPÉUTICO,,,,0
Y883,"SECUELAS DE PROCEDIMIENTOS MÉDICOS Y QUIRÚRGICOS COMO LA CAUSA DE REACCIÓN ANORMAL DEL PACIENTE O DE COMPLICACIÓN POSTERIOR, SIN MENCIÓN DE INCIDENTE EN EL MOMENTO DE EFECTUAR EL PROCEDIMIENTO",,,,0
Y890,SECUELAS DE INTERVENCIÓN LEGAL,,,,0
Y891,SECUELAS DE OPERACIONES DE GUERRA,,,,0
Y899,SECUELAS DE CAUSA EXTERNA NO ESPECIFICADA,,,,0
Y900,NIVEL DE ALCOHOL EN LA SANGRE MENOR DE 20 MG/100 ML,,,,0
Y901,NIVEL DE ALCOHOL EN LA SANGRE DE 20 A 39 MG/100 ML,,,,0
Y902,NIVEL DE ALCOHOL EN LA SANGRE DE 40 A 59 MG/100 ML,,,,0
Y903,NIVEL DE ALCOHOL EN LA SANGRE DE 60 A 79 MG/100 ML,,,,0
Y904,NIVEL DE ALCOHOL EN LA SANGRE DE 80 A 99 MG/100 ML,,,,0
Y905,NIVEL DE ALCOHOL EN LA SANGRE DE 100 A 119 MG/100 ML,,,,0
Y906,NIVEL DE ALCOHOL EN LA SANGRE DE 120 A 199 MG/100 ML,,,,0
Y907,NIVEL DE ALCOHOL EN LA SANGRE DE 200 A 239 MG/100 ML,,,,0
Y908,NIVEL DE ALCOHOL EN LA SANGRE DE 240 MG/100 ML O MÁS,,,,0
Y909,"PRESENCIA DE ALCOHOL EN LA SANGRE, NIVEL NO ESPECIFICADO",,,,0
Y910,INTOXICACIÓN ALCOHÓLICA LEVE,,,,0
Y911,INTOXICACIÓN ALCOHÓLICA MODERADA,,,,0
Y912,INTOXICACIÓN ALCOHÓLICA SEVERA,,,,0
Y913,INTOXICACIÓN ALCOHÓLICA MUY SEVERA,,,,0
Y919,"ALCOHOLISMO, NIVEL DE INTOXICACIÓN NO ESPECIFICADO",,,,0
Y95,AFECCIÓN NOSOCOMIAL,,,,0
Y96,AFECCIÓN RELACIONADA CON EL TRABAJO,,,,0
Y97,AFECCIÓN RELACIONADA CON LA CONTAMINACIÓN AMBIENTAL,,,,0
Y98,AFECCIÓN RELACIONADA CON EL ESTILO DE VIDA,,,,0
Z000,EXAMEN MÉDICO GENERAL,,,,1
Z001,CONTROL DE SALUD DE RUTINA DEL NIÑO,,0,1460,1
Z002,EXAMEN DURANTE EL PERÍODO DE CRECIMIENTO RÁPIDO EN LA INFANCIA,,1825,3285,1
Z003,EXAMEN DEL ESTADO DE DESARROLLO DEL ADOLESCENTE,,3650,6935,1
Z004,"EXAMEN PSIQUIÁTRICO GENERAL, NO CLASIFICADO EN OTRA PARTE",,,,1
Z005,EXAMEN DE DONANTE POTENCIAL DE ÓRGANO O TEJIDO,,,,1
Z006,EXAMEN PARA COMPARACIÓN Y CONTROL NORMALES EN PROGRAMA DE INVESTIGACIÓN CLÍNICA,,,,1
Z008,OTROS EXÁMENES GENERALES,,,,0
Z010,EXAMEN DE OJOS Y DE LA VISIÓN,,,,1
Z011,EXAMEN DE OÍDOS Y DE LA AUDICIÓN,,,,1
Z012,EXAMEN ODONTOLÓGICO,,,,1
Z013,EXAMEN DE LA PRESIÓN SANGUÍNEA,,,,0
Z014,EXAMEN GINECOLÓGICO (GENERAL) (DE RUTINA),F,3650,43800,1
Z015,PRUEBAS DE SENSIBILIZACIÓN Y DIAGNÓSTICO CUTÁNEO,,,,1
Z016,"EXAMEN RADIOLÓGICO, NO CLASIFICADO EN OTRA PARTE",,,,1
Z017,EXAMEN DE LABORATORIO,,,,0
Z018,OTROS EXÁMENES ESPECIALES ESPECIFICADOS,,,,0
Z019,EXAMEN ESPECIAL NO ESPECIFICADO,,,,0
Z020,EXAMEN PARA ADMISIÓN A INSTITUCIONES EDUCATIVAS,,,,1
Z021,EXAMEN PREEMPLEO,,,,1
Z022,EXAMEN PARA ADMISIÓN A INSTITUCIONES RESIDENCIALES,,,,1
Z023,EXAMEN PARA RECLUTAMIENTO EN LAS FUERZAS ARMADAS,,,,1
Z024,EXAMEN PARA OBTENCIÓN DE LICENCIA DE CONDUCIR,,,,1
Z025,EXAMEN PARA PARTICIPACIÓN EN COMPETENCIAS DEPORTIVAS,,,,1
Z026,EXAMEN PARA FINES DE SEGUROS,,,,1
Z027,EXTENSIÓN DE CERTIFICADO MÉDICO,,,,1
Z028,OTROS EXÁMENES PARA FINES ADMINISTRATIVOS,,,,0
Z029,"EXAMEN PARA FINES ADMINISTRATIVOS, NO ESPECIFICADO",,,,1
Z030,OBSERVACIÓN POR SOSPECHA DE TUBERCULOSIS,,,,1
Z031,OBSERVACIÓN POR SOSPECHA DE TUMOR MALIGNO,,,,1
Z032,OBSERVACIÓN POR SOSPECHA DE TRASTORNO MENTAL Y DEL COMPORTAMIENTO,,,,1
Z033,OBSERVACIÓN POR SOSPECHA DE TRASTORNO DEL SISTEMA NERVIOSO,,,,1
Z034,OBSERVACIÓN POR SOSPECHA DE INFARTO DE MIOCARDIO,,,,1
Z035,OBSERVACIÓN POR SOSPECHA DE OTRAS ENFERMEDADES CARDIOVASCULARES,,,,1
Z036,OBSERVACIÓN POR SOSPECHA DE EFECTOS TÓXICOS DE SUSTANCIAS INGERIDAS,,,,1
Z038,OBSERVACIÓN POR SOSPECHA DE OTRAS ENFERMEDADES Y AFECCIONES,,,,1
Z039,OBSERVACIÓN POR SOSPECHA DE ENFERMEDAD O AFECCIÓN NO ESPECIFICADA,,,,1
Z040,PRUEBA DE ALCOHOL O DROGAS EN LA SANGRE,,,,0
Z041,EXAMEN Y OBSERVACIÓN CONSECUTIVOS A ACCIDENTE DE TRANSPORTE,,,,1
Z042,EXAMEN Y OBSERVACIÓN CONSECUTIVOS A ACCIDENTE DE TRABAJO,,4380,31025,1
Z043,EXAMEN Y OBSERVACIÓN CONSECUTIVOS A OTRO ACCIDENTE,,,,1
Z044,EXAMEN Y OBSERVACIÓN CONSECUTIVOS A DENUNCIA DE VIOLACIÓN Y SEDUCCIÓN,,,,1
Z045,EXAMEN Y OBSERVACIÓN CONSECUTIVOS A OTRA LESIÓN INFLIGIDA,,,,1
Z046,"EXAMEN PSIQUIÁTRICO GENERAL, SOLICITADO POR UNA AUTORIDAD",,,,1
Z048,EXAMEN Y OBSERVACIÓN POR OTRAS RAZONES ESPECIFICADAS,,,,1
Z049,EXAMEN Y OBSERVACIÓN POR RAZONES NO ESPECIFICADAS,,,,1
Z080,EXAMEN DE SEGUIMIENTO CONSECUTIVO A CIRUGÍA POR TUMOR MALIGNO,,,,0
Z081,EXAMEN DE SEGUIMIENTO CONSECUTIVO A RADIOTERAPIA POR TUMOR MALIGNO,,,,0
Z082,EXAMEN DE SEGUIMIENTO CONSECUTIVO A QUIMIOTERAPIA POR TUMOR MALIGNO,,,,0
Z087,EXAMEN DE SEGUIMIENTO CONSECUTIVO A TRATAMIENTO COMBINADO POR TUMOR MALIGNO,,,,0
Z088,EXAMEN DE SEGUIMIENTO CONSECUTIVO A OTRO TRATAMIENTO POR TUMOR MALIGNO,,,,0
Z089,EXAMEN DE SEGUIMIENTO CONSECUTIVO A TRATAMIENTO NO ESPECIFICADO POR TUMOR MALIGNO,,,,0
Z090,EXAMEN DE SEGUIMIENTO CONSECUTIVO A CIRUGÍA POR OTRAS AFECCIONES,,,,0
Z091,EXAMEN DE SEGUIMIENTO CONSECUTIVO A RADIOTERAPIA POR OTRAS AFECCIONES,,,,0
Z092,EXAMEN DE SEGUIMIENTO CONSECUTIVO A QUIMIOTERAPIA POR OTRAS AFECCIONES,,,,0
Z093,EXAMEN DE SEGUIMIENTO CONSECUTIVO A PSICOTERAPIA,,,,0
Z094,EXAMEN DE SEGUIMIENTO CONSECUTIVO A TRATAMIENTO DE FRACTURA,,,,0
Z097,EXAMEN DE SEGUIMIENTO CONSECUTIVO A TRATAMIENTO COMBINADO POR OTRAS AFECCIONES,,,,0
Z098,EXAMEN DE SEGUIMIENTO CONSECUTIVO A OTRO TRATAMIENTO POR OTRAS AFECCIONES,,,,0
Z099,EXAMEN DE SEGUIMIENTO CONSECUTIVO A TRATAMIENTO NO ESPECIFICADO POR OTRAS AFECCIONES,,,,0
Z100,EXAMEN DE SALUD OCUPACIONAL,,,,1
Z101,CONTROL GENERAL DE SALUD DE RUTINA DE RESIDENTES DE INSTITUCIONES,,,,1
Z102,CONTROL GENERAL DE SALUD DE RUTINA A MIEMBROS DE LAS FUERZAS ARMADAS,,,,1
Z103,CONTROL GENERAL DE SALUD DE RUTINA A INTEGRANTES DE EQUIPOS DEPORTIVOS,,,,1
Z108,OTROS CONTROLES GENERALES DE SALUD DE RUTINA DE OTRAS SUBPOBLACIONES DEFINIDAS,,,,1
Z110,EXAMEN DE PESQUISA ESPECIAL PARA ENFERMEDADES INFECCIOSAS INTESTINALES,,,,0
Z111,EXAMEN DE PESQUISA ESPECIAL PARA TUBERCULOSIS RESPIRATORIA,,,,0
Z112,EXAMEN DE PESQUISA ESPECIAL PARA OTRAS ENFERMEDADES BACTERIANAS,,,,0
Z113,EXAMEN DE PESQUISA ESPECIAL PARA INFECCIONES DE TRANSMISIÓN PREDOMINANTEMENTE SEXUAL,,,,0
Z114,EXAMEN DE PESQUISA ESPECIAL PARA EL VIRUS DE LA INMUNODEFICIENCIA HUMANA [VIH],,,,0
Z115,EXAMEN DE PESQUISA ESPECIAL PARA OTRAS ENFERMEDADES VIRALES,,,,0
Z116,EXAMEN DE PESQUISA ESPECIAL PARA OTRAS ENFERMEDADES DEBIDAS A PROTOZOARIOS Y HELMINTOS,,,,0
Z118,EXAMEN DE PESQUISA ESPECIAL PARA OTRAS ENFERMEDADES INFECCIOSAS Y PARASITARIAS ESPECIFICADAS,,,,1
Z119,EXAMEN DE PESQUISA ESPECIAL PARA ENFERMEDADES INFECCIOSAS Y PARASITARIAS NO ESPECIFICADAS,,,,0
Z120,EXAMEN DE PESQUISA ESPECIAL PARA TUMOR DE ESTÓMAGO,,,,0
Z121,EXAMEN DE PESQUISA ESPECIAL PARA TUMOR DEL INTESTINO,,,,0
Z122,EXAMEN DE PESQUISA ESPECIAL PARA TUMORES DE ÓRGANOS RESPIRATORIOS,,,,0
Z123,EXAMEN DE PESQUISA ESPECIAL PARA TUMOR DE LA MAMA,,,,0
Z124,EXAMEN DE PESQUISA ESPECIAL PARA TUMOR DEL CUELLO UTERINO,F,3650,43800,0
Z125,EXAMEN DE PESQUISA ESPECIAL PARA TUMOR DE LA PRÓSTATA,M,7300,43800,0
Z126,EXAMEN DE PESQUISA ESPECIAL PARA TUMOR DE LA VEJIGA,,,,0
Z128,EXAMEN DE PESQUISA ESPECIAL PARA TUMORES DE OTROS SITIOS,,,,0
Z129,EXAMEN DE PESQUISA ESPECIAL PARA TUMOR DE SITIO NO ESPECIFICADO,,,,0
Z130,EXAMEN DE PESQUISA ESPECIAL PARA ENFERMEDADES DE LA SANGRE Y ÓRGANOS HEMATOPOYÉTICOS Y CIERTOS TRASTORNOS DEL MECANISMO DE LA INMUNIDAD,,,,0
Z131,EXAMEN DE PESQUISA ESPECIAL PARA DIABETES MELLITUS,,,,0
Z132,EXAMEN DE PESQUISA ESPECIAL PARA TRASTORNOS DE LA NUTRICIÓN,,,,0
Z133,EXAMEN DE PESQUISA ESPECIAL PARA TRASTORNOS MENTALES Y DEL COMPORTAMIENTO,,,,0
Z134,EXAMEN DE PESQUISA ESPECIAL PARA CIERTOS TRASTORNOS DEL DESARROLLO EN EL NIÑO,,0,3285,1
Z135,EXAMEN DE PESQUISA ESPECIAL PARA TRASTORNOS DEL OJO Y DEL OÍDO,,,,0
Z136,EXAMEN DE PESQUISA ESPECIAL PARA TRASTORNOS CARDIOVASCULARES,,,,0
Z137,"EXAMEN DE PESQUISA ESPECIAL PARA MALFORMACIONES CONGÉNITAS, DEFORMIDADES Y ANOMALÍAS CROMOSÓMICAS",,,,0
Z138,EXAMEN DE PESQUISA ESPECIAL PARA OTRAS ENFERMEDADES Y TRASTORNOS ESPECIFICADOS,,,,0
Z139,"EXAMEN DE PESQUISA ESPECIAL, NO ESPECIFICADO",,,,0
Z200,CONTACTO CON Y EXPOSICIÓN A ENFERMEDADES INFECCIOSAS INTESTINALES,,,,1
Z201,CONTACTO CON Y EXPOSICIÓN A TUBERCULOSIS,,,,1
Z202,CONTACTO CON Y EXPOSICIÓN A ENFERMEDADES INFECCIOSAS CON UN MODO DE TRANSMISIÓN PREDOMINANTEMENTE SEXUAL,,,,1
Z203,CONTACTO CON Y EXPOSICIÓN A RABIA,,,,1
Z204,CONTACTO CON Y EXPOSICIÓN A RUBÉOLA,,,,1
Z205,CONTACTO CON Y EXPOSICIÓN A HEPATITIS VIRAL,,,,1
Z206,CONTACTO CON Y EXPOSICIÓN AL VIRUS DE LA INMUNODEFICIENCIA HUMANA [VIH],,,,1
Z207,"CONTACTO CON Y EXPOSICIÓN A PEDICULOSIS, ACARIASIS Y OTRAS INFESTACIONES",,,,1
Z208,CONTACTO CON Y EXPOSICIÓN A OTRAS ENFERMEDADES TRANSMISIBLES,,,,1
Z209,CONTACTO CON Y EXPOSICIÓN A ENFERMEDADES TRANSMISIBLES NO ESPECIFICADAS,,,,1
Z21,ESTADO DE INFECCIÓN ASINTOMÁTICA POR EL VIRUS DE LA INMUNODEFICIENCIA HUMANA [VIH],,,,1
Z220,PORTADOR DEL AGENTE DE LA FIEBRE TIFOIDEA,,,,1
Z221,PORTADOR DE AGENTES DE OTRAS ENFERMEDADES INFECCIOSAS INTESTINALES,,,,1
Z222,PORTADOR DEL AGENTE DE LA DIFTERIA,,,,1
Z223,PORTADOR DE AGENTES DE OTRAS ENFERMEDADES BACTERIANAS ESPECIFICADAS,,,,1
Z224,PORTADOR DE AGENTES DE ENFERMEDADES INFECCIOSAS CON UN MODO DE TRANSMISIÓN PREDOMINANTEMENTE SEXUAL,,,,1
Z226,PORTADOR DEL VIRUS HUMANO T-LINFOTRÓPICO TIPO 1 [VHTL-1],,,,1
Z228,PORTADOR DE AGENTES DE OTRAS ENFERMEDADES INFECCIOSAS,,,,1
Z229,PORTADOR DE AGENTE DE ENFERMEDAD INFECCIOSA NO ESPECIFICADA,,,,1
Z230,NECESIDAD DE INMUNIZACIÓN SÓLO CONTRA EL CÓLERA,,,,0
Z231,NECESIDAD DE INMUNIZACIÓN SÓLO CONTRA LA TIFOIDEA-PARATIFOIDEA [TAB],,,,0
Z232,NECESIDAD DE INMUNIZACIÓN CONTRA LA TUBERCULOSIS [BCG],,0,5475,0
Z233,NECESIDAD DE INMUNIZACIÓN CONTRA LA PESTE,,,,0
Z234,NECESIDAD DE INMUNIZACIÓN CONTRA LA TULAREMIA,,,,0
Z235,NECESIDAD DE INMUNIZACIÓN SÓLO CONTRA EL TÉTANOS,,,,0
Z236,NECESIDAD DE INMUNIZACIÓN SÓLO CONTRA LA DIFTERIA,,0,1460,0
Z237,NECESIDAD DE INMUNIZACIÓN SÓLO CONTRA LA TOS FERINA,,0,1460,0
Z238,NECESIDAD DE INMUNIZACIÓN SÓLO CONTRA OTRA ENFERMEDAD BACTERIANA,,,,0
Z240,NECESIDAD DE INMUNIZACIÓN CONTRA LA POLIOMIELITIS,,0,1460,0
Z241,NECESIDAD DE INMUNIZACIÓN CONTRA LA ENCEFALITIS VIRAL TRANSMITIDA POR ARTRÓPODOS,,,,0
Z242,NECESIDAD DE INMUNIZACIÓN CONTRA LA RABIA,,,,0
Z243,NECESIDAD DE INMUNIZACIÓN CONTRA LA FIEBRE AMARILLA,,,,0
Z244,NECESIDAD DE INMUNIZACIÓN SÓLO CONTRA EL SARAMPIÓN,,180,5110,0
Z245,NECESIDAD DE INMUNIZACIÓN SÓLO CONTRA LA RUBÉOLA,,,,0
Z246,NECESIDAD DE INMUNIZACIÓN CONTRA LA HEPATITIS VIRAL,,,,0
Z250,NECESIDAD DE INMUNIZACIÓN SÓLO CONTRA LA PAROTIDITIS,,,,0
Z251,NECESIDAD DE INMUNIZACIÓN CONTRA LA INFLUENZA [GRIPE],,,,0
Z258,NECESIDAD DE INMUNIZACIÓN CONTRA OTRAS ENFERMEDADES VIRALES ÚNICAS ESPECIFICADAS,,,,0
Z260,NECESIDAD DE INMUNIZACIÓN CONTRA LA LEISHMANIASIS,,,,0
Z268,NECESIDAD DE INMUNIZACIÓN CONTRA OTRAS ENFERMEDADES INFECCIOSAS ÚNICAS ESPECIFICADAS,,,,0
Z269,NECESIDAD DE INMUNIZACIÓN CONTRA ENFERMEDAD INFECCIOSA NO ESPECIFICADA,,,,0
Z270,NECESIDAD DE INMUNIZACIÓN CONTRA EL CÓLERA Y LA TIFOIDEA-PARATIFOIDEA [CÓLERA + TAB],,,,0
Z271,NECESIDAD DE INMUNIZACIÓN CONTRA DIFTERIA-PERTUSSIS-TÉTANOS COMBINADOS [DPT],,0,1460,0
Z272,NECESIDAD DE INMUNIZACIÓN CONTRA DIFTERIA-PERTUSSIS-TÉTANOS Y TIFOIDEA-PARATIFOIDEA [DPT + TAB],,,,0
Z273,NECESIDAD DE INMUNIZACIÓN CONTRA DIFTERIA-PERTUSSIS-TÉTANOS Y POLIOMIELITIS [DPT + POLIO],,0,1460,0
Z274,NECESIDAD DE INMUNIZACIÓN CONTRA SARAMPIÓN-PAROTIDITIS-RUBÉOLA- [SPR] [MMR],,2190,3650,0
Z278,NECESIDAD DE INMUNIZACIÓN CONTRA OTRAS COMBINACIONES DE ENFERMEDADES INFECCIOSAS,,,,0
Z279,NECESIDAD DE INMUNIZACIÓN CONTRA COMBINACIONES NO ESPECIFICADAS DE ENFERMEDADES INFECCIOSAS,,,,0
Z280,INMUNIZACIÓN NO REALIZADA POR CONTRAINDICACIÓN,,,,0
Z281,"INMUNIZACIÓN NO REALIZADA POR DECISIÓN DEL PACIENTE, POR MOTIVOS DE CREENCIA O PRESIÓN DE GRUPO",,,,0
Z282,"INMUNIZACIÓN NO REALIZADA POR DECISIÓN DEL PACIENTE, POR OTRAS RAZONES Y LAS NO ESPECIFICADAS",,,,0
Z288,INMUNIZACIÓN NO REALIZADA POR OTRAS RAZONES,,,,0
Z289,INMUNIZACIÓN NO REALIZADA POR RAZÓN NO ESPECIFICADA,,,,0
Z290,AISLAMIENTO,,,,0
Z291,INMUNOTERAPIA PROFILÁCTICA,,,,1
Z292,OTRA QUIMIOTERAPIA PROFILÁCTICA,,,,0
Z298,OTRAS MEDIDAS PROFILÁCTICAS ESPECIFICADAS,,,,0
Z299,MEDIDA PROFILÁCTICA NO ESPECIFICADA,,,,0
Z300,CONSEJO Y ASESORAMIENTO GENERAL SOBRE LA ANTICONCEPCIÓN,,3650,19710,1
Z301,INSERCIÓN DE DISPOSITIVO ANTICONCEPTIVO (INTRAUTERINO),F,3650,19710,1
Z302,ESTERILIZACIÓN,,,,1
Z303,EXTRACCIÓN MENSTRUAL,F,3650,19710,0
Z304,SUPERVISIÓN DEL USO DE DROGAS ANTICONCEPTIVAS,,3650,19710,1
Z305,SUPERVISIÓN DEL USO DE DISPOSITIVO ANTICONCEPTIVO (INTRAUTERINO),F,3650,19710,1
Z308,OTRAS ATENCIONES ESPECIFICADAS PARA LA ANTICONCEPCIÓN,,,,1
Z309,"ASISTENCIA PARA LA ANTICONCEPCIÓN, NO ESPECIFICADA",,,,1
Z310,TUBOPLASTIA O VASOPLASTIA POSTERIOR A ESTERILIZACIÓN,,,,0
Z311,INSEMINACIÓN ARTIFICIAL,F,7300,12775,1
Z312,FECUNDACIÓN IN VITRO,F,7300,12775,1
Z313,OTROS MÉTODOS DE ATENCIÓN PARA LA FECUNDACIÓN,,7300,12775,1
Z314,INVESTIGACIÓN Y PRUEBA PARA LA PROCREACIÓN,,7300,18250,1
Z315,ASESORAMIENTO GENÉTICO,,,,1
Z316,CONSEJO Y ASESORAMIENTO GENERAL SOBRE LA PROCREACIÓN,,,,1
Z318,OTRA ATENCIÓN ESPECIFICADA PARA LA PROCREACIÓN,,,,1
Z319,ATENCIÓN NO ESPECIFICADA RELACIONADA CON LA PROCREACIÓN,,,,1
Z320,EMBARAZO (AÚN) NO CONFIRMADO,F,3650,19710,1
Z321,EMBARAZO CONFIRMADO,F,3650,19710,1
Z33,"ESTADO DE EMBARAZO, INCIDENTAL",F,3650,19710,1
Z340,SUPERVISIÓN DE PRIMER EMBARAZO NORMAL,F,3650,19710,1
Z348,SUPERVISIÓN DE OTROS EMBARAZOS NORMALES,F,3650,19710,1
Z349,SUPERVISIÓN DE EMBARAZO NORMAL NO ESPECIFICADO,F,3650,19710,1
Z350,SUPERVISIÓN DE EMBARAZO CON HISTORIA DE ESTERILIDAD,F,3650,19710,1
Z351,SUPERVISIÓN DE EMBARAZO CON HISTORIA DE ABORTO,F,3650,19710,1
Z352,SUPERVISIÓN DE EMBARAZO CON OTRO RIESGO EN LA HISTORIA OBSTÉTRICA O REPRODUCTIVA,F,3650,19710,1
Z353,SUPERVISIÓN DE EMBARAZO CON HISTORIA DE INSUFICIENTE ATENCIÓN PRENATAL,F,3650,19710,1
Z354,SUPERVISIÓN DE EMBARAZO CON GRAN MULTIPARIDAD,F,3650,19710,1
Z355,SUPERVISIÓN DE PRIMIGESTA AÑOSA,F,3650,19710,1
Z356,SUPERVISIÓN DE PRIMIGESTA MUY JOVEN,F,3650,19710,1
Z357,SUPERVISIÓN DE EMBARAZO DE ALTO RIESGO DEBIDO A PROBLEMAS SOCIALES,F,3650,19710,1
Z358,SUPERVISIÓN DE OTROS EMBARAZOS DE ALTO RIESGO,F,3650,19710,1
Z359,"SUPERVISIÓN DE EMBARAZO DE ALTO RIESGO, SIN OTRA ESPECIFICACIÓN",F,3650,19710,1
Z360,PESQUISA PRENATAL PARA ANOMALÍAS CROMOSÓMICAS,F,3650,19710,0
Z361,PESQUISA PRENATAL PARA MEDIR NIVELES ELEVADOS DE ALFAFETOPROTEÍNAS,F,3650,19710,0
Z362,OTRAS PESQUISAS PRENATALES BASADAS EN AMNIOCENTESIS,F,3650,19710,0
Z363,PESQUISA PRENATAL DE MALFORMACIONES USANDO ULTRASONIDO Y OTROS MÉTODOS FÍSICOS,F,3650,19710,0
Z364,PESQUISA PRENATAL DEL RETARDO DEL CRECIMIENTO FETAL USANDO ULTRASONIDO Y OTROS MÉTODOS FÍSICOS,F,3650,19710,0
Z365,PESQUISA PRENATAL PARA ISOINMUNIZACIÓN,F,3650,19710,0
Z368,OTRAS PESQUISAS PRENATALES ESPECIFICAS,F,3650,19710,0
Z369,"PESQUISA PRENATAL, SIN OTRA ESPECIFICACIÓN",F,3650,19710,0
Z370,"NACIDO VIVO, ÚNICO",F,3650,19710,0
Z371,"NACIDO MUERTO, ÚNICO",F,3650,19710,0
Z372,"GEMELOS, AMBOS NACIDOS VIVOS",F,3650,19710,0
Z373,"GEMELOS, UN NACIDO VIVO Y UN NACIDO MUERTO",F,3650,19710,0
Z374,"GEMELOS, AMBOS NACIDOS MUERTOS",F,3650,19710,0
Z375,"OTROS NACIMIENTOS MÚLTIPLES, TODOS NACIDOS VIVOS",F,3650,19710,0
Z376,"OTROS NACIMIENTOS MÚLTIPLES, ALGUNOS NACIDOS VIVOS",F,3650,19710,0
Z377,"OTROS NACIMIENTOS MÚLTIPLES, TODOS NACIDOS MUERTOS",F,3650,19710,0
Z379,PRODUCTO DEL PARTO NO ESPECIFICADO,F,3650,19710,1
Z380,"PRODUCTO ÚNICO, NACIDO EN HOSPITAL",,0,27,1
Z381,"PRODUCTO ÚNICO, NACIDO FUERA DE HOSPITAL",,0,27,1
Z382,"PRODUCTO ÚNICO, LUGAR DE NACIMIENTO NO ESPECIFICADO",,0,27,1
Z383,"GEMELOS, NACIDOS EN HOSPITAL",,0,27,0
Z384,"GEMELOS, NACIDOS FUERA DE HOSPITAL",,0,27,0
Z385,"GEMELOS, LUGAR DE NACIMIENTO NO ESPECIFICADO",,0,27,0
Z386,"OTROS NACIMIENTOS MÚLTIPLES, EN HOSPITAL",,0,27,0
Z387,"OTROS NACIMIENTOS MÚLTIPLES, FUERA DEL HOSPITAL",,0,27,0
Z388,"OTROS NACIMIENTOS MÚLTIPLES, LUGAR DE NACIMIENTO NO ESPECIFICADO",,0,27,0
Z390,ATENCIÓN Y EXAMEN INMEDIATAMENTE DESPUÉS DEL PARTO,F,3650,19710,1
Z391,ATENCIÓN Y EXAMEN DE MADRE EN PERIODO DE LACTANCIA,F,3650,19710,1
Z392,"SEGUIMIENTO POSTPARTO, DE RUTINA",F,3650,19710,1
Z400,CIRUGÍA PROFILÁCTICA POR FACTORES DE RIESGO RELACIONADOS CON TUMORES MALIGNOS,,,,0
Z408,OTRA CIRUGÍA PROFILÁCTICA,,,,0
Z409,CIRUGÍA PROFILÁCTICA NO ESPECIFICADA,,,,0
Z410,TRASPLANTE DE PELO,,,,0
Z411,OTRAS CIRUGÍAS PLÁSTICAS POR RAZONES ESTÉTICAS,,,,0
Z412,CIRCUNCISIÓN RITUAL O DE RUTINA,M,,,0
Z413,PERFORACIÓN DE LA OREJA,,,,0
Z418,OTROS PROCEDIMIENTOS PARA OTROS PROPÓSITOS QUE NO SEAN LOS DE MEJORAR EL ESTADO DE SALUD,,,,0
Z419,PROCEDIMIENTO NO ESPECIFICADO PARA OTROS PROPÓSITOS QUE NO SEAN LOS DE MEJORAR EL ESTADO DE SALUD,,,,1
Z420,CUIDADOS POSTERIORES A LA CIRUGÍA PLÁSTICA DE LA CABEZA Y DEL CUELLO,,,,1
Z421,CUIDADOS POSTERIORES A LA CIRUGÍA PLÁSTICA DE LA MAMA,,,,1
Z422,CUIDADOS POSTERIORES A LA CIRUGÍA PLÁSTICA DE OTRAS PARTES ESPECIFICADAS DEL TRONCO,,,,1
Z423,CUIDADOS POSTERIORES A LA CIRUGÍA PLÁSTICA DE LAS EXTREMIDADES SUPERIORES,,,,1
Z424,CUIDADOS POSTERIORES A LA CIRUGÍA PLÁSTICA DE LAS EXTREMIDADES INFERIORES,,,,1
Z428,CUIDADOS POSTERIORES A LA CIRUGÍA PLÁSTICA DE OTRAS PARTES ESPECIFICADAS DEL CUERPO,,,,1
Z429,CUIDADOS POSTERIORES A LA CIRUGÍA PLÁSTICA NO ESPECIFICADA,,,,1
Z430,ATENCIÓN DE TRAQUEOSTOMÍA,,,,1
Z431,ATENCIÓN DE GASTROSTOMÍA,,,,1
Z432,ATENCIÓN DE ILEOSTOMÍA,,,,1
Z433,ATENCIÓN DE COLOSTOMÍA,,,,1
Z434,ATENCIÓN DE OTROS ORIFICIOS ARTIFICIALES DE LAS VÍAS DIGESTIVAS,,,,1
Z435,ATENCIÓN DE CISTOSTOMÍA,,,,1
Z436,ATENCIÓN DE OTROS ORIFICIOS ARTIFICIALES DE LAS VÍAS URINARIAS,,,,1
Z437,ATENCIÓN DE VAGINA ARTIFICIAL,F,,,1
Z438,ATENCIÓN DE OTROS ORIFICIOS ARTIFICIALES,,,,1
Z439,ATENCIÓN DE ORIFICIO ARTIFICIAL NO ESPECIFICADO,,,,1
Z440,PRUEBA Y AJUSTE DE BRAZO ARTIFICIAL (COMPLETO) (PARCIAL),,,,1
Z441,PRUEBA Y AJUSTE DE PIERNA ARTIFICIAL (COMPLETA) (PARCIAL),,,,1
Z442,PRUEBA Y AJUSTE DE OJO ARTIFICIAL,,,,1
Z443,PRUEBA Y AJUSTE DE PRÓTESIS MAMARIA EXTERNA,,,,1
Z448,PRUEBA Y AJUSTE DE OTROS DISPOSITIVOS PROTÉSICOS EXTERNOS,,,,1
Z449,PRUEBA Y AJUSTE DE DISPOSITIVO PROTÉSICO EXTERNO NO ESPECIFICADO,,,,1
Z450,ASISTENCIA Y AJUSTE DE DISPOSITIVOS CARDÍACOS,,,,1
Z451,ASISTENCIA Y AJUSTE DE BOMBA DE INFUSIÓN,,,,1
Z452,ASISTENCIA Y AJUSTE DE DISPOSITIVOS DE ACCESO VASCULAR,,,,1
Z453,ASISTENCIA Y AJUSTE DE DISPOSITIVO AUDITIVO IMPLANTADO,,,,1
Z458,ASISTENCIA Y AJUSTE DE OTROS DISPOSITIVOS IMPLANTADOS,,,,1
Z459,ASISTENCIA Y AJUSTE DE DISPOSITIVO IMPLANTADO NO ESPECIFICADO,,,,1
Z460,PRUEBA Y AJUSTE DE ANTEOJOS Y LENTES DE CONTACTO,,,,1
Z461,PRUEBA Y AJUSTE DE AUDÍFONOS,,,,1
Z462,PRUEBA Y AJUSTE DE OTROS DISPOSITIVOS RELACIONADOS CON EL SISTEMA NERVIOSO Y LOS SENTIDOS ESPECIALES,,,,1
Z463,PRUEBA Y AJUSTE DE PRÓTESIS DENTAL,,,,1
Z464,PRUEBA Y AJUSTE DE DISPOSITIVO ORTODÓNCICO,,,,1
Z465,PRUEBA Y AJUSTE DE ILEOSTOMÍA U OTRO DISPOSITIVO INTESTINAL,,,,1
Z466,PRUEBA Y AJUSTE DE DISPOSITIVO URINARIO,,,,1
Z467,PRUEBA Y AJUSTE DE DISPOSITIVO ORTOPÉDICO,,,,1
Z468,PRUEBA Y AJUSTE DE OTROS DISPOSITIVOS ESPECIFICADOS,,,,1
Z469,PRUEBA Y AJUSTE DE DISPOSITIVO NO ESPECIFICADO,,,,1
Z470,CUIDADOS POSTERIORES A LA EXTRACCIÓN DE PLACA U OTRO DISPOSITIVO DE FIJACIÓN INTERNA EN FRACTURA,,,,1
Z478,OTROS CUIDADOS ESPECIFICADOS POSTERIORES A LA ORTOPEDIA,,,,0
Z479,"CUIDADO POSTERIOR A LA ORTOPEDIA, NO ESPECIFICADO",,,,1
Z480,ATENCIÓN DE LOS APÓSITOS Y SUTURAS,,,,0
Z488,OTROS CUIDADOS ESPECIFICADOS POSTERIORES A LA CIRUGÍA,,,,0
Z489,"CUIDADO POSTERIOR A LA CIRUGÍA, NO ESPECIFICADO",,,,1
Z490,CUIDADOS PREPARATORIOS PARA DIÁLISIS,,,,1
Z491,DIÁLISIS EXTRACORPÓREA,,,,0
Z492,OTRAS DIÁLISIS,,,,0
Z500,REHABILITACIÓN CARDÍACA,,,,0
Z501,OTRAS TERAPIAS FÍSICAS,,,,0
Z502,REHABILITACIÓN DEL ALCOHÓLICO,,,,0
Z503,REHABILITACIÓN DEL DROGADICTO,,,,0
Z504,"PSICOTERAPIA, NO CLASIFICADA EN OTRA PARTE",,,,1
Z505,TERAPIA DEL LENGUAJE,,,,0
Z506,ADIESTRAMIENTO ORTÓPTICO,,,,0
Z507,"TERAPIA OCUPACIONAL Y REHABILITACIÓN VOCACIONAL, NO CLASIFICADA EN OTRA PARTE",,,,0
Z508,ATENCIÓN POR OTROS PROCEDIMIENTOS DE REHABILITACIÓN,,,,0
Z509,"ATENCIÓN POR PROCEDIMIENTO DE REHABILITACIÓN, NO ESPECIFICADA",,,,0
Z510,SESIÓN DE RADIOTERAPIA,,,,0
Z511,SESIÓN DE QUIMIOTERAPIA POR TUMOR,,,,0
Z512,OTRA QUIMIOTERAPIA,,,,0
Z513,TRANSFUSIÓN DE SANGRE SIN DIAGNÓSTICO INFORMADO,,,,0
Z514,"ATENCIÓN PREPARATORIA PARA TRATAMIENTO SUBSECUENTE, NO CLASIFICADO EN OTRA PARTE",,,,0
Z515,ATENCIÓN PALIATIVA,,,,1
Z516,DESENSIBILIZACIÓN A ALÉRGENOS,,,,1
Z518,OTRAS ATENCIONES MÉDICAS ESPECIFICADAS,,,,0
Z519,"ATENCIÓN MÉDICA, NO ESPECIFICADA",,,,1
Z520,DONANTE DE SANGRE,,,,1
Z521,DONANTE DE PIEL,,,,1
Z522,DONANTE DE HUESO,,,,1
Z523,DONANTE DE MÉDULA ÓSEA,,,,1
Z524,DONANTE DE RIÑÓN,,,,1
Z525,DONANTE DE CÓRNEA,,,,1
Z526,DONANTE DE HÍGADO,,,,1
Z527,DONANTE DE CORAZÓN,,,,1
Z528,DONANTE DE OTROS ÓRGANOS O TEJIDOS,,,,1
Z529,DONANTE DE ÓRGANO O TEJIDO NO ESPECIFICADO,,,,1
Z530,PROCEDIMIENTO NO REALIZADO POR CONTRAINDICACIÓN,,,,1
Z531,"PROCEDIMIENTO NO REALIZADO POR DECISIÓN DEL PACIENTE, POR RAZONES DE CREENCIA O PRESIÓN DE GRUPO",,,,1
Z532,"PROCEDIMIENTO NO REALIZADO POR DECISIÓN DEL PACIENTE, POR OTRAS RAZONES Y LAS NO ESPECIFICADAS",,,,1
Z538,PROCEDIMIENTO NO REALIZADO POR OTRAS RAZONES,,,,1
Z539,PROCEDIMIENTO NO REALIZADO POR RAZÓN NO ESPECIFICADA,,,,1
Z540,CONVALECENCIA CONSECUTIVA A CIRUGÍA,,,,1
Z541,CONVALECENCIA CONSECUTIVA A RADIOTERAPIA,,,,1
Z542,CONVALECENCIA CONSECUTIVA A QUIMIOTERAPIA,,,,1
Z543,CONVALECENCIA CONSECUTIVA A PSICOTERAPIA,,,,1
Z544,CONVALECENCIA CONSECUTIVA A TRATAMIENTO DE FRACTURA,,,,1
Z547,CONVALECENCIA CONSECUTIVA A TRATAMIENTO COMBINADO,,,,1
Z548,CONVALECENCIA CONSECUTIVA A OTROS TRATAMIENTOS,,,,1
Z549,CONVALECENCIA CONSECUTIVA A TRATAMIENTO NO ESPECIFICADO,,,,1
Z550,PROBLEMAS RELACIONADOS CON EL ANALFABETISMO O BAJO NIVEL DE INSTRUCCIÓN,,,,1
Z551,PROBLEMAS RELACIONADOS CON LA EDUCACIÓN NO DISPONIBLE O INACCESIBLE,,,,1
Z552,PROBLEMAS RELACIONADOS CON LA FALLA EN LOS EXÁMENES,,,,1
Z553,PROBLEMAS RELACIONADOS CON EL BAJO RENDIMIENTO ESCOLAR,,,,1
Z554,PROBLEMAS RELACIONADOS CON LA INADAPTACIÓN EDUCACIONAL Y DESAVENENCIAS CON MAESTROS Y COMPAÑEROS,,,,1
Z558,OTROS PROBLEMAS RELACIONADOS CON LA EDUCACIÓN Y LA ALFABETIZACIÓN,,,,0
Z559,PROBLEMA NO ESPECIFICADO RELACIONADO CON LA EDUCACIÓN Y LA ALFABETIZACIÓN,,,,1
Z560,"PROBLEMAS RELACIONADOS CON EL DESEMPLEO, NO ESPECIFICADOS",,,,1
Z561,PROBLEMAS RELACIONADOS CON EL CAMBIO DE EMPLEO,,,,1
Z562,PROBLEMAS RELACIONADOS CON AMENAZA DE PÉRDIDA DEL EMPLEO,,,,1
Z563,PROBLEMAS RELACIONADOS CON HORARIO ESTRESANTE DE TRABAJO,,,,1
Z564,PROBLEMAS RELACIONADOS CON DESAVENENCIAS CON EL JEFE Y LOS COMPAÑEROS DE TRABAJO,,,,1
Z565,PROBLEMAS RELACIONADOS CON EL TRABAJO INCOMPATIBLE,,,,1
Z566,OTROS PROBLEMAS DE TENSIÓN FÍSICA O MENTAL RELACIONADAS CON EL TRABAJO,,,,1
Z567,OTROS PROBLEMAS Y LOS NO ESPECIFICADOS RELACIONADOS CON EL EMPLEO,,,,1
Z570,EXPOSICIÓN OCUPACIONAL AL RUIDO,,,,1
Z571,EXPOSICIÓN OCUPACIONAL A LA RADIACIÓN,,,,1
Z572,EXPOSICIÓN OCUPACIONAL AL POLVO,,,,1
Z573,EXPOSICIÓN OCUPACIONAL A OTRO CONTAMINANTE DEL AIRE,,,,1
Z574,EXPOSICIÓN OCUPACIONAL A AGENTES TÓXICOS EN AGRICULTURA,,,,1
Z575,EXPOSICIÓN OCUPACIONAL A AGENTES TÓXICOS EN OTRAS INDUSTRIAS,,,,1
Z576,EXPOSICIÓN OCUPACIONAL A TEMPERATURA EXTREMA,,,,1
Z577,EXPOSICIÓN OCUPACIONAL A LA VIBRACIÓN,,,,1
Z578,EXPOSICIÓN OCUPACIONAL A OTROS FACTORES DE RIESGO,,,,1
Z579,EXPOSICIÓN OCUPACIONAL A FACTOR DE RIESGO NO ESPECIFICADO,,,,1
Z580,EXPOSICIÓN AL RUIDO,,,,1
Z581,EXPOSICIÓN AL AIRE CONTAMINADO,,,,1
Z582,EXPOSICIÓN AL AGUA CONTAMINADA,,,,1
Z583,EXPOSICIÓN AL SUELO CONTAMINADO,,,,1
Z584,EXPOSICIÓN A LA RADIACIÓN,,,,1
Z585,EXPOSICIÓN A OTRAS CONTAMINACIONES DEL AMBIENTE FÍSICO,,,,1
Z586,SUMINISTRO INADECUADO DE AGUA POTABLE,,,,0
Z587,EXPOSICIÓN AL HUMO DEL TABACO,,,,1
Z588,OTROS PROBLEMAS RELACIONADOS CON EL AMBIENTE FÍSICO,,,,1
Z589,PROBLEMA NO ESPECIFICADO RELACIONADO CON EL AMBIENTE FÍSICO,,,,1
Z590,PROBLEMAS RELACIONADOS CON LA FALTA DE VIVIENDA,,,,1
Z591,PROBLEMAS RELACIONADOS CON VIVIENDA INADECUADA,,,,1
Z592,PROBLEMAS CASEROS Y CON VECINOS E INQUILINOS,,,,1
Z593,PROBLEMAS RELACIONADOS CON PERSONA QUE RESIDE EN UNA INSTITUCIÓN,,,,1
Z594,PROBLEMAS RELACIONADOS CON LA FALTA DE ALIMENTOS ADECUADOS,,,,1
Z595,PROBLEMAS RELACIONADOS CON POBREZA EXTREMA,,,,1
Z596,PROBLEMAS RELACIONADOS CON BAJOS INGRESOS,,,,1
Z597,PROBLEMAS RELACIONADOS CON SEGURIDAD SOCIAL Y SOSTENIMIENTO INSUFICIENTES PARA EL BIENESTAR,,,,1
Z598,OTROS PROBLEMAS RELACIONADOS CON LA VIVIENDA Y LAS CIRCUNSTANCIAS ECONÓMICAS,,,,1
Z599,PROBLEMAS NO ESPECIFICADOS RELACIONADOS CON LA VIVIENDA Y LAS CIRCUNSTANCIAS ECONÓMICAS,,,,1
Z600,PROBLEMAS RELACIONADOS CON EL AJUSTE A LAS TRANSICIONES DEL CICLO VITAL,,,,1
Z601,PROBLEMAS RELACIONADOS CON SITUACIÓN FAMILIAR ATÍPICA,,,,1
Z602,PROBLEMAS RELACIONADOS CON PERSONA QUE VIVE SOLA,,,,1
Z603,PROBLEMAS RELACIONADOS CON LA ADAPTACIÓN CULTURAL,,,,1
Z604,PROBLEMAS RELACIONADOS CON EXCLUSIÓN Y RECHAZO SOCIAL,,,,1
Z605,PROBLEMAS RELACIONADOS CON LA DISCRIMINACIÓN Y PERSECUCIÓN PERCIBIDAS,,,,1
Z608,OTROS PROBLEMAS RELACIONADOS CON EL AMBIENTE SOCIAL,,,,1
Z609,PROBLEMA NO ESPECIFICADO RELACIONADO CON EL AMBIENTE SOCIAL,,,,1
Z610,PROBLEMAS RELACIONADOS CON LA PÉRDIDA DE RELACIÓN AFECTIVA EN LA INFANCIA,,0,3285,1
Z611,PROBLEMAS RELACIONADOS CON EL ALEJAMIENTO DEL HOGAR EN LA INFANCIA,,0,3285,1
Z612,PROBLEMAS RELACIONADOS CON ALTERACIÓN EN EL PATRÓN DE LA RELACIÓN FAMILIAR EN LA INFANCIA,,0,3285,1
Z613,PROBLEMAS RELACIONADOS CON EVENTOS QUE LLEVARON A LA PÉRDIDA DE LA AUTOESTIMA EN LA INFANCIA,,0,3285,1
Z614,PROBLEMAS RELACIONADOS CON EL ABUSO SEXUAL DEL NIÑO POR PERSONA DENTRO DEL GRUPO DE APOYO PRIMARIO,,0,3285,1
Z615,PROBLEMAS RELACIONADOS CON EL ABUSO SEXUAL DEL NIÑO POR PERSONA AJENA AL GRUPO DE APOYO PRIMARIO,,0,3285,1
Z616,PROBLEMAS RELACIONADOS CON ABUSO FÍSICO DEL NIÑO,,0,3285,1
Z617,PROBLEMAS RELACIONADOS CON EXPERIENCIAS PERSONALES ATEMORIZANTES EN LA INFANCIA,,,,1
Z618,PROBLEMAS RELACIONADOS CON OTRAS EXPERIENCIAS NEGATIVAS EN LA INFANCIA,,,,1
Z619,PROBLEMAS RELACIONADOS CON EXPERIENCIA NEGATIVA NO ESPECIFICADA EN LA INFANCIA,,,,1
Z620,PROBLEMAS RELACIONADOS CON LA SUPERVISIÓN O EL CONTROL INADECUADOS DE LOS PADRES,,0,3285,1
Z621,PROBLEMAS RELACIONADOS CON LA SOBREPROTECCIÓN DE LOS PADRES,,0,3285,1
Z622,PROBLEMAS RELACIONADOS CON LA CRIANZA EN INSTITUCIÓN,,0,3285,1
Z623,PROBLEMAS RELACIONADOS CON HOSTILIDAD Y REPROBACIÓN AL NIÑO,,0,3285,1
Z624,PROBLEMAS RELACIONADOS CON EL ABANDONO EMOCIONAL DEL NIÑO,,0,3285,1
Z625,OTROS PROBLEMAS RELACIONADOS CON NEGLIGENCIA EN LA CRIANZA DEL NIÑO,,0,3285,1
Z626,PROBLEMAS RELACIONADOS CON PRESIONES INAPROPIADAS DE LOS PADRES Y OTRAS ANORMALIDADES EN LA CALIDAD DE LA CRIANZA,,0,3285,1
Z628,OTROS PROBLEMAS ESPECIFICADOS Y RELACIONADOS CON LA CRIANZA DEL NIÑO,,0,3285,1
Z629,PROBLEMA NO ESPECIFICADO RELACIONADO CON LA CRIANZA DEL NIÑO,,0,3285,1
Z630,PROBLEMAS EN LA RELACIÓN ENTRE ESPOSOS O PAREJA,,4380,43800,1
Z631,PROBLEMAS EN LA RELACIÓN CON LOS PADRES Y LOS FAMILIARES POLÍTICOS,,,,1
Z632,PROBLEMAS RELACIONADOS CON EL APOYO FAMILIAR INADECUADO,,,,1
Z633,PROBLEMAS RELACIONADOS CON LA AUSENCIA DE UN MIEMBRO DE LA FAMILIA,,,,1
Z634,PROBLEMAS RELACIONADOS CON LA DESAPARICIÓN O MUERTE DE UN MIEMBRO DE LA FAMILIA,,,,1
Z635,PROBLEMAS RELACIONADOS CON LA RUPTURA FAMILIAR POR SEPARACIÓN O DIVORCIO,,,,1
Z636,"PROBLEMAS RELACIONADOS CON FAMILIAR DEPENDIENTE, NECESITADO DE CUIDADO EN LA CASA",,,,1
Z637,PROBLEMAS RELACIONADOS CON OTROS HECHOS ESTRESANTES QUE AFECTAN A LA FAMILIA Y AL HOGAR,,,,1
Z638,OTROS PROBLEMAS ESPECIFICADOS RELACIONADOS CON EL GRUPO PRIMARIO DE APOYO,,,,1
Z639,PROBLEMA NO ESPECIFICADO RELACIONADO CON EL GRUPO PRIMARIO DE APOYO,,,,1
Z640,PROBLEMAS RELACIONADOS CON EMBARAZO NO DESEADO,F,3650,19710,1
Z641,PROBLEMAS RELACIONADOS CON LA MULTIPARIDAD,F,3650,19710,1
Z642,"PROBLEMAS RELACIONADOS CON LA SOLICITUD O ACEPTACIÓN DE INTERVENCIONES FÍSICAS, NUTRICIONALES Y QUÍMICAS, CONOCIENDO SU RIESGO Y PELIGRO",,,,1
Z643,"PROBLEMAS RELACIONADOS CON LA SOLICITUD O ACEPTACIÓN DE INTERVENCIONES PSICOLÓGICAS O DE LA CONDUCTA, CONOCIENDO SU RIESGO Y PELIGRO",,,,1
Z644,PROBLEMAS RELACIONADOS CON EL DESACUERDO CON CONSEJEROS,,,,1
Z650,PROBLEMAS RELACIONADOS CON CULPABILIDAD EN PROCEDIMIENTOS CIVILES O CRIMINALES SIN PRISIÓN,,,,1
Z651,PROBLEMAS RELACIONADOS CON PRISIÓN Y OTRO ENCARCELAMIENTO,,,,1
Z652,PROBLEMAS RELACIONADOS CON LA LIBERACIÓN DE LA PRISIÓN,,,,1
Z653,PROBLEMAS RELACIONADOS CON OTRAS CIRCUNSTANCIAS LEGALES,,,,1
Z654,PROBLEMAS RELACIONADOS CON VÍCTIMA DE CRIMEN O TERRORISMO,,,,1
Z655,"PROBLEMAS RELACIONADOS CON LA EXPOSICIÓN A DESASTRE, GUERRA U OTRAS HOSTILIDADES",,,,1
Z658,OTROS PROBLEMAS ESPECIFICADOS RELACIONADOS CON CIRCUNSTANCIANCIAS PSICOSOCIALES,,,,1
Z659,PROBLEMAS RELACIONADOS CON CIRCUNSTANCIAS PSICOSOCIALES NO ESPECIFICADAS,,,,1
Z700,CONSULTA RELACIONADA CON LA ACTITUD SEXUAL,,3650,31025,1
Z701,CONSULTA RELACIONADA CON LA ORIENTACIÓN Y CONDUCTA SEXUAL DEL PACIENTE,,3650,31025,1
Z702,CONSULTA RELACIONADA CON LA ORIENTACIÓN Y CONDUCTA SEXUAL DE UNA TERCERA PERSONA,,3650,31025,1
Z703,"CONSULTA RELACIONADA CON PREOCUPACIONES COMBINADAS SOBRE LA ACTITUD, LA CONDUCTA Y LA ORIENTACIÓN SEXUALES",,3650,31025,1
Z708,OTRAS CONSULTAS SEXUALES ESPECÍFICAS,,3650,31025,1
Z709,"CONSULTA SEXUAL, NO ESPECIFICADA",,3650,31025,1
Z710,PERSONA QUE CONSULTA EN NOMBRE DE OTRA PERSONA,,,,1
Z711,"PERSONA QUE TEME ESTAR ENFERMA, A QUIEN NO SE HACE DIAGNÓSTICO",,6570,43800,1
Z712,PERSONA QUE CONSULTA PARA LA EXPLICACIÓN DE HALLAZGOS DE INVESTIGACIÓN,,,,1
Z713,CONSULTA PARA INSTRUCCIÓN Y VIGILANCIA DE LA DIETA,,,,1
Z714,CONSULTA PARA ASESORÍA Y VIGILANCIA POR ABUSO DE ALCOHOL,,,,1
Z715,CONSULTA PARA ASESORÍA Y VIGILANCIA POR ABUSO DE DROGAS,,,,1
Z716,CONSULTA PARA ASESORÍA POR ABUSO DE TABACO,,,,1
Z717,CONSULTA PARA ASESORÍA SOBRE EL VIRUS DE LA INMUNODEFICIENCIA HUMANA [VIH],,,,1
Z718,OTRAS CONSULTAS ESPECIFICADAS,,,,0
Z719,"CONSULTA, NO ESPECIFICADA",,,,0
Z720,PROBLEMAS RELACIONADOS CON EL USO DEL TABACO,,,,1
Z721,PROBLEMAS RELACIONADOS CON EL USO DEL ALCOHOL,,,,1
Z722,PROBLEMAS RELACIONADOS CON EL USO DE DROGAS,,,,1
Z723,PROBLEMAS RELACIONADOS CON FALTA DE EJERCICIO FÍSICO,,,,1
Z724,PROBLEMAS RELACIONADOS CON LA DIETA Y HÁBITOS ALIMENTARIOS INAPROPIADOS,,,,1
Z725,PROBLEMAS RELACIONADOS CON LA CONDUCTA SEXUAL DE ALTO RIESGO,,,,1
Z726,PROBLEMAS RELACIONADOS CON EL JUEGO Y LAS APUESTAS,,,,1
Z728,OTROS PROBLEMAS RELACIONADOS CON EL ESTILO DE VIDA,,,,0
Z729,PROBLEMA NO ESPECIFICADO RELACIONADO CON EL ESTILO DE VIDA,,,,1
Z730,PROBLEMAS RELACIONADOS CON LA ENFERMEDAD CONSUNTIVA,,,,1
Z731,PROBLEMAS RELACIONADOS CON LA ACENTUACIÓN DE RASGOS DE LA PERSONALIDAD,,,,1
Z732,PROBLEMAS RELACIONADOS CON LA FALTA DE RELAJACIÓN Y DESCANSO,,,,1
Z733,"PROBLEMAS RELACIONADOS CON EL ESTRÉS, NO CLASIFICADOS EN OTRA PARTE",,,,1
Z734,"PROBLEMAS RELACIONADOS CON HABILIDADES SOCIALES INADECUADAS, NO CLASIFICADOS EN OTRA PARTE",,,,1
Z735,"PROBLEMAS RELACIONADOS CON EL CONFLICTO DEL ROL SOCIAL, NO CLASIFICADOS EN OTRA PARTE",,,,1
Z736,PROBLEMAS RELACIONADOS CON LA LIMITACIÓN DE LAS ACTIVIDADES DEBIDO A DISCAPACIDAD,,,,1
Z738,OTROS PROBLEMAS RELACIONADOS CON DIFICULTADES CON EL MODO DE VIDA,,,,0
Z739,PROBLEMAS NO ESPECIFICADOS RELACIONADOS CON DIFICULTADES CON EL MODO DE VIDA,,,,1
Z740,NECESIDAD DE ASISTENCIA DEBIDA A MOVILIDAD REDUCIDA,,,,0
Z741,PROBLEMAS RELACIONADOS CON LA NECESIDAD DE AYUDA PARA EL CUIDADO PERSONAL,,,,1
Z742,PROBLEMAS RELACIONADOS CON LA NECESIDAD DE ASISTENCIA DOMICILIARIA Y QUE NINGÚN OTRO MIEMBRO DEL HOGAR PUEDE PROPORCIONAR,,,,1
Z743,PROBLEMAS RELACIONADOS CON LA NECESIDAD DE SUPERVISIÓN CONTINUA,,,,1
Z748,OTROS PROBLEMAS RELACIONADOS CON DEPENDENCIA DEL PRESTADOR DE SERVICIOS,,,,0
Z749,PROBLEMA NO ESPECIFICADO RELACIONADO CON DEPENDENCIA DEL PRESTADOR DE SERVICIOS,,,,1
Z750,PROBLEMAS RELACIONADOS CON SERVICIO MÉDICO NO DISPONIBLE EN EL DOMICILIO,,,,1
Z751,PROBLEMAS RELACIONADOS CON PERSONA ESPERANDO ADMISIÓN EN UNA INSTITUCIÓN APROPIADA EN OTRO LUGAR,,,,1
Z752,PROBLEMAS RELACIONADOS CON PERSONA EN OTRO PERÍODO DE ESPERA PARA INVESTIGACIÓN Y TRATAMIENTO,,,,1
Z753,PROBLEMAS RELACIONADOS CON ATENCIÓN DE SALUD NO DISPONIBLE O INACCESIBLE,,,,1
Z754,PROBLEMAS RELACIONADOS CON OTROS SERVICIOS ASISTENCIALES NO DISPONIBLES O INACCESIBLES,,,,1
Z755,PROBLEMAS RELACIONADOS CON LA ATENCIÓN DURANTE VACACIONES DE LA FAMILIA,,,,1
Z758,OTROS PROBLEMAS RELACIONADOS CON SERVICIOS MÉDICOS Y DE SALUD,,,,0
Z759,PROBLEMA NO ESPECIFICADO RELACIONADO CON SERVICIOS MÉDICOS Y DE SALUD,,,,1
Z760,CONSULTA PARA REPETICIÓN DE RECETA,,,,1
Z761,CONSULTA PARA ATENCIÓN Y SUPERVISIÓN DE LA SALUD DEL NIÑO ABANDONADO,,0,5110,1
Z762,CONSULTA PARA ATENCIÓN Y SUPERVISIÓN DE LA SALUD DE OTROS NIÑOS O LACTANTES SANOS,,0,5110,1
Z763,PERSONA SANA QUE ACOMPAÑA AL ENFERMO,,,,0
Z764,OTRO HUÉSPED EN SERVICIOS DE SALUD,,,,0
Z765,PERSONA QUE CONSULTA CON SIMULACIÓN CONSCIENTE [SIMULADOR],,,,1
Z768,PERSONA EN CONTACTO CON LOS SERVICIOS DE SALUD EN OTRAS CIRCUNSTANCIAS ESPECIFICADAS,,,,1
Z769,PERSONA EN CONTACTO CON LOS SERVICIOS DE SALUD EN CIRCUNSTANCIAS NO ESPECIFICADAS,,,,1
Z800,HISTORIA FAMILIAR DE TUMOR MALIGNO DE ÓRGANOS DIGESTIVOS,,,,1
Z801,"HISTORIA FAMILIAR DE TUMOR MALIGNO DE TRÁQUEA, BRONQUIOS Y PULMÓN",,,,1
Z802,HISTORIA FAMILIAR DE TUMOR MALIGNO DE OTROS ÓRGANOS RESPIRATORIOS E INTRATORÁCICOS,,,,1
Z803,HISTORIA FAMILIAR DE TUMOR MALIGNO DE MAMA,,,,1
Z804,HISTORIA FAMILIAR DE TUMOR MALIGNO DE ÓRGANOS GENITALES,,,,1
Z805,HISTORIA FAMILIAR DE TUMOR MALIGNO DE VÍAS URINARIAS,,,,1
Z806,HISTORIA FAMILIAR DE LEUCEMIA,,,,1
Z807,"HISTORIA FAMILIAR DE OTROS TUMORES MALIGNOS DEL TEJIDO LINFOIDE, HEMATOPOYÉTICO Y TEJIDOS RELACIONADOS",,,,1
Z808,HISTORIA FAMILIAR DE TUMOR MALIGNO DE OTROS ÓRGANOS O SISTEMAS ESPECIFICADOS,,,,1
Z809,"HISTORIA FAMILIAR DE TUMOR MALIGNO, DE SITIO NO ESPECIFICADO",,,,1
Z810,HISTORIA FAMILIAR DE RETARDO MENTAL,,,,1
Z811,HISTORIA FAMILIAR DE ABUSO DE ALCOHOL,,,,1
Z812,HISTORIA FAMILIAR DE ABUSO DEL TABACO,,,,1
Z813,HISTORIA FAMILIAR DE ABUSO DE OTRAS SUSTANCIAS PSICOACTIVAS,,,,1
Z814,HISTORIA FAMILIAR DE ABUSO DE OTRAS SUSTANCIAS,,,,1
Z818,HISTORIA FAMILIAR DE OTROS TRASTORNOS MENTALES Y DEL COMPORTAMIENTO,,,,1
Z820,HISTORIA FAMILIAR DE EPILEPSIA Y OTRAS ENFERMEDADES DEL SISTEMA NERVIOSO,,,,1
Z821,HISTORIA FAMILIAR DE CEGUERA O PÉRDIDA DE LA VISIÓN,,,,1
Z822,HISTORIA FAMILIAR DE SORDERA O PÉRDIDA DE LA AUDICIÓN,,,,1
Z823,HISTORIA FAMILIAR DE APOPLEJÍA,,,,1
Z824,HISTORIA FAMILIAR DE ENFERMEDAD ISQUÉMICA DEL CORAZÓN Y OTRAS ENFERMEDADES DEL SISTEMA CIRCULATORIO,,,,1
Z825,HISTORIA FAMILIAR DE ASMA Y DE OTRAS ENFERMEDADES CRÓNICAS DE LAS VÍAS RESPIRATORIAS INFERIORES,,,,1
Z826,HISTORIA FAMILIAR DE ARTRITIS Y OTRAS ENFERMEDADES DEL SISTEMA OSTEOMUSCULAR Y TEJIDO CONJUNTIVO,,,,1
Z827,"HISTORIA FAMILIAR DE MALFORMACIONES CONGÉNITAS, DEFORMIDADES Y OTRAS ANOMALÍAS CROMOSÓMICAS",,,,1
Z828,HISTORIA FAMILIAR DE OTRAS DISCAPACIDADES Y ENFERMEDADES CRÓNICAS INCAPACITANTES NO CLASIFICADAS EN OTRA PARTE,,,,1
Z830,HISTORIA FAMILIAR DE INFECCIÓN POR EL VIRUS DE LA INMUNODEFICIENCIA HUMANA [VIH],,,,1
Z831,HISTORIA FAMILIAR DE OTRAS ENFERMEDADES INFECCIOSAS Y PARASITARIAS,,,,1
Z832,HISTORIA FAMILIAR DE ENFERMEDADES DE LA SANGRE Y DE LOS ÓRGANOS HEMATOPOYÉTICOS Y DE CIERTOS TRASTORNOS DEL MECANISMO INMUNOLÓGICO,,,,1
Z833,HISTORIA FAMILIAR DE DIABETES MELLITUS,,,,1
Z834,"HISTORIA FAMILIAR DE OTRAS ENFERMEDADES ENDOCRINAS, NUTRICIONALES Y METABÓLICAS",,,,1
Z835,HISTORIA FAMILIAR DE TRASTORNOS DE LOS OJOS Y DE LOS OÍDOS,,,,1
Z836,HISTORIA FAMILIAR DE ENFERMEDADES DEL SISTEMA RESPIRATORIO,,,,1
Z837,HISTORIA FAMILIAR DE ENFERMEDADES DEL SISTEMA DIGESTIVO,,,,1
Z840,HISTORIA FAMILIAR DE ENFERMEDADES DE LA PIEL Y DEL TEJIDO SUBCUTÁNEO,,,,1
Z841,HISTORIA FAMILIAR DE TRASTORNOS DEL RIÑÓN Y DEL URÉTER,,,,1
Z842,HISTORIA FAMILIAR DE OTRAS ENFERMEDADES DEL SISTEMA GENITOURINARIO,,,,1
Z843,HISTORIA FAMILIAR DE CONSANGUINIDAD,,,,1
Z848,HISTORIA FAMILIAR DE OTRAS AFECCIONES ESPECIFICADAS,,,,1
Z850,HISTORIA PERSONAL DE TUMOR MALIGNO DE ÓRGANOS DIGESTIVOS,,,,1
Z851,"HISTORIA PERSONAL DE TUMOR MALIGNO DE TRÁQUEA, BRONQUIOS Y PULMÓN",,,,1
Z852,HISTORIA PERSONAL DE TUMOR MALIGNO DE OTROS ÓRGANOS RESPIRATORIOS E INTRATORÁCICOS,,,,1
Z853,HISTORIA PERSONAL DE TUMOR MALIGNO DE MAMA,,,,1
Z854,HISTORIA PERSONAL DE TUMOR MALIGNO DE ÓRGANOS GENITALES,,,,1
Z855,HISTORIA PERSONAL DE TUMOR MALIGNO DE VÍAS URINARIAS,,,,1
Z856,HISTORIA PERSONAL DE LEUCEMIA,,,,1
Z857,"HISTORIA PERSONAL DE OTROS TUMORES MALIGNOS DEL TEJIDO LINFOIDE, HEMATOPOYÉTICO Y TEJIDOS RELACIONADOS",,,,1
Z858,HISTORIA PERSONAL DE TUMOR MALIGNO DE OTROS ÓRGANOS Y SISTEMAS,,,,1
Z859,"HISTORIA PERSONAL DE TUMOR MALIGNO, DE SITIO NO ESPECIFICADO",,,,1
Z860,HISTORIA PERSONAL DE OTROS TUMORES,,,,1
Z861,HISTORIA PERSONAL DE ENFERMEDADES INFECCIOSAS Y PARASITARIAS,,,,1
Z862,HISTORIA PERSONAL DE ENFERMEDADES DE LA SANGRE Y DE LOS ÓRGANOS HEMATOPOYÉTICOS Y DE CIERTOS TRASTORNOS DEL MECANISMO INMUNOLÓGICO,,,,1
Z863,"HISTORIA PERSONAL DE ENFERMEDADES ENDOCRINAS, NUTRICIONALES Y METABÓLICAS",,,,1
Z864,HISTORIA PERSONAL DE ABUSO DE SUSTANCIAS PSICOACTIVAS,,,,1
Z865,HISTORIA PERSONAL DE OTROS TRASTORNOS MENTALES O DEL COMPORTAMIENTO,,,,1
Z866,HISTORIA PERSONAL DE ENFERMEDADES DEL SISTEMA NERVIOSO Y DE LOS ÓRGANOS DE LOS SENTIDOS,,,,1
Z867,HISTORIA PERSONAL DE ENFERMEDADES DEL SISTEMA CIRCULATORIO,,,,1
Z870,HISTORIA PERSONAL DE ENFERMEDADES DEL SISTEMA RESPIRATORIO,,,,1
Z871,HISTORIA PERSONAL DE ENFERMEDADES DEL SISTEMA DIGESTIVO,,,,1
Z872,HISTORIA PERSONAL DE ENFERMEDADES DE LA PIEL Y DEL TEJIDO SUBCUTÁNEO,,,,1
Z873,HISTORIA PERSONAL DE ENFERMEDADES DEL SISTEMA OSTEOMUSCULAR Y DEL TEJIDO CONJUNTIVO,,,,1
Z874,HISTORIA PERSONAL DE ENFERMEDADES DEL SISTEMA GENITOURINARIO,,,,1
Z875,"HISTORIA PERSONAL DE COMPLICACIONES DEL EMBARAZO, DEL PARTO Y DEL PUERPERIO",F,3650,19710,1
Z876,HISTORIA PERSONAL DE CIERTAS AFECCIONES ORIGINADAS EN EL PERÍODO PERINATAL,,,,1
Z877,"HISTORIA PERSONAL DE MALFORMACIONES CONGÉNITAS, DEFORMIDADES Y ANOMALÍAS CROMOSÓMICAS",,,,1
Z878,HISTORIA PERSONAL DE OTRAS AFECCIONES ESPECIFICADAS,,,,1
Z880,HISTORIA PERSONAL DE ALERGIA A PENICILINA,,,,1
Z881,HISTORIA PERSONAL DE ALERGIA A OTROS AGENTES ANTIBIÓTICOS,,,,1
Z882,HISTORIA PERSONAL DE ALERGIA A SULFONAMIDAS,,,,1
Z883,HISTORIA PERSONAL DE ALERGIA A OTROS AGENTES ANTIINFECCIOSOS,,,,1
Z884,HISTORIA PERSONAL DE ALERGIA A AGENTE ANESTÉSICO,,,,1
Z885,HISTORIA PERSONAL DE ALERGIA A AGENTE NARCÓTICO,,,,1
Z886,HISTORIA PERSONAL DE ALERGIA A AGENTE ANALGÉSICO,,,,1
Z887,HISTORIA PERSONAL DE ALERGIA A SUERO O VACUNA,,,,1
Z888,"HISTORIA PERSONAL DE ALERGIA A OTRAS DROGAS, MEDICAMENTOS Y SUSTANCIAS BIOLÓGICAS",,,,1
Z889,"HISTORIA PERSONAL DE ALERGIA A DROGAS, MEDICAMENTOS Y SUSTANCIAS BIOLÓGICAS NO ESPECIFICADAS",,,,1
Z890,"AUSENCIA ADQUIRIDA DE DEDO(S), [INCLUIDO EL PULGAR], UNILATERAL",,,,1
Z891,AUSENCIA ADQUIRIDA DE MANO Y MUÑECA,,,,1
Z892,AUSENCIA ADQUIRIDA DE MIEMBRO SUPERIOR POR ARRIBA DE LA MUÑECA,,,,1
Z893,AUSENCIA ADQUIRIDA DE AMBOS MIEMBROS SUPERIORES [CUALQUIER NIVEL],,,,1
Z894,AUSENCIA ADQUIRIDA DE PIE Y TOBILLO,,,,1
Z895,AUSENCIA ADQUIRIDA DE PIERNA A NIVEL DE O DEBAJO DE LA RODILLA,,,,1
Z896,AUSENCIA ADQUIRIDA DE PIERNA POR ARRIBA DE LA RODILLA,,,,1
Z897,"AUSENCIA ADQUIRIDA DE AMBOS MIEMBROS INFERIORES [CUALQUIER NIVEL, EXCEPTO DEDOS DEL PIE SOLAMENTE]",,,,1
Z898,AUSENCIA ADQUIRIDA DE MIEMBROS SUPERIORES E INFERIORES [CUALQUIER NIVEL],,,,1
Z899,AUSENCIA ADQUIRIDA DE MIEMBROS NO ESPECIFICADOS,,,,1
Z900,AUSENCIA ADQUIRIDA DE PARTE DE LA CABEZA Y DEL CUELLO,,,,1
Z901,AUSENCIA ADQUIRIDA DE MAMA(S),,,,1
Z902,AUSENCIA ADQUIRIDA (DE PARTE) DEL PULMÓN,,,,1
Z903,AUSENCIA ADQUIRIDA DE PARTE DEL ESTÓMAGO,,,,1
Z904,AUSENCIA ADQUIRIDA DE OTRAS PARTES DEL TUBO DIGESTIVO,,,,1
Z905,AUSENCIA ADQUIRIDA DE RIÑÓN,,,,1
Z906,AUSENCIA ADQUIRIDA DE OTRAS PARTES DE LAS VÍAS URINARIAS,,,,1
Z907,AUSENCIA ADQUIRIDA DE ÓRGANO(S) GENITAL(ES),,,,1
Z908,AUSENCIA ADQUIRIDA DE OTROS ÓRGANOS,,,,1
Z910,"HISTORIA PERSONAL DE ALERGIA, NO DEBIDA A DROGAS NI A SUSTANCIAS BIOLÓGICAS",,,,1
Z911,HISTORIA PERSONAL DE INCUMPLIMIENTO DEL RÉGIMEN O TRATAMIENTO MÉDICO,,,,1
Z912,HISTORIA PERSONAL DE HIGIENE PERSONAL DEFICIENTE,,,,1
Z913,HISTORIA PERSONAL DE CICLO SUEÑO-VIGILIA NO SALUDABLE,,,,1
Z914,"HISTORIA PERSONAL DE TRAUMA PSICOLÓGICO, NO CLASIFICADO EN OTRA PARTE",,,,1
Z915,HISTORIA PERSONAL DE LESIÓN AUTOINFLIGIDA INTENCIONALMENTE,,,,1
Z916,HISTORIA PERSONAL DE OTRO TRAUMA FÍSICO,,,,1
Z917,HISTORIAL PERSONAL DE LA MUTILACIÓN GENITAL FEMENINA,,,,1
Z918,"HISTORIA PERSONAL DE OTROS FACTORES DE RIESGO, NO CLASIFICADOS EN OTRA PARTE",,,,1
Z920,HISTORIA PERSONAL DE ANTICONCEPCIÓN,,3650,31025,1
Z921,HISTORIA PERSONAL DE USO (PRESENTE) DE ANTICOAGULANTES POR LARGO TIEMPO,,,,1
Z922,HISTORIA PERSONAL DE USO (PRESENTE) DE OTROS MEDICAMENTOS POR LARGO TIEMPO,,,,1
Z923,HISTORIA PERSONAL DE IRRADIACIÓN,,,,1
Z924,HISTORIA PERSONAL DE CIRUGÍA MAYOR NO CLASIFICADA EN OTRA PARTE,,,,1
Z925,HISTORIA PERSONAL DE MEDIDAS DE REHABILITACIÓN,,,,1
Z926,HISTORIA PERSONAL DE QUIMIOTERAPIA POR ENFERMEDAD NEOPLÁSICA,,,,1
Z928,HISTORIA PERSONAL DE OTROS TRATAMIENTOS MÉDICOS,,,,1
Z929,HISTORIA PERSONAL DE TRATAMIENTO MÉDICO NO ESPECIFICADO,,,,1
Z930,TRAQUEOSTOMÍA,,,,0
Z931,GASTROSTOMÍA,,,,0
Z932,ILEOSTOMÍA,,,,0
Z933,COLOSTOMÍA,,,,0
Z934,OTROS ORIFICIOS ARTIFICIALES DEL TUBO GASTROINTESTINAL,,,,0
Z935,CISTOSTOMÍA,,,,0
Z936,OTROS ORIFICIOS ARTIFICIALES DE LAS VÍAS URINARIAS,,,,0
Z938,OTRAS ABERTURAS ARTIFICIALES,,,,0
Z939,"ABERTURA ARTIFICIAL, NO ESPECIFICADA",,,,0
Z940,TRASPLANTE DE RIÑÓN,,,,0
Z941,TRASPLANTE DE CORAZÓN,,,,0
Z942,TRASPLANTE DE PULMÓN,,,,0
Z943,TRASPLANTE DE CORAZÓN Y PULMONES,,,,0
Z944,TRASPLANTE DE HÍGADO,,,,0
Z945,TRASPLANTE DE PIEL,,,,0
Z946,TRASPLANTE DE HUESO,,,,0
Z947,TRASPLANTE DE CÓRNEA,,,,0
Z948,OTROS ÓRGANOS Y TEJIDOS TRASPLANTADOS,,,,0
Z949,ÓRGANO O TEJIDO TRASPLANTADO NO ESPECIFICADO,,,,1
Z950,PRESENCIA DE DISPOSITIVOS CARDÍACOS ELECTRÓNICOS,,,,1
Z951,PRESENCIA DE DERIVACIÓN AORTOCORONARIA,,,,1
Z952,PRESENCIA DE VÁLVULA CARDÍACA PROTÉSICA,,,,1
Z953,PRESENCIA DE VÁLVULA CARDÍACA XENOGÉNICA,,,,1
Z954,PRESENCIA DE OTROS REEMPLAZOS DE VÁLVULA CARDÍACA,,,,1
Z955,"PRESENCIA DE ANGIOPLASTIA, INJERTOS Y PRÓTESIS CORONARIAS",,,,1
Z958,PRESENCIA DE OTROS INJERTOS Y PRÓTESIS CARDIOVASCULARES,,,,1
Z959,PRESENCIA DE INJERTOS E IMPLANTES CARDIOVASCULARES NO ESPECIFICADOS,,,,1
Z960,PRESENCIA DE IMPLANTE UROGENITAL,,,,1
Z961,PRESENCIA DE LENTES INTRAOCULARES,,,,1
Z962,PRESENCIA DE IMPLANTES ÓTICOS Y AUDITIVOS,,,,1
Z963,PRESENCIA DE LARINGE ARTIFICIAL,,,,1
Z964,PRESENCIA DE IMPLANTES ENDOCRINOS,,,,1
Z965,PRESENCIA DE IMPLANTES DE RAÍZ DE DIENTE Y DE MANDÍBULA,,,,1
Z966,PRESENCIA DE IMPLANTE ORTOPÉDICO ARTICULAR,,,,1
Z967,PRESENCIA DE OTROS IMPLANTES DE TENDONES Y HUESOS,,,,1
Z968,PRESENCIA DE OTROS IMPLANTES FUNCIONALES ESPECIFICADOS,,,,1
Z969,PRESENCIA DE IMPLANTES FUNCIONALES NO ESPECIFICADOS,,,,1
Z970,PRESENCIA DE OJO ARTIFICIAL,,,,1
Z971,PRESENCIA DE MIEMBRO ARTIFICIAL (COMPLETO) (PARCIAL),,,,1
Z972,PRESENCIA DE DISPOSITIVO PROTÉSICO DENTAL (COMPLETO) (PARCIAL),,365,43800,1
Z973,PRESENCIA DE ANTEOJOS Y LENTES DE CONTACTO,,,,1
Z974,PRESENCIA DE AUDÍFONO EXTERNO,,,,1
Z975,PRESENCIA DE DISPOSITIVO ANTICONCEPTIVO (INTRAUTERINO),F,3650,19710,1
Z978,PRESENCIA DE OTROS DISPOSITIVOS ESPECIFICADOS,,,,1
Z980,ESTADO DE DERIVACIÓN INTESTINAL O ANASTOMOSIS,,,,1
Z981,ESTADO DE ARTRODESIS,,,,1
Z982,PRESENCIA DE DISPOSITIVO PARA DRENAJE DE LÍQUIDO CEFALORRAQUÍDEO,,,,1
Z988,OTROS ESTADOS POSTQUIRÚRGICOS ESPECIFICADOS,,,,0
Z990,DEPENDENCIA DE ASPIRADOR,,,,1
Z991,DEPENDENCIA DE RESPIRADOR,,,,1
Z992,DEPENDENCIA DE DIÁLISIS RENAL,,,,1
Z993,DEPENDENCIA DE SILLA DE RUEDAS,,,,1
Z994,DEPENDENCIA DE CORAZÓN ARTIFICIAL,,,,1
Z998,DEPENDENCIA DE OTRAS MÁQUINAS Y DISPOSITIVOS CAPACITANTES,,,,1
Z999,"DEPENDENCIA DE MÁQUINA Y DISPOSITIVO CAPACITANTE, NO ESPECIFICADA",,,,1
